Country,Version,Gender,Age,Marital_Status,Care_Responsibilities,HEI_Type,Faculty_Subject_Area,Employment_Contract_Duration,HEI_Employment_Hours,HEI_Actual_Weekly_Hours,Effort_Level,Effort_Percentage,Income_EURO,Euro_Adjusted,Salary_per_Hour,Salary_Effort_per_Hour,Leadership_Position,Policy_Influence,Other_Paid_Job,Other_Job_Weekly_Hours_1,Academic_or_Non_Academic,Job_Category,Highest_Education_Level,Career_Length_CZ,Teaching_Hours,Research_Hours,Funded_Research_Activities,Administrative_Activities,Academic_resources,Performance_Pressure,Perceived_Autonomy,Quality_of_Leadership,Sense_of_Community,Job_Satisfaction,Burnout,Amotivation,Extrinsic_Social,Extrinsic_Material,Introjected,Identified,Intrinsic,Current_Position
2,4,2.0,28.0,3.0,1.0,1.0,1.0,2.0,40.0,50.0,3.0,125.0,1666.38893517747,1846.3589401766371,46.158973504415926,36.92717880353274,1.0,1.0,1.0,0.0,2,,,,5.0,29.0,1.0,15.0,3.1666666666666665,1.0,1.8333333333333333,3.0,2.6666666666666665,2.2,4.0,1.3333333333333333,2.0,1.333333333333333,3.25,6.333333333333333,6.333333333333333,3.0
2,4,1.0,33.0,2.0,1.0,1.0,3.0,3.0,40.0,50.0,3.0,125.0,750.0,831.0,20.775,16.620000000000005,1.0,1.0,5.0,5.0,2,,,,5.0,30.0,5.0,10.0,3.0,5.0,1.5,2.0,1.6666666666666665,2.4,4.0,2.6666666666666665,3.0,3.6666666666666665,5.5,6.333333333333333,5.0,3.0
2,4,1.0,39.0,2.0,2.0,1.0,5.0,2.0,40.0,50.4,3.0,126.0,1374.770871521413,1523.2461256457257,38.08115314114314,34.81806878340788,1.0,2.0,1.0,0.0,2,,,,20.0,20.0,10.0,3.0,3.5,5.0,3.1666666666666665,3.75,3.0,2.6,4.5,1.0,1.0,3.6666666666666665,6.0,6.333333333333333,5.333333333333333,4.0
2,4,2.0,39.0,3.0,1.0,1.0,8.0,2.0,40.0,40.0,1.0,100.0,1666.38893517747,1846.3589401766371,46.158973504415926,46.158973504415926,1.0,2.0,1.0,0.0,2,,,,33.0,10.0,6.0,2.5,4.0,1.9999999999999998,4.5,5.0,5.0,2.8,5.0,1.3333333333333333,1.0,1.333333333333333,5.25,7.0,7.0,4.0
2,4,2.0,44.0,2.0,2.0,1.0,5.0,1.0,40.0,40.0,1.0,100.0,2374.6042326278953,2631.061489751708,65.7765372437927,65.7765372437927,2.0,5.0,1.0,0.0,2,,,,20.0,2.0,5.0,13.0,3.1666666666666665,4.0,3.3333333333333335,3.75,4.666666666666667,3.6,3.0,1.6666666666666667,4.0,4.333333333333333,4.0,5.666666666666667,5.666666666666667,4.0
2,4,2.0,42.0,1.0,2.0,1.0,1.0,2.0,40.0,40.0,1.0,100.0,3124.479253457757,3461.9230128311947,86.54807532077987,86.54807532077987,3.0,2.0,1.0,0.0,2,,,,8.0,16.0,12.0,4.0,4.166666666666667,4.0,2.6666666666666665,3.5,4.666666666666667,4.2,3.75,1.3333333333333333,4.666666666666667,5.0,5.0,6.333333333333333,7.0,4.0
2,4,1.0,33.0,2.0,1.0,1.0,5.0,1.0,40.0,40.0,1.0,100.0,2499.5834027662054,2769.5384102649555,69.23846025662388,69.23846025662388,2.0,3.0,1.0,0.0,2,,,,20.0,20.0,10.0,10.0,2.1666666666666665,5.0,1.5,1.25,1.6666666666666665,2.2,5.0,2.0,6.0,4.666666666666667,6.0,5.0,3.3333333333333335,4.0
2,4,2.0,43.0,1.0,1.0,1.0,5.0,1.0,50.0,60.0,3.0,120.0,2107.9820029995,2335.6440593234456,58.391101483086146,55.87524223211475,1.0,2.0,1.0,0.0,2,,,,27.5,15.0,5.0,5.0,4.0,4.0,4.0,3.5,3.3333333333333335,3.6,3.25,1.3333333333333333,3.0,6.0,5.0,6.0,5.666666666666667,4.0
2,4,1.0,35.0,3.0,1.0,1.0,1.0,1.0,40.0,40.0,1.0,100.0,3749.3751041493083,4154.307615397433,103.85769038493584,103.85769038493584,3.0,1.0,1.0,0.0,2,,,,10.0,10.0,12.0,8.0,3.5,4.0,3.8333333333333335,4.5,4.0,4.0,3.5,1.3333333333333333,3.3333333333333335,5.0,4.5,5.666666666666667,5.0,4.0
2,4,2.0,47.0,3.0,1.0,1.0,5.0,3.0,40.0,60.0,3.0,150.0,1708.0486585569074,1892.517913681053,47.312947842026325,31.54196522801755,1.0,1.0,1.0,0.0,2,,,,30.0,30.0,0.0,0.0,2.1666666666666665,1.0,2.3333333333333335,1.0,1.6666666666666665,2.6,4.0,3.3333333333333335,2.0,1.333333333333333,4.75,6.333333333333333,3.6666666666666665,4.0
2,4,1.0,25.0,1.0,2.0,1.0,6.0,2.0,40.0,40.0,1.0,100.0,2291.2847858690216,2538.743542742876,63.468588568571896,63.468588568571896,1.0,4.0,1.0,0.0,2,,,,11.0,21.0,3.5,2.5,3.8333333333333335,4.0,4.166666666666667,4.25,3.6666666666666665,3.8,2.0,1.0,1.3333333333333335,4.333333333333333,2.75,6.666666666666667,6.666666666666667,4.0
2,4,2.0,42.0,1.0,2.0,1.0,5.0,1.0,40.0,40.0,1.0,100.0,900.0000000000002,997.2,24.93,24.93,1.0,2.0,2.0,20.0,2,,,,10.0,20.0,5.0,5.0,1.3333333333333335,1.9999999999999998,3.8333333333333335,2.75,3.3333333333333335,1.8,1.75,1.0,2.6666666666666665,1.333333333333333,5.0,7.0,7.0,5.0
2,4,1.0,59.0,3.0,1.0,1.0,1.0,1.0,40.0,80.0,3.0,200.0,1749.7083819363438,1938.6768871854688,48.46692217963672,24.233461089818363,1.0,3.0,1.0,0.0,2,,,,8.0,70.0,5.0,0.0,2.8333333333333335,4.0,3.0,2.75,4.666666666666667,2.6,4.75,1.0,1.6666666666666665,2.6666666666666665,4.0,6.666666666666667,7.0,5.0
2,4,1.0,48.0,1.0,2.0,1.0,1.0,1.0,40.0,55.0,3.0,137.5,3207.7987002166306,3554.2409598400263,88.85602399600066,64.6225629061823,3.0,1.0,1.0,0.0,2,,,,16.0,37.0,1.0,1.0,2.3333333333333335,3.0,2.3333333333333335,2.25,2.3333333333333335,1.8,3.5,2.3333333333333335,2.3333333333333335,3.3333333333333335,5.0,5.666666666666667,4.666666666666667,5.0
2,4,1.0,48.0,3.0,1.0,1.0,1.0,1.0,40.0,40.0,1.0,100.0,2624.562572904516,2908.015330778204,72.7003832694551,72.7003832694551,1.0,1.0,1.0,0.0,2,,,,8.0,32.0,0.0,0.0,2.8333333333333335,5.0,2.6666666666666665,2.25,2.6666666666666665,3.4,3.0,1.0,3.3333333333333335,2.6666666666666665,3.5,5.333333333333333,5.666666666666667,5.0
2,4,2.0,48.0,2.0,2.0,1.0,5.0,1.0,24.0,24.0,1.0,100.0,624.8958506915515,692.3846025662385,28.849358440259948,28.849358440259948,1.0,1.0,5.0,7.0,2,,,,15.0,0.0,0.0,1.0,2.8333333333333335,5.0,4.833333333333333,5.0,5.0,2.4,4.75,2.3333333333333335,5.666666666666667,1.333333333333333,5.25,6.0,5.333333333333333,2.0
2,4,1.0,38.0,1.0,2.0,1.0,5.0,1.0,40.0,40.0,1.0,100.0,1083.1528078653557,1200.1333111148142,30.003332777870355,30.003332777870355,1.0,3.0,5.0,20.0,2,,,,15.0,40.0,25.0,4.0,3.6666666666666665,3.0,4.333333333333333,4.75,1.9999999999999998,3.2,3.25,1.0,2.6666666666666665,2.6666666666666665,6.5,6.666666666666667,7.0,2.0
2,4,2.0,28.0,2.0,1.0,1.0,5.0,3.0,21.0,21.0,1.0,100.0,1145.6423929345108,1269.371771371438,60.44627482721133,60.44627482721133,1.0,1.0,1.0,0.0,2,,,,37.5,2.0,1.0,1.0,2.6666666666666665,5.0,2.5,2.5,1.6666666666666665,2.2,5.0,2.0,4.666666666666667,4.333333333333333,6.0,6.666666666666667,5.333333333333333,2.0
2,4,1.0,53.0,3.0,1.0,1.0,5.0,1.0,40.0,40.0,1.0,100.0,2082.9861689718377,2307.948675220796,57.698716880519896,57.698716880519896,1.0,3.0,1.0,0.0,2,,,,24.0,0.0,0.0,6.0,3.5,4.0,3.6666666666666665,3.25,4.0,3.0,4.25,1.3333333333333333,2.0,2.6666666666666665,5.75,6.0,6.333333333333333,2.0
2,4,1.0,67.0,1.0,1.0,1.0,1.0,4.0,10.0,20.0,3.0,200.0,41.659723379436855,46.158973504415826,4.6158973504415854,2.3079486752208,3.0,3.0,6.0,4.0,2,,,,6.0,6.0,4.0,4.0,3.0,4.0,3.0,3.5,4.333333333333333,3.2,3.0,1.3333333333333333,4.0,1.333333333333333,5.75,6.333333333333333,6.0,6.0
2,4,2.0,62.0,4.0,1.0,1.0,5.0,1.0,40.0,60.0,3.0,150.0,4165.9723379436755,4615.897350441592,115.39743376103979,76.93162250735986,2.0,4.0,1.0,0.0,2,,,,12.0,30.0,10.0,8.0,4.166666666666667,5.0,4.166666666666667,2.75,3.6666666666666665,4.0,4.75,1.0,3.6666666666666665,5.666666666666667,5.25,6.666666666666667,6.0,6.0
2,4,1.0,55.0,1.0,2.0,1.0,5.0,2.0,40.0,60.0,3.0,150.0,3749.3751041493083,4154.307615397433,103.85769038493584,69.2384602566239,3.0,3.0,7.0,15.0,2,,,,20.0,30.0,10.0,10.0,3.6666666666666665,5.0,3.0,2.5,3.0,3.2,4.75,1.6666666666666667,1.6666666666666665,4.333333333333333,3.5,5.666666666666667,5.5,6.0
2,4,1.0,44.0,1.0,2.0,1.0,1.0,5.0,40.0,50.0,3.0,125.0,2416.263956007332,2677.220463256124,66.9305115814031,53.544409265122475,3.0,2.0,1.0,50.0,2,,,,6.0,20.0,12.0,12.0,3.1666666666666665,4.0,3.3333333333333335,2.25,3.0,2.6,4.5,2.0,4.333333333333333,2.6666666666666665,3.75,6.0,5.666666666666667,4.0
2,4,1.0,36.0,3.0,3.0,1.0,1.0,3.0,40.0,70.0,3.0,175.0,1874.6875520746541,2077.1538076987167,51.92884519246792,29.673625824267383,1.0,1.0,1.0,0.0,2,,,,0.0,0.0,0.0,0.0,3.5,4.0,3.8333333333333335,2.5,2.3333333333333335,2.6,4.0,1.3333333333333333,1.6666666666666665,3.3333333333333335,3.75,7.0,6.0,7.0
2,4,1.0,28.0,3.0,3.0,1.0,1.0,4.0,10.0,20.0,3.0,200.0,41.659723379436855,46.158973504415826,4.6158973504415854,2.3079486752208,1.0,1.0,1.0,0.0,2,,,,0.0,20.0,0.0,0.0,2.8333333333333335,3.0,3.3333333333333335,2.25,2.3333333333333335,3.0,3.25,1.6666666666666667,6.0,4.666666666666667,5.5,6.0,4.666666666666667,7.0
2,4,2.0,24.0,2.0,1.0,1.0,1.0,2.0,40.0,40.0,1.0,100.0,999.8333611064822,1107.815364105982,27.695384102649562,27.695384102649555,1.0,1.0,1.0,0.0,2,,,,2.0,30.0,1.0,1.0,3.8333333333333335,3.0,3.3333333333333335,1.75,1.9999999999999998,2.2,3.25,1.6666666666666667,3.6666666666666665,2.0,6.5,7.0,6.333333333333333,7.0
2,4,1.0,31.0,1.0,2.0,1.0,1.0,3.0,40.0,40.0,1.0,100.0,999.8333611064822,1107.815364105982,27.695384102649562,27.695384102649555,1.0,1.0,1.0,0.0,2,,,,0.0,45.0,2.0,4.0,3.6666666666666665,3.0,4.0,4.0,5.0,3.2,4.25,1.0,1.3333333333333335,4.666666666666667,5.75,6.666666666666667,7.0,7.0
2,4,1.0,34.0,1.0,1.0,1.0,1.0,2.0,36.0,36.0,1.0,100.0,1249.7917013831027,1384.7692051324777,38.46581125367994,38.46581125367994,1.0,3.0,1.0,0.0,2,,,,0.0,26.0,6.0,4.0,3.8333333333333335,4.0,3.6666666666666665,2.75,3.6666666666666665,3.4,2.5,1.6666666666666667,2.6666666666666665,2.6666666666666665,3.25,5.333333333333333,6.0,7.0
2,4,2.0,41.0,3.0,1.0,1.0,1.0,3.0,40.0,60.0,3.0,150.0,1458.0903182802863,1615.5640726545573,40.38910181636393,26.92606787757596,1.0,1.0,1.0,0.0,2,,,,0.0,30.0,15.0,15.0,2.6666666666666665,5.0,1.5,3.5,2.3333333333333335,2.0,4.0,2.0,2.0,4.666666666666667,7.0,6.0,5.0,7.0
2,4,2.0,28.0,2.0,1.0,1.0,2.0,4.0,40.0,50.0,3.0,125.0,833.1944675887353,923.1794700883186,23.079486752207956,18.46358940176637,1.0,5.0,3.0,20.0,2,,,,20.0,20.0,20.0,10.0,3.1666666666666665,5.0,2.8333333333333335,1.5,1.9999999999999998,2.4,4.25,2.3333333333333335,1.6666666666666665,5.666666666666667,4.25,6.0,5.333333333333333,7.0
2,4,2.0,33.0,3.0,1.0,1.0,1.0,2.0,40.0,40.0,1.0,100.0,1012.3312781203131,1121.663056157307,28.041576403932673,28.041576403932673,1.0,1.0,1.0,0.0,2,,,,2.0,50.0,10.0,2.0,3.6666666666666665,4.0,3.8333333333333335,4.75,4.333333333333333,2.8,3.5,2.0,2.3333333333333335,2.6666666666666665,5.0,5.0,4.666666666666667,7.0
2,4,1.0,35.0,1.0,3.0,1.0,7.0,3.0,40.0,40.0,1.0,100.0,1983.0028328611897,2197.167138810198,54.92917847025495,54.92917847025495,1.0,1.0,1.0,0.0,2,,,,0.0,35.0,0.0,5.0,3.0,5.0,3.8333333333333335,3.75,5.0,3.2,3.5,4.333333333333333,4.0,6.333333333333333,2.75,2.3333333333333335,3.0,7.0
2,4,1.0,29.0,2.0,1.0,1.0,1.0,3.0,40.0,40.0,1.0,100.0,1958.0069988335276,2169.471754707549,54.23679386768872,54.23679386768872,1.0,2.0,1.0,0.0,2,,,,1.0,33.0,2.0,4.0,3.3333333333333335,3.0,3.5,3.5,4.0,3.2,3.25,1.6666666666666667,1.6666666666666665,2.3333333333333335,3.75,6.0,6.333333333333333,7.0
2,4,1.0,37.0,3.0,1.0,1.0,1.0,3.0,20.0,20.0,1.0,100.0,208.29861689718382,230.79486752207958,11.539743376103985,11.539743376103985,1.0,3.0,3.0,40.0,2,,,,1.0,30.0,0.0,0.0,3.1666666666666665,1.9999999999999998,4.0,3.75,2.3333333333333335,2.4,4.0,1.0,4.333333333333333,3.6666666666666665,6.5,6.666666666666667,6.666666666666667,7.0
2,4,1.0,26.0,3.0,1.0,1.0,1.0,3.0,18.0,18.0,1.0,100.0,458.25695717380404,507.7487085485752,28.208261586031952,28.208261586031952,1.0,1.0,1.0,0.0,2,,,,1.0,6.0,1.0,2.0,3.5,5.0,2.6666666666666665,3.6666666666666665,3.3333333333333335,2.6,3.25,3.0,4.666666666666667,5.666666666666667,6.0,7.0,5.0,7.0
2,4,2.0,38.0,1.0,1.0,1.0,1.0,1.0,40.0,40.0,1.0,100.0,2082.9861689718377,2307.948675220796,57.698716880519896,57.698716880519896,1.0,2.0,1.0,0.0,2,,,,2.0,30.0,2.0,2.0,3.1666666666666665,3.0,4.0,2.0,2.3333333333333335,3.2,3.0,2.3333333333333335,5.333333333333333,5.0,5.5,5.333333333333333,5.0,7.0
2,4,2.0,33.0,1.0,2.0,1.0,1.0,3.0,40.0,48.0,1.8,120.0,1249.7917013831027,1384.7692051324777,34.61923012831194,41.9998240386509,1.0,2.0,1.0,0.0,2,,,,2.0,25.0,0.0,6.0,4.166666666666667,4.0,4.166666666666667,2.5,5.0,3.2,3.5,1.0,1.0,2.3333333333333335,2.5,7.0,4.666666666666667,7.0
2,4,2.0,30.0,2.0,1.0,1.0,1.0,3.0,40.0,50.0,3.0,125.0,1916.3472754540908,2123.3127812031325,53.08281953007831,42.466255624062654,1.0,1.0,1.0,0.0,2,,,,1.5,45.0,0.0,0.5,4.0,3.0,3.1666666666666665,3.0,2.3333333333333335,3.2,4.0,2.3333333333333335,2.3333333333333335,1.0,5.5,6.666666666666667,4.0,3.0
2,4,2.0,32.0,2.0,1.0,1.0,1.0,2.0,20.0,35.0,3.0,175.0,541.5764039326777,600.0666555574071,30.003332777870355,17.144761587354488,1.0,1.0,1.0,0.0,2,,,,0.0,33.0,0.0,2.0,3.1666666666666665,1.9999999999999998,2.8333333333333335,2.0,2.3333333333333335,2.2,3.5,1.6666666666666667,4.333333333333333,3.6666666666666665,6.25,6.666666666666667,6.0,3.0
1,3,1.0,51.0,3.0,1.0,4.0,5.0,3.0,40.0,40.0,1.0,100.0,3500.0,3094.0,77.35,77.35,3.0,2.0,1.0,0.0,2,,,,0.0,10.0,10.0,80.0,1.5,1.0,2.1666666666666665,2.75,3.3333333333333335,2.2,4.0,2.0,2.6666666666666665,2.3333333333333335,3.25,6.333333333333333,4.333333333333333,13.0
1,3,1.0,34.0,2.0,1.0,4.0,7.0,3.0,40.0,50.0,3.0,125.0,3100.0,2740.4,68.51,54.808,1.0,3.0,1.0,0.0,2,,,,15.0,30.0,2.0,5.0,3.5,4.0,3.8333333333333335,4.0,4.0,3.8,2.5,1.0,4.333333333333333,3.6666666666666665,5.25,5.666666666666667,6.333333333333333,8.0
1,3,1.0,34.0,2.0,1.0,4.0,7.0,3.0,40.0,50.0,3.0,125.0,3100.0,2740.4,68.51,54.808,1.0,3.0,1.0,0.0,2,,,,15.0,30.0,2.0,5.0,3.5,4.0,3.8333333333333335,4.0,4.0,3.8,2.5,1.0,4.333333333333333,3.6666666666666665,5.25,5.666666666666667,6.333333333333333,8.0
1,3,2.0,29.0,2.0,1.0,4.0,2.0,3.0,35.0,35.0,1.0,100.0,4000.0,3536.0,101.02857142857142,101.02857142857142,1.0,1.0,1.0,0.0,2,,,,1.0,20.0,9.0,5.0,3.5,4.0,3.1666666666666665,2.75,3.3333333333333335,2.8,3.75,3.6666666666666665,3.3333333333333335,2.0,5.0,5.333333333333333,6.0,11.0
1,3,1.0,41.0,2.0,1.0,4.0,5.0,6.0,40.0,40.0,1.0,100.0,3800.0,3359.2,83.97999999999999,83.97999999999999,2.0,3.0,1.0,0.0,2,,,,35.0,5.0,0.0,5.0,4.333333333333333,3.0,4.333333333333333,2.75,4.0,2.8,5.0,3.6666666666666665,3.3333333333333335,1.333333333333333,3.5,4.333333333333333,4.0,10.0
1,3,1.0,56.0,2.0,2.0,7.0,9.0,1.0,40.0,40.0,1.0,100.0,1200.0,1060.8,26.519999999999996,26.519999999999996,1.0,4.0,1.0,0.0,2,,,,6.0,10.0,3.0,2.0,3.6666666666666665,4.0,4.5,4.75,5.0,3.25,3.5,1.3333333333333333,3.0,1.666666666666667,2.5,7.0,7.0,12.0
1,3,2.0,36.0,1.0,1.0,4.0,5.0,3.0,40.0,40.0,1.0,100.0,2715.737377103816,2529.677013831028,76.18621106006142,76.18621106006142,1.0,2.0,1.0,0.0,2,,,,8.0,30.0,10.0,5.0,3.6666666666666665,5.0,3.1666666666666665,3.5,3.0,2.0,5.0,5.0,4.0,4.0,4.0,4.0,6.0,8.0
1,3,1.0,32.0,1.0,1.0,4.0,6.0,3.0,40.0,40.0,1.0,100.0,2624.7292117980332,2684.1999666722213,67.10499916680553,67.10499916680553,1.0,1.0,1.0,0.0,2,,,,8.0,30.0,2.0,0.0,4.5,5.0,4.333333333333333,5.0,5.0,4.2,2.0,1.0,3.6666666666666665,4.333333333333333,7.0,7.0,6.333333333333333,11.0
1,3,2.0,26.0,2.0,1.0,4.0,1.0,3.0,35.0,35.0,1.0,100.0,3300.0,2917.2,83.34857142857142,83.34857142857142,1.0,2.0,1.0,0.0,2,,,,4.0,28.0,1.0,2.0,4.166666666666667,4.0,3.5,3.75,4.666666666666667,4.6,3.0,1.0,5.0,3.6666666666666665,6.5,7.0,6.666666666666667,9.0
1,3,1.0,36.0,1.0,2.0,4.0,1.0,3.0,40.0,50.0,3.0,125.0,5000.0,4420.0,110.5,88.4,1.0,1.0,5.0,10.0,2,,,,10.0,30.0,0.0,20.0,2.6666666666666665,5.0,2.5,1.75,5.0,2.0,5.0,1.0,5.0,4.0,4.5,6.333333333333333,5.666666666666667,8.0
1,3,2.0,29.0,1.0,1.0,4.0,4.0,3.0,40.0,40.0,1.0,100.0,5000.0,4420.0,110.5,110.5,1.0,1.0,1.0,0.0,2,,,,3.0,35.0,0.0,2.0,4.333333333333333,4.0,4.333333333333333,5.0,4.0,4.2,3.5,1.0,1.6666666666666665,1.0,5.0,6.666666666666667,6.333333333333333,8.0
1,3,2.0,26.0,2.0,1.0,4.0,7.0,2.0,20.0,45.0,3.0,225.0,1100.0,972.4000000000001,48.620000000000005,21.60888888888889,3.0,1.0,3.0,15.0,2,,,,10.0,15.0,10.0,10.0,2.8333333333333335,5.0,3.5,1.75,4.666666666666667,2.4,5.0,1.0,2.3333333333333335,5.333333333333333,5.5,6.666666666666667,7.0,9.0
1,3,1.0,31.0,2.0,1.0,4.0,1.0,3.0,30.0,50.0,3.0,166.66666666666669,2050.0,1812.1999999999998,60.40666666666666,36.244,1.0,1.0,1.0,0.0,2,,,,2.0,40.0,0.0,8.0,2.8333333333333335,3.0,2.1666666666666665,1.5,2.6666666666666665,2.0,4.25,3.6666666666666665,5.333333333333333,4.333333333333333,5.0,2.6666666666666665,1.3333333333333335,9.0
1,3,1.0,38.0,2.0,1.0,4.0,5.0,2.0,40.0,40.0,1.0,100.0,2082.9861689718377,2307.9486752207963,57.6987168805199,57.6987168805199,1.0,3.0,1.0,0.0,2,,,,10.0,15.0,5.0,10.0,3.8333333333333335,3.0,3.8333333333333335,4.5,5.0,4.2,3.25,1.0,5.0,4.0,4.0,6.666666666666667,6.333333333333333,8.0
1,3,1.0,30.0,2.0,1.0,4.0,1.0,3.0,40.0,40.0,1.0,100.0,2800.0,2475.2,61.879999999999995,61.879999999999995,1.0,1.0,1.0,0.0,2,,,,0.0,40.0,0.0,2.0,4.333333333333333,3.0,3.3333333333333335,4.0,3.6666666666666665,4.2,2.0,2.6666666666666665,5.0,5.0,4.75,4.333333333333333,4.666666666666667,8.0
1,3,2.0,48.0,1.0,2.0,4.0,5.0,6.0,40.0,42.0,3.0,105.0,3716.263956007332,3826.420463256123,95.66051158140309,78.51069498998844,4.0,3.0,1.0,0.0,2,,,,20.0,5.0,3.0,14.0,3.8333333333333335,4.0,2.8333333333333335,3.0,3.6666666666666665,4.2,4.0,1.3333333333333333,5.666666666666667,3.6666666666666665,5.0,4.666666666666667,4.0,6.0
1,3,2.0,22.0,3.0,1.0,4.0,9.0,3.0,40.0,40.0,1.0,100.0,1167.3054490918178,1293.3744375937342,32.33436093984336,31.77019570812271,1.0,1.0,1.0,0.0,2,,,,0.0,39.0,0.0,1.0,1.75,5.0,2.1666666666666665,1.0,1.6666666666666665,1.6000000000000003,4.75,4.0,3.3333333333333335,1.0,5.75,6.333333333333333,2.6666666666666665,11.0
1,3,1.0,31.0,2.0,1.0,4.0,1.0,3.0,40.0,40.0,1.0,100.0,4728.78,4180.24152,104.50603799999999,104.50603799999999,1.0,2.0,1.0,0.0,2,,,,4.0,28.0,4.0,4.0,4.5,3.0,4.166666666666667,4.0,4.0,3.8,3.25,1.0,4.333333333333333,5.0,5.25,7.0,6.0,8.0
1,3,2.0,55.0,3.0,1.0,6.0,6.0,2.0,2.0,2.0,1.0,100.0,600.0,530.4000000000001,265.2,265.2,1.0,1.0,2.0,40.0,2,,,,4.0,4.0,5.0,1.0,4.5,4.0,5.0,4.75,5.0,3.8,1.5,1.0,3.3333333333333335,5.333333333333333,6.5,7.0,7.0,12.0
1,3,1.0,34.0,1.0,2.0,6.0,2.0,2.0,40.0,40.0,1.0,100.0,3500.0,3094.0,77.35,77.35,1.0,3.0,1.0,0.0,2,,,,6.0,20.0,4.0,10.0,3.0,4.0,4.333333333333333,4.25,3.6666666666666665,3.6,3.5,1.0,3.0,3.3333333333333335,3.0,5.666666666666667,7.0,11.0
1,3,1.0,30.0,1.0,1.0,4.0,1.0,3.0,30.0,30.0,1.0,100.0,1970.0,1741.48,58.04933333333334,58.04933333333334,1.0,1.0,1.0,0.0,2,,,,9.0,9.0,5.0,7.0,3.3333333333333335,3.0,2.8333333333333335,1.0,2.3333333333333335,3.0,4.0,3.6666666666666665,5.333333333333333,5.0,6.5,6.333333333333333,6.0,9.0
1,3,2.0,31.0,2.0,1.0,4.0,5.0,3.0,40.0,50.0,3.0,125.0,3500.0,3094.0,77.35,61.88,1.0,2.0,1.0,0.0,2,,,,15.0,20.0,10.0,5.0,3.6666666666666665,4.0,4.666666666666667,2.0,4.0,4.2,4.0,2.0,4.0,2.3333333333333335,6.0,3.6666666666666665,4.0,9.0
1,3,2.0,77.0,5.0,2.0,4.0,5.0,6.0,10.0,10.0,1.0,100.0,250.0,221.0,22.1,22.1,3.0,4.0,4.0,10.0,2,,,,3.0,7.0,0.0,3.0,4.666666666666667,4.0,4.833333333333333,4.5,5.0,4.4,1.75,1.0,1.6666666666666665,1.0,2.75,6.666666666666667,6.333333333333333,10.0
1,3,2.0,32.0,2.0,1.0,4.0,5.0,3.0,40.0,50.0,3.0,125.0,4772.0,4218.448,105.4612,84.36896,1.0,1.0,1.0,0.0,2,,,,6.0,45.0,7.0,3.0,1.3333333333333335,1.0,1.3333333333333333,1.0,2.3333333333333335,2.2,4.5,1.3333333333333333,2.6666666666666665,3.6666666666666665,5.75,7.0,5.333333333333333,8.0
1,3,1.0,39.0,1.0,2.0,6.0,6.0,1.0,40.0,40.0,1.0,100.0,4300.0,3801.2,95.03,95.03,1.0,3.0,1.0,0.0,2,,,,30.0,6.0,2.0,2.0,3.0,3.0,3.5,3.25,4.333333333333333,3.6,2.5,1.0,4.666666666666667,4.666666666666667,5.25,6.666666666666667,5.0,3.0
1,3,1.0,34.0,3.0,1.0,4.0,2.0,3.0,40.0,40.0,1.0,100.0,3000.0,2652.0,66.3,66.3,1.0,1.0,1.0,0.0,2,,,,0.0,35.0,5.0,5.0,3.6666666666666665,4.0,2.3333333333333335,2.0,4.333333333333333,2.4,5.0,3.3333333333333335,3.0,6.333333333333333,4.5,6.0,5.333333333333333,8.0
1,3,2.0,51.0,1.0,2.0,4.0,5.0,6.0,40.0,40.0,1.0,100.0,5000.0,4420.0,110.5,110.5,2.0,1.0,1.0,0.0,2,,,,15.0,5.0,15.0,5.0,3.6666666666666665,4.0,4.166666666666667,3.75,5.0,4.8,3.25,1.0,3.0,3.0,4.25,5.666666666666667,6.333333333333333,10.0
1,3,1.0,60.0,1.0,1.0,4.0,6.0,6.0,40.0,40.0,1.0,100.0,2149.6417263789367,2381.803032827862,59.54507582069654,55.39076820529911,2.0,5.0,1.0,0.0,2,,,,9.0,8.0,10.0,13.0,4.166666666666667,4.0,3.6666666666666665,1.5,4.333333333333333,3.8,2.0,1.6666666666666667,2.6666666666666665,3.3333333333333335,4.75,6.666666666666667,6.333333333333333,2.0
1,3,1.0,30.0,1.0,1.0,6.0,2.0,3.0,30.0,50.0,3.0,166.66666666666669,2600.0,2298.4,76.61333333333333,45.968,1.0,1.0,1.0,0.0,2,,,,5.0,43.0,2.0,5.0,3.6666666666666665,3.0,2.3333333333333335,2.0,1.9999999999999998,2.8,4.5,2.6666666666666665,2.3333333333333335,3.6666666666666665,3.75,5.666666666666667,6.666666666666667,12.0
1,3,2.0,47.0,2.0,1.0,4.0,5.0,2.0,40.0,50.0,3.0,125.0,3024.779203466089,2970.6553574404265,74.26638393601066,59.41310714880853,1.0,4.0,7.0,0.0,2,,,,3.0,20.0,24.0,3.0,3.6666666666666665,3.0,2.6666666666666665,2.0,5.0,2.2,4.0,1.0,5.333333333333333,4.0,3.25,7.0,7.0,7.0
1,3,2.0,28.0,1.0,1.0,4.0,5.0,3.0,30.0,30.0,1.0,100.0,1626.5389101816365,1609.565112481253,51.536550797089376,51.536550797089376,1.0,1.0,6.0,14.0,2,,,,0.0,25.0,0.0,5.0,4.2,3.0,4.5,5.0,5.0,4.2,4.25,1.6666666666666667,1.0,3.3333333333333335,5.25,5.0,5.333333333333333,11.0
1,3,1.0,55.0,1.0,3.0,4.0,1.0,6.0,40.0,70.0,3.0,175.0,4000.0,3536.0,88.4,50.51428571428571,3.0,3.0,5.0,35.0,2,,,,35.0,20.0,11.0,4.0,2.8333333333333335,5.0,2.6666666666666665,3.5,3.6666666666666665,2.4,3.75,1.6666666666666667,2.3333333333333335,1.666666666666667,3.5,6.333333333333333,4.0,5.0
1,3,1.0,39.0,1.0,2.0,4.0,5.0,3.0,30.0,30.0,1.0,100.0,2700.0,2386.8,79.56,79.56,1.0,1.0,1.0,0.0,2,,,,10.0,15.0,2.0,3.0,4.666666666666667,4.0,4.5,4.75,4.666666666666667,4.0,2.25,1.0,2.3333333333333335,4.666666666666667,5.0,6.333333333333333,7.0,9.0
1,3,1.0,45.0,1.0,2.0,6.0,5.0,6.0,40.0,40.0,1.0,100.0,6800.0,6011.200000000001,150.28,150.28,1.0,4.0,1.0,0.0,2,,,,18.0,14.0,6.0,2.0,4.166666666666667,5.0,3.5,2.25,3.3333333333333335,3.6,3.0,1.3333333333333333,2.6666666666666665,5.666666666666667,6.0,4.0,5.0,10.0
1,3,2.0,28.0,3.0,1.0,4.0,8.0,3.0,40.0,43.0,3.0,107.5,3700.0,3270.8,81.77000000000001,76.06511627906977,1.0,1.0,1.0,0.0,2,,,,10.0,20.0,0.0,10.0,3.3333333333333335,1.0,3.8333333333333335,2.5,2.6666666666666665,3.0,3.0,1.6666666666666667,5.0,2.3333333333333335,6.25,7.0,6.333333333333333,9.0
1,3,1.0,25.0,3.0,1.0,4.0,1.0,3.0,30.0,45.0,3.0,150.0,2099.0,1855.516,61.85053333333334,41.23368888888889,1.0,1.0,1.0,0.0,2,,,,0.0,35.0,0.0,10.0,4.666666666666667,4.0,4.0,3.25,5.0,4.6,2.0,1.3333333333333333,2.3333333333333335,4.666666666666667,4.25,6.666666666666667,6.666666666666667,9.0
1,3,1.0,27.0,2.0,1.0,4.0,1.0,3.0,30.0,30.0,1.0,100.0,2400.0,2121.6,70.72,70.72,1.0,1.0,1.0,0.0,2,,,,0.0,30.0,0.0,0.0,4.333333333333333,4.0,4.333333333333333,5.0,4.333333333333333,3.8,4.0,1.0,1.0,4.333333333333333,5.5,7.0,7.0,9.0
1,3,2.0,27.0,3.0,1.0,4.0,6.0,3.0,40.0,45.0,3.0,112.5,3800.0,3359.2,83.97999999999999,74.64888888888889,1.0,2.0,1.0,0.0,2,,,,5.0,25.0,0.0,15.0,3.0,4.0,2.5,3.0,4.666666666666667,2.2,4.0,3.3333333333333335,6.0,1.0,6.25,5.666666666666667,3.3333333333333335,9.0
1,3,2.0,36.0,2.0,1.0,4.0,3.0,3.0,40.0,40.0,1.0,100.0,5000.0,4420.0,110.5,110.5,1.0,1.0,1.0,0.0,2,,,,25.0,10.0,5.0,5.0,4.5,1.9999999999999998,3.3333333333333335,1.5,3.3333333333333335,4.0,3.75,1.0,2.3333333333333335,4.666666666666667,4.25,6.333333333333333,7.0,8.0
1,3,1.0,38.0,1.0,1.0,4.0,2.0,1.0,30.0,40.0,3.0,133.33333333333331,2800.0,2475.2,82.50666666666666,61.879999999999995,1.0,1.0,1.0,0.0,2,,,,0.0,30.0,5.0,5.0,4.666666666666667,4.0,1.5,2.0,4.0,3.2,4.0,2.6666666666666665,5.0,5.666666666666667,4.5,2.6666666666666665,6.333333333333333,9.0
1,3,1.0,42.0,1.0,2.0,4.0,1.0,6.0,40.0,40.0,1.0,100.0,4000.0,3536.0,88.4,88.4,2.0,2.0,1.0,0.0,2,,,,15.0,5.0,5.0,15.0,2.8333333333333335,1.0,2.1666666666666665,5.0,4.0,2.6,3.5,4.666666666666667,3.3333333333333335,2.6666666666666665,2.0,1.333333333333333,3.6666666666666665,6.0
1,3,1.0,30.0,1.0,2.0,4.0,1.0,3.0,30.0,35.0,3.0,116.66666666666667,2200.0,1944.8000000000002,64.82666666666667,55.56571428571429,1.0,1.0,1.0,0.0,2,,,,0.0,32.0,0.0,3.0,4.4,1.0,3.8333333333333335,2.25,5.0,4.0,3.75,1.6666666666666667,2.0,1.0,6.0,6.333333333333333,5.0,11.0
1,3,1.0,35.0,1.0,1.0,4.0,1.0,3.0,40.0,40.0,1.0,100.0,4770.0,4216.68,105.417,105.417,3.0,2.0,1.0,0.0,2,,,,2.5,35.0,1.0,2.0,3.6666666666666665,4.0,4.666666666666667,3.75,5.0,4.4,2.25,1.0,1.3333333333333335,1.0,6.0,7.0,7.0,10.0
1,3,2.0,29.0,3.0,1.0,4.0,1.0,3.0,30.0,30.0,1.0,100.0,2700.0,2386.8,79.56,79.56,1.0,1.0,1.0,0.0,2,,,,0.0,29.0,0.0,1.0,3.6666666666666665,4.0,3.1666666666666665,1.75,4.0,3.2,3.25,3.6666666666666665,5.0,1.666666666666667,5.0,3.6666666666666665,3.3333333333333335,9.0
1,3,1.0,34.0,1.0,1.0,4.0,1.0,3.0,40.0,65.0,3.0,162.5,3000.0,2652.0,66.3,40.8,1.0,1.0,1.0,0.0,2,,,,0.0,60.0,5.0,0.0,3.5,3.0,2.1666666666666665,3.0,3.6666666666666665,1.8,4.0,1.0,2.3333333333333335,2.3333333333333335,4.75,7.0,6.0,8.0
1,3,2.0,25.0,3.0,1.0,4.0,5.0,3.0,14.0,18.8,1.4000000000000001,110.0,800.0,707.2,50.51428571428572,45.92817863689385,1.0,3.0,1.0,0.0,2,,,,9.0,1.0,0.0,4.0,3.8333333333333335,1.9999999999999998,2.8333333333333335,3.75,5.0,3.8,4.0,2.0,3.0,2.6666666666666665,4.0,6.333333333333333,5.0,12.0
1,3,2.0,36.0,4.0,1.0,6.0,4.0,6.0,40.0,40.0,1.0,100.0,3500.0,3094.0,77.35,77.35,1.0,3.0,1.0,0.0,2,,,,2.0,3.0,0.0,35.0,2.8333333333333335,1.0,3.3333333333333335,1.25,4.666666666666667,2.4,3.0,2.0,4.666666666666667,4.333333333333333,4.75,7.0,4.333333333333333,13.0
1,3,2.0,30.0,3.0,1.0,4.0,5.0,3.0,30.0,45.0,3.0,150.0,2672.3,2362.3132000000005,78.74377333333335,52.4958488888889,1.0,2.0,5.0,6.0,2,,,,12.0,10.0,10.0,5.0,4.166666666666667,5.0,3.1666666666666665,3.25,1.9999999999999998,3.0,3.75,2.3333333333333335,4.666666666666667,6.333333333333333,5.0,3.3333333333333335,6.0,9.0
1,3,1.0,30.0,1.0,1.0,4.0,1.0,3.0,25.0,50.0,3.0,200.0,2000.0,1768.0,70.72,35.36,1.0,1.0,1.0,0.0,2,,,,5.0,40.0,2.0,5.0,1.1666666666666665,1.0,1.6666666666666667,1.25,1.9999999999999998,1.4000000000000001,4.0,5.666666666666667,1.3333333333333335,1.0,3.0,1.666666666666667,2.0,11.0
1,3,1.0,39.0,1.0,2.0,4.0,1.0,2.0,40.0,50.0,3.0,125.0,3500.0,3094.0,77.35,61.88,3.0,2.0,1.0,0.0,2,,,,10.0,30.0,5.0,5.0,3.8333333333333335,4.0,3.8333333333333335,2.0,3.6666666666666665,3.2,3.25,1.0,5.666666666666667,4.666666666666667,3.5,6.0,5.666666666666667,7.0
1,3,2.0,55.0,3.0,1.0,4.0,5.0,3.0,40.0,55.0,3.0,137.5,2700.0,2386.8,59.67,43.39636363636364,3.0,2.0,6.0,50.0,2,,,,2.0,35.0,5.0,5.0,4.0,5.0,3.8333333333333335,5.0,3.6666666666666665,2.8,4.0,1.0,4.333333333333333,3.3333333333333335,3.5,6.666666666666667,6.0,10.0
1,3,2.0,30.0,1.0,1.0,4.0,2.0,3.0,40.0,40.0,1.0,100.0,5000.0,4420.0,110.5,110.5,1.0,1.0,1.0,0.0,2,,,,0.0,35.0,1.0,4.0,4.666666666666667,4.0,3.6666666666666665,3.5,5.0,4.2,2.5,1.0,2.0,2.6666666666666665,6.75,7.0,6.333333333333333,8.0
1,3,1.0,44.0,1.0,1.0,4.0,1.0,6.0,40.0,40.0,1.0,100.0,4400.0,3889.6000000000004,97.24000000000001,97.24000000000001,1.0,2.0,1.0,0.0,2,,,,16.0,4.0,8.0,12.0,3.5,3.0,2.1666666666666665,3.5,2.3333333333333335,3.0,3.75,2.3333333333333335,1.6666666666666665,1.0,5.75,4.666666666666667,4.0,10.0
1,3,1.0,28.0,2.0,1.0,4.0,1.0,3.0,30.0,45.0,3.0,150.0,2875.0,2541.5,84.71666666666667,56.477777777777774,1.0,1.0,1.0,0.0,2,,,,0.0,40.0,0.0,2.0,4.166666666666667,4.0,3.0,3.25,4.333333333333333,3.2,3.75,5.0,1.6666666666666665,2.6666666666666665,4.25,4.333333333333333,4.666666666666667,9.0
1,3,2.0,27.0,2.0,1.0,6.0,1.0,3.0,30.0,30.0,1.0,100.0,1426.5222462922848,1455.1466488918513,40.07138410264956,40.07138410264955,1.0,1.0,1.0,0.0,2,,,,0.0,30.0,0.0,0.0,3.3333333333333335,1.9999999999999998,3.8333333333333335,3.0,4.0,4.0,2.75,3.0,5.0,5.333333333333333,4.75,5.0,5.333333333333333,9.0
1,3,2.0,30.0,3.0,1.0,4.0,5.0,3.0,30.0,45.0,3.0,150.0,3885.2,3434.5168000000003,114.48389333333334,76.32259555555557,1.0,1.0,1.0,0.0,2,,,,3.0,28.0,12.0,2.0,5.0,4.0,4.833333333333333,3.75,5.0,3.6,2.25,1.0,2.6666666666666665,2.3333333333333335,3.75,7.0,7.0,9.0
1,3,2.0,51.0,1.0,2.0,7.0,8.0,1.0,48.0,48.0,1.0,100.0,3500.0,3094.0,64.45833333333333,64.45833333333333,1.0,1.0,1.0,0.0,2,,,,15.0,15.0,15.0,3.0,1.3333333333333335,1.9999999999999998,3.3333333333333335,2.75,3.3333333333333335,3.2,2.75,3.0,3.6666666666666665,2.3333333333333335,4.0,4.333333333333333,4.666666666666667,4.0
1,3,1.0,30.0,3.0,1.0,4.0,1.0,3.0,40.0,50.0,3.0,125.0,4352.0,3847.1680000000006,96.17920000000001,76.94336000000001,2.0,4.0,1.0,0.0,2,,,,16.0,16.0,6.0,12.0,4.0,3.0,4.166666666666667,4.5,4.666666666666667,3.6,4.75,1.0,4.0,4.0,5.75,7.0,7.0,8.0
1,3,1.0,35.0,1.0,1.0,6.0,2.0,3.0,40.0,40.0,1.0,100.0,1858.0236627228794,2058.69021829695,51.467255457423754,51.46725545742376,1.0,1.0,1.0,0.0,2,,,,9.0,23.0,7.0,1.0,3.5,3.0,2.8333333333333335,3.25,3.0,3.0,1.5,1.0,4.0,3.3333333333333335,6.75,7.0,4.666666666666667,11.0
1,3,2.0,27.0,2.0,1.0,4.0,13.0,3.0,30.0,30.0,1.0,100.0,2050.0,1812.1999999999998,60.40666666666666,60.40666666666666,1.0,1.0,1.0,0.0,2,,,,0.0,5.0,15.0,10.0,3.8333333333333335,4.0,4.166666666666667,5.0,5.0,4.0,2.5,1.0,3.3333333333333335,1.0,4.5,6.333333333333333,6.666666666666667,9.0
1,3,2.0,35.0,2.0,1.0,4.0,1.0,6.0,40.0,40.0,1.0,100.0,5000.0,4420.0,110.5,110.5,3.0,1.0,1.0,0.0,2,,,,2.0,25.0,5.0,8.0,3.75,3.0,3.8333333333333335,3.75,4.666666666666667,4.0,3.5,1.0,4.333333333333333,4.0,5.5,5.0,6.333333333333333,10.0
1,3,2.0,31.0,3.0,1.0,4.0,1.0,3.0,40.0,40.0,1.0,100.0,2700.0,2386.8,59.67,59.67,1.0,1.0,1.0,0.0,2,,,,3.0,36.0,3.0,3.0,4.833333333333333,5.0,3.3333333333333335,3.75,3.6666666666666665,2.4,5.0,6.333333333333332,3.6666666666666665,5.0,6.25,5.333333333333333,3.3333333333333335,8.0
1,3,2.0,32.0,1.0,1.0,4.0,5.0,3.0,30.0,37.0,3.0,123.33333333333334,2762.0,2441.6079999999997,81.38693333333332,65.98940540540539,1.0,1.0,1.0,0.0,2,,,,9.0,25.0,2.0,5.0,2.8333333333333335,3.0,2.6666666666666665,2.5,2.6666666666666665,2.2,3.5,4.0,4.333333333333333,5.333333333333333,4.75,4.333333333333333,4.333333333333333,9.0
1,3,2.0,28.0,2.0,1.0,4.0,5.0,3.0,30.0,38.0,3.0,126.66666666666666,3400.0,3005.6,100.18666666666667,79.09473684210526,1.0,2.0,1.0,0.0,2,,,,14.0,14.0,0.0,10.0,4.333333333333333,4.0,4.166666666666667,3.3333333333333335,4.666666666666667,3.0,3.0,1.0,5.0,3.0,6.75,6.666666666666667,6.0,9.0
1,3,2.0,32.0,1.0,1.0,4.0,1.0,3.0,40.0,60.0,3.0,150.0,5000.0,4420.0,110.5,73.66666666666667,1.0,1.0,1.0,0.0,2,,,,3.0,40.0,3.0,14.0,4.5,5.0,2.6666666666666665,3.0,5.0,3.2,4.5,3.0,2.3333333333333335,3.0,5.25,7.0,6.666666666666667,11.0
1,3,1.0,45.0,1.0,1.0,4.0,2.0,3.0,40.0,51.0,3.0,127.5,4200.0,3712.8,92.82000000000001,61.31115349134932,3.0,1.0,1.0,0.0,2,,,,6.0,6.0,2.0,2.0,3.0,3.0,2.8333333333333335,3.25,4.666666666666667,3.0,3.0,1.3333333333333333,3.3333333333333335,2.0,5.25,6.333333333333333,4.666666666666667,8.0
1,3,2.0,54.0,3.0,1.0,4.0,5.0,6.0,40.0,50.0,3.0,125.0,3800.0,3359.2,83.97999999999999,67.184,1.0,3.0,1.0,0.0,2,,,,30.0,5.0,1.0,14.0,3.1666666666666665,4.0,3.5,2.25,4.666666666666667,3.2,3.5,1.3333333333333333,4.666666666666667,2.6666666666666665,6.5,7.0,6.333333333333333,10.0
1,3,1.0,36.0,3.0,1.0,4.0,1.0,3.0,40.0,40.0,1.0,100.0,4600.0,4066.3999999999996,101.66,101.66,1.0,2.0,1.0,0.0,2,,,,4.0,10.0,10.0,16.0,4.666666666666667,5.0,1.6666666666666667,2.5,3.3333333333333335,3.6,3.75,3.6666666666666665,4.0,2.3333333333333335,1.0,1.333333333333333,4.666666666666667,10.0
1,3,1.0,34.0,1.0,2.0,4.0,2.0,3.0,40.0,50.0,3.0,125.0,4351.0,3846.2840000000006,96.15710000000001,76.92568000000001,1.0,1.0,1.0,0.0,2,,,,0.0,25.0,10.0,15.0,3.3333333333333335,5.0,3.1666666666666665,3.25,2.6666666666666665,2.2,4.25,1.3333333333333333,3.6666666666666665,4.333333333333333,5.0,5.0,5.666666666666667,8.0
2,2,1.0,32.0,3.0,1.0,1.0,8.0,2.0,40.0,40.0,1.0,100.0,1874.6875520746541,2077.1538076987167,51.92884519246792,51.92884519246792,1.0,2.0,1.0,0.0,2,,,,5.0,20.0,5.0,10.0,3.5,1.9999999999999998,4.333333333333333,4.25,4.333333333333333,3.0,2.25,2.0,3.3333333333333335,2.3333333333333335,4.75,5.333333333333333,5.666666666666667,7.0
2,2,1.0,35.0,1.0,2.0,1.0,5.0,1.0,56.0,30.0,2.0,53.57142857142856,4165.9723379436755,4615.897350441592,82.4267384007427,153.86324501471972,1.0,1.0,1.0,0.0,2,,,,15.0,15.0,0.0,0.0,3.1666666666666665,3.0,3.0,2.75,3.6666666666666665,3.8,2.5,3.0,1.6666666666666665,3.0,1.75,3.6666666666666665,4.0,9.0
2,2,2.0,37.0,1.0,3.0,1.0,8.0,1.0,40.0,50.0,3.0,125.0,1478.920179970005,1638.6435594067655,40.96608898516914,32.77287118813531,1.0,4.0,1.0,0.0,2,,,,34.0,9.0,5.0,5.0,3.3333333333333335,3.0,3.5,3.0,4.0,3.6,2.5,1.0,1.6666666666666665,1.666666666666667,3.5,7.0,7.0,4.0
2,2,2.0,77.0,1.0,1.0,1.0,8.0,1.0,40.0,45.2,3.0,113.0,1458.0903182802863,1615.5640726545573,40.38910181636393,38.01247759519754,1.0,4.0,1.0,0.0,2,,,,35.0,40.0,10.0,2.0,4.166666666666667,1.9999999999999998,3.6666666666666665,5.0,4.666666666666667,3.4,3.0,1.0,2.0,3.3333333333333335,5.0,7.0,6.0,6.0
2,2,1.0,70.0,2.0,1.0,1.0,8.0,1.0,40.0,40.0,1.0,100.0,2082.9861689718377,2307.948675220796,57.698716880519896,57.698716880519896,1.0,2.0,1.0,0.0,2,,,,8.0,20.0,4.0,8.0,2.8,1.9999999999999998,3.1666666666666665,2.75,3.3333333333333335,2.5,3.0,1.3333333333333333,3.0,1.333333333333333,5.0,6.0,4.666666666666667,6.0
2,2,2.0,55.0,4.0,2.0,1.0,8.0,1.0,40.0,55.0,3.0,137.5,2916.180636560573,3231.1281453091146,80.77820363272787,58.74778446016572,2.0,5.0,1.0,0.0,2,,,,30.0,20.0,10.0,5.0,3.6666666666666665,4.0,3.8333333333333335,3.25,4.666666666666667,4.4,3.25,1.0,2.6666666666666665,1.0,5.25,6.666666666666667,6.333333333333333,6.0
2,2,1.0,34.0,1.0,2.0,1.0,8.0,2.0,40.0,40.0,1.0,100.0,1999.6667222129645,2215.630728211964,55.3907682052991,55.3907682052991,1.0,3.0,1.0,0.0,2,,,,15.0,8.0,2.0,15.0,3.5,3.0,3.6666666666666665,4.5,4.333333333333333,2.6,3.25,1.0,3.0,5.333333333333333,4.75,7.0,7.0,4.0
2,2,2.0,50.0,2.0,1.0,1.0,7.0,1.0,40.0,40.0,1.0,100.0,1583.0694884185968,1754.0409931678053,43.85102482919514,43.85102482919513,1.0,1.0,5.0,16.0,2,,,,35.0,0.0,0.0,5.0,2.5,5.0,2.5,1.25,2.3333333333333335,2.4,2.75,1.3333333333333333,1.3333333333333335,2.0,6.0,6.333333333333333,4.666666666666667,2.0
2,2,1.0,67.0,4.0,1.0,1.0,5.0,1.0,40.0,40.0,1.0,100.0,2499.5834027662054,2769.5384102649555,69.23846025662388,69.23846025662388,2.0,5.0,1.0,0.0,2,,,,20.0,10.0,5.0,5.0,4.166666666666667,4.0,4.666666666666667,4.5,5.0,4.2,3.5,1.0,3.0,1.0,4.0,7.0,7.0,6.0
2,2,2.0,43.0,3.0,2.0,1.0,7.0,1.0,40.0,20.0,2.0,50.0,1458.0903182802863,1615.5640726545573,40.38910181636393,80.77820363272787,1.0,3.0,5.0,20.0,2,,,,12.0,2.0,0.0,6.0,3.0,4.0,2.0,1.75,2.3333333333333335,3.2,3.25,1.0,1.6666666666666665,2.0,4.75,6.666666666666667,5.666666666666667,2.0
2,2,2.0,45.0,3.0,2.0,1.0,8.0,1.0,40.0,40.0,1.0,100.0,2291.2847858690216,2538.743542742876,63.468588568571896,63.468588568571896,1.0,4.0,1.0,0.0,2,,,,16.0,16.0,4.0,4.0,3.8333333333333335,5.0,3.8333333333333335,3.75,3.0,4.0,2.75,1.0,4.333333333333333,4.0,6.25,7.0,6.666666666666667,5.0
2,2,2.0,55.0,3.0,1.0,3.0,5.0,1.0,40.0,38.0,1.0,100.0,1041.4930844859189,1153.974337610398,28.849358440259948,39.042798422485134,1.0,1.0,1.0,50.0,2,,,,15.0,20.0,0.0,10.0,2.5,3.0,3.5,1.5,1.6666666666666665,2.8,2.5,2.3333333333333335,1.0,3.3333333333333335,1.0,3.3333333333333335,3.3333333333333335,4.0
2,2,1.0,50.0,2.0,3.0,1.0,5.0,2.0,20.0,20.0,1.0,100.0,1249.7917013831027,1384.7692051324777,69.23846025662388,69.23846025662388,1.0,1.0,6.0,10.0,2,,,,15.0,10.0,6.0,5.0,2.5,1.9999999999999998,3.1666666666666665,2.25,2.6666666666666665,2.8,3.0,2.6666666666666665,2.6666666666666665,1.333333333333333,5.0,5.666666666666667,5.333333333333333,4.0
2,2,1.0,32.0,1.0,2.0,1.0,7.0,2.0,40.0,70.0,3.0,175.0,2499.5834027662054,2769.5384102649555,69.23846025662388,39.564834432356506,1.0,3.0,6.0,80.0,2,,,,15.0,40.0,5.0,10.0,1.5,1.9999999999999998,3.5,2.75,2.6666666666666665,2.2,5.0,1.6666666666666667,3.6666666666666665,3.0,5.75,5.666666666666667,6.333333333333333,4.0
2,2,1.0,36.0,1.0,1.0,1.0,5.0,1.0,40.0,50.0,3.0,125.0,1624.7292117980335,1800.199966672221,45.004999166805526,36.00399933344442,1.0,3.0,7.0,7.0,2,,,,30.0,10.0,5.0,5.0,3.5,3.0,3.5,3.5,3.0,2.6,3.75,2.0,1.6666666666666665,1.666666666666667,4.25,6.333333333333333,6.666666666666667,4.0
2,2,1.0,44.0,4.0,2.0,1.0,5.0,1.0,40.0,40.0,1.0,100.0,1499.7500416597236,1661.7230461589734,41.54307615397433,41.54307615397433,1.0,1.0,1.0,0.0,2,,,,18.0,20.0,1.0,1.0,2.5,4.0,2.3333333333333335,1.5,3.6666666666666665,1.6000000000000003,4.0,5.333333333333333,2.6666666666666665,4.0,1.25,3.0,3.0,4.0
2,2,1.0,41.0,1.0,2.0,1.0,5.0,1.0,40.0,60.0,3.0,150.0,1499.7500416597236,1661.7230461589734,41.54307615397433,27.695384102649555,3.0,4.0,7.0,3.0,2,,,,25.0,15.0,15.0,5.0,2.1666666666666665,5.0,4.0,5.0,4.666666666666667,1.8,4.75,1.0,6.0,4.666666666666667,6.5,7.0,7.0,4.0
2,2,2.0,57.0,1.0,1.0,1.0,7.0,1.0,40.0,40.0,1.0,100.0,2291.2847858690216,2538.743542742876,63.468588568571896,63.468588568571896,1.0,3.0,6.0,22.0,2,,,,20.0,20.0,20.0,10.0,2.8333333333333335,4.0,2.3333333333333335,2.5,3.0,2.2,4.25,2.6666666666666665,4.333333333333333,3.3333333333333335,4.5,6.0,5.666666666666667,5.0
2,2,1.0,47.0,2.0,2.0,1.0,4.0,1.0,40.0,40.0,1.0,100.0,2314.405932344609,2564.3617730378264,64.10904432594566,64.10904432594566,1.0,2.0,1.0,0.0,2,,,,15.0,15.0,0.0,10.0,3.8333333333333335,4.0,4.333333333333333,4.75,5.0,3.2,3.0,1.6666666666666667,5.333333333333333,4.333333333333333,6.75,7.0,6.666666666666667,4.0
2,2,2.0,48.0,1.0,2.0,1.0,5.0,2.0,40.0,40.0,1.0,100.0,1916.3472754540908,2123.3127812031325,53.08281953007831,53.08281953007831,2.0,4.0,1.0,0.0,2,,,,20.0,4.0,2.0,14.0,2.8333333333333335,3.0,3.8333333333333335,3.75,4.666666666666667,2.8,3.75,1.0,2.3333333333333335,2.0,4.0,7.0,7.0,4.0
2,2,2.0,45.0,1.0,1.0,1.0,5.0,1.0,40.0,40.0,1.0,100.0,1249.7917013831027,1384.7692051324777,34.61923012831194,34.61923012831194,1.0,3.0,1.0,0.0,2,,,,10.0,20.0,7.0,3.0,3.6666666666666665,5.0,2.5,2.25,4.0,3.4,4.25,1.3333333333333333,6.0,6.0,6.0,6.666666666666667,6.0,7.0
2,2,1.0,51.0,1.0,2.0,1.0,5.0,1.0,40.0,50.0,3.0,125.0,2707.882019663389,3000.3332777870355,75.00833194467589,60.00666555574071,2.0,4.0,1.0,0.0,2,,,,6.0,3.0,3.0,38.0,2.8333333333333335,4.0,3.0,3.25,3.0,2.4,4.0,2.0,3.3333333333333335,3.6666666666666665,5.25,6.0,5.666666666666667,5.0
2,2,1.0,46.0,1.0,2.0,1.0,5.0,1.0,40.0,65.0,3.0,162.5,2374.6042326278953,2631.061489751708,65.7765372437927,40.4778690731032,2.0,4.0,1.0,0.0,2,,,,17.0,35.0,10.0,10.0,3.6666666666666665,4.0,3.6666666666666665,5.0,4.666666666666667,4.2,2.25,1.0,1.6666666666666665,2.3333333333333335,3.25,6.0,6.666666666666667,5.0
2,2,1.0,36.0,2.0,2.0,1.0,5.0,2.0,40.0,40.0,1.0,100.0,1249.7917013831027,1384.7692051324777,34.61923012831194,34.61923012831194,1.0,1.0,5.0,30.0,2,,,,30.0,0.0,0.0,4.0,2.8,1.9999999999999998,4.666666666666667,4.25,4.666666666666667,2.8,1.5,1.0,1.0,1.0,2.5,6.666666666666667,6.333333333333333,2.0
2,2,2.0,37.0,1.0,2.0,1.0,5.0,1.0,40.0,40.0,1.0,100.0,1249.7917013831027,1384.7692051324777,34.61923012831194,34.61923012831194,1.0,4.0,1.0,0.0,2,,,,20.0,15.0,0.0,0.0,1.8333333333333333,4.0,4.0,3.25,4.666666666666667,2.4,3.5,1.0,2.3333333333333335,2.0,3.75,6.666666666666667,6.666666666666667,3.0
2,2,2.0,56.0,3.0,1.0,1.0,5.0,1.0,40.0,50.0,3.0,125.0,1874.6875520746541,2077.1538076987167,51.92884519246792,41.54307615397433,2.0,4.0,1.0,0.0,2,,,,18.0,19.0,3.0,10.0,2.8333333333333335,4.0,4.0,3.25,1.9999999999999998,3.2,2.75,1.0,1.3333333333333335,1.333333333333333,3.25,6.0,6.0,6.0
2,2,1.0,45.0,1.0,3.0,1.0,2.0,1.0,40.0,70.0,3.0,175.0,3541.0764872521245,3923.512747875354,98.08781869688384,56.050182112505055,3.0,4.0,1.0,0.0,2,,,,10.0,40.0,10.0,10.0,3.8333333333333335,5.0,3.6666666666666665,3.0,3.6666666666666665,4.0,3.25,1.3333333333333333,5.0,5.333333333333333,4.25,6.0,5.333333333333333,5.0
2,2,2.0,41.0,1.0,2.0,1.0,5.0,2.0,20.0,25.0,3.0,125.0,833.1944675887353,923.1794700883186,46.158973504415926,36.92717880353274,1.0,2.0,5.0,20.0,2,,,,15.0,2.0,2.0,6.0,4.0,5.0,4.166666666666667,3.0,4.0,3.2,3.5,1.0,4.333333333333333,1.666666666666667,5.0,7.0,6.666666666666667,4.0
2,2,2.0,45.0,1.0,2.0,1.0,5.0,4.0,4.0,10.599999999999998,3.0,183.0,166.63889351774696,184.63589401766376,46.158973504415926,40.99532300172193,1.0,1.0,2.0,40.0,2,,,,6.0,0.0,0.0,0.0,1.8333333333333333,3.0,2.6666666666666665,3.0,2.3333333333333335,2.0,4.0,2.3333333333333335,3.0,3.0,5.25,5.666666666666667,5.333333333333333,8.0
2,2,1.0,66.0,1.0,1.0,1.0,3.0,1.0,50.0,50.0,1.0,100.0,3561.9063489418427,3946.592234627561,78.93184469255122,78.93184469255122,3.0,3.0,2.0,4.0,2,,,,20.0,10.0,4.0,6.0,3.6666666666666665,4.0,4.0,4.0,4.333333333333333,4.6,2.0,1.0,2.6666666666666665,2.0,3.25,6.666666666666667,7.0,5.0
2,2,2.0,50.0,3.0,1.0,1.0,5.0,1.0,40.0,45.0,3.0,112.5,1749.7083819363438,1938.6768871854688,48.46692217963672,43.08170860412153,2.0,4.0,2.0,8.0,2,,,,34.0,2.0,1.0,10.0,2.1666666666666665,3.0,2.8333333333333335,3.5,3.6666666666666665,2.0,2.5,2.0,4.333333333333333,3.6666666666666665,5.25,5.666666666666667,3.3333333333333335,5.0
2,2,1.0,52.0,3.0,1.0,1.0,5.0,1.0,40.0,40.0,1.0,100.0,2499.5834027662054,2769.5384102649555,69.23846025662388,69.23846025662388,1.0,2.0,1.0,0.0,2,,,,16.0,22.0,0.0,2.0,2.6666666666666665,3.0,1.8333333333333333,1.25,3.0,3.0,4.25,2.3333333333333335,6.0,5.333333333333333,5.75,6.0,6.666666666666667,5.0
2,2,2.0,49.0,1.0,2.0,1.0,5.0,1.0,40.0,40.0,1.0,100.0,1249.7917013831027,1384.7692051324777,34.61923012831194,34.61923012831194,2.0,2.0,5.0,20.0,2,,,,30.0,5.0,5.0,5.0,3.1666666666666665,5.0,2.3333333333333335,4.0,4.0,2.4,3.75,1.0,1.3333333333333335,2.3333333333333335,4.5,7.0,6.0,4.0
2,2,1.0,45.0,1.0,2.0,1.0,5.0,1.0,40.0,60.0,3.0,150.0,1249.7917013831027,1384.7692051324777,34.61923012831194,23.079486752207963,1.0,3.0,1.0,0.0,2,,,,15.0,20.0,5.0,20.0,4.166666666666667,4.0,4.5,4.75,5.0,3.2,1.25,1.0,5.0,5.0,4.5,6.333333333333333,7.0,4.0
2,2,1.0,59.0,2.0,1.0,1.0,7.0,1.0,40.0,25.0,2.0,62.49999999999999,1583.0694884185968,1754.0409931678053,43.85102482919514,70.16163972671221,1.0,2.0,5.0,25.0,2,,,,25.0,2.0,0.0,1.0,2.6666666666666665,3.0,3.1666666666666665,2.5,3.0,2.4,3.75,3.0,4.0,3.3333333333333335,4.75,5.0,4.666666666666667,4.0
2,2,1.0,49.0,1.0,2.0,1.0,5.0,2.0,40.0,40.0,1.0,100.0,1333.1111481419762,1477.0871521413096,36.92717880353274,36.92717880353274,1.0,3.0,1.0,0.0,2,,,,18.0,18.0,3.0,1.0,2.0,4.0,3.8333333333333335,5.0,5.0,3.2,2.0,1.0,1.3333333333333335,2.0,4.75,7.0,7.0,4.0
2,2,1.0,44.0,2.0,1.0,1.0,5.0,2.0,40.0,50.0,3.0,125.0,1666.38893517747,1846.3589401766371,46.158973504415926,36.92717880353274,1.0,2.0,1.0,0.0,2,,,,20.0,20.0,5.0,5.0,2.3333333333333335,5.0,2.8333333333333335,2.25,4.0,2.0,3.75,1.3333333333333333,5.5,6.0,6.0,6.666666666666667,6.333333333333333,4.0
2,2,2.0,60.0,1.0,1.0,1.0,5.0,1.0,60.0,60.0,1.0,100.0,2916.180636560573,3231.1281453091146,53.85213575515191,53.85213575515191,2.0,4.0,1.0,0.0,2,,,,20.0,20.0,10.0,10.0,3.5,1.9999999999999998,4.666666666666667,4.25,4.333333333333333,3.2,2.75,1.0,1.3333333333333335,1.666666666666667,4.5,7.0,6.666666666666667,6.0
2,2,1.0,37.0,1.0,1.0,1.0,5.0,4.0,2.0,7.9999999999999964,3.0,400.0,66.65555740709897,73.8543576070656,36.92717880353274,9.231794700883185,1.0,1.0,6.0,72.0,2,,,,8.0,50.0,10.0,12.0,2.5,5.0,2.8333333333333335,3.0,2.6666666666666665,2.2,4.0,1.0,5.0,4.0,4.75,5.666666666666667,6.666666666666667,2.0
2,2,2.0,49.0,1.0,2.0,1.0,5.0,1.0,40.0,60.0,3.0,150.0,1874.6875520746541,2077.1538076987167,51.92884519246792,34.61923012831195,2.0,5.0,1.0,0.0,2,,,,15.0,20.0,10.0,15.0,2.0,5.0,2.1666666666666665,1.75,4.333333333333333,1.8,4.5,1.6666666666666667,2.0,1.0,6.0,7.0,6.333333333333333,4.0
2,2,1.0,61.0,4.0,2.0,1.0,5.0,1.0,40.0,43.0,1.8,111.91176470588235,1749.7083819363438,1938.6768871854688,48.46692217963672,37.97344886963283,1.0,2.0,1.0,0.0,2,,,,13.0,2.0,15.0,10.0,2.1666666666666665,4.0,2.6666666666666665,2.0,2.6666666666666665,2.0,1.0,2.0,4.0,4.0,6.0,6.666666666666667,5.5,4.0
2,2,2.0,31.0,2.0,2.0,1.0,5.0,2.0,40.0,40.0,1.0,100.0,1249.7917013831027,1384.7692051324777,34.61923012831194,34.61923012831194,1.0,1.0,1.0,0.0,2,,,,30.0,3.0,1.0,4.0,3.1666666666666665,3.0,4.833333333333333,4.75,5.0,4.0,2.8499999999999996,1.0,3.3333333333333335,1.0,6.0,7.0,6.0,3.0
2,2,1.0,52.0,1.0,1.0,1.0,5.0,1.0,48.0,65.0,3.0,135.41666666666669,2916.180636560573,3231.1281453091146,67.3151696939399,49.70966377398638,2.0,3.0,1.0,0.0,2,,,,15.0,30.0,5.0,20.0,4.833333333333333,4.0,4.166666666666667,3.0,4.666666666666667,4.6,4.25,1.0,1.6666666666666665,1.0,3.0,6.333333333333333,7.0,6.0
2,2,2.0,46.0,1.0,4.0,1.0,5.0,1.0,40.0,40.0,1.0,100.0,1874.6875520746541,2077.1538076987167,51.92884519246792,51.92884519246792,2.0,3.0,1.0,0.0,2,,,,15.0,18.0,2.0,5.0,4.166666666666667,5.0,3.8333333333333335,1.5,4.333333333333333,3.2,3.25,1.0,4.666666666666667,3.3333333333333335,5.25,7.0,7.0,4.0
2,2,2.0,44.0,1.0,1.0,1.0,5.0,2.0,20.0,30.0,3.0,150.0,654.057657057157,724.6958840193304,36.234794200966505,24.156529467311003,1.0,1.0,3.0,20.0,2,,,,27.0,0.0,1.0,2.0,1.6666666666666667,5.0,2.1666666666666665,1.5,3.0,1.8,3.75,1.3333333333333333,1.3333333333333335,2.6666666666666665,3.25,6.333333333333333,6.333333333333333,4.0
2,2,1.0,38.0,3.0,1.0,1.0,5.0,2.0,20.0,20.0,1.0,100.0,499.9166805532409,553.9076820529913,27.695384102649562,27.695384102649555,2.0,4.0,2.0,48.0,2,,,,10.0,5.0,5.0,5.0,2.1666666666666665,1.9999999999999998,2.6666666666666665,4.5,3.0,1.4000000000000001,4.75,5.0,2.0,1.0,4.75,6.0,3.6666666666666665,4.0
2,2,2.0,40.0,2.0,1.0,1.0,5.0,5.0,40.0,84.0,3.0,210.0,1262.2896183969337,1398.6168971838026,34.965422429595066,16.650201156950033,2.0,4.0,1.0,20.0,2,,,,40.0,12.0,12.0,20.0,1.5,5.0,2.1666666666666665,1.0,4.666666666666667,2.0,4.0,1.0,2.6666666666666665,1.333333333333333,5.75,7.0,7.0,4.0
2,2,1.0,38.0,1.0,2.0,1.0,1.0,2.0,40.0,40.0,1.0,100.0,3124.479253457757,3461.9230128311947,86.54807532077987,86.54807532077987,1.0,2.0,1.0,0.0,2,,,,17.5,22.5,5.0,2.0,4.5,4.0,4.166666666666667,4.75,4.333333333333333,4.8,2.0,1.0,2.6666666666666665,1.333333333333333,4.25,5.0,7.0,4.0
2,2,2.0,40.0,1.0,2.0,1.0,5.0,1.0,40.0,40.0,1.0,100.0,1333.1111481419762,1477.0871521413096,36.92717880353274,36.92717880353274,1.0,3.0,7.0,40.0,2,,,,35.0,0.0,0.0,5.0,2.5,4.0,3.8333333333333335,4.75,5.0,3.0,3.75,1.0,5.666666666666667,1.333333333333333,5.5,7.0,6.333333333333333,2.0
2,2,2.0,74.0,1.0,3.0,1.0,5.0,1.0,4.0,4.0,1.0,100.0,124.97917013831011,138.47692051324793,34.61923012831194,34.61923012831194,1.0,1.0,1.0,0.0,2,,,,1.0,8.0,0.0,0.0,2.0,3.0,3.0,3.75,4.0,1.4000000000000001,3.75,3.0,2.0,1.0,6.5,7.0,6.666666666666667,6.0
2,2,1.0,32.0,2.0,1.0,1.0,8.0,2.0,20.0,20.0,1.0,100.0,833.1944675887353,923.1794700883186,46.158973504415926,46.158973504415926,1.0,2.0,2.0,20.0,2,,,,16.0,4.0,0.0,0.0,3.5,1.9999999999999998,4.5,3.5,4.0,2.0,3.0,1.5,2.0,2.0,3.0,6.0,5.5,3.0
2,2,1.0,55.0,1.0,2.0,1.0,5.0,1.0,40.0,50.0,2.2,125.0,1874.6875520746541,2077.1538076987167,51.92884519246792,37.727267677609284,1.0,2.0,1.0,0.0,2,,,,13.5,6.0,2.5,13.5,1.6666666666666667,4.0,2.0,2.75,1.9999999999999998,1.8,3.75,2.3333333333333335,1.3333333333333335,3.3333333333333335,1.5,5.333333333333333,6.0,5.0
2,2,1.0,55.0,1.0,1.0,1.0,8.0,4.0,4.0,4.0,1.0,100.0,166.63889351774696,184.63589401766376,46.158973504415926,46.158973504415926,1.0,1.0,6.0,50.0,2,,,,8.0,2.0,2.0,0.0,3.5,3.0,4.5,5.0,4.666666666666667,2.4,3.75,1.0,4.333333333333333,5.0,7.0,7.0,7.0,4.0
2,2,1.0,46.0,1.0,2.0,1.0,5.0,1.0,40.0,58.0,3.0,145.0,1458.0903182802863,1615.5640726545573,40.38910181636393,27.800890327802506,1.0,3.0,1.0,0.0,2,,,,20.0,15.0,10.0,10.0,2.8333333333333335,5.0,3.3333333333333335,4.75,4.0,3.0,4.0,1.0,1.0,1.0,1.5,7.0,6.333333333333333,4.0
2,2,2.0,47.0,4.0,3.0,1.0,7.0,2.0,20.0,20.0,1.0,100.0,624.8958506915515,692.3846025662385,34.61923012831194,34.61923012831194,1.0,1.0,5.0,0.0,2,,,,12.0,0.0,0.0,0.0,2.5,4.0,2.0,2.0,1.9999999999999998,2.4,4.25,1.0,6.333333333333333,1.333333333333333,5.25,6.333333333333333,5.333333333333333,3.0
2,2,1.0,42.0,1.0,2.0,1.0,5.0,1.0,40.0,40.0,1.0,100.0,1333.1111481419762,1477.0871521413096,36.92717880353274,36.92717880353274,1.0,3.0,1.0,0.0,2,,,,20.0,10.0,0.0,10.0,2.6,4.0,4.0,4.0,4.333333333333333,2.6,5.0,1.3333333333333333,1.3333333333333335,2.0,1.75,7.0,6.666666666666667,4.0
2,2,2.0,40.0,2.0,2.0,1.0,5.0,2.0,40.0,50.0,3.0,125.0,1708.0486585569074,1892.517913681053,47.312947842026325,37.85035827362107,1.0,3.0,2.0,5.0,2,,,,20.0,18.0,5.0,5.0,2.6666666666666665,5.0,2.3333333333333335,2.5,3.3333333333333335,2.2,4.0,2.0,4.333333333333333,3.6666666666666665,5.0,6.333333333333333,5.333333333333333,5.0
2,2,2.0,40.0,1.0,2.0,1.0,5.0,1.0,16.0,28.6,3.0,128.0,1041.4930844859189,1153.974337610398,72.12339610064987,49.697828139754485,1.0,1.0,1.0,0.0,2,,,,25.0,25.0,1.0,1.0,2.4,3.0,3.8333333333333335,3.75,3.3333333333333335,2.6,4.0,1.0,1.0,2.3333333333333335,2.75,7.0,7.0,4.0
2,2,2.0,43.0,1.0,2.0,1.0,5.0,1.0,40.0,40.0,1.0,100.0,2291.2847858690216,2538.743542742876,63.468588568571896,63.468588568571896,4.0,4.0,1.0,0.0,2,,,,13.0,10.0,5.0,12.0,2.0,3.0,3.1666666666666665,3.0,4.0,2.2,4.0,1.6666666666666667,3.0,2.3333333333333335,4.25,5.666666666666667,5.333333333333333,4.0
2,2,2.0,60.0,1.0,1.0,1.0,4.0,1.0,40.0,50.0,3.0,125.0,1916.3472754540908,2123.3127812031325,53.08281953007831,42.466255624062654,1.0,1.0,5.0,4.0,2,,,,30.0,10.0,10.0,5.0,2.6666666666666665,1.0,2.6666666666666665,1.0,3.6666666666666665,1.6000000000000003,3.0,1.0,1.6666666666666665,1.0,5.75,7.0,7.0,5.0
2,2,2.0,46.0,1.0,2.0,1.0,5.0,1.0,60.0,60.0,1.0,100.0,2582.902849525079,2861.8563572737876,47.697605954563116,47.69760595456312,1.0,5.0,5.0,0.0,2,,,,30.0,8.0,12.0,10.0,2.1666666666666665,5.0,2.5,2.75,2.6666666666666665,2.2,4.0,1.0,3.0,1.0,4.0,7.0,6.666666666666667,5.0
2,2,2.0,43.0,1.0,2.0,1.0,5.0,2.0,40.0,60.0,3.0,150.0,2082.9861689718377,2307.948675220796,57.698716880519896,38.46581125367993,3.0,3.0,1.0,0.0,2,,,,26.0,10.0,20.0,4.0,3.5,4.0,4.0,4.0,4.0,3.6,4.0,1.0,2.3333333333333335,3.3333333333333335,3.5,7.0,7.0,5.0
2,2,1.0,51.0,2.0,1.0,1.0,5.0,1.0,40.0,80.0,3.0,200.0,2499.5834027662054,2769.5384102649555,69.23846025662388,34.61923012831194,2.0,5.0,1.0,0.0,2,,,,20.0,10.0,10.0,30.0,4.166666666666667,3.0,5.0,4.0,3.6666666666666665,5.0,3.0,3.0,3.6666666666666665,5.0,4.0,5.0,5.0,5.0
2,2,2.0,26.0,1.0,1.0,1.0,5.0,4.0,2.9999999999999964,3.0,1.0,100.0,199.96667222129645,221.56307282119633,73.8543576070655,73.8543576070655,1.0,1.0,6.0,42.0,2,,,,5.0,0.5,0.0,0.0,4.5,4.0,4.5,5.0,4.666666666666667,4.0,3.25,1.0,3.0,3.6666666666666665,3.0,7.0,6.666666666666667,8.0
2,2,1.0,61.0,1.0,1.0,1.0,5.0,1.0,40.0,10.0,2.0,25.0,1666.38893517747,1846.3589401766371,46.158973504415926,184.6358940176637,2.0,5.0,1.0,0.0,2,,,,15.0,10.0,0.0,25.0,3.5,5.0,2.3333333333333335,5.0,5.0,2.8,3.0,1.3333333333333333,1.6666666666666665,1.666666666666667,3.25,4.666666666666667,4.0,4.0
2,2,1.0,38.0,1.0,2.0,1.0,5.0,2.0,28.0,28.0,1.0,100.0,874.8541909681719,969.3384435927344,34.61923012831194,34.61923012831194,1.0,2.0,6.0,60.0,2,,,,8.0,4.0,4.0,2.0,3.3333333333333335,1.9999999999999998,4.5,3.75,4.666666666666667,3.2,1.25,1.0,1.6666666666666665,3.3333333333333335,1.75,7.0,6.333333333333333,4.0
2,2,1.0,59.0,1.0,1.0,1.0,5.0,1.0,40.0,40.0,1.0,100.0,1249.7917013831027,1384.7692051324777,34.61923012831194,34.61923012831194,1.0,2.0,2.0,10.0,2,,,,30.0,10.0,5.0,2.0,2.1666666666666665,5.0,1.3333333333333333,2.75,3.0,1.8,5.0,2.0,2.3333333333333335,1.0,1.75,6.333333333333333,6.666666666666667,5.0
2,2,1.0,35.0,2.0,1.0,1.0,1.0,2.0,40.0,60.0,3.0,150.0,1458.0903182802863,1615.5640726545573,40.38910181636393,26.92606787757596,3.0,3.0,3.0,40.0,2,,,,10.0,10.0,10.0,30.0,2.8333333333333335,5.0,2.3333333333333335,2.5,4.0,3.0,4.0,3.0,3.0,3.0,3.25,4.666666666666667,5.666666666666667,5.0
2,2,2.0,47.0,3.0,1.0,1.0,8.0,1.0,40.0,40.0,1.0,100.0,1166.4722546242292,1292.4512581236459,32.31128145309115,32.31128145309115,1.0,2.0,5.0,3.0,2,,,,25.0,14.0,1.0,0.0,3.3333333333333335,1.9999999999999998,3.1666666666666665,4.0,4.0,2.6,2.25,1.0,1.0,1.333333333333333,1.75,6.0,4.666666666666667,4.0
2,2,2.0,26.0,2.0,1.0,1.0,5.0,3.0,30.0,45.0,3.0,150.0,708.2152974504247,784.7025495750709,26.156751652502358,32.0035549630617,1.0,2.0,1.0,0.0,2,,,,0.0,45.0,6.0,5.0,2.5,1.9999999999999998,3.6666666666666665,4.5,4.333333333333333,1.6000000000000003,4.0,1.6666666666666667,1.3333333333333335,2.6666666666666665,6.75,7.0,7.0,7.0
2,2,1.0,49.0,3.0,1.0,1.0,4.0,1.0,40.0,40.0,1.0,100.0,3749.3751041493083,4154.307615397433,103.85769038493584,103.85769038493584,4.0,5.0,1.0,0.0,2,,,,12.0,10.0,5.0,13.0,4.166666666666667,4.0,4.0,4.0,3.6666666666666665,5.0,2.75,1.0,4.0,4.0,5.25,6.666666666666667,7.0,5.0
2,2,3.0,35.0,2.0,3.0,1.0,1.0,3.0,40.0,55.0,3.0,137.5,2707.882019663389,3000.3332777870355,75.00833194467589,54.551514141582466,3.0,1.0,1.0,0.0,2,,,,10.0,20.0,20.0,5.0,3.0,5.0,2.6666666666666665,1.0,4.0,2.4,3.5,1.3333333333333333,2.6666666666666665,3.0,5.75,7.0,7.0,7.0
2,2,2.0,37.0,2.0,1.0,1.0,4.0,2.0,40.0,48.0,3.0,120.0,2499.5834027662054,2769.5384102649555,69.23846025662388,57.6987168805199,1.0,4.0,2.0,5.0,2,,,,10.0,30.0,5.0,0.0,4.0,5.0,4.0,4.5,5.0,3.8,4.0,1.3333333333333333,2.6666666666666665,4.0,6.25,6.666666666666667,6.0,3.0
2,2,1.0,42.0,2.0,1.0,1.0,4.0,1.0,40.0,40.0,1.0,100.0,2124.6458923512746,2354.107648725212,58.8526912181303,58.8526912181303,1.0,1.0,3.0,4.0,2,,,,20.0,20.0,1.0,0.0,2.1666666666666665,1.0,2.0,1.0,3.0,1.6000000000000003,4.0,3.6666666666666665,1.3333333333333335,1.0,6.25,6.333333333333333,4.333333333333333,4.0
2,2,2.0,61.0,2.0,3.0,1.0,4.0,2.0,40.0,40.0,1.0,100.0,2291.2847858690216,2538.743542742876,63.468588568571896,63.468588568571896,1.0,3.0,1.0,0.0,2,,,,20.0,5.0,5.0,10.0,3.8333333333333335,4.0,5.0,5.0,5.0,4.8,3.5,1.0,1.0,1.0,5.0,7.0,6.666666666666667,4.0
2,2,1.0,47.0,3.0,1.0,1.0,5.0,1.0,40.0,53.0,3.0,140.0,2499.5834027662054,2769.5384102649555,69.23846025662388,41.587037081121395,2.0,5.0,1.0,0.0,2,,,,20.0,20.0,3.0,10.0,2.6666666666666665,5.0,3.5666666666666664,4.333333333333333,4.333333333333333,3.4,3.0,1.0,3.6666666666666665,5.0,4.25,6.333333333333333,7.0,5.0
2,2,1.0,60.0,1.0,3.0,1.0,4.0,2.0,20.0,40.0,3.0,200.0,1041.4930844859189,1153.974337610398,57.698716880519896,28.849358440259948,2.0,4.0,1.0,0.0,2,,,,5.0,10.0,10.0,10.0,2.3333333333333335,5.0,1.8333333333333333,2.75,3.6666666666666665,2.6,4.0,1.3333333333333333,3.0,3.6666666666666665,4.25,6.333333333333333,6.333333333333333,5.0
2,2,2.0,65.0,3.0,1.0,1.0,5.0,1.0,40.0,50.0,3.0,125.0,1458.0903182802863,1615.5640726545573,40.38910181636393,32.31128145309115,1.0,4.0,4.0,5.0,2,,,,25.0,15.0,5.0,5.0,2.3333333333333335,4.0,3.1666666666666665,3.0,3.6666666666666665,3.0,3.0,1.0,2.0,3.0,5.25,7.0,6.0,4.0
2,2,1.0,46.0,1.0,2.0,1.0,8.0,1.0,40.0,40.0,1.0,100.0,1499.7500416597236,1661.7230461589734,41.54307615397433,41.54307615397433,1.0,4.0,5.0,12.0,2,,,,26.0,4.0,5.0,5.0,3.1666666666666665,4.0,3.3333333333333335,2.75,4.666666666666667,3.6,4.0,1.3333333333333333,4.333333333333333,4.0,4.0,6.333333333333333,6.0,4.0
2,2,1.0,66.0,1.0,1.0,1.0,4.0,1.0,40.0,40.0,1.0,100.0,2016.330611564739,2234.0943176137307,58.16030661556407,57.48149818167559,1.0,1.0,1.0,0.0,2,,,,1.0,40.0,1.0,0.0,3.6666666666666665,5.0,4.833333333333333,1.75,4.0,3.6,5.0,1.0,3.0,1.0,4.0,7.0,7.0,4.0
2,2,1.0,46.0,1.0,1.0,1.0,5.0,1.0,40.0,40.0,1.0,100.0,1874.6875520746541,2077.1538076987167,51.92884519246792,51.92884519246792,1.0,3.0,1.0,0.0,2,,,,20.0,10.0,5.0,5.0,3.1666666666666665,5.0,2.3333333333333335,1.75,4.333333333333333,2.6,4.0,1.3333333333333333,4.333333333333333,3.0,5.75,7.0,7.0,5.0
2,2,2.0,45.0,1.0,4.0,1.0,5.0,1.0,40.0,40.0,1.0,100.0,1874.6875520746541,2077.1538076987167,51.92884519246792,51.92884519246792,1.0,3.0,1.0,0.0,2,,,,18.0,17.0,1.0,4.0,3.3333333333333335,1.9999999999999998,2.6666666666666665,1.75,3.6666666666666665,3.2,5.0,1.0,5.0,4.666666666666667,6.75,7.0,5.666666666666667,4.0
2,2,1.0,62.0,1.0,1.0,1.0,8.0,1.0,40.0,49.0,3.0,122.5,1499.7500416597236,1661.7230461589734,41.54307615397433,36.20809619125841,1.0,4.0,2.0,50.0,2,,,,30.0,5.0,10.0,5.0,2.6666666666666665,3.0,3.8333333333333335,4.25,4.666666666666667,2.6,3.25,1.3333333333333333,2.3333333333333335,3.0,5.25,6.666666666666667,6.333333333333333,4.0
2,2,2.0,46.0,3.0,1.0,1.0,5.0,2.0,40.0,80.0,3.0,200.0,1249.7917013831027,1384.7692051324777,34.61923012831194,17.30961506415597,1.0,4.0,1.0,0.0,2,,,,30.0,30.0,5.0,20.0,1.8333333333333333,5.0,2.3333333333333335,4.5,5.0,1.8,4.5,2.6666666666666665,4.0,4.0,4.25,6.0,5.666666666666667,4.0
2,2,2.0,62.0,5.0,1.0,1.0,5.0,1.0,40.0,40.0,1.0,100.0,1249.7917013831027,1384.7692051324777,34.61923012831194,34.61923012831194,1.0,3.0,5.0,42.0,2,,,,20.0,10.0,0.0,10.0,2.5,3.0,3.5,3.25,3.6666666666666665,3.2,3.0,1.0,4.0,3.3333333333333335,5.5,6.666666666666667,5.666666666666667,4.0
2,2,2.0,44.0,1.0,2.0,1.0,5.0,1.0,40.0,40.0,1.0,100.0,1437.260456590568,1592.4845859023494,39.81211464755874,39.81211464755874,2.0,4.0,5.0,12.0,2,,,,30.0,4.0,3.0,3.0,2.6666666666666665,5.0,2.6666666666666665,3.75,3.3333333333333335,2.8,4.0,3.0,5.333333333333333,3.3333333333333335,5.75,6.0,5.0,4.0
2,2,1.0,42.0,1.0,1.0,1.0,5.0,2.0,40.0,60.0,3.0,150.0,1666.38893517747,1846.3589401766371,46.158973504415926,30.77264900294395,1.0,1.0,1.0,0.0,2,,,,30.0,20.0,10.0,0.0,4.666666666666667,4.0,4.0,3.0,4.333333333333333,4.4,4.0,1.0,1.3333333333333335,3.0,5.5,7.0,7.0,4.0
2,2,2.0,41.0,1.0,2.0,1.0,1.0,1.0,40.0,40.0,1.0,100.0,1249.7917013831027,1384.7692051324777,34.61923012831194,34.61923012831194,3.0,3.0,1.0,0.0,2,,,,5.0,25.0,5.0,5.0,2.8333333333333335,3.0,3.3333333333333335,3.0,4.0,2.8,2.0,2.0,2.6666666666666665,3.0,4.5,4.666666666666667,4.666666666666667,4.0
2,2,1.0,36.0,3.0,1.0,1.0,4.0,2.0,40.0,40.0,1.0,100.0,1666.38893517747,1846.3589401766371,46.158973504415926,46.158973504415926,1.0,4.0,1.0,0.0,2,,,,0.0,20.0,5.0,15.0,3.1666666666666665,1.9999999999999998,4.5,3.0,5.0,2.6,3.25,1.6666666666666667,2.3333333333333335,3.6666666666666665,2.25,4.0,7.0,7.0
2,2,2.0,36.0,2.0,1.0,1.0,5.0,2.0,40.0,70.0,3.0,175.0,1041.4930844859189,1153.974337610398,28.849358440259948,16.485347680148543,1.0,4.0,1.0,0.0,2,,,,20.0,20.0,20.0,10.0,3.5,4.0,3.6666666666666665,4.75,4.333333333333333,3.2,5.0,1.0,1.6666666666666665,2.6666666666666665,2.25,6.666666666666667,6.666666666666667,4.0
2,2,1.0,57.0,1.0,2.0,1.0,7.0,1.0,60.0,60.0,1.0,100.0,2082.9861689718377,2307.948675220796,38.46581125367993,38.46581125367993,1.0,4.0,1.0,0.0,2,,,,20.0,37.0,1.0,2.0,3.5,4.0,4.0,4.5,4.333333333333333,3.4,3.0,1.0,3.0,3.0,4.5,6.0,5.666666666666667,5.0
2,2,2.0,35.0,2.0,2.0,1.0,5.0,2.0,20.0,30.0,3.0,150.0,666.5555740709881,738.5435760706548,36.92717880353274,24.61811920235516,1.0,4.0,2.0,35.0,2,,,,19.0,9.0,1.0,1.0,1.8333333333333333,4.0,3.8333333333333335,5.0,5.0,3.0,4.75,1.6666666666666667,4.0,2.3333333333333335,5.5,6.666666666666667,7.0,3.0
2,2,1.0,35.0,1.0,1.0,1.0,5.0,2.0,20.0,45.4,3.0,143.5,749.8750208298616,830.8615230794867,41.54307615397433,26.70984715320337,1.0,1.0,6.0,60.0,2,,,,20.0,20.0,10.0,10.0,1.3333333333333335,5.0,1.0,1.0,1.0,1.6000000000000003,5.0,3.3333333333333335,1.0,3.3333333333333335,3.0,7.0,7.0,4.0
2,2,2.0,52.0,1.0,2.0,1.0,8.0,2.0,20.0,26.0,3.0,130.0,749.8750208298616,830.8615230794867,41.54307615397433,31.956212426134105,1.0,2.0,1.0,0.0,2,,,,20.0,2.0,0.0,1.0,4.0,4.0,3.3333333333333335,5.0,5.0,3.6,2.25,1.6666666666666667,5.333333333333333,6.0,4.25,6.0,5.333333333333333,4.0
2,2,2.0,63.0,1.0,3.0,3.0,7.0,1.0,40.0,40.0,1.0,100.0,2916.180636560573,3231.1281453091146,80.77820363272787,80.77820363272787,2.0,5.0,6.0,20.0,2,,,,20.0,20.0,0.0,10.0,3.6666666666666665,4.0,4.166666666666667,5.0,5.0,3.4,2.0,1.0,1.0,1.0,5.5,6.666666666666667,6.666666666666667,5.0
2,2,2.0,43.0,1.0,2.0,1.0,5.0,1.0,40.0,50.0,3.0,125.0,1308.1153141143143,1449.39176803866,36.234794200966505,28.987835360773204,1.0,4.0,3.0,6.0,2,,,,16.0,6.0,10.0,18.0,2.3333333333333335,5.0,2.1666666666666665,2.5,3.3333333333333335,2.0,4.75,1.0,1.6666666666666665,1.666666666666667,4.75,7.0,6.666666666666667,4.0
2,2,2.0,38.0,3.0,1.0,1.0,8.0,1.0,40.0,49.0,3.0,122.5,1333.1111481419762,1477.0871521413096,36.92717880353274,43.627093391505454,1.0,3.0,7.0,50.0,2,,,,40.0,5.0,0.0,5.0,3.1666666666666665,4.0,4.0,3.5,4.333333333333333,3.4,2.0,1.0,5.0,3.6666666666666665,6.25,7.0,7.0,4.0
2,2,2.0,37.0,1.0,1.0,1.0,5.0,2.0,40.0,50.0,3.0,125.0,1208.131978003666,1338.610231628062,33.46525579070155,26.77220463256124,1.0,2.0,5.0,6.0,2,,,,40.0,4.0,4.0,2.0,3.3333333333333335,4.0,3.3333333333333335,1.5,4.333333333333333,2.6,3.0,1.0,1.6666666666666665,2.0,6.0,7.0,6.666666666666667,2.0
2,2,2.0,38.0,1.0,2.0,1.0,5.0,2.0,40.0,52.0,3.0,130.0,1541.40976503916,1707.8820196633892,42.69705049158473,32.843884993526714,1.0,3.0,6.0,12.0,2,,,,15.0,20.0,4.5,10.0,2.5,5.0,3.1666666666666665,2.75,3.0,2.4,4.0,1.0,2.3333333333333335,4.0,5.25,6.333333333333333,6.333333333333333,4.0
2,2,1.0,39.0,1.0,2.0,1.0,5.0,1.0,20.0,30.0,3.0,150.0,666.5555740709881,738.5435760706548,36.92717880353274,24.61811920235516,1.0,2.0,5.0,30.0,2,,,,15.0,13.0,1.0,1.0,3.1666666666666665,3.0,3.6666666666666665,1.0,3.6666666666666665,2.8,3.0,2.0,2.0,2.0,4.0,6.0,6.0,4.0
2,2,2.0,29.0,3.0,1.0,1.0,4.0,2.0,8.0,11.999999999999996,3.0,150.0,229.12847858690202,253.87435427428773,31.73429428428595,21.156196189523968,1.0,2.0,2.0,45.0,2,,,,5.0,1.0,1.0,2.0,2.5,3.0,3.0,4.75,3.3333333333333335,3.0,3.75,1.6666666666666667,5.0,5.0,6.0,5.666666666666667,5.0,2.0
2,2,2.0,43.0,3.0,1.0,1.0,5.0,1.0,40.0,60.0,3.0,150.0,1249.7917013831027,1384.7692051324777,34.61923012831194,23.079486752207963,2.0,4.0,1.0,0.0,2,,,,40.0,10.0,0.0,10.0,3.0,3.0,2.8333333333333335,2.0,1.3333333333333335,2.8,5.0,2.6666666666666665,3.0,2.3333333333333335,4.0,5.666666666666667,6.333333333333333,4.0
2,2,1.0,45.0,1.0,2.0,1.0,5.0,1.0,40.0,60.0,3.0,150.0,1874.6875520746541,2077.1538076987167,51.92884519246792,34.61923012831195,2.0,4.0,3.0,10.0,2,,,,10.0,10.0,2.0,28.0,2.6666666666666665,5.0,3.1666666666666665,2.25,4.0,3.0,4.0,1.0,2.0,3.0,4.5,5.666666666666667,5.666666666666667,5.0
2,2,2.0,37.0,2.0,2.0,1.0,1.0,2.0,40.0,40.0,1.0,100.0,1458.0903182802863,1615.5640726545573,40.38910181636393,40.38910181636393,1.0,1.0,1.0,0.0,2,,,,8.0,35.0,2.0,2.0,3.0,4.0,2.8333333333333335,1.5,4.666666666666667,2.6,4.25,2.3333333333333335,5.666666666666667,5.333333333333333,6.0,6.0,5.0,7.0
2,2,2.0,45.0,2.0,3.0,1.0,5.0,1.0,40.0,54.0,3.0,135.0,1458.0903182802863,1615.5640726545573,40.38910181636393,29.917853197306613,2.0,4.0,7.0,0.0,2,,,,20.0,15.0,4.0,15.0,2.0,4.0,2.5,1.5,3.6666666666666665,2.0,4.0,1.0,3.0,3.6666666666666665,4.25,6.0,5.666666666666667,5.0
2,2,2.0,53.0,1.0,4.0,1.0,4.0,2.0,10.0,10.0,1.0,100.0,2499.5834027662054,2769.5384102649555,276.9538410264955,276.9538410264955,4.0,4.0,2.0,10.0,2,,,,3.0,3.0,2.0,2.0,3.8333333333333335,5.0,3.6666666666666665,4.75,4.333333333333333,4.25,3.0,1.0,4.666666666666667,4.0,4.75,7.0,7.0,5.0
2,2,2.0,44.0,1.0,2.0,1.0,4.0,1.0,40.0,40.0,1.0,100.0,1666.38893517747,1846.3589401766371,46.158973504415926,46.158973504415926,1.0,2.0,1.0,0.0,2,,,,24.0,14.0,1.0,1.0,2.8333333333333335,4.0,3.6666666666666665,4.0,4.666666666666667,2.8,3.5,1.3333333333333333,3.0,4.333333333333333,4.75,6.666666666666667,6.666666666666667,4.0
2,2,1.0,40.0,2.0,1.0,3.0,4.0,1.0,40.0,50.0,3.0,125.0,1666.38893517747,1846.3589401766371,46.158973504415926,36.92717880353274,1.0,2.0,1.0,0.0,2,,,,16.0,28.0,2.0,4.0,3.8333333333333335,4.0,3.0,4.5,5.0,3.6,3.25,1.3333333333333333,3.6666666666666665,5.666666666666667,4.25,6.333333333333333,6.0,4.0
2,2,2.0,37.0,1.0,1.0,1.0,4.0,2.0,40.0,42.0,1.4000000000000001,105.0,1458.0903182802863,1615.5640726545573,40.38910181636393,39.46592234627562,1.0,2.0,1.0,0.0,2,,,,0.0,10.0,10.0,30.0,4.0,4.0,3.3333333333333335,4.25,5.0,4.0,3.5,1.0,2.3333333333333335,5.0,4.25,6.666666666666667,6.333333333333333,7.0
2,2,1.0,47.0,1.0,2.0,1.0,2.0,2.0,12.0,11.999999999999996,1.0,100.0,833.1944675887353,923.1794700883186,76.93162250735988,76.93162250735988,1.0,1.0,2.0,8.0,2,,,,0.0,10.0,1.0,1.0,3.8333333333333335,4.0,2.6666666666666665,3.5,3.6666666666666665,2.8,3.5,4.333333333333333,2.0,2.3333333333333335,2.0,2.6666666666666665,2.3333333333333335,7.0
2,2,2.0,59.0,1.0,3.0,1.0,1.0,1.0,40.0,56.0,3.0,147.5,1874.6875520746541,2077.1538076987167,51.92884519246792,31.208594863818988,3.0,2.0,7.0,15.0,2,,,,15.0,15.0,15.0,15.0,3.0,3.0,3.5,2.25,4.666666666666667,3.4,4.25,1.6666666666666667,3.0,3.3333333333333335,3.0,4.666666666666667,6.0,7.0
2,2,1.0,46.0,1.0,2.0,1.0,4.0,1.0,20.0,20.0,1.0,100.0,999.8333611064822,1107.815364105982,55.3907682052991,55.3907682052991,1.0,2.0,2.0,50.0,2,,,,14.0,2.0,2.0,2.0,3.0,4.0,2.5,3.0,4.333333333333333,3.0,4.25,1.0,5.333333333333333,3.3333333333333335,4.0,6.0,4.0,5.0
2,2,1.0,51.0,1.0,1.0,1.0,5.0,1.0,40.0,65.0,3.0,162.5,1458.0903182802863,1615.5640726545573,40.38910181636393,24.85483188699319,4.0,5.0,1.0,0.0,2,,,,20.0,20.0,6.5,12.5,2.0,5.0,2.3333333333333335,3.0,5.0,2.0,4.0,1.0,1.0,1.0,4.25,7.0,7.0,4.0
2,2,2.0,43.0,1.0,2.0,1.0,5.0,2.0,24.0,24.0,1.0,100.0,666.5555740709881,738.5435760706548,30.77264900294395,30.77264900294395,1.0,2.0,2.0,24.0,2,,,,16.0,2.0,4.0,2.0,2.6666666666666665,3.0,3.5,1.75,4.0,3.25,2.75,2.6666666666666665,1.0,1.0,1.75,7.0,6.0,4.0
2,2,2.0,55.0,1.0,1.0,1.0,5.0,1.0,40.0,40.0,1.0,100.0,1666.38893517747,1846.3589401766371,46.158973504415926,46.158973504415926,1.0,4.0,1.0,0.0,2,,,,20.0,15.0,1.0,1.0,3.6,1.9999999999999998,3.0,4.5,4.666666666666667,3.4,2.5,1.0,3.5,1.0,5.75,7.0,7.0,5.0
2,2,2.0,56.0,4.0,1.0,1.0,8.0,1.0,40.0,47.2,2.2,123.25,1374.770871521413,1523.2461256457257,38.08115314114314,42.20880944445767,1.0,2.0,2.0,5.0,2,,,,30.0,5.0,0.0,3.0,2.1666666666666665,3.0,2.0,2.5,2.6666666666666665,2.0,4.75,1.6666666666666667,5.0,3.3333333333333335,3.5,7.0,6.0,2.0
2,2,2.0,53.0,1.0,1.0,1.0,4.0,2.0,16.0,16.0,1.0,100.0,541.5764039326777,600.0666555574071,37.504165972337944,37.504165972337944,1.0,2.0,6.0,32.0,2,,,,16.0,0.0,0.0,0.0,1.5,1.9999999999999998,3.0,1.5,3.6666666666666665,1.6000000000000003,2.25,1.6666666666666667,3.6666666666666665,2.3333333333333335,6.25,7.0,5.333333333333333,4.0
2,2,2.0,28.0,2.0,1.0,1.0,1.0,2.0,10.0,40.0,3.0,400.0,374.9375104149308,415.43076153974357,41.54307615397433,10.385769038493585,1.0,1.0,1.0,0.0,2,,,,0.0,40.0,0.0,0.0,4.666666666666667,3.0,1.8333333333333333,2.0,5.0,3.2,4.0,1.0,2.0,1.0,1.75,4.333333333333333,4.333333333333333,7.0
2,2,1.0,50.0,3.0,1.0,1.0,5.0,1.0,40.0,44.4,3.0,116.25,1374.770871521413,1523.2461256457257,38.08115314114314,40.975980193777225,2.0,4.0,5.0,45.0,2,,,,15.0,15.0,5.0,10.0,2.0,4.0,3.0,3.0,3.6666666666666665,2.2,2.25,2.0,2.6666666666666665,1.333333333333333,3.0,6.0,6.0,4.0
2,2,2.0,31.0,1.0,2.0,1.0,1.0,2.0,40.0,40.0,1.0,100.0,1458.0903182802863,1615.5640726545573,40.38910181636393,40.38910181636393,1.0,2.0,3.0,6.0,2,,,,18.0,16.0,4.0,2.0,3.3333333333333335,3.0,3.6666666666666665,3.75,4.0,3.8,3.2,1.3333333333333333,1.0,1.0,3.0,5.666666666666667,6.0,3.0
2,2,1.0,36.0,1.0,2.0,1.0,1.0,1.0,40.0,40.0,1.0,100.0,2916.180636560573,3231.1281453091146,80.77820363272787,80.77820363272787,3.0,2.0,1.0,0.0,2,,,,8.0,8.0,16.0,8.0,3.5,1.9999999999999998,3.0,3.75,3.3333333333333335,3.0,3.75,2.0,2.6666666666666665,4.666666666666667,3.25,5.0,5.333333333333333,4.0
2,2,2.0,46.0,2.0,2.0,1.0,8.0,2.0,40.0,70.0,3.0,175.0,1333.1111481419762,1477.0871521413096,36.92717880353274,21.101245030590135,1.0,3.0,5.0,80.0,2,,,,40.0,0.0,1.0,10.0,2.0,3.0,3.0,3.25,3.0,2.6,5.0,1.3333333333333333,2.0,1.666666666666667,4.25,7.0,6.0,4.0
2,2,1.0,29.0,1.0,1.0,1.0,6.0,2.0,20.0,20.0,1.0,100.0,624.8958506915515,692.3846025662385,34.61923012831194,34.61923012831194,1.0,1.0,4.0,10.0,2,,,,13.0,3.0,3.0,1.0,4.5,3.0,4.333333333333333,4.75,4.666666666666667,4.4,3.0,1.0,3.0,2.0,6.5,7.0,6.666666666666667,3.0
2,2,2.0,30.0,2.0,1.0,1.0,8.0,1.0,40.0,45.0,3.0,112.5,1374.770871521413,1523.2461256457257,38.08115314114314,33.849913903238345,1.0,1.0,3.0,45.0,2,,,,28.0,5.0,1.0,13.0,2.6666666666666665,3.0,3.0,3.0,1.9999999999999998,2.8,4.0,2.6666666666666665,3.3333333333333335,4.333333333333333,5.25,4.0,4.333333333333333,3.0
2,2,1.0,31.0,1.0,2.0,1.0,3.0,2.0,40.0,50.0,3.0,125.0,1416.4305949008499,1569.4050991501413,39.23512747875354,31.38810198300283,1.0,3.0,3.0,15.0,2,,,,5.0,20.0,15.0,10.0,2.6666666666666665,4.0,3.6666666666666665,2.0,1.9999999999999998,2.6,4.0,1.6666666666666667,2.0,2.0,4.25,6.666666666666667,6.333333333333333,4.0
2,2,1.0,23.0,2.0,1.0,1.0,1.0,2.0,12.0,11.999999999999996,1.0,100.0,287.4520913181136,318.4969171804696,26.54140976503915,26.54140976503915,1.0,2.0,1.0,0.0,2,,,,0.0,12.0,1.0,0.0,4.0,3.0,3.3333333333333335,4.25,4.333333333333333,3.4,3.5,1.3333333333333333,3.3333333333333335,2.0,3.75,5.333333333333333,6.666666666666667,7.0
2,2,1.0,56.0,1.0,1.0,1.0,1.0,1.0,40.0,40.0,1.0,100.0,2332.9445092484584,2584.9025162472917,64.6225629061823,64.6225629061823,3.0,2.0,5.0,2.0,2,,,,20.0,15.0,5.0,0.0,4.333333333333333,5.0,4.666666666666667,3.25,4.0,4.8,3.0,1.0,4.0,4.333333333333333,4.25,6.666666666666667,6.666666666666667,5.0
2,2,1.0,44.0,1.0,2.0,1.0,1.0,2.0,40.0,45.0,3.0,112.5,1791.3681053157807,1984.8358606898848,49.62089651724712,44.10746357088633,1.0,1.0,2.0,5.0,2,,,,20.0,17.0,2.0,6.0,4.5,5.0,3.3333333333333335,2.75,3.6666666666666665,3.4,4.0,1.3333333333333333,3.6666666666666665,6.0,2.5,4.666666666666667,5.333333333333333,4.0
2,2,1.0,33.0,1.0,2.0,1.0,3.0,1.0,40.0,40.0,1.0,100.0,1708.0486585569074,1892.517913681053,47.312947842026325,47.312947842026325,1.0,3.0,1.0,0.0,2,,,,1.0,30.0,7.0,2.0,4.0,5.0,3.5,2.0,3.6666666666666665,3.4,4.75,1.0,6.0,5.666666666666667,5.25,6.333333333333333,6.666666666666667,7.0
2,2,1.0,39.0,1.0,2.0,1.0,1.0,1.0,40.0,60.0,3.0,150.0,1958.0069988335276,2169.471754707549,54.23679386768872,36.157862578459145,3.0,1.0,2.0,12.0,2,,,,6.0,40.0,10.0,4.0,3.3333333333333335,4.0,2.5,2.25,2.6666666666666665,2.8,4.25,3.0,2.6666666666666665,4.0,5.0,6.0,5.666666666666667,4.0
2,2,2.0,59.0,3.0,4.0,1.0,6.0,1.0,40.0,40.0,1.0,100.0,1666.38893517747,1846.3589401766371,46.158973504415926,26.376556288237673,1.0,1.0,1.0,0.0,2,,,,30.0,5.0,10.0,3.0,2.3333333333333335,5.0,2.0,1.0,1.6666666666666665,2.2,5.0,2.0,4.0,6.0,7.0,7.0,4.333333333333333,5.0
2,2,2.0,49.0,1.0,2.0,1.0,8.0,2.0,40.0,50.0,3.0,125.0,1291.4514247625395,1430.9281786368938,35.77320446592235,28.618563572737877,1.0,2.0,1.0,64.0,2,,,,35.0,0.0,10.0,2.0,2.5,3.0,3.1666666666666665,2.25,4.666666666666667,2.8,3.75,1.0,1.3333333333333335,2.0,5.0,7.0,6.0,4.0
2,2,1.0,46.0,1.0,2.0,1.0,6.0,1.0,40.0,40.0,1.0,100.0,1874.6875520746541,2077.1538076987167,51.92884519246792,51.92884519246792,2.0,5.0,5.0,8.0,2,,,,18.0,4.0,4.0,12.0,3.0,3.0,3.1666666666666665,2.75,4.666666666666667,3.2,2.5,3.3333333333333335,2.6666666666666665,3.0,3.25,5.333333333333333,5.333333333333333,5.0
2,2,2.0,38.0,1.0,2.0,1.0,3.0,2.0,40.0,40.0,1.0,100.0,1374.770871521413,1523.2461256457257,38.08115314114314,38.08115314114314,1.0,1.0,2.0,15.0,2,,,,38.0,2.0,0.0,0.0,2.5,5.0,4.0,1.75,3.6666666666666665,1.8,4.0,2.0,5.0,3.6666666666666665,6.25,7.0,5.666666666666667,4.0
2,2,1.0,35.0,1.0,1.0,1.0,1.0,1.0,40.0,50.0,3.0,125.0,2082.9861689718377,2307.948675220796,57.698716880519896,46.15897350441592,1.0,2.0,5.0,5.0,2,,,,20.0,25.0,3.0,2.0,4.0,3.0,4.166666666666667,4.5,5.0,3.6,3.0,1.0,3.0,1.666666666666667,5.5,7.0,7.0,4.0
2,2,1.0,34.0,2.0,1.0,1.0,5.0,2.0,40.0,48.0,3.0,120.0,1374.770871521413,1523.2461256457257,38.08115314114314,31.73429428428595,1.0,1.0,7.0,48.0,2,,,,26.0,12.0,4.0,6.0,4.0,5.0,3.6666666666666665,2.5,5.0,3.8,4.25,1.0,6.0,6.333333333333333,5.75,7.0,7.0,4.0
2,2,2.0,25.0,2.0,1.0,1.0,5.0,1.0,8.0,7.9999999999999964,1.0,100.0,249.95834027662067,276.9538410264954,34.61923012831194,34.61923012831194,1.0,1.0,4.0,30.0,2,,,,4.0,2.0,1.0,3.0,2.1666666666666665,1.0,2.6666666666666665,1.5,2.6666666666666665,2.8,3.5,1.3333333333333333,1.0,1.0,2.5,6.666666666666667,5.333333333333333,3.0
2,2,1.0,56.0,1.0,2.0,1.0,1.0,1.0,40.0,40.0,1.0,100.0,2499.5834027662054,2769.5384102649555,69.23846025662388,69.23846025662388,2.0,5.0,1.0,0.0,2,,,,15.0,9.0,1.0,15.0,3.6666666666666665,5.0,4.166666666666667,4.0,4.0,4.2,4.0,1.0,1.0,2.0,3.75,6.666666666666667,5.666666666666667,6.0
2,2,1.0,45.0,1.0,2.0,1.0,5.0,1.0,40.0,50.0,3.0,125.0,3957.673721046492,4385.102482919514,109.62756207298784,87.70204965839028,2.0,5.0,1.0,0.0,2,,,,10.0,20.0,10.0,10.0,4.333333333333333,3.0,4.666666666666667,5.0,4.333333333333333,4.6,3.25,1.0,5.0,5.0,6.25,7.0,7.0,5.0
2,2,2.0,48.0,3.0,1.0,1.0,4.0,1.0,40.0,60.0,3.0,150.0,2082.9861689718377,2307.948675220796,57.698716880519896,38.46581125367993,1.0,2.0,2.0,12.0,2,,,,40.0,10.0,10.0,10.0,3.3333333333333335,5.0,2.1666666666666665,1.25,5.0,3.0,5.0,2.3333333333333335,5.0,5.0,5.5,2.3333333333333335,4.333333333333333,4.0
2,2,1.0,53.0,1.0,2.0,1.0,3.0,1.0,40.0,45.0,3.0,112.5,2916.180636560573,3231.1281453091146,80.77820363272787,71.80284767353588,3.0,4.0,1.0,0.0,2,,,,5.0,25.0,15.0,0.0,4.333333333333333,4.0,4.166666666666667,5.0,5.0,4.2,3.25,1.0,1.0,1.0,2.25,6.333333333333333,6.666666666666667,5.0
2,2,2.0,31.0,1.0,2.0,1.0,6.0,2.0,20.0,20.0,1.0,100.0,583.2361273121146,646.2256290618229,32.31128145309115,32.31128145309115,1.0,2.0,1.0,0.0,2,,,,10.0,8.0,1.0,1.0,2.8333333333333335,5.0,2.5,3.25,4.333333333333333,3.2,3.5,1.0,4.666666666666667,6.333333333333333,5.25,4.333333333333333,5.333333333333333,4.0
2,2,2.0,32.0,1.0,2.0,1.0,5.0,2.0,40.0,60.0,3.0,150.0,1583.0694884185968,1754.0409931678053,43.85102482919514,29.234016552796753,1.0,1.0,6.0,30.0,2,,,,15.0,30.0,10.0,10.0,2.3333333333333335,4.0,2.0,2.5,1.9999999999999998,2.4,3.75,2.3333333333333335,4.333333333333333,5.666666666666667,6.0,5.666666666666667,4.666666666666667,9.0
2,2,2.0,40.0,1.0,2.0,1.0,5.0,2.0,8.0,11.999999999999996,3.0,150.0,249.95834027662067,276.9538410264954,34.61923012831194,23.079486752207956,1.0,1.0,2.0,16.0,2,,,,8.0,5.0,1.0,2.5,3.0,3.0,3.0,4.75,3.3333333333333335,2.8,5.0,2.6666666666666665,2.6666666666666665,2.3333333333333335,3.0,3.6666666666666665,3.3333333333333335,4.0
2,2,1.0,41.0,1.0,2.0,1.0,8.0,1.0,40.0,50.0,3.0,125.0,2416.263956007332,2677.220463256124,66.9305115814031,53.544409265122475,1.0,5.0,1.0,0.0,2,,,,25.0,10.0,7.0,8.0,4.0,3.0,3.8333333333333335,4.5,4.0,3.8,3.5,1.0,1.6666666666666665,2.3333333333333335,5.5,6.0,5.333333333333333,5.0
2,2,1.0,52.0,3.0,1.0,1.0,5.0,1.0,40.0,55.0,3.0,137.5,2908.6818863522744,3222.81953007832,80.570488251958,58.03809523809523,2.0,4.0,1.0,0.0,2,,,,15.0,11.0,4.0,25.0,4.166666666666667,4.0,3.5,3.25,4.0,4.0,4.0,1.0,3.3333333333333335,4.666666666666667,5.0,6.333333333333333,6.333333333333333,6.0
2,2,2.0,55.0,1.0,2.0,1.0,3.0,1.0,40.0,40.0,1.0,100.0,1874.6875520746541,2077.1538076987167,51.92884519246792,51.92884519246792,1.0,1.0,2.0,2.0,2,,,,8.0,16.0,8.0,8.0,4.333333333333333,5.0,3.5,1.0,5.0,3.4,3.0,2.0,5.0,5.333333333333333,4.5,2.3333333333333335,3.3333333333333335,4.0
2,2,1.0,67.0,3.0,1.0,1.0,5.0,4.0,20.0,20.0,1.0,100.0,1041.4930844859189,1153.974337610398,57.698716880519896,57.698716880519896,1.0,2.0,4.0,30.0,2,,,,10.0,0.0,0.0,10.0,2.8333333333333335,5.0,1.8333333333333333,1.5,1.9999999999999998,2.4,3.0,3.3333333333333335,4.666666666666667,5.0,5.0,5.666666666666667,5.0,4.0
2,2,2.0,43.0,1.0,2.0,1.0,3.0,1.0,40.0,45.0,3.0,112.5,2124.6458923512746,2354.107648725212,58.8526912181303,52.313503305004716,3.0,1.0,1.0,0.0,2,,,,12.0,13.0,12.0,8.0,3.8333333333333335,5.0,2.6666666666666665,1.0,5.0,4.0,2.75,1.0,2.6666666666666665,2.3333333333333335,6.0,7.0,5.666666666666667,5.0
2,2,1.0,51.0,1.0,2.0,1.0,5.0,1.0,40.0,40.0,1.0,100.0,2266.2889518413594,2511.048158640226,60.67806880671402,56.22372786353789,1.0,1.0,1.0,0.0,2,,,,10.0,18.0,1.0,1.0,3.3333333333333335,3.0,3.6666666666666665,1.0,1.0,4.0,3.0,1.0,3.0,3.0,3.75,6.333333333333333,7.0,4.0
2,2,2.0,46.0,1.0,2.0,1.0,4.0,1.0,32.0,32.0,1.0,100.0,874.8541909681719,969.3384435927344,30.29182636227295,30.29182636227295,1.0,1.0,6.0,56.0,2,,,,42.0,6.0,2.0,6.0,3.0,5.0,2.0,2.75,3.0,2.2,4.75,1.6666666666666667,1.0,2.3333333333333335,3.75,6.666666666666667,6.0,4.0
2,2,1.0,39.0,1.0,2.0,1.0,3.0,2.0,40.0,40.0,1.0,100.0,1441.4264289285118,1597.100483252791,39.927512081319776,39.927512081319776,1.0,1.0,5.0,5.0,2,,,,15.0,10.0,5.0,10.0,3.0,4.0,3.1666666666666665,1.75,3.6666666666666665,2.6,3.0,4.333333333333333,2.0,2.6666666666666665,3.0,3.6666666666666665,3.0,4.0
2,2,2.0,69.0,4.0,1.0,1.0,5.0,1.0,40.0,40.0,1.0,100.0,1249.7917013831027,1384.7692051324777,34.61923012831194,34.61923012831194,1.0,2.0,1.0,0.0,2,,,,20.0,0.0,2.0,4.0,3.5,1.9999999999999998,3.6666666666666665,3.5,5.0,3.0,3.0,1.0,1.3333333333333335,1.666666666666667,5.0,6.666666666666667,6.666666666666667,3.0
2,2,2.0,42.0,1.0,2.0,1.0,6.0,1.0,40.0,40.0,1.0,100.0,1499.7500416597236,1661.7230461589734,41.54307615397433,41.54307615397433,1.0,1.0,1.0,0.0,2,,,,24.0,14.0,2.0,2.0,3.0,3.0,2.3333333333333335,2.75,3.6666666666666665,3.6,3.25,1.6666666666666667,5.333333333333333,5.0,6.0,7.0,6.0,4.0
2,2,2.0,44.0,1.0,2.0,1.0,5.0,1.0,40.0,40.0,1.0,100.0,1458.0903182802863,1615.5640726545573,40.38910181636393,40.38910181636393,1.0,2.0,4.0,20.0,2,,,,30.0,4.0,2.0,4.0,1.6666666666666667,5.0,2.1666666666666665,1.75,1.9999999999999998,1.4000000000000001,4.25,1.3333333333333333,1.3333333333333335,2.6666666666666665,4.75,5.333333333333333,4.0,4.0
2,2,2.0,33.0,2.0,1.0,1.0,8.0,1.0,40.0,40.0,1.0,100.0,1228.9618396933843,1361.6897183802696,34.04224295950674,34.04224295950674,1.0,1.0,5.0,15.0,2,,,,28.0,15.0,5.0,4.0,3.3333333333333335,4.0,2.1666666666666665,3.25,4.0,3.2,4.0,1.6666666666666667,3.6666666666666665,4.0,5.25,5.333333333333333,5.333333333333333,3.0
2,2,2.0,38.0,1.0,2.0,1.0,3.0,3.0,8.0,20.0,3.0,250.0,141.64305949008485,156.940509915014,19.61756373937677,7.847025495750707,1.0,1.0,3.0,30.0,2,,,,14.0,5.0,0.0,1.0,3.0,5.0,2.6666666666666665,1.25,3.6666666666666665,1.6000000000000003,5.0,4.0,2.0,2.6666666666666665,2.5,3.0,4.0,3.0
2,2,2.0,42.0,1.0,2.0,1.0,4.0,1.0,40.0,40.0,1.0,100.0,1874.6875520746541,2077.1538076987167,51.92884519246792,51.92884519246792,4.0,3.0,3.0,8.0,2,,,,25.0,10.0,10.0,5.0,3.5,4.0,2.5,2.5,4.0,3.4,3.25,2.0,2.0,4.0,5.25,7.0,6.333333333333333,5.0
2,2,2.0,47.0,1.0,2.0,1.0,1.0,1.0,40.0,50.0,3.0,125.0,2041.3264455924011,2261.7897017163805,56.54474254290951,45.23579403432761,4.0,4.0,1.0,0.0,2,,,,15.0,10.0,5.0,10.0,3.1666666666666665,4.0,2.3333333333333335,4.25,4.333333333333333,4.2,3.5,1.3333333333333333,2.0,1.0,5.25,6.0,5.333333333333333,5.0
2,2,1.0,52.0,1.0,2.0,1.0,4.0,1.0,40.0,40.0,1.0,100.0,1708.0486585569074,1892.517913681053,47.312947842026325,47.312947842026325,1.0,1.0,2.0,6.0,2,,,,12.0,24.0,4.0,1.0,3.1666666666666665,4.0,4.333333333333333,1.75,3.3333333333333335,2.6,2.5,1.6666666666666667,2.6666666666666665,3.6666666666666665,5.25,5.0,5.0,5.0
2,2,2.0,42.0,2.0,4.0,1.0,8.0,2.0,40.0,40.0,1.0,100.0,1166.4722546242292,1292.4512581236459,32.31128145309115,32.31128145309115,1.0,3.0,6.0,3.0,2,,,,25.0,10.0,0.0,5.0,2.1666666666666665,1.9999999999999998,3.5,4.0,4.333333333333333,3.0,3.75,1.0,2.6666666666666665,3.0,6.25,7.0,6.333333333333333,3.0
2,2,2.0,41.0,2.0,2.0,1.0,1.0,2.0,40.0,50.0,3.0,125.0,2082.9861689718377,2307.948675220796,57.698716880519896,42.73979028186659,3.0,2.0,1.0,0.0,2,,,,21.0,9.0,8.0,5.0,2.8333333333333335,4.0,3.8333333333333335,2.5,3.3333333333333335,3.2,3.25,1.0,2.6666666666666665,4.0,3.0,5.666666666666667,7.0,4.0
2,2,1.0,75.0,1.0,1.0,1.0,3.0,1.0,16.0,24.0,3.0,150.0,1041.4930844859189,1153.974337610398,72.12339610064987,48.08226406709991,1.0,2.0,3.0,5.0,2,,,,8.0,16.0,4.0,4.0,4.166666666666667,5.0,4.166666666666667,2.5,4.333333333333333,4.0,2.5,1.6666666666666667,3.6666666666666665,2.6666666666666665,4.0,5.0,4.666666666666667,6.0
2,2,1.0,36.0,1.0,2.0,1.0,1.0,2.0,40.0,42.0,1.4,105.0,1874.6875520746541,2077.1538076987167,51.92884519246792,47.820696550574894,3.0,4.0,1.0,0.0,2,,,,15.0,10.0,15.0,10.0,3.0,3.0,3.3333333333333335,3.75,4.333333333333333,3.4,2.75,1.6666666666666667,2.0,4.666666666666667,4.75,4.666666666666667,6.0,4.0
2,2,2.0,45.0,1.0,2.0,1.0,4.0,1.0,40.0,40.0,1.0,100.0,1666.38893517747,1846.3589401766371,46.158973504415926,46.158973504415926,1.0,1.0,3.0,8.0,2,,,,30.0,10.0,1.0,1.0,3.8333333333333335,4.0,2.1666666666666665,3.0,5.0,3.6,3.5,2.0,3.6666666666666665,5.666666666666667,4.0,4.666666666666667,4.0,4.0
2,2,1.0,60.0,1.0,1.0,1.0,3.0,1.0,40.0,40.0,1.0,100.0,2082.9861689718377,2307.948675220796,57.698716880519896,57.698716880519896,2.0,4.0,5.0,15.0,2,,,,20.0,5.0,7.0,8.0,3.3333333333333335,3.0,4.0,4.25,3.3333333333333335,4.8,2.25,1.0,3.3333333333333335,7.0,5.75,7.0,5.333333333333333,5.0
2,2,1.0,32.0,1.0,2.0,1.0,3.0,1.0,40.0,40.0,1.0,100.0,1666.38893517747,1846.3589401766371,46.158973504415926,46.158973504415926,1.0,3.0,1.0,0.0,2,,,,2.0,25.0,5.0,8.0,3.6666666666666665,4.0,3.433333333333333,3.75,3.3333333333333335,2.8,2.75,1.0,2.3333333333333335,4.0,6.0,7.0,5.333333333333333,4.0
2,2,1.0,59.0,1.0,1.0,1.0,1.0,1.0,40.0,52.0,3.0,130.0,3624.395934010998,4015.830694884186,100.39576737210464,77.22751336315743,4.0,3.0,5.0,5.0,2,,,,16.0,20.0,10.0,5.0,4.0,5.0,3.5,4.0,4.333333333333333,4.0,3.0,1.0,6.0,7.0,6.25,6.0,6.333333333333333,6.0
2,2,2.0,36.0,1.0,2.0,1.0,3.0,1.0,40.0,40.0,1.0,100.0,1478.920179970005,1638.6435594067655,40.96608898516914,40.96608898516914,1.0,3.0,1.0,0.0,2,,,,10.0,25.0,1.0,4.0,3.0,4.0,3.3333333333333335,2.75,4.0,3.0,3.75,1.0,5.333333333333333,6.333333333333333,6.25,6.666666666666667,6.333333333333333,4.0
2,2,2.0,36.0,2.0,1.0,1.0,1.0,2.0,40.0,50.0,3.0,125.0,1833.0278286952173,2030.9948341943007,50.77487085485752,40.61989668388601,1.0,3.0,3.0,2.0,2,,,,20.0,15.0,7.0,8.0,3.1666666666666665,3.0,3.5,3.0,5.0,3.8,3.25,1.3333333333333333,3.3333333333333335,5.0,6.0,5.666666666666667,6.0,4.0
2,2,2.0,39.0,1.0,2.0,3.0,1.0,3.0,40.0,48.6,3.0,129.0,1749.7083819363438,1938.6768871854688,48.46692217963672,23.079486752207963,2.0,4.0,2.0,35.0,2,,,,15.0,25.0,15.0,5.0,4.333333333333333,5.0,3.5,2.75,5.0,3.6,5.0,2.0,6.333333333333333,7.0,6.0,6.333333333333333,6.333333333333333,7.0
2,2,1.0,29.0,2.0,1.0,1.0,5.0,2.0,20.0,20.0,1.0,100.0,749.8750208298616,830.8615230794867,41.54307615397433,41.54307615397433,1.0,1.0,2.0,20.0,2,,,,8.0,8.0,3.0,1.0,3.6666666666666665,4.0,3.6666666666666665,3.75,3.0,3.2,1.75,1.6666666666666667,4.0,3.3333333333333335,6.0,6.0,5.333333333333333,4.0
2,2,1.0,41.0,1.0,2.0,1.0,1.0,1.0,40.0,63.2,3.0,158.0,2499.5834027662054,2769.5384102649555,69.23846025662388,40.19637572351141,4.0,3.0,1.0,0.0,2,,,,13.0,20.0,8.0,12.0,4.333333333333333,5.0,2.6666666666666665,4.0,4.333333333333333,2.8,4.0,1.3333333333333333,2.0,1.666666666666667,4.0,5.666666666666667,6.0,5.0
2,2,1.0,38.0,1.0,1.0,1.0,1.0,2.0,40.0,51.0,3.0,127.49999999999999,1374.770871521413,1523.2461256457257,38.08115314114314,29.867571091092657,1.0,1.0,1.0,0.0,2,,,,10.0,25.0,10.0,5.0,3.3333333333333335,4.0,2.1666666666666665,3.5,4.0,2.2,2.75,3.6666666666666665,4.333333333333333,6.333333333333333,6.75,3.6666666666666665,4.0,9.0
2,2,2.0,46.0,1.0,2.0,1.0,6.0,1.0,40.0,40.0,1.0,100.0,1666.38893517747,1846.3589401766371,46.158973504415926,46.158973504415926,1.0,2.0,2.0,6.0,2,,,,35.0,5.0,0.0,0.0,2.5,4.0,3.1666666666666665,3.75,2.6666666666666665,2.8,4.0,1.3333333333333333,4.333333333333333,5.0,5.75,7.0,6.666666666666667,4.0
2,2,1.0,49.0,3.0,1.0,1.0,3.0,1.0,40.0,40.0,1.0,100.0,1624.7292117980335,1800.199966672221,45.004999166805526,45.004999166805526,1.0,1.0,1.0,0.0,2,,,,25.0,10.0,5.0,0.0,2.5,3.0,2.6666666666666665,2.0,2.6666666666666665,1.4000000000000001,5.0,4.0,1.0,1.0,2.5,4.0,3.0,5.0
2,2,2.0,30.0,1.0,1.0,1.0,3.0,2.0,40.0,47.5,3.0,121.11111111111111,1041.4930844859189,1153.974337610398,28.849358440259948,44.17902506445004,1.0,1.0,1.0,0.0,2,,,,5.0,30.0,5.0,1.0,5.0,3.0,1.6666666666666667,3.0,3.6666666666666665,4.8,3.5,1.0,2.6666666666666665,6.333333333333333,3.5,7.0,6.666666666666667,4.0
2,2,1.0,41.0,1.0,2.0,1.0,8.0,2.0,40.0,50.0,3.0,125.0,1458.0903182802863,1615.5640726545573,40.38910181636393,32.31128145309115,1.0,3.0,4.0,4.0,2,,,,40.0,10.0,0.0,2.0,3.1666666666666665,4.0,3.6666666666666665,2.75,3.6666666666666665,2.6,3.5,1.3333333333333333,6.0,3.6666666666666665,6.0,7.0,4.0,4.0
2,2,1.0,26.0,1.0,2.0,1.0,8.0,2.0,40.0,40.0,1.0,100.0,1249.7917013831027,1384.7692051324777,34.61923012831194,34.61923012831194,1.0,2.0,1.0,0.0,2,,,,18.0,15.0,2.0,5.0,3.8333333333333335,4.0,3.0,3.25,3.6666666666666665,2.8,4.0,2.0,1.0,1.666666666666667,3.75,6.333333333333333,5.666666666666667,3.0
2,2,1.0,75.0,1.0,1.0,1.0,5.0,4.0,38.4,34.4,1.0,100.0,1416.4305949008499,1569.4050991501413,55.15997333777703,60.46825529078486,1.0,2.0,1.0,0.0,2,,,,25.0,20.0,0.0,4.0,4.5,4.0,4.666666666666667,4.0,4.666666666666667,4.4,1.75,1.0,5.666666666666667,4.333333333333333,4.333333333333333,7.0,6.666666666666667,4.0
2,2,2.0,65.0,1.0,1.0,1.0,1.0,1.0,40.0,40.0,1.0,100.0,2041.3264455924011,2261.7897017163805,56.54474254290951,56.54474254290951,1.0,2.0,3.0,6.0,2,,,,30.0,12.5,1.0,1.0,3.6,4.0,4.166666666666667,1.6666666666666667,4.0,4.75,1.25,1.0,2.2,3.2,7.0,7.0,6.666666666666667,5.0
2,2,2.0,43.0,1.0,2.0,1.0,8.0,1.0,40.0,48.0,3.0,120.0,1583.0694884185968,1754.0409931678053,43.85102482919514,36.54252069099594,1.0,3.0,1.0,0.0,2,,,,30.0,10.0,0.0,8.0,3.3333333333333335,5.0,2.6666666666666665,3.25,3.3333333333333335,3.0,4.25,1.0,5.0,6.0,6.0,6.0,5.666666666666667,4.0
2,2,1.0,26.0,3.0,1.0,1.0,1.0,4.0,20.0,20.0,1.0,100.0,499.9166805532409,553.9076820529913,27.695384102649562,27.695384102649555,1.0,1.0,3.0,20.0,2,,,,6.0,10.0,1.0,3.0,3.0,3.0,2.6666666666666665,3.25,3.0,2.8,2.75,2.3333333333333335,2.3333333333333335,5.0,5.5,6.0,5.666666666666667,3.0
2,2,2.0,34.0,2.0,1.0,1.0,3.0,1.0,40.0,40.0,1.0,100.0,1416.4305949008499,1569.4050991501413,39.23512747875354,39.23512747875354,1.0,1.0,1.0,0.0,2,,,,20.0,20.0,10.0,10.0,2.8333333333333335,5.0,2.1666666666666665,1.25,1.6666666666666665,2.8,3.75,3.3333333333333335,5.333333333333333,6.0,5.0,4.666666666666667,5.333333333333333,7.0
2,2,2.0,40.0,1.0,2.0,1.0,2.0,2.0,40.0,60.0,3.0,150.0,1874.6875520746541,2077.1538076987167,51.92884519246792,34.61923012831195,1.0,2.0,2.0,8.0,2,,,,4.0,24.0,12.0,20.0,3.6666666666666665,5.0,2.8333333333333335,4.75,4.0,3.4,3.0,2.0,5.666666666666667,7.0,5.5,5.333333333333333,5.333333333333333,4.0
2,2,1.0,31.0,2.0,2.0,1.0,8.0,2.0,40.0,50.0,3.0,125.0,1666.38893517747,1846.3589401766371,46.158973504415926,36.92717880353274,1.0,3.0,2.0,6.0,2,,,,25.0,10.0,5.0,6.0,3.1666666666666665,3.0,3.6666666666666665,4.5,5.0,2.6,3.5,2.6666666666666665,3.0,5.0,5.5,5.666666666666667,5.333333333333333,4.0
2,2,2.0,50.0,1.0,1.0,1.0,4.0,1.0,40.0,55.0,3.0,137.5,1249.7917013831027,1384.7692051324777,34.61923012831194,25.1776219114996,1.0,1.0,1.0,0.0,2,,,,40.0,5.0,5.0,10.0,2.5,5.0,1.8333333333333333,1.75,4.0,3.2,4.0,2.3333333333333335,5.0,3.6666666666666665,4.5,6.0,5.666666666666667,3.0
2,2,1.0,44.0,3.0,1.0,1.0,8.0,1.0,40.0,60.0,3.0,150.0,1499.7500416597236,1661.7230461589734,41.54307615397433,27.695384102649555,1.0,5.0,1.0,0.0,2,,,,25.0,10.0,5.0,20.0,3.5,4.0,3.1666666666666665,2.75,4.333333333333333,3.4,3.75,1.0,2.3333333333333335,2.0,3.5,7.0,6.666666666666667,4.0
2,2,1.0,53.0,3.0,1.0,1.0,3.0,1.0,40.0,40.0,1.0,100.0,1416.4305949008499,1569.4050991501413,39.23512747875354,39.23512747875354,1.0,2.0,1.0,0.0,2,,,,26.0,11.0,2.0,1.0,3.6666666666666665,4.0,3.6666666666666665,3.5,4.0,3.4,2.5,1.6666666666666667,3.0,3.3333333333333335,2.5,3.6666666666666665,5.333333333333333,4.0
2,2,2.0,34.0,1.0,2.0,3.0,3.0,1.0,40.0,40.0,1.0,100.0,1458.0903182802863,1615.5640726545573,40.38910181636393,40.38910181636393,3.0,1.0,1.0,0.0,2,,,,4.0,20.0,12.0,4.0,3.0,5.0,3.5,3.5,4.333333333333333,2.4,4.75,2.3333333333333335,3.3333333333333335,4.666666666666667,3.5,5.0,5.333333333333333,7.0
2,2,1.0,44.0,1.0,2.0,1.0,1.0,2.0,40.0,50.0,3.0,125.0,2249.6250624895847,2492.58456923846,62.314614230961496,47.96225073598844,2.0,5.0,2.0,10.0,2,,,,15.0,15.0,10.0,20.0,4.0,4.0,3.6666666666666665,4.25,4.333333333333333,3.8,3.5,1.0,2.6666666666666665,2.6666666666666665,4.5,6.333333333333333,6.333333333333333,5.0
2,2,2.0,30.0,3.0,1.0,1.0,2.0,2.0,40.0,60.0,3.0,150.0,1395.6007332111315,1546.3256123979336,38.65814030994834,25.772093539965553,1.0,4.0,1.0,0.0,2,,,,30.0,20.0,5.0,10.0,2.5,5.0,3.1666666666666665,1.75,3.6666666666666665,3.0,3.5,1.0,1.6666666666666665,1.666666666666667,2.0,7.0,7.0,2.0
2,2,2.0,40.0,1.0,2.0,1.0,1.0,2.0,40.0,40.0,1.0,100.0,2124.6458923512746,2354.107648725212,58.8526912181303,58.8526912181303,4.0,5.0,1.0,0.0,2,,,,12.0,12.0,12.0,4.0,4.333333333333333,4.0,2.6666666666666665,3.0,4.333333333333333,3.6,4.0,1.3333333333333333,3.6666666666666665,4.333333333333333,4.75,5.333333333333333,4.666666666666667,4.0
2,2,2.0,55.0,2.0,1.0,1.0,1.0,1.0,40.0,30.0,2.0,75.0,1678.8868521913014,1860.206632227962,47.928400822085194,54.5093516160005,1.0,2.0,5.0,20.0,2,,,,30.0,0.0,0.0,0.0,3.5,3.0,3.0,3.25,2.6666666666666665,2.6,4.0,2.6666666666666665,4.333333333333333,4.0,4.5,6.0,2.3333333333333335,4.0
2,2,1.0,44.0,3.0,1.0,1.0,1.0,1.0,40.0,66.0,3.0,165.0,1611.0648225295781,1785.059823362773,44.626495584069325,27.046360960042016,1.0,3.0,1.0,0.0,2,,,,12.0,18.0,20.0,16.0,2.1666666666666665,4.0,1.6666666666666667,4.0,4.5,2.2,1.75,2.6666666666666665,1.3333333333333335,2.6666666666666665,1.0,7.0,5.333333333333333,4.0
2,2,2.0,42.0,1.0,2.0,1.0,8.0,2.0,32.0,32.0,1.0,100.0,1333.1111481419762,1477.0871521413096,46.158973504415926,46.158973504415926,1.0,3.0,5.0,2.0,2,,,,28.0,3.0,1.0,2.0,3.5,3.0,3.3333333333333335,2.5,4.666666666666667,4.0,4.0,1.3333333333333333,5.666666666666667,4.333333333333333,5.75,6.666666666666667,6.666666666666667,4.0
2,2,2.0,58.0,1.0,2.0,1.0,5.0,1.0,12.0,11.999999999999996,1.0,100.0,512.4145975670722,567.7553741043162,47.312947842026325,47.312947842026325,1.0,3.0,5.0,30.0,2,,,,10.0,3.0,1.0,2.0,3.0,4.0,2.1666666666666665,3.75,1.9999999999999998,2.0,3.25,3.3333333333333335,4.333333333333333,4.0,5.5,5.333333333333333,4.333333333333333,4.0
2,2,2.0,40.0,2.0,1.0,1.0,8.0,2.0,20.0,25.0,3.0,125.0,708.2152974504247,784.7025495750709,39.23512747875354,31.38810198300283,1.0,3.0,5.0,20.0,2,,,,15.0,5.0,0.0,5.0,3.5,4.0,2.6666666666666665,2.75,4.0,3.0,4.25,2.0,2.3333333333333335,5.333333333333333,4.0,5.0,5.666666666666667,3.0
2,2,1.0,56.0,2.0,2.0,1.0,1.0,2.0,10.0,15.0,3.0,150.0,374.9375104149308,415.43076153974357,41.54307615397433,27.695384102649555,1.0,1.0,6.0,50.0,2,,,,10.0,1.0,0.0,0.0,2.1666666666666665,5.0,2.6666666666666665,3.75,3.3333333333333335,1.8,4.5,3.0,2.0,2.0,6.0,5.333333333333333,6.0,4.0
2,2,1.0,44.0,1.0,2.0,1.0,3.0,1.0,40.0,55.0,3.0,137.5,2332.9445092484584,2584.9025162472917,64.6225629061823,46.99822756813258,4.0,4.0,1.0,0.0,2,,,,15.0,20.0,15.0,5.0,3.5,3.0,4.666666666666667,4.5,5.0,3.8,4.0,1.0,2.3333333333333335,1.333333333333333,4.25,6.666666666666667,6.333333333333333,5.0
2,2,2.0,45.0,1.0,2.0,1.0,5.0,1.0,40.0,40.0,1.0,100.0,1333.1111481419762,1477.0871521413096,36.92717880353274,36.92717880353274,1.0,1.0,5.0,10.0,2,,,,20.0,0.0,20.0,5.0,2.5,5.0,2.6666666666666665,1.75,2.3333333333333335,2.2,2.25,1.6666666666666667,2.0,4.333333333333333,3.75,5.666666666666667,5.666666666666667,4.0
2,2,2.0,45.0,4.0,2.0,1.0,8.0,1.0,40.0,48.8,3.0,122.0,1666.38893517747,1846.3589401766371,46.158973504415926,48.6535118926387,4.0,4.0,1.0,0.0,2,,,,30.0,20.0,20.0,10.0,2.5,3.0,4.333333333333333,3.75,3.0,3.4,3.75,1.3333333333333333,2.0,2.0,2.5,5.333333333333333,6.333333333333333,4.0
2,2,1.0,40.4,1.0,1.0,1.0,4.0,1.0,20.0,20.0,1.0,100.0,499.9166805532409,553.9076820529913,27.695384102649562,27.695384102649555,1.0,2.0,1.0,0.0,2,,,,15.0,1.0,1.0,2.0,2.5,4.0,2.7666666666666666,1.5,1.6666666666666665,3.0,3.0,1.0,3.0,2.6666666666666665,5.25,6.666666666666667,6.666666666666667,3.0
2,2,1.0,46.0,1.0,2.0,1.0,6.0,1.0,40.0,60.0,3.0,150.0,2291.2847858690216,2538.743542742876,63.468588568571896,42.31239237904793,1.0,4.0,2.0,8.0,2,,,,28.0,8.0,8.0,16.0,2.1666666666666665,4.0,2.6666666666666665,4.0,2.6666666666666665,2.8,5.0,1.6666666666666667,2.6666666666666665,3.6666666666666665,1.5,5.666666666666667,4.666666666666667,5.0
2,2,1.0,34.0,1.0,2.0,1.0,3.0,2.0,40.0,45.0,3.0,112.5,1749.7083819363438,1938.6768871854688,48.46692217963672,43.08170860412153,3.0,3.0,1.0,0.0,2,,,,8.0,15.0,16.0,6.0,4.666666666666667,5.0,4.0,4.75,4.333333333333333,4.4,3.0,1.0,4.333333333333333,3.6666666666666665,6.25,5.333333333333333,7.0,7.0
2,2,2.0,40.0,3.0,1.0,1.0,3.0,1.0,40.0,55.0,3.0,137.5,1499.7500416597236,1661.7230461589734,41.54307615397433,30.21314629379951,2.0,4.0,1.0,0.0,2,,,,25.0,20.0,8.0,2.0,2.3333333333333335,4.0,2.3333333333333335,2.25,5.0,2.4,4.25,1.3333333333333333,2.0,2.6666666666666665,4.5,4.0,2.6666666666666665,4.0
2,2,2.0,29.0,2.0,1.0,1.0,1.0,2.0,30.0,45.0,3.0,150.0,1208.131978003666,1338.610231628062,44.62034105426873,29.746894036179157,1.0,3.0,3.0,6.0,2,,,,12.0,25.0,2.0,6.0,4.5,4.0,4.0,3.5,4.333333333333333,3.8,4.75,1.3333333333333333,5.333333333333333,7.0,6.75,6.666666666666667,6.666666666666667,3.0
2,2,1.0,36.0,1.0,1.0,1.0,8.0,1.0,40.0,40.0,1.0,100.0,1408.0986502249623,1560.1733044492585,39.00433261123146,39.00433261123146,2.0,3.0,1.0,0.0,2,,,,10.0,4.0,1.0,10.0,4.0,3.0,3.5,4.75,2.3333333333333335,3.8,3.5,1.0,3.6666666666666665,3.3333333333333335,5.75,6.666666666666667,6.333333333333333,4.0
2,2,2.0,35.0,1.0,1.0,1.0,1.0,2.0,40.0,50.0,3.0,125.0,2032.994500916514,2252.557907015497,57.90386787387287,43.322239915846865,3.0,1.0,1.0,0.0,2,,,,10.0,10.0,10.0,10.0,3.5,5.0,2.5,2.25,4.0,3.2,3.75,1.3333333333333333,1.6666666666666665,4.0,4.5,6.333333333333333,6.333333333333333,7.0
2,2,2.0,62.0,5.0,1.0,1.0,5.0,1.0,40.0,40.0,1.0,100.0,1458.0903182802863,1615.5640726545573,40.38910181636393,40.38910181636393,1.0,3.0,5.0,5.0,2,,,,15.0,15.0,5.0,5.0,2.8333333333333335,3.0,3.6666666666666665,3.5,4.0,3.0,3.25,1.0,2.6666666666666665,2.6666666666666665,4.25,6.0,5.666666666666667,4.0
2,2,2.0,26.0,2.0,1.0,1.0,4.0,4.0,40.0,40.0,1.0,100.0,1124.8125312447926,1246.29228461923,31.157307115480748,31.15730711548075,1.0,2.0,3.0,10.0,2,,,,3.0,5.0,7.0,25.0,2.6666666666666665,3.0,3.5,3.0,5.0,3.0,4.0,1.0,2.3333333333333335,3.3333333333333335,2.0,6.0,6.0,7.0
2,2,2.0,36.0,1.0,2.0,3.0,7.0,1.0,40.0,40.0,1.0,100.0,2291.2847858690216,2538.743542742876,63.468588568571896,63.468588568571896,2.0,1.0,2.0,20.0,2,,,,15.0,15.0,3.0,7.0,5.0,4.0,2.6666666666666665,3.25,3.6666666666666665,4.4,4.5,1.3333333333333333,5.333333333333333,6.333333333333333,6.0,5.333333333333333,4.0,7.0
2,2,2.0,30.0,1.0,1.0,1.0,5.0,2.0,40.0,40.0,1.0,100.0,937.343776037327,1038.5769038493584,25.96442259623396,25.96442259623396,1.0,1.0,3.0,5.0,2,,,,8.0,12.0,8.0,10.0,3.6666666666666665,5.0,3.0,2.75,5.0,3.8,4.0,1.0,5.333333333333333,4.0,6.25,5.333333333333333,6.333333333333333,3.0
2,2,2.0,37.0,1.0,2.0,1.0,4.0,1.0,20.0,40.0,3.0,200.0,1874.6875520746541,2077.1538076987167,103.85769038493584,51.92884519246792,1.0,1.0,1.0,0.0,2,,,,20.0,15.0,20.0,1.0,3.1666666666666665,5.0,1.3333333333333333,2.0,2.6666666666666665,3.4,4.25,1.0,5.0,5.333333333333333,6.0,5.0,3.3333333333333335,4.0
2,2,2.0,51.0,1.0,3.0,1.0,5.0,1.0,40.0,50.0,3.0,125.0,1666.38893517747,1846.3589401766371,46.158973504415926,36.92717880353274,1.0,4.0,1.0,0.0,2,,,,25.0,10.0,5.0,10.0,4.0,3.0,3.6666666666666665,4.25,5.0,3.6,4.0,1.0,2.6666666666666665,4.0,5.75,6.0,5.666666666666667,4.0
2,2,2.0,46.0,3.0,3.0,1.0,2.0,2.0,40.0,40.0,1.0,100.0,1241.4597567072153,1375.5374104315945,34.38843526078986,34.38843526078986,1.0,3.0,7.0,12.0,2,,,,16.0,16.0,8.0,0.0,4.666666666666667,4.0,4.666666666666667,3.5,5.0,4.2,3.0,1.0,1.0,2.3333333333333335,4.75,7.0,7.0,4.0
2,2,2.0,62.0,1.0,3.0,2.0,5.0,4.0,10.0,10.0,1.0,100.0,666.5555740709881,738.5435760706548,73.85435760706548,73.85435760706548,1.0,3.0,5.0,10.0,2,,,,10.0,2.0,0.0,0.0,2.6666666666666665,1.0,4.333333333333333,2.25,3.3333333333333335,3.8,1.5,1.0,2.0,1.0,2.75,7.0,7.0,8.0
2,2,2.0,49.0,2.0,1.0,2.0,5.0,1.0,40.0,40.0,1.0,100.0,1249.7917013831027,1384.7692051324777,34.61923012831194,34.61923012831194,1.0,4.0,6.0,5.0,2,,,,10.0,10.0,0.0,10.0,1.6666666666666667,3.0,3.5,1.0,3.0,2.6,3.25,1.6666666666666667,4.0,4.0,5.75,6.0,6.333333333333333,4.0
2,2,2.0,42.0,1.0,2.0,2.0,5.0,1.0,20.0,13.0,2.0,65.0,595.7340443259457,660.0733211131478,33.00366605565739,50.774870854857525,1.0,3.0,6.0,30.0,2,,,,5.0,2.0,0.0,1.5,2.0,1.9999999999999998,4.333333333333333,3.0,5.0,2.6,2.75,1.6666666666666667,3.0,1.666666666666667,4.0,6.0,5.0,4.0
2,2,2.0,34.0,1.0,2.0,1.0,2.0,2.0,40.0,40.0,1.0,100.0,1541.40976503916,1707.8820196633892,42.69705049158473,42.69705049158473,1.0,3.0,1.0,0.0,2,,,,37.0,0.0,1.0,2.0,2.8333333333333335,3.0,4.333333333333333,4.5,5.0,3.2,3.25,1.0,3.6666666666666665,4.333333333333333,6.5,7.0,5.333333333333333,4.0
2,2,1.0,57.0,1.0,3.0,1.0,2.0,1.0,40.0,40.0,1.0,100.0,2749.541743042826,3046.4922512914513,76.16230628228628,76.16230628228628,1.0,3.0,1.0,0.0,2,,,,15.0,20.0,5.0,0.0,2.1666666666666665,1.0,1.3333333333333333,1.0,4.0,1.1999999999999997,4.5,4.0,5.0,2.6666666666666665,3.25,4.666666666666667,6.0,4.0
2,2,2.0,33.0,1.0,2.0,1.0,1.0,3.0,40.0,45.0,3.0,112.5,2082.9861689718377,2307.948675220796,57.698716880519896,51.28774833823991,1.0,1.0,1.0,0.0,2,,,,1.5,35.5,5.0,3.0,3.6666666666666665,5.0,3.5,2.5,1.3333333333333335,3.2,5.0,1.0,2.3333333333333335,4.0,4.75,7.0,7.0,7.0
2,2,1.0,26.0,2.0,1.0,1.0,1.0,2.0,14.0,35.0,3.0,250.0,916.5139143476085,1015.4974170971502,72.53552979265359,29.014211917061438,1.0,1.0,1.0,0.0,2,,,,2.0,30.0,1.0,0.0,4.0,4.0,4.333333333333333,4.5,3.3333333333333335,4.2,2.5,1.0,5.666666666666667,4.0,6.25,7.0,7.0,3.0
2,2,1.0,50.0,3.0,1.0,1.0,6.0,1.0,40.0,40.0,1.0,100.0,2291.2847858690216,2538.743542742876,63.468588568571896,55.15997333777703,1.0,2.0,1.0,0.0,2,,,,20.0,5.0,10.0,5.0,3.5,4.0,3.3333333333333335,4.0,2.6666666666666665,2.6,3.25,1.3333333333333333,3.3333333333333335,2.6666666666666665,4.75,5.666666666666667,5.0,4.0
2,2,1.0,45.0,3.0,1.0,1.0,1.0,1.0,40.0,47.0,3.0,117.5,2478.753541076487,2746.458923512748,68.66147308781869,58.43529624495208,1.0,3.0,1.0,0.0,2,,,,25.0,5.0,5.0,10.0,2.5,4.0,2.5,3.25,1.9999999999999998,3.0,3.0,2.0,3.3333333333333335,3.3333333333333335,3.5,5.0,5.0,4.0
2,2,1.0,42.0,1.0,2.0,1.0,2.0,2.0,40.0,50.0,3.0,125.0,1583.0694884185968,1754.0409931678053,43.85102482919514,35.080819863356105,1.0,1.0,1.0,0.0,2,,,,32.5,15.0,1.0,0.0,3.3333333333333335,1.9999999999999998,3.3333333333333335,4.75,5.0,2.8,2.75,2.0,2.6666666666666665,3.6666666666666665,5.0,5.0,4.666666666666667,4.0
2,2,1.0,52.0,1.0,2.0,1.0,1.0,1.0,40.0,70.0,3.0,175.0,2499.5834027662054,2769.5384102649555,69.23846025662388,39.564834432356506,4.0,5.0,5.0,2.0,2,,,,16.0,18.0,20.0,16.0,2.8333333333333335,4.0,3.8333333333333335,4.0,3.6666666666666665,3.4,4.5,1.0,2.0,4.333333333333333,5.0,6.0,7.0,5.0
2,2,2.0,30.0,3.0,1.0,3.0,12.0,1.0,40.0,40.0,1.0,100.0,2082.9861689718377,2307.948675220796,57.698716880519896,57.698716880519896,2.0,3.0,1.0,0.0,2,,,,25.0,1.0,1.0,3.0,3.0,4.0,1.6666666666666667,1.5,2.6666666666666665,3.6,4.0,2.6666666666666665,4.333333333333333,5.666666666666667,3.25,3.3333333333333335,3.0,3.0
2,2,1.0,38.0,1.0,2.0,1.0,1.0,2.0,20.0,20.0,1.0,100.0,1333.1111481419762,1477.0871521413096,73.85435760706548,73.85435760706548,1.0,1.0,2.0,32.0,2,,,,8.0,10.0,1.0,1.0,3.6666666666666665,1.9999999999999998,3.8333333333333335,2.25,4.0,3.0,4.25,1.6666666666666667,2.0,3.6666666666666665,3.5,2.3333333333333335,5.0,4.0
2,2,1.0,37.0,2.0,2.0,1.0,1.0,1.0,40.0,50.0,3.0,125.0,3332.7778703549407,3692.7178803532743,92.31794700883185,73.85435760706548,1.0,2.0,1.0,0.0,2,,,,24.0,8.0,4.0,1.0,4.333333333333333,5.0,3.6666666666666665,5.0,4.333333333333333,4.4,4.25,1.0,1.0,3.3333333333333335,5.75,7.0,5.333333333333333,4.0
2,2,1.0,62.0,2.0,1.0,1.0,1.0,1.0,40.0,50.0,3.0,125.0,2332.9445092484584,2584.9025162472917,64.6225629061823,51.69805032494583,1.0,3.0,3.0,15.0,2,,,,30.0,10.0,2.0,8.0,3.3333333333333335,5.0,2.1666666666666665,3.5,4.333333333333333,2.8,3.75,2.3333333333333335,4.666666666666667,5.333333333333333,5.0,5.666666666666667,4.666666666666667,4.0
2,2,2.0,39.0,3.0,1.0,1.0,2.0,2.0,40.0,84.0,3.0,210.0,1083.1528078653557,1200.1333111148142,30.003332777870355,14.287301322795408,1.0,4.0,1.0,0.0,2,,,,30.0,30.0,5.0,15.0,2.3333333333333335,5.0,3.6666666666666665,2.25,4.0,1.6000000000000003,5.0,1.0,1.3333333333333335,3.0,2.75,6.666666666666667,6.666666666666667,4.0
2,2,2.0,38.0,2.0,1.0,1.0,5.0,2.0,40.0,60.0,3.0,150.0,2499.5834027662054,2769.5384102649555,69.23846025662388,46.158973504415926,1.0,1.0,1.0,0.0,2,,,,37.0,0.0,2.0,1.0,1.8333333333333333,5.0,1.6666666666666667,3.0,2.3333333333333335,1.4000000000000001,5.0,2.0,3.3333333333333335,7.0,4.5,5.0,4.333333333333333,4.0
2,2,2.0,39.0,1.0,3.0,1.0,6.0,1.0,40.0,40.0,1.0,100.0,1666.38893517747,1846.3589401766371,46.158973504415926,46.158973504415926,1.0,1.0,5.0,2.0,2,,,,42.0,0.0,0.0,2.0,3.6,3.0,3.8333333333333335,3.75,4.333333333333333,3.2,3.25,1.0,4.666666666666667,3.0,5.75,6.333333333333333,5.333333333333333,4.0
2,2,1.0,34.0,3.0,1.0,1.0,6.0,1.0,40.0,40.0,1.0,100.0,3624.395934010998,4015.830694884186,100.39576737210464,100.39576737210464,1.0,2.0,1.0,0.0,2,,,,16.0,10.0,8.0,6.0,3.3333333333333335,4.0,3.3333333333333335,3.0,4.0,4.8,2.25,1.0,5.666666666666667,7.0,5.75,7.0,7.0,4.0
2,2,2.0,45.0,1.0,2.0,1.0,6.0,1.0,40.0,40.0,1.0,100.0,2499.5834027662054,2769.5384102649555,69.23846025662388,69.23846025662388,2.0,5.0,1.0,0.0,2,,,,18.0,5.0,2.0,15.0,3.0,1.0,1.6666666666666667,1.0,4.0,3.0,3.75,4.0,1.0,1.333333333333333,5.25,7.0,6.666666666666667,5.0
2,2,1.0,63.0,1.0,1.0,1.0,2.0,1.0,45.0,45.0,1.0,100.0,2332.9445092484584,2584.9025162472917,57.442278138828705,57.442278138828705,1.0,4.0,1.0,5.0,2,,,,40.0,4.0,0.0,1.0,2.6666666666666665,3.0,4.0,4.0,4.0,3.2,2.5,1.0,4.333333333333333,4.0,4.75,6.0,4.333333333333333,5.0
2,2,1.0,39.0,1.0,2.0,1.0,6.0,2.0,40.0,40.0,1.0,100.0,2916.180636560573,3231.1281453091146,80.77820363272787,80.77820363272787,1.0,4.0,2.0,1.0,2,,,,10.0,15.0,5.0,10.0,4.0,5.0,4.333333333333333,4.5,3.6666666666666665,4.4,3.5,1.0,1.0,1.0,1.75,5.333333333333333,6.666666666666667,5.0
2,2,2.0,58.0,4.0,1.0,1.0,6.0,1.0,60.0,60.0,1.0,100.0,2499.5834027662054,2769.5384102649555,46.158973504415926,46.158973504415926,1.0,4.0,5.0,60.0,2,,,,20.0,20.0,10.0,10.0,2.5,4.0,4.5,2.5,2.3333333333333335,3.2,3.5,1.3333333333333333,3.3333333333333335,3.0,3.75,6.333333333333333,5.0,4.0
2,2,2.0,53.0,5.0,1.0,1.0,5.0,1.0,40.0,40.0,1.0,100.0,2499.5834027662054,2769.5384102649555,69.23846025662388,69.23846025662388,2.0,5.0,1.0,0.0,2,,,,10.0,10.0,10.0,10.0,2.3333333333333335,5.0,3.5,3.25,4.333333333333333,3.6,3.25,1.6666666666666667,3.0,3.6666666666666665,3.0,7.0,6.333333333333333,5.0
2,2,2.0,38.0,1.0,4.0,1.0,5.0,2.0,40.0,45.0,3.0,112.5,1249.7917013831027,1384.7692051324777,34.61923012831194,30.77264900294395,1.0,3.0,3.0,5.0,2,,,,40.0,5.0,8.0,2.0,3.0,5.0,3.6666666666666665,3.0,5.0,2.6,4.0,1.3333333333333333,2.6666666666666665,2.0,4.75,7.0,7.0,4.0
2,2,1.0,34.0,1.0,2.0,3.0,1.0,6.0,40.0,40.0,1.0,100.0,2499.5834027662054,2769.5384102649555,69.23846025662388,69.23846025662388,1.0,2.0,1.0,0.0,2,,,,8.0,20.0,2.0,10.0,3.1666666666666665,3.0,3.3333333333333335,2.0,2.6666666666666665,3.2,3.25,1.3333333333333333,4.333333333333333,3.0,5.75,5.0,4.666666666666667,3.0
2,2,1.0,30.0,3.0,1.0,3.0,5.0,1.0,40.0,40.0,1.0,100.0,2166.3056157307115,2400.2666222296284,60.00666555574071,60.00666555574071,1.0,1.0,4.0,10.0,2,,,,20.0,5.0,5.0,10.0,3.1666666666666665,3.0,2.8333333333333335,3.75,5.0,2.2,3.25,1.6666666666666667,6.333333333333333,5.333333333333333,6.25,4.666666666666667,4.666666666666667,3.0
2,2,2.0,54.0,1.0,2.0,3.0,11.0,1.0,40.0,40.0,1.0,100.0,2518.206965505749,2395.9333177803696,59.89833294450924,59.89833294450924,2.0,3.0,1.0,0.0,2,,,,15.0,25.0,20.0,10.0,2.1666666666666665,3.0,2.1666666666666665,1.75,4.0,2.6,4.0,3.6666666666666665,4.0,4.0,4.25,4.333333333333333,4.0,3.0
2,2,2.0,62.0,1.0,1.0,3.0,12.0,1.0,40.0,40.0,1.0,100.0,1999.6667222129645,2215.630728211964,55.3907682052991,55.3907682052991,1.0,2.0,1.0,0.0,2,,,,30.0,10.0,0.0,0.0,3.0,3.0,3.6666666666666665,4.75,5.0,3.8,2.5,1.0,3.3333333333333335,4.333333333333333,6.5,7.0,6.333333333333333,3.0
2,2,2.0,48.0,1.0,2.0,3.0,12.0,2.0,40.0,40.0,1.0,100.0,1666.38893517747,1846.3589401766371,46.158973504415926,46.158973504415926,1.0,3.0,1.0,0.0,2,,,,5.0,20.0,2.0,3.0,3.1666666666666665,3.0,2.8333333333333335,5.0,5.0,3.4,3.0,1.0,2.3333333333333335,3.0,5.5,6.666666666666667,5.666666666666667,2.0
2,2,2.0,25.0,1.0,1.0,3.0,1.0,2.0,16.0,19.0,3.0,118.75,499.9166805532409,553.9076820529913,34.61923012831194,29.15303589752584,1.0,1.0,3.0,10.0,2,,,,4.0,30.0,0.0,2.0,4.5,3.0,4.166666666666667,4.5,5.0,3.2,2.0,2.0,5.333333333333333,5.333333333333333,6.5,6.333333333333333,6.666666666666667,7.0
2,2,2.0,45.0,1.0,1.0,3.0,4.0,1.0,40.0,47.0,3.0,117.5,1999.6667222129645,2215.630728211964,55.3907682052991,47.141079323658815,3.0,1.0,1.0,0.0,2,,,,2.0,30.0,3.0,10.0,2.6666666666666665,1.9999999999999998,1.3333333333333333,1.5,4.0,2.2,3.75,1.0,1.6666666666666665,2.6666666666666665,3.75,6.0,6.0,4.0
2,2,1.0,60.0,1.0,1.0,3.0,12.0,1.0,40.0,55.0,3.0,137.5,1958.0069988335276,2169.471754707549,54.23679386768872,39.4449409946827,1.0,3.0,1.0,0.0,2,,,,25.0,10.0,0.0,15.0,2.6666666666666665,4.0,2.5,4.0,4.0,3.4,3.25,1.3333333333333333,5.0,4.666666666666667,6.25,6.0,5.333333333333333,4.0
2,2,2.0,46.0,3.0,1.0,3.0,5.0,1.0,40.0,40.0,1.0,100.0,1749.7083819363438,1938.6768871854688,48.46692217963672,48.46692217963672,1.0,1.0,1.0,0.0,2,,,,35.0,7.0,1.0,2.0,2.0,4.0,3.6666666666666665,2.75,4.0,3.6,3.5,1.6666666666666667,3.6666666666666665,4.666666666666667,5.5,5.0,5.333333333333333,4.0
2,2,1.0,32.0,3.0,1.0,3.0,2.0,2.0,40.0,40.0,1.0,100.0,2082.9861689718377,2307.948675220796,57.698716880519896,57.698716880519896,1.0,2.0,1.0,0.0,2,,,,30.0,10.0,0.0,0.0,2.8333333333333335,4.0,2.5,3.75,4.0,2.8,4.0,2.3333333333333335,3.3333333333333335,5.0,5.25,6.0,6.0,4.0
2,2,2.0,33.0,1.0,2.0,3.0,4.0,2.0,40.0,40.0,1.0,100.0,2499.5834027662054,2769.5384102649555,69.23846025662388,69.23846025662388,1.0,3.0,1.0,0.0,2,,,,10.0,10.0,10.0,10.0,2.8333333333333335,4.0,4.0,2.75,5.0,3.8,3.75,1.0,1.0,1.0,5.25,6.333333333333333,7.0,3.0
2,2,2.0,54.0,1.0,1.0,2.0,5.0,1.0,40.0,40.0,1.0,100.0,2082.9861689718377,2307.948675220796,57.698716880519896,57.698716880519896,4.0,4.0,6.0,14.0,2,,,,2.0,20.0,10.0,8.0,1.6666666666666667,1.9999999999999998,4.166666666666667,2.6666666666666665,4.333333333333333,3.4,3.5,1.0,4.0,3.6666666666666665,4.0,6.0,5.666666666666667,7.0
2,2,2.0,39.0,2.0,2.0,3.0,4.0,1.0,40.0,42.0,3.0,105.0,2082.9861689718377,2307.948675220796,57.698716880519896,54.951158933828474,1.0,3.0,2.0,3.0,2,,,,4.0,14.0,2.0,20.0,4.333333333333333,5.0,2.8333333333333335,4.5,5.0,3.8,1.25,1.6666666666666667,5.0,5.333333333333333,2.5,4.666666666666667,4.666666666666667,4.0
2,2,1.0,48.0,2.0,2.0,3.0,2.0,6.0,40.0,50.0,3.0,125.0,4165.9723379436755,4615.897350441592,115.39743376103979,92.31794700883184,2.0,5.0,1.0,0.0,2,,,,17.5,10.0,5.0,25.0,3.3333333333333335,4.0,3.3333333333333335,5.0,4.666666666666667,3.8,3.75,1.6666666666666667,5.0,5.0,5.5,6.333333333333333,6.0,5.0
2,2,1.0,43.0,1.0,2.0,3.0,1.0,2.0,40.0,60.0,3.0,150.0,2707.882019663389,3000.3332777870355,75.00833194467589,50.00555462978392,1.0,2.0,6.0,20.0,2,,,,4.0,16.0,10.0,20.0,2.8333333333333335,1.0,4.166666666666667,1.0,3.0,2.4,5.0,1.6666666666666667,3.6666666666666665,3.3333333333333335,6.0,6.0,6.0,5.0
2,2,1.0,53.0,1.0,1.0,3.0,12.0,1.0,40.0,40.0,1.0,100.0,2207.9653391101483,2446.4255957340442,61.1606398933511,61.1606398933511,2.0,4.0,1.0,0.0,2,,,,20.0,10.0,6.0,4.0,2.6666666666666665,4.0,2.3333333333333335,3.75,3.3333333333333335,2.6,3.75,2.0,4.333333333333333,3.6666666666666665,5.5,5.666666666666667,5.666666666666667,4.0
2,2,1.0,58.0,1.0,1.0,3.0,5.0,5.0,40.0,70.0,3.0,175.0,3749.3751041493083,4154.307615397433,103.85769038493584,59.347251648534765,1.0,1.0,1.0,0.0,2,,,,20.0,10.0,5.0,10.0,2.0,5.0,2.1666666666666665,2.5,5.0,4.4,2.0,1.3333333333333333,5.0,5.333333333333333,5.0,4.333333333333333,5.0,2.0
2,2,1.0,52.0,1.0,1.0,3.0,2.0,2.0,40.0,40.0,1.0,100.0,3588.9851691384765,3976.5955674054317,99.41488918513579,81.56290618230292,2.0,5.0,1.0,0.0,2,,,,20.0,20.0,20.0,40.0,3.3333333333333335,3.0,3.1666666666666665,4.0,4.666666666666667,3.8,2.0,1.0,1.0,1.333333333333333,3.75,6.0,6.0,5.0
2,2,1.0,50.0,2.0,2.0,3.0,10.0,2.0,40.0,50.0,3.0,125.0,3332.7778703549407,3692.7178803532743,92.31794700883185,73.85435760706548,1.0,3.0,1.0,0.0,2,,,,20.0,10.0,10.0,10.0,2.1666666666666665,4.0,2.8333333333333335,4.5,3.0,4.6,3.0,1.0,1.0,1.0,2.25,7.0,7.0,4.0
2,2,2.0,40.0,3.0,1.0,3.0,11.0,1.0,40.0,57.0,3.0,142.5,2166.3056157307115,2400.2666222296284,60.00666555574071,42.10994074087068,2.0,3.0,1.0,0.0,2,,,,10.0,0.0,0.0,50.0,3.6666666666666665,1.9999999999999998,2.8333333333333335,1.5,5.0,3.8,3.0,1.0,3.6666666666666665,3.0,4.25,5.333333333333333,4.0,4.0
2,2,1.0,42.0,3.0,1.0,3.0,2.0,1.0,40.0,30.0,2.0,75.0,2082.9861689718377,2307.948675220796,57.698716880519896,76.93162250735986,1.0,1.0,1.0,0.0,2,,,,20.0,10.0,1.0,1.0,2.8333333333333335,1.9999999999999998,2.8333333333333335,1.0,2.3333333333333335,2.2,3.25,3.3333333333333335,2.6666666666666665,1.0,3.0,3.3333333333333335,2.6666666666666665,4.0
2,2,1.0,54.0,1.0,1.0,3.0,5.0,1.0,40.0,40.0,1.0,100.0,1999.6667222129645,2215.630728211964,55.3907682052991,55.3907682052991,1.0,2.0,7.0,18.0,2,,,,24.0,2.0,0.0,2.0,2.6666666666666665,1.9999999999999998,3.1666666666666665,3.5,4.0,3.0,2.5,2.0,3.6666666666666665,4.666666666666667,4.5,4.666666666666667,4.666666666666667,3.0
2,2,1.0,54.0,1.0,1.0,3.0,12.0,1.0,40.0,60.0,3.0,150.0,1874.6875520746541,2077.1538076987167,51.92884519246792,34.61923012831195,1.0,1.0,1.0,0.0,2,,,,20.0,10.0,5.0,5.0,2.3333333333333335,4.0,1.6666666666666667,1.5,2.5,2.4,3.75,1.0,1.0,1.0,1.25,6.333333333333333,5.666666666666667,4.0
2,2,2.0,44.0,1.0,2.0,3.0,11.0,1.0,40.0,40.0,1.0,100.0,2499.5834027662054,2769.5384102649555,69.2384602566239,69.2384602566239,1.0,2.0,1.0,0.0,2,,,,40.0,0.0,0.0,0.0,3.6,4.0,3.3333333333333335,3.0,4.666666666666667,4.0,3.5,1.6666666666666667,4.666666666666667,4.666666666666667,4.0,6.333333333333333,6.666666666666667,2.0
2,2,1.0,45.0,1.0,1.0,3.0,6.0,1.0,40.0,40.0,1.0,100.0,1716.3806032327943,1901.7497083819362,47.543742709548404,47.5437427095484,1.0,2.0,3.0,10.0,2,,,,20.0,4.0,1.0,4.0,2.3333333333333335,4.0,3.1666666666666665,3.25,4.0,3.0,2.25,2.6666666666666665,3.3333333333333335,2.6666666666666665,4.25,4.0,5.0,5.0
2,2,1.0,67.0,1.0,1.0,3.0,12.0,1.0,40.0,40.0,1.0,100.0,3332.7778703549407,3692.7178803532743,92.31794700883185,92.31794700883185,1.0,4.0,6.0,10.0,2,,,,15.0,20.0,5.0,5.0,3.1666666666666665,3.0,3.6,4.5,4.666666666666667,4.6,3.0,1.0,2.6666666666666665,3.0,6.75,6.666666666666667,6.666666666666667,6.0
2,2,1.0,48.0,2.0,3.0,3.0,12.0,2.0,40.0,40.0,1.0,100.0,1791.3681053157807,1984.8358606898848,49.62089651724712,49.62089651724712,1.0,2.0,6.0,25.0,2,,,,30.0,4.0,5.5,0.5,2.5,4.0,2.3333333333333335,3.25,3.6666666666666665,2.4,3.75,1.3333333333333333,1.6666666666666665,3.0,5.25,7.0,5.0,4.0
2,2,1.0,25.0,1.0,1.0,3.0,2.0,2.0,40.0,65.0,3.0,162.5,1833.0278286952173,2030.9948341943007,50.77487085485752,31.24607437222001,1.0,2.0,1.0,0.0,2,,,,15.0,30.0,10.0,10.0,3.1666666666666665,4.0,3.1666666666666665,3.25,3.3333333333333335,3.4,3.75,2.0,3.3333333333333335,3.0,4.5,4.666666666666667,5.0,7.0
2,2,1.0,30.0,1.0,2.0,3.0,2.0,1.0,44.0,48.0,3.0,109.09090909090908,2166.3056157307115,2400.2666222296284,54.551514141582466,50.00555462978392,2.0,3.0,1.0,0.0,2,,,,30.0,10.0,0.0,6.0,3.0,4.0,3.1666666666666665,3.5,5.0,4.0,3.0,1.0,3.0,5.333333333333333,4.0,6.666666666666667,5.333333333333333,4.0
2,2,2.0,46.0,1.0,2.0,3.0,2.0,1.0,40.0,40.0,1.0,100.0,1499.7500416597236,1661.7230461589734,41.54307615397433,41.54307615397433,3.0,1.0,1.0,0.0,2,,,,35.0,5.0,25.0,10.0,1.3333333333333335,1.9999999999999998,2.1666666666666665,2.0,2.3333333333333335,1.4000000000000001,4.0,4.5,4.0,3.5,6.25,5.333333333333333,3.6666666666666665,4.0
2,2,1.0,47.0,1.0,2.0,3.0,5.0,1.0,40.0,40.0,1.0,100.0,2041.3264455924011,2261.7897017163805,56.54474254290951,56.54474254290951,2.0,4.0,6.0,20.0,2,,,,30.0,10.0,0.0,8.0,3.5,3.0,3.5,4.5,5.0,3.0,3.75,1.0,3.3333333333333335,2.0,6.0,6.666666666666667,6.666666666666667,2.0
2,2,2.0,32.0,1.0,2.0,1.0,5.0,2.0,40.0,45.0,3.0,112.5,1416.4305949008499,1569.4050991501413,39.23512747875354,34.875668870003146,1.0,1.0,1.0,0.0,2,,,,30.0,5.0,9.0,1.0,2.3333333333333335,5.0,2.5,2.0,3.3333333333333335,1.6000000000000003,3.75,1.0,1.0,1.0,1.0,6.0,5.666666666666667,4.0
2,2,1.0,38.0,2.0,1.0,3.0,2.0,1.0,40.0,40.0,1.0,100.0,1458.0903182802863,1615.5640726545573,40.38910181636393,40.38910181636393,1.0,2.0,3.0,15.0,2,,,,16.0,20.0,10.0,2.0,2.3333333333333335,3.0,1.5,1.5,5.0,2.4,4.0,4.666666666666667,4.666666666666667,5.0,4.75,4.0,5.666666666666667,4.0
2,2,2.0,29.0,1.0,1.0,1.0,1.0,2.0,40.0,70.0,3.0,175.0,916.5139143476085,1015.4974170971502,25.387435427428755,14.507105958530715,1.0,2.0,1.0,0.0,2,,,,25.0,25.0,5.0,5.0,3.6666666666666665,5.0,3.8333333333333335,1.75,4.666666666666667,2.4,5.0,1.3333333333333333,5.0,5.0,4.75,5.0,5.666666666666667,4.0
2,2,1.0,38.0,1.0,2.0,3.0,4.0,1.0,40.0,40.0,1.0,100.0,1833.0278286952173,2030.9948341943007,50.77487085485752,50.77487085485752,1.0,2.0,1.0,0.0,2,,,,8.0,20.0,3.0,9.0,3.3333333333333335,4.0,3.8333333333333335,1.25,1.9999999999999998,2.6,3.0,1.0,5.333333333333333,6.333333333333333,5.5,6.666666666666667,7.0,4.0
2,2,1.0,35.0,2.0,2.0,1.0,1.0,2.0,40.0,50.0,3.0,125.0,1458.0903182802863,1615.5640726545573,40.38910181636393,32.31128145309115,3.0,2.0,1.0,0.0,2,,,,22.5,15.0,10.0,5.0,3.3333333333333335,3.0,3.8333333333333335,3.5,4.333333333333333,3.4,4.75,1.3333333333333333,2.6666666666666665,3.6666666666666665,5.5,6.666666666666667,7.0,4.0
2,2,1.0,27.0,1.0,1.0,1.0,2.0,2.0,20.0,20.0,1.0,100.0,833.1944675887353,923.1794700883186,46.158973504415926,46.158973504415926,1.0,2.0,3.0,40.0,2,,,,2.0,14.0,1.0,3.0,3.6666666666666665,3.0,4.666666666666667,2.25,4.333333333333333,2.6,4.0,1.3333333333333333,2.0,1.333333333333333,4.5,5.333333333333333,5.666666666666667,7.0
2,2,2.0,26.0,2.0,1.0,1.0,2.0,2.0,40.0,40.0,1.0,100.0,1041.4930844859189,1153.974337610398,28.849358440259948,28.849358440259948,1.0,1.0,1.0,0.0,2,,,,5.0,27.0,2.0,1.0,4.333333333333333,5.0,3.0,1.75,4.666666666666667,3.2,2.75,1.3333333333333333,5.0,4.333333333333333,3.75,4.0,4.333333333333333,7.0
2,2,2.0,43.0,3.0,1.0,1.0,6.0,2.0,40.0,40.0,1.0,100.0,1166.4722546242292,1292.4512581236459,32.31128145309115,32.31128145309115,1.0,1.0,1.0,0.0,2,,,,34.0,3.0,2.0,1.0,2.6666666666666665,5.0,1.3333333333333333,1.5,1.9999999999999998,1.6000000000000003,4.5,2.0,2.6666666666666665,4.666666666666667,6.0,6.666666666666667,3.3333333333333335,3.0
2,2,2.0,38.0,1.0,2.0,1.0,1.0,1.0,20.0,20.0,1.0,100.0,1249.7917013831027,1384.7692051324777,69.23846025662388,69.23846025662388,3.0,1.0,1.0,0.0,2,,,,9.0,5.0,5.0,1.0,3.1666666666666665,1.9999999999999998,4.5,3.5,5.0,3.4,3.5,1.6666666666666667,7.0,1.0,5.75,5.0,6.0,4.0
2,2,2.0,45.0,1.0,2.0,1.0,1.0,1.0,40.0,55.0,3.0,137.5,1416.4305949008499,1569.4050991501413,39.23512747875354,28.534638166366207,1.0,2.0,1.0,0.0,2,,,,45.0,10.0,0.5,1.0,2.5,4.0,3.8333333333333335,4.25,5.0,2.6,3.5,1.0,3.6666666666666665,3.6666666666666665,6.75,7.0,5.666666666666667,4.0
2,2,2.0,28.0,3.0,1.0,1.0,2.0,1.0,40.0,40.0,1.0,100.0,2082.9861689718377,2307.948675220796,57.698716880519896,57.698716880519896,1.0,2.0,1.0,0.0,2,,,,0.0,20.0,15.0,5.0,4.0,5.0,3.8333333333333335,5.0,5.0,4.0,2.5,1.3333333333333333,3.0,2.3333333333333335,5.0,6.0,6.0,7.0
2,2,1.0,52.0,1.0,2.0,1.0,1.0,1.0,10.0,10.0,1.0,100.0,2916.180636560573,3231.1281453091146,323.11281453091146,323.11281453091146,1.0,1.0,5.0,4.0,2,,,,20.0,10.0,9.0,1.0,3.3333333333333335,3.2,2.7666666666666666,1.0,3.3333333333333335,2.6,2.75,2.3333333333333335,1.3333333333333335,5.0,4.5,6.0,6.0,5.0
2,2,2.0,28.0,2.0,1.0,1.0,1.0,2.0,40.0,47.5,3.0,118.75,1249.7917013831027,1384.7692051324777,34.61923012831194,29.153035897525847,1.0,1.0,1.0,0.0,2,,,,20.0,20.0,5.0,0.0,3.6666666666666665,3.0,2.6666666666666665,2.75,3.3333333333333335,3.2,4.5,1.6666666666666667,2.0,1.333333333333333,3.0,4.333333333333333,4.666666666666667,7.0
2,2,1.0,38.0,1.0,2.0,1.0,1.0,1.0,40.0,40.0,1.0,100.0,2707.882019663389,3000.3332777870355,75.00833194467589,75.00833194467589,3.0,4.0,1.0,0.0,2,,,,10.0,20.0,10.0,10.0,3.0,3.0,4.166666666666667,3.0,3.6666666666666665,3.8,3.0,1.0,4.0,4.0,5.25,7.0,7.0,5.0
2,2,2.0,27.0,1.0,1.0,1.0,2.0,4.0,40.0,45.0,3.0,112.5,916.5139143476085,1015.4974170971502,25.387435427428755,22.56660926882556,1.0,1.0,1.0,0.0,2,,,,15.0,15.0,5.0,5.0,2.6666666666666665,4.0,1.3333333333333333,1.75,2.3333333333333335,2.6,3.25,4.0,2.6666666666666665,1.0,5.5,6.333333333333333,5.0,7.0
2,2,1.0,71.0,2.0,1.0,3.0,5.0,2.0,40.0,42.0,2.0,105.0,1791.3681053157807,1984.8358606898848,49.62089651724712,52.621229795034154,1.0,1.0,5.0,0.0,2,,,,10.0,45.0,0.0,2.0,3.8333333333333335,3.0,3.8333333333333335,3.0,4.0,3.6,2.75,1.0,3.0,3.0,5.0,7.0,7.0,4.0
2,2,2.0,25.0,2.0,1.0,3.0,2.0,2.0,20.0,35.0,3.0,175.0,708.2152974504247,784.7025495750709,39.23512747875354,22.420072845002025,1.0,1.0,1.0,0.0,2,,,,20.0,16.0,4.0,8.0,2.1666666666666665,4.0,3.3333333333333335,4.75,5.0,3.2,4.25,1.6666666666666667,5.666666666666667,4.666666666666667,5.25,6.333333333333333,6.666666666666667,3.0
2,2,1.0,52.0,1.0,2.0,1.0,1.0,1.0,40.0,50.0,3.0,125.0,1874.6875520746541,2077.1538076987167,51.92884519246792,41.54307615397433,3.0,3.0,1.0,0.0,2,,,,8.0,20.0,10.0,12.0,3.5,5.0,3.5,2.25,4.666666666666667,2.2,3.0,1.0,3.0,2.3333333333333335,5.75,6.666666666666667,5.666666666666667,6.0
2,2,2.0,48.0,2.0,1.0,3.0,11.0,1.0,40.0,40.0,1.0,100.0,1749.7083819363438,1938.6768871854688,48.46692217963672,48.46692217963672,1.0,1.0,5.0,4.0,2,,,,32.0,5.0,0.0,3.0,1.8333333333333333,3.0,1.8333333333333333,1.5,2.6666666666666665,2.2,2.25,3.3333333333333335,1.0,1.0,2.75,6.0,5.333333333333333,3.0
2,2,1.0,37.0,1.0,2.0,1.0,2.0,2.0,40.0,40.0,1.0,100.0,1999.6667222129645,2215.630728211964,55.3907682052991,55.3907682052991,1.0,2.0,5.0,3.0,2,,,,25.0,2.0,3.0,10.0,3.3333333333333335,5.0,2.0,2.0,2.6666666666666665,2.2,4.25,1.6666666666666667,2.6666666666666665,2.3333333333333335,3.75,6.333333333333333,2.6666666666666665,4.0
2,2,1.0,55.0,2.0,1.0,1.0,2.0,2.0,40.0,75.0,3.0,187.5,2082.9861689718377,2307.948675220796,57.698716880519896,30.772649002943943,3.0,1.0,1.0,0.0,2,,,,25.0,20.0,20.0,10.0,3.0,5.0,4.0,1.25,3.6666666666666665,2.8,4.5,1.0,1.6666666666666665,1.0,3.25,6.333333333333333,5.333333333333333,6.0
2,2,1.0,69.0,1.0,1.0,3.0,5.0,1.0,40.0,40.0,1.0,100.0,3124.479253457757,3461.9230128311947,86.54807532077987,86.54807532077987,2.0,4.0,1.0,0.0,2,,,,10.0,20.0,10.0,5.0,4.166666666666667,4.0,4.666666666666667,3.75,5.0,4.8,1.5,1.0,5.0,1.0,5.5,7.0,6.0,6.0
2,2,2.0,37.0,1.0,1.0,3.0,5.0,1.0,40.0,40.0,1.0,100.0,1666.38893517747,1846.3589401766371,46.158973504415926,46.158973504415926,1.0,1.0,1.0,0.0,2,,,,30.0,10.0,1.0,1.0,2.1666666666666665,3.0,2.0,1.25,1.9999999999999998,3.0,4.0,1.0,5.0,3.6666666666666665,5.75,5.666666666666667,6.333333333333333,4.0
2,2,1.0,56.0,1.0,2.0,1.0,2.0,2.0,30.0,30.0,1.0,100.0,1666.38893517747,1846.3589401766371,61.54529800588791,61.54529800588791,1.0,1.0,6.0,15.0,2,,,,15.0,10.0,2.0,3.0,2.1666666666666665,3.0,4.0,1.75,5.0,3.6,4.0,1.0,5.0,2.6666666666666665,5.5,7.0,7.0,5.0
2,2,2.0,41.0,1.0,2.0,3.0,4.0,2.0,20.0,20.0,1.0,100.0,2082.9861689718377,2307.948675220796,115.39743376103979,115.39743376103979,4.0,4.0,1.0,0.0,2,,,,2.0,8.0,2.0,8.0,3.6666666666666665,5.0,4.333333333333333,3.5,4.666666666666667,3.4,2.5,1.3333333333333333,4.0,4.0,5.25,6.0,5.666666666666667,6.0
2,2,1.0,60.0,1.0,1.0,3.0,2.0,1.0,40.0,40.0,1.0,100.0,2082.9861689718377,2307.948675220796,57.698716880519896,57.698716880519896,1.0,3.0,1.0,0.0,2,,,,15.0,15.0,5.0,5.0,3.5,3.0,3.3333333333333335,5.0,5.0,4.2,1.75,1.6666666666666667,3.0,3.0,3.75,6.333333333333333,6.666666666666667,4.0
2,2,1.0,40.0,1.0,1.0,1.0,1.0,1.0,40.0,80.0,3.0,200.0,1458.0903182802863,1615.5640726545573,40.38910181636393,20.194550908181967,1.0,3.0,1.0,0.0,2,,,,15.0,5.0,30.0,30.0,2.5,3.0,1.8333333333333333,1.75,3.0,2.0,5.0,5.666666666666667,3.6666666666666665,3.3333333333333335,6.25,5.333333333333333,3.3333333333333335,4.0
2,2,2.0,46.0,1.0,2.0,3.0,12.0,2.0,40.0,40.0,1.0,100.0,1867.1888018663553,2068.8451924679216,51.721129811698034,51.72112981169804,1.0,3.0,1.0,0.0,2,,,,20.0,20.0,0.0,4.0,2.6666666666666665,5.0,2.1666666666666665,3.75,4.333333333333333,2.8,3.75,2.3333333333333335,1.6666666666666665,2.0,5.25,4.0,2.3333333333333335,4.0
2,2,2.0,30.0,1.0,2.0,1.0,5.0,2.0,16.0,16.0,1.0,100.0,549.9083486085649,609.2984502582904,38.08115314114315,38.08115314114315,1.0,3.0,3.0,13.0,2,,,,0.0,10.0,3.0,1.0,3.8333333333333335,3.0,4.0,3.25,4.0,3.4,2.75,1.0,4.0,5.0,4.5,6.0,5.666666666666667,7.0
2,2,1.0,30.0,2.0,1.0,3.0,5.0,2.0,40.0,40.0,1.0,100.0,1458.0903182802863,1615.5640726545573,40.38910181636393,40.38910181636393,1.0,2.0,1.0,0.0,2,,,,28.0,5.0,5.0,2.0,3.6666666666666665,1.9999999999999998,2.6666666666666665,2.25,3.0,1.8,4.0,2.6666666666666665,1.3333333333333335,2.6666666666666665,6.0,4.333333333333333,2.0,3.0
2,2,1.0,41.0,1.0,2.0,3.0,12.0,6.0,40.0,40.0,1.0,100.0,4999.166805532411,5539.07682052991,138.47692051324776,138.47692051324776,2.0,4.0,2.0,10.0,2,,,,6.0,8.0,10.0,16.0,3.1666666666666665,1.9999999999999998,2.6666666666666665,3.25,3.0,3.4,4.5,1.0,2.0,4.333333333333333,3.5,6.0,5.666666666666667,5.0
2,2,2.0,33.0,1.0,2.0,3.0,5.0,1.0,40.0,40.0,1.0,100.0,1666.38893517747,1846.3589401766371,46.158973504415926,46.158973504415926,1.0,1.0,1.0,0.0,2,,,,5.0,15.0,15.0,5.0,2.8333333333333335,4.0,2.3333333333333335,5.0,5.0,3.2,3.0,1.6666666666666667,3.3333333333333335,3.0,3.5,6.0,6.0,4.0
2,2,1.0,33.0,1.0,2.0,3.0,2.0,2.0,40.0,50.0,3.0,125.0,2374.6042326278953,2631.061489751708,65.7765372437927,48.32613284452591,1.0,3.0,1.0,0.0,2,,,,10.0,10.0,10.0,10.0,4.0,4.0,3.3333333333333335,3.25,4.333333333333333,4.0,3.75,2.0,5.333333333333333,4.0,4.5,6.666666666666667,6.333333333333333,3.0
2,2,1.0,50.0,1.0,2.0,1.0,1.0,1.0,40.0,45.0,3.0,112.5,3020.329945009165,3346.5255790701544,83.66313947675386,74.36723509044788,1.0,3.0,1.0,0.0,2,,,,60.0,30.0,10.0,0.0,3.3333333333333335,5.0,2.5,4.5,3.6666666666666665,2.6,3.75,2.3333333333333335,4.0,5.666666666666667,5.5,6.0,5.666666666666667,5.0
2,2,2.0,47.0,1.0,1.0,3.0,4.0,1.0,46.0,46.0,1.0,100.0,2082.9861689718377,2307.948675220796,50.172797287408606,50.172797287408606,1.0,2.0,6.0,20.0,2,,,,24.0,16.0,0.0,4.0,3.0,3.0,2.1666666666666665,2.0,3.6666666666666665,2.8,3.25,1.3333333333333333,3.6666666666666665,2.0,5.5,6.0,4.333333333333333,4.0
2,2,2.0,46.0,1.0,2.0,1.0,6.0,1.0,40.0,60.0,3.0,150.0,3541.0764872521245,3923.512747875354,98.08781869688384,65.39187913125589,2.0,5.0,1.0,0.0,2,,,,20.0,15.0,10.0,15.0,3.3333333333333335,5.0,2.8333333333333335,3.5,5.0,3.8,5.0,1.3333333333333333,5.0,4.666666666666667,7.0,7.0,7.0,5.0
2,2,1.0,46.0,1.0,1.0,1.0,2.0,1.0,40.0,50.0,3.0,125.0,2603.7327112147973,2884.9358440259953,72.12339610064988,57.6987168805199,1.0,1.0,3.0,10.0,2,,,,15.0,20.0,10.0,5.0,2.6666666666666665,4.0,1.6666666666666667,1.25,4.0,1.8,4.0,1.3333333333333333,5.0,7.0,3.25,5.666666666666667,6.0,4.0
2,2,2.0,49.0,1.0,2.0,1.0,1.0,1.0,40.0,40.0,1.0,100.0,1416.4305949008499,1569.4050991501413,39.23512747875354,39.23512747875354,1.0,1.0,1.0,0.0,2,,,,20.0,10.0,10.0,4.0,3.3333333333333335,4.0,2.6666666666666665,2.5,4.0,2.4,3.25,1.0,2.6666666666666665,4.0,5.5,6.333333333333333,7.0,4.0
2,2,1.0,29.0,2.0,1.0,1.0,2.0,2.0,20.0,50.0,3.0,250.0,570.7382102982833,632.3779370104983,31.618896850524912,12.647558740209966,1.0,4.0,1.0,0.0,2,,,,18.0,20.0,2.0,10.0,3.1666666666666665,5.0,3.3333333333333335,3.25,3.6666666666666665,2.8,4.75,1.6666666666666667,4.333333333333333,4.666666666666667,6.25,7.0,5.333333333333333,3.0
2,2,1.0,45.0,1.0,2.0,1.0,2.0,2.0,40.0,50.0,3.0,125.0,1458.0903182802863,1615.5640726545573,40.38910181636393,52.76825467360377,1.0,2.0,1.0,0.0,2,,,,5.0,35.0,0.0,0.0,3.8333333333333335,3.0,4.666666666666667,1.5,3.0,4.2,2.25,2.0,4.0,4.0,3.5,5.666666666666667,6.0,4.0
2,2,1.0,26.0,3.0,1.0,1.0,2.0,4.0,40.0,40.0,1.0,100.0,1083.1528078653557,1200.1333111148142,30.003332777870355,30.003332777870355,1.0,1.0,1.0,0.0,2,,,,2.0,10.0,4.0,8.0,2.3333333333333335,4.0,1.8333333333333333,3.75,3.0,2.8,4.25,2.3333333333333335,5.333333333333333,5.333333333333333,4.25,5.333333333333333,4.333333333333333,2.0
2,2,1.0,77.0,1.0,3.0,1.0,1.0,1.0,20.0,20.0,1.0,100.0,708.2152974504247,784.7025495750709,39.23512747875354,39.23512747875354,1.0,1.0,1.0,0.0,2,,,,10.0,10.0,0.0,0.0,2.0,3.0,3.5,3.0,4.0,1.6000000000000003,5.0,3.0,3.3333333333333335,5.0,4.25,4.666666666666667,4.666666666666667,3.0
2,2,2.0,58.0,1.0,2.0,1.0,1.0,2.0,40.0,50.0,3.0,125.0,2249.625062489585,2492.58456923846,62.3146142309615,49.851691384769204,1.0,2.0,1.0,0.0,2,,,,20.0,30.0,5.0,5.0,2.6666666666666665,3.0,3.5,3.75,3.6666666666666665,3.2,2.75,1.0,1.0,1.0,1.5,5.666666666666667,7.0,5.0
2,2,2.0,42.0,1.0,1.0,1.0,2.0,1.0,40.0,65.0,3.0,162.5,3332.7778703549407,3692.7178803532743,92.31794700883185,56.8110443131273,3.0,3.0,1.0,0.0,2,,,,20.0,20.0,20.0,5.0,3.5,5.0,3.1666666666666665,5.0,4.666666666666667,4.0,4.25,1.0,1.0,3.6666666666666665,2.5,6.0,5.666666666666667,4.0
2,2,1.0,50.0,1.0,2.0,1.0,2.0,1.0,40.0,40.0,1.0,100.0,4874.187635394101,5400.599900016663,135.01499750041657,135.01499750041657,3.0,4.0,1.0,0.0,2,,,,6.0,10.0,12.0,12.0,4.833333333333333,3.0,3.5,2.75,5.0,4.4,3.25,1.0,4.0,3.3333333333333335,5.25,7.0,6.666666666666667,5.0
2,2,1.0,39.0,1.0,2.0,1.0,8.0,2.0,40.0,40.0,1.0,100.0,1249.7917013831027,1384.7692051324777,34.61923012831194,34.61923012831194,1.0,2.0,2.0,12.0,2,,,,25.0,10.0,5.0,10.0,4.666666666666667,4.0,4.0,5.0,5.0,3.6,4.0,1.0,4.0,5.666666666666667,4.75,6.666666666666667,6.666666666666667,4.0
2,2,1.0,28.0,2.0,1.0,1.0,1.0,3.0,12.0,30.0,3.0,250.0,1041.4930844859189,1153.974337610398,96.16452813419983,38.46581125367993,1.0,3.0,1.0,0.0,2,,,,8.0,24.0,2.0,6.0,4.166666666666667,4.0,2.6666666666666665,1.0,5.0,3.0,3.25,3.6666666666666665,4.0,3.6666666666666665,4.0,4.0,3.6666666666666665,7.0
2,2,2.0,45.0,2.0,2.0,1.0,1.0,1.0,24.0,24.0,1.0,100.0,1166.4722546242292,1292.4512581236459,53.85213575515191,53.85213575515191,1.0,1.0,1.0,0.0,2,,,,0.0,20.0,0.0,4.0,2.6666666666666665,5.0,2.6666666666666665,3.5,4.0,1.8,4.0,5.0,3.0,2.3333333333333335,5.75,5.666666666666667,5.333333333333333,7.0
2,2,2.0,40.0,1.0,1.0,1.0,2.0,1.0,40.0,40.0,1.0,100.0,2082.9861689718377,2307.948675220796,57.698716880519896,57.698716880519896,1.0,2.0,1.0,0.0,2,,,,10.0,5.0,10.0,15.0,2.8333333333333335,4.0,2.3333333333333335,2.5,3.3333333333333335,4.0,4.0,1.0,2.0,2.6666666666666665,3.75,7.0,5.666666666666667,5.0
2,2,1.0,39.0,1.0,2.0,1.0,2.0,2.0,30.0,37.6,1.0,100.0,1041.4930844859189,1153.974337610398,38.46581125367993,42.664079796224435,3.0,3.0,2.0,20.0,2,,,,10.0,10.0,5.0,5.0,2.6666666666666665,4.0,3.8333333333333335,3.75,4.666666666666667,2.6,4.5,1.3333333333333333,2.0,2.0,3.0,7.0,6.333333333333333,4.0
2,2,2.0,44.0,1.0,1.0,1.0,2.0,1.0,40.0,40.0,1.0,100.0,1187.3021163139476,1315.530744875854,32.88826862189635,32.88826862189635,1.0,3.0,6.0,7.0,2,,,,10.0,15.0,5.0,10.0,2.3333333333333335,4.0,2.5,4.5,4.0,2.0,4.0,4.333333333333333,3.3333333333333335,2.3333333333333335,3.5,5.333333333333333,5.0,7.0
2,2,1.0,28.0,2.0,2.0,1.0,2.0,1.0,20.0,20.0,1.0,100.0,499.9166805532409,553.9076820529913,27.695384102649562,27.695384102649555,1.0,3.0,3.0,40.0,2,,,,4.0,10.0,5.0,1.0,2.0,4.0,3.3333333333333335,3.75,1.6666666666666665,1.8,4.25,1.3333333333333333,2.6666666666666665,4.0,5.25,6.333333333333333,5.666666666666667,4.0
2,2,2.0,23.0,2.0,1.0,1.0,1.0,2.0,10.0,10.0,1.0,100.0,249.95834027662067,276.9538410264954,27.695384102649562,27.695384102649555,1.0,1.0,3.0,9.0,2,,,,0.0,4.0,0.0,0.0,4.666666666666667,4.0,4.0,5.0,4.333333333333333,3.8,4.5,1.0,5.0,3.6666666666666665,4.5,7.0,6.666666666666667,7.0
2,2,2.0,32.0,2.0,1.0,1.0,2.0,2.0,40.0,50.0,3.0,125.0,1666.38893517747,1846.3589401766371,46.158973504415926,36.92717880353274,1.0,3.0,1.0,0.0,2,,,,38.0,4.0,2.0,6.0,2.6,4.0,3.6666666666666665,4.75,3.3333333333333335,3.0,4.0,1.0,5.666666666666667,3.3333333333333335,7.0,7.0,7.0,4.0
2,2,2.0,50.0,1.0,2.0,1.0,4.0,2.0,40.0,37.6,1.0,100.0,749.8750208298616,830.8615230794867,20.77153807698717,39.43295165091532,1.0,3.0,2.0,10.0,2,,,,75.0,20.0,10.0,5.0,3.0,4.0,4.0,4.25,3.6666666666666665,3.2,2.75,1.0,2.6666666666666665,5.666666666666667,4.25,4.666666666666667,5.0,4.0
2,2,1.0,59.0,1.0,1.0,1.0,1.0,2.0,40.0,50.0,3.0,125.0,3332.7778703549407,3692.7178803532743,92.31794700883185,73.85435760706548,3.0,3.0,1.0,0.0,2,,,,15.0,20.0,5.0,10.0,3.3333333333333335,4.0,3.0,2.5,3.0,3.6,3.25,1.6666666666666667,4.666666666666667,5.0,4.5,5.666666666666667,5.666666666666667,6.0
2,2,1.0,34.0,2.0,1.0,1.0,2.0,2.0,50.0,58.0,3.0,115.99999999999999,2082.9861689718377,2307.948675220796,46.15897350441592,39.79221853828958,1.0,1.0,2.0,4.0,2,,,,25.0,8.0,10.0,15.0,2.5,4.0,2.8333333333333335,1.75,3.0,2.4,3.75,4.0,1.6666666666666665,2.0,3.0,7.0,5.666666666666667,4.0
2,2,1.0,63.0,1.0,1.0,1.0,2.0,1.0,40.0,46.0,3.0,114.99999999999999,2082.9861689718377,2307.948675220796,57.698716880519896,50.172797287408606,1.0,2.0,1.0,0.0,2,,,,7.0,20.0,10.0,10.0,2.6666666666666665,4.0,3.3333333333333335,3.25,4.666666666666667,2.4,3.0,1.0,4.333333333333333,4.666666666666667,5.25,6.0,6.0,5.0
2,2,1.0,28.0,2.0,1.0,1.0,2.0,2.0,40.0,40.0,1.0,100.0,1458.0903182802863,1615.5640726545573,40.38910181636393,40.38910181636393,1.0,3.0,1.0,0.0,2,,,,5.0,30.0,5.0,5.0,3.3333333333333335,3.0,3.8333333333333335,4.25,5.0,3.6,2.75,1.3333333333333333,4.666666666666667,4.666666666666667,5.5,6.333333333333333,6.333333333333333,7.0
2,2,1.0,37.0,2.0,1.0,1.0,2.0,1.0,40.0,40.0,1.0,100.0,3332.7778703549407,3692.7178803532743,92.31794700883185,92.31794700883185,1.0,1.0,1.0,0.0,2,,,,10.0,10.0,10.0,10.0,2.6666666666666665,3.0,2.6666666666666665,2.5,3.6666666666666665,3.2,3.75,1.3333333333333333,4.333333333333333,4.0,6.0,6.666666666666667,6.0,4.0
2,2,2.0,31.0,2.0,1.0,1.0,2.0,2.0,40.0,48.0,3.0,120.0,1458.0903182802863,1615.5640726545573,40.38910181636393,33.65758484696995,1.0,1.0,1.0,0.0,2,,,,20.0,15.0,10.0,3.0,4.333333333333333,5.0,2.6666666666666665,2.25,4.333333333333333,3.6,5.0,1.0,4.333333333333333,3.6666666666666665,5.25,6.666666666666667,7.0,7.0
2,2,2.0,39.0,1.0,2.0,1.0,1.0,2.0,40.0,40.0,1.0,100.0,1854.7542076320613,1969.9476620563237,52.04802488474142,52.04802488474142,3.0,2.0,1.0,0.0,2,,,,10.0,27.0,2.0,1.0,3.6666666666666665,3.0,5.0,5.0,3.6666666666666665,4.0,3.0,1.0,3.0,2.0,6.25,7.0,6.333333333333333,4.0
2,2,2.0,28.0,1.0,1.0,1.0,8.0,2.0,40.0,50.0,3.0,125.0,1374.770871521413,1523.2461256457257,38.08115314114314,30.464922512914512,1.0,2.0,1.0,0.0,2,,,,30.0,20.0,0.0,4.0,3.3333333333333335,3.0,2.6666666666666665,3.75,3.0,2.6,3.5,3.0,4.666666666666667,5.333333333333333,5.0,4.333333333333333,3.0,3.0
2,2,2.0,40.0,3.0,1.0,1.0,2.0,1.0,40.0,27.0,2.0,67.5,1416.4305949008499,1569.4050991501413,39.23512747875354,58.12611478333857,1.0,2.0,1.0,0.0,2,,,,26.0,6.0,0.5,1.0,3.6666666666666665,5.0,3.1666666666666665,2.75,4.333333333333333,2.2,4.25,1.0,2.6666666666666665,1.666666666666667,4.5,7.0,6.666666666666667,4.0
2,2,1.0,42.0,1.0,2.0,1.0,2.0,1.0,40.0,50.0,3.0,125.0,3124.479253457757,3461.9230128311947,86.54807532077987,69.2384602566239,3.0,2.0,1.0,0.0,2,,,,25.0,15.0,2.0,8.0,3.3333333333333335,4.0,3.8333333333333335,1.0,3.6666666666666665,4.0,3.25,1.0,2.3333333333333335,5.333333333333333,5.25,6.0,6.0,4.0
2,2,2.0,33.0,4.0,2.0,3.0,1.0,2.0,40.0,40.0,1.0,100.0,2470.5018756873856,2525.4667342616226,63.13666835654057,63.13666835654057,3.0,3.0,1.0,0.0,2,,,,10.0,45.0,10.0,5.0,4.833333333333333,3.0,4.0,4.5,5.0,4.2,4.0,2.0,4.0,4.333333333333333,5.5,6.666666666666667,6.666666666666667,7.0
2,2,1.0,46.0,1.0,1.0,1.0,2.0,1.0,40.0,46.8,3.0,117.0,1208.131978003666,1338.610231628062,33.46525579070155,49.5747375437427,1.0,3.0,3.0,10.0,2,,,,15.0,4.0,1.0,0.0,3.3333333333333335,3.0,3.8333333333333335,4.5,4.0,3.4,2.25,1.0,3.6666666666666665,3.3333333333333335,2.5,6.666666666666667,5.666666666666667,4.0
2,2,2.0,58.0,3.0,1.0,1.0,1.0,1.0,40.0,50.0,3.0,125.0,1458.0903182802863,1615.5640726545573,40.38910181636393,32.31128145309115,1.0,2.0,1.0,0.0,2,,,,50.0,0.0,0.0,0.0,4.0,3.0,3.5,2.75,3.6666666666666665,3.2,3.5,1.0,2.3333333333333335,1.0,3.0,5.333333333333333,6.333333333333333,4.0
2,2,2.0,60.0,1.0,1.0,3.0,12.0,1.0,40.0,60.0,3.0,150.0,2591.2347942009665,2871.088151974671,71.77720379936677,54.031176622078135,2.0,5.0,1.0,0.0,2,,,,30.0,10.0,10.0,10.0,3.0,4.0,2.8333333333333335,3.25,3.3333333333333335,3.4,4.25,1.0,3.3333333333333335,4.0,5.5,7.0,5.333333333333333,5.0
2,2,1.0,34.0,3.0,1.0,1.0,1.0,1.0,24.0,24.0,1.0,100.0,1041.4930844859189,1153.974337610398,48.08226406709991,48.08226406709991,1.0,3.0,2.0,20.0,2,,,,12.0,1.0,0.0,10.0,3.8333333333333335,4.0,3.5,1.75,4.333333333333333,4.2,2.25,1.6666666666666667,5.333333333333333,4.666666666666667,6.25,6.0,7.0,4.0
2,2,2.0,43.0,1.0,2.0,1.0,5.0,1.0,40.0,40.0,1.0,100.0,1458.0903182802863,1615.5640726545573,40.38910181636393,40.38910181636393,1.0,3.0,6.0,5.0,2,,,,15.0,10.0,15.0,5.0,3.1666666666666665,5.0,2.3333333333333335,3.25,4.0,3.4,4.0,1.6666666666666667,3.0,5.0,5.0,6.0,5.333333333333333,4.0
2,2,1.0,53.0,1.0,1.0,3.0,4.0,2.0,40.0,40.0,1.0,100.0,1951.4914180969836,1960.6524912514578,49.016312281286446,49.016312281286446,1.0,1.0,1.0,0.0,2,,,,2.0,26.0,4.0,8.0,3.0,3.0,2.3333333333333335,2.75,3.6666666666666665,3.4,4.5,5.333333333333333,2.3333333333333335,2.3333333333333335,3.5,2.0,1.666666666666667,3.0
2,2,2.0,35.0,4.0,2.0,3.0,2.0,1.0,40.0,30.0,2.0,75.0,1964.255957340443,2176.395600733211,54.40989001833027,72.54652002444035,1.0,2.0,1.0,0.0,2,,,,10.0,25.0,1.0,1.0,2.5,1.9999999999999998,4.666666666666667,4.5,5.0,3.0,4.75,1.0,1.6666666666666665,2.6666666666666665,5.0,7.0,6.666666666666667,4.0
2,2,2.0,31.0,2.0,1.0,1.0,2.0,1.0,40.0,40.0,1.0,100.0,1041.4930844859189,1153.974337610398,28.849358440259948,28.849358440259948,1.0,2.0,1.0,0.0,2,,,,6.0,25.0,0.0,5.0,3.8333333333333335,5.0,3.1666666666666665,2.75,5.0,3.0,3.75,1.6666666666666667,3.3333333333333335,4.0,5.0,7.0,7.0,7.0
2,2,2.0,64.0,3.0,1.0,1.0,5.0,1.0,40.0,40.0,1.0,100.0,2224.629228461923,2464.8891851358107,61.62222962839527,61.62222962839527,2.0,4.0,1.0,0.0,2,,,,25.0,2.0,1.0,15.0,4.166666666666667,4.0,3.6666666666666665,5.0,4.666666666666667,4.2,3.0,1.0,1.3333333333333335,1.333333333333333,5.5,6.666666666666667,7.0,4.0
2,2,2.0,43.0,1.0,2.0,1.0,2.0,1.0,40.0,40.0,1.0,100.0,2082.9861689718377,2307.948675220796,57.698716880519896,57.698716880519896,2.0,3.0,1.0,0.0,2,,,,20.0,5.0,5.0,10.0,3.6666666666666665,3.0,3.1666666666666665,3.5,4.0,3.8,3.0,1.3333333333333333,1.0,1.666666666666667,3.0,5.666666666666667,5.666666666666667,5.0
2,2,2.0,44.0,1.0,2.0,1.0,5.0,1.0,40.0,40.0,1.0,100.0,1874.6875520746541,2077.1538076987167,51.92884519246792,51.92884519246792,1.0,3.0,3.0,2.0,2,,,,15.0,15.0,5.0,5.0,4.166666666666667,4.0,2.6666666666666665,2.75,4.0,3.8,4.0,2.0,4.333333333333333,4.666666666666667,5.25,6.0,5.666666666666667,4.0
2,2,1.0,47.0,1.0,1.0,1.0,5.0,2.0,40.0,60.0,3.0,150.0,1541.40976503916,1707.8820196633892,42.69705049158473,28.46470032772315,1.0,1.0,1.0,0.0,2,,,,30.0,10.0,10.0,10.0,2.6666666666666665,5.0,2.1666666666666665,3.75,2.3333333333333335,2.75,3.5,3.0,1.6666666666666665,5.333333333333333,6.75,6.666666666666667,6.5,4.0
2,2,2.0,42.0,1.0,2.0,1.0,1.0,1.0,40.0,50.0,3.0,125.0,1458.0903182802863,1615.5640726545573,40.38910181636393,32.31128145309115,3.0,1.0,1.0,0.0,2,,,,30.0,15.0,5.0,2.0,2.8333333333333335,5.0,1.8333333333333333,1.75,1.6666666666666665,2.6,4.25,1.3333333333333333,5.333333333333333,6.0,4.5,6.333333333333333,6.666666666666667,4.0
2,2,2.0,43.0,1.0,2.0,1.0,8.0,1.0,40.0,60.0,3.0,150.0,2499.5834027662054,2769.5384102649555,69.23846025662388,46.158973504415926,2.0,5.0,1.0,0.0,2,,,,20.0,5.0,5.0,30.0,4.0,3.0,2.1666666666666665,2.75,2.6666666666666665,3.4,4.0,1.3333333333333333,2.3333333333333335,2.3333333333333335,1.25,5.333333333333333,5.0,5.0
2,2,2.0,49.0,1.0,2.0,1.0,1.0,1.0,40.0,40.0,1.0,100.0,1666.38893517747,1846.3589401766371,46.158973504415926,46.158973504415926,1.0,1.0,1.0,0.0,2,,,,0.0,40.0,0.0,0.0,2.8333333333333335,3.0,1.0,1.0,1.9999999999999998,2.0,4.25,2.3333333333333335,2.3333333333333335,6.0,1.75,4.333333333333333,4.0,7.0
2,2,1.0,42.0,1.0,2.0,1.0,2.0,1.0,40.0,40.0,1.0,100.0,1666.38893517747,1846.3589401766371,46.158973504415926,46.158973504415926,1.0,2.0,1.0,0.0,2,,,,20.0,5.0,5.0,10.0,2.5,4.0,2.0,2.25,2.3333333333333335,1.6000000000000003,3.25,5.333333333333333,4.333333333333333,2.3333333333333335,3.25,5.0,3.6666666666666665,4.0
2,2,1.0,29.0,1.0,1.0,1.0,2.0,2.0,8.0,10.0,3.0,125.0,204.1326445592399,226.17897017163796,28.27237127145475,22.6178970171638,1.0,2.0,1.0,0.0,2,,,,9.0,0.0,0.0,1.0,3.8333333333333335,4.0,3.8333333333333335,4.0,4.0,3.2,3.75,1.0,2.6666666666666665,2.3333333333333335,4.0,5.0,4.333333333333333,3.0
2,2,2.0,54.0,3.0,2.0,1.0,2.0,1.0,40.0,50.0,3.0,125.0,1333.1111481419762,1477.0871521413096,36.92717880353274,29.54174304282619,1.0,2.0,1.0,0.0,2,,,,22.0,25.0,0.0,3.0,2.3333333333333335,5.0,2.2,2.6666666666666665,3.3333333333333335,2.0,3.75,3.0,3.0,3.0,3.5,3.0,4.0,4.0
2,2,1.0,34.0,3.0,1.0,1.0,6.0,1.0,40.0,40.0,1.0,100.0,1541.40976503916,1707.8820196633892,42.69705049158473,42.69705049158473,1.0,3.0,1.0,0.0,2,,,,28.0,6.0,2.0,4.0,3.8333333333333335,4.0,4.0,4.5,4.666666666666667,3.4,3.0,1.3333333333333333,3.0,4.333333333333333,4.5,5.666666666666667,4.666666666666667,3.0
2,2,2.0,54.0,2.0,1.0,1.0,6.0,1.0,40.0,40.0,1.0,100.0,1333.1111481419762,1477.0871521413096,36.92717880353274,36.92717880353274,1.0,1.0,5.0,20.0,2,,,,25.0,20.0,5.0,2.0,3.3333333333333335,4.0,3.5,4.0,3.6666666666666665,2.8,3.5,1.0,2.3333333333333335,5.666666666666667,5.5,5.666666666666667,5.0,4.0
2,2,1.0,54.0,1.0,1.0,1.0,2.0,1.0,40.0,40.0,1.0,100.0,2082.9861689718377,2307.948675220796,57.698716880519896,57.698716880519896,1.0,1.0,1.0,0.0,2,,,,30.0,4.0,1.0,5.0,4.166666666666667,5.0,2.1666666666666665,1.25,5.0,4.2,4.0,1.0,1.0,2.0,2.5,6.333333333333333,5.666666666666667,4.0
2,2,1.0,54.0,3.0,1.0,1.0,2.0,1.0,48.0,48.0,1.0,100.0,2707.882019663389,3000.3332777870355,62.50694328722991,62.50694328722991,1.0,1.0,1.0,0.0,2,,,,15.0,45.0,0.0,2.0,1.8333333333333333,1.9999999999999998,2.5,2.0,1.6666666666666665,2.0,2.75,3.6666666666666665,2.0,3.3333333333333335,2.75,4.333333333333333,4.666666666666667,5.0
2,2,1.0,47.0,1.0,2.0,1.0,2.0,1.0,40.0,50.0,3.0,125.0,2082.9861689718377,2307.948675220796,57.698716880519896,46.15897350441592,3.0,2.0,1.0,0.0,2,,,,30.0,20.0,1.0,1.0,2.1666666666666665,1.9999999999999998,2.0,3.5,3.6666666666666665,2.8,3.5,1.0,1.3333333333333335,1.666666666666667,4.0,7.0,7.0,5.0
2,2,1.0,35.0,3.0,1.0,1.0,9.0,1.0,40.0,60.0,3.0,150.0,2499.5834027662054,2769.5384102649555,69.23846025662388,46.158973504415926,2.0,4.0,1.0,0.0,2,,,,20.0,10.0,0.0,25.0,3.8333333333333335,4.0,2.6666666666666665,5.0,4.666666666666667,3.4,3.75,1.6666666666666667,4.333333333333333,3.6666666666666665,5.75,6.0,5.666666666666667,4.0
2,2,2.0,45.6,2.0,4.0,1.0,2.0,1.0,40.0,40.0,1.0,100.0,2916.180636560573,3231.1281453091146,80.77820363272787,80.77820363272787,1.0,1.0,1.0,0.0,2,,,,4.0,6.0,10.0,20.0,3.0,5.0,2.6666666666666665,4.75,3.0,3.2,5.0,3.0,5.333333333333333,5.666666666666667,5.25,5.0,3.6666666666666665,6.0
2,2,2.0,59.0,1.0,1.0,1.0,2.0,1.0,40.0,40.0,1.0,100.0,1416.4305949008499,1569.4050991501413,39.23512747875354,39.23512747875354,1.0,1.0,1.0,0.0,2,,,,27.5,12.5,1.0,0.0,4.333333333333333,4.0,3.333333333333333,5.0,4.333333333333333,3.4,4.25,1.3333333333333333,1.6666666666666665,1.333333333333333,5.0,7.0,6.666666666666667,4.0
2,2,1.0,33.0,3.0,1.0,1.0,2.0,2.0,40.0,40.0,1.0,100.0,2107.9820029995,2335.6440593234456,58.39110148308614,58.39110148308614,1.0,3.0,1.0,0.0,2,,,,20.0,15.0,3.0,2.0,3.6666666666666665,1.9999999999999998,3.8333333333333335,3.0,4.0,2.4,3.75,1.6666666666666667,5.0,3.3333333333333335,5.0,5.0,5.0,3.0
2,2,1.0,33.0,3.0,1.0,1.0,5.0,1.0,40.0,40.0,1.0,100.0,1208.131978003666,1338.610231628062,33.46525579070155,33.46525579070155,1.0,2.0,1.0,0.0,2,,,,36.0,0.0,0.0,4.0,4.833333333333333,4.0,3.5,5.0,3.6666666666666665,3.6,3.5,3.3333333333333335,5.333333333333333,6.0,3.0,2.6666666666666665,4.333333333333333,3.0
2,2,1.0,26.0,3.0,1.0,1.0,6.0,2.0,20.0,28.0,2.2,128.33333333333334,620.7298783536073,687.7687052157969,34.38843526078986,33.65208973107656,1.0,3.0,3.0,40.0,2,,,,25.0,3.0,0.0,1.0,4.166666666666667,4.0,2.0,1.25,2.3333333333333335,3.2,3.25,2.0,5.0,3.0,5.75,6.0,4.333333333333333,3.0
2,2,1.0,35.0,1.0,1.0,1.0,2.0,1.0,40.0,50.0,3.0,125.0,2069.7800366605566,2293.3162806198966,57.33290701549741,45.86632561239793,1.0,3.0,1.0,0.0,2,,,,30.0,10.0,5.0,5.0,4.5,5.0,3.6666666666666665,5.0,5.0,3.0,4.0,1.3333333333333333,3.3333333333333335,2.3333333333333335,4.25,6.666666666666667,6.666666666666667,4.0
2,2,1.0,39.0,1.0,2.0,1.0,3.0,1.0,40.0,60.0,3.0,150.0,2291.2847858690216,2538.743542742876,63.468588568571896,42.31239237904793,2.0,4.0,1.0,0.0,2,,,,25.0,35.0,5.0,10.0,4.166666666666667,5.0,3.6666666666666665,4.25,4.666666666666667,4.0,3.5,1.0,6.0,5.0,6.0,7.0,7.0,5.0
2,2,1.0,41.6,1.0,1.0,1.0,6.0,1.0,24.0,24.0,1.0,100.0,916.5139143476085,1015.4974170971502,42.31239237904793,42.31239237904793,1.0,1.0,3.0,4.0,2,,,,20.0,4.0,0.0,0.0,3.0,5.0,2.0,3.0,3.0,2.6,2.75,4.0,4.333333333333333,4.666666666666667,4.5,4.0,4.0,5.0
2,2,2.0,34.0,2.0,1.0,1.0,2.0,1.0,40.0,60.0,3.0,150.0,1416.4305949008499,1569.4050991501413,39.23512747875354,26.156751652502358,1.0,4.0,1.0,0.0,2,,,,52.0,6.0,0.0,2.0,3.0,4.0,2.8333333333333335,3.25,3.0,2.2,5.0,1.3333333333333333,1.0,2.6666666666666665,1.0,5.666666666666667,5.333333333333333,4.0
2,2,2.0,44.0,2.0,1.0,1.0,5.0,1.0,40.0,50.0,3.0,125.0,1874.6875520746541,2077.1538076987167,51.92884519246792,41.54307615397433,1.0,2.0,3.0,6.0,2,,,,25.0,20.0,2.0,5.0,2.8333333333333335,5.0,2.1666666666666665,1.0,1.6666666666666665,2.8,3.75,1.3333333333333333,2.6666666666666665,1.666666666666667,5.5,7.0,6.666666666666667,5.0
2,2,1.0,41.0,2.0,2.0,1.0,5.0,2.0,60.0,60.0,1.0,100.0,1874.6875520746541,2077.1538076987167,34.61923012831195,34.61923012831195,1.0,2.0,4.0,5.0,2,,,,8.0,36.0,15.0,1.0,3.8333333333333335,5.0,4.5,4.5,3.6666666666666665,3.4,4.0,1.0,1.6666666666666665,3.3333333333333335,3.0,6.666666666666667,5.333333333333333,4.0
2,2,2.0,54.0,3.0,1.0,1.0,2.0,1.0,40.0,55.0,3.0,137.5,1874.6875520746541,2077.1538076987167,51.92884519246792,37.76643286724939,1.0,3.0,1.0,0.0,2,,,,15.0,15.0,15.0,10.0,3.0,4.0,2.8333333333333335,2.5,4.0,2.2,4.0,1.3333333333333333,1.0,1.333333333333333,4.75,4.666666666666667,3.6666666666666665,4.0
2,2,3.0,40.0,1.0,3.0,1.0,2.0,2.0,40.0,60.0,3.0,150.0,2082.9861689718377,2307.948675220796,57.698716880519896,38.46581125367993,3.0,2.0,6.0,80.0,2,,,,20.0,20.0,10.0,30.0,3.5,1.9999999999999998,2.8333333333333335,4.0,4.0,3.6,4.5,2.6666666666666665,3.3333333333333335,2.6666666666666665,3.25,6.0,5.666666666666667,5.0
2,2,2.0,59.0,4.0,1.0,1.0,6.0,1.0,40.0,50.0,3.0,125.0,2416.263956007332,2677.220463256124,66.9305115814031,53.544409265122475,3.0,1.0,1.0,50.0,2,,,,20.0,10.0,5.0,15.0,2.6666666666666665,5.0,2.1666666666666665,2.25,5.0,2.6,4.5,1.3333333333333333,1.3333333333333335,7.0,4.5,5.666666666666667,5.333333333333333,5.0
2,2,2.0,45.0,1.0,1.0,1.0,2.0,1.0,40.0,60.2,3.0,150.5,1499.7500416597236,1661.7230461589734,41.54307615397433,30.61570849302894,1.0,1.0,1.0,0.0,2,,,,30.0,10.0,0.0,0.0,3.5,5.0,2.5,2.75,4.0,2.8,4.0,1.6666666666666667,2.0,2.0,3.75,4.666666666666667,4.333333333333333,5.0
2,2,2.0,59.0,1.0,1.0,1.0,11.0,1.0,40.0,50.0,3.0,125.0,2233.1611398100317,2205.542542909515,55.138563572737866,47.642307554163615,2.0,5.0,1.0,0.0,2,,,,25.0,5.0,5.0,15.0,2.0,3.0,4.333333333333333,4.5,5.0,3.4,4.25,1.3333333333333333,5.0,1.333333333333333,6.5,7.0,7.0,5.0
2,2,1.0,37.0,2.0,1.0,1.0,1.0,1.0,60.0,60.0,1.0,100.0,3124.479253457757,3461.9230128311947,57.69871688051991,57.69871688051991,3.0,2.0,1.0,0.0,2,,,,20.0,15.0,10.0,15.0,3.6666666666666665,4.0,4.333333333333333,3.25,4.666666666666667,3.8,4.0,1.0,2.0,3.6666666666666665,3.25,5.666666666666667,6.333333333333333,7.0
2,2,1.0,76.0,1.0,1.0,1.0,6.0,1.0,40.0,40.0,1.0,100.0,2207.9653391101483,2446.4255957340442,61.1606398933511,61.1606398933511,1.0,4.0,5.0,0.5,2,,,,10.0,10.0,5.0,15.0,4.0,4.0,3.8333333333333335,3.75,4.0,3.8,3.0,1.6666666666666667,4.333333333333333,4.333333333333333,5.5,5.666666666666667,5.333333333333333,5.0
2,2,1.0,47.0,1.0,1.0,1.0,6.0,1.0,40.0,50.0,3.0,125.0,2499.5834027662054,2769.5384102649555,69.23846025662388,55.39076820529911,4.0,3.0,5.0,55.0,2,,,,10.0,10.0,15.0,15.0,4.666666666666667,3.0,4.166666666666667,5.0,5.0,4.6,3.25,1.0,2.0,2.6666666666666665,5.0,7.0,7.0,4.0
2,2,1.0,41.0,2.0,2.0,3.0,2.0,2.0,40.0,40.0,1.0,100.0,3124.479253457757,3461.9230128311947,86.54807532077987,86.54807532077987,2.0,3.0,1.0,0.0,2,,,,16.0,20.0,2.0,2.0,3.5,3.0,2.0,3.25,3.6666666666666665,3.8,3.25,3.3333333333333335,4.0,4.0,5.0,5.0,5.0,4.0
2,2,2.0,32.0,1.0,2.0,1.0,2.0,2.0,40.0,40.0,1.0,100.0,1691.3847692051324,1874.0543242792867,46.85135810698217,46.85135810698217,1.0,2.0,1.0,0.0,2,,,,30.0,5.0,5.0,0.0,3.5,4.0,3.6666666666666665,3.25,5.0,3.4,3.75,1.6666666666666667,1.6666666666666665,2.3333333333333335,5.75,6.666666666666667,5.0,4.0
2,2,2.0,38.0,1.0,2.0,1.0,2.0,2.0,16.0,16.0,1.0,100.0,729.0451591401431,807.7820363272785,50.486377270454916,50.486377270454916,1.0,1.0,1.0,14.0,2,,,,14.0,3.0,0.0,0.0,3.3333333333333335,5.0,2.6666666666666665,3.25,2.3333333333333335,2.4,4.5,1.6666666666666667,4.0,2.3333333333333335,4.75,5.0,5.333333333333333,4.0
2,2,1.0,50.0,1.0,3.0,3.0,4.0,1.0,40.0,40.0,1.0,100.0,1824.69588401933,2021.7630394934174,50.54407598733543,47.08215297450424,1.0,2.0,1.0,0.0,2,,,,20.0,9.0,8.0,3.0,2.8333333333333335,4.0,3.5,4.25,3.3333333333333335,2.8,3.25,1.0,2.0,2.6666666666666665,4.0,5.333333333333333,6.0,4.0
2,2,2.0,43.0,3.0,1.0,1.0,1.0,2.0,40.0,50.0,3.0,125.0,1624.7292117980335,1800.199966672221,45.004999166805526,36.00399933344442,1.0,1.0,1.0,0.0,2,,,,20.0,14.0,1.0,15.0,2.6666666666666665,3.0,2.8333333333333335,1.0,3.6666666666666665,2.8,2.75,3.6666666666666665,4.333333333333333,3.0,6.0,6.333333333333333,5.0,4.0
2,2,2.0,42.0,4.0,2.0,1.0,5.0,1.0,40.0,45.0,3.0,112.5,2249.625062489585,2492.58456923846,62.3146142309615,55.39076820529911,1.0,4.0,3.0,3.0,2,,,,35.0,6.0,2.0,5.0,4.333333333333333,4.0,2.5,4.75,5.0,3.8,4.0,1.3333333333333333,2.3333333333333335,4.333333333333333,3.75,5.0,5.0,2.0
2,2,1.0,35.0,1.0,1.0,1.0,7.0,2.0,40.0,40.0,1.0,100.0,2082.9861689718377,2307.948675220796,57.698716880519896,57.698716880519896,1.0,3.0,2.0,50.0,2,,,,10.0,20.0,5.0,5.0,4.333333333333333,3.0,5.0,4.75,4.0,3.6,1.75,1.0,1.6666666666666665,3.0,4.5,6.0,6.0,4.0
2,2,1.0,44.0,1.0,2.0,1.0,5.0,1.0,40.0,60.0,3.0,150.0,3749.3751041493083,4154.307615397433,103.85769038493584,69.2384602566239,2.0,4.0,1.0,0.0,2,,,,10.0,15.0,5.0,40.0,4.0,3.0,3.8333333333333335,2.75,4.0,3.8,4.0,1.0,3.6666666666666665,2.0,5.5,6.0,5.666666666666667,5.0
2,2,2.0,64.0,2.0,1.0,1.0,5.0,1.0,40.0,40.0,1.0,100.0,1916.3472754540908,2123.3127812031325,53.08281953007831,53.08281953007831,1.0,1.0,1.0,0.0,2,,,,20.0,30.0,10.0,5.0,3.8333333333333335,4.0,3.0,2.0,3.0,3.2,4.0,2.0,2.6666666666666665,3.6666666666666665,5.25,5.0,5.333333333333333,5.0
2,2,1.0,39.0,1.0,3.0,1.0,4.0,1.0,40.0,60.0,3.0,150.0,4165.9723379436755,4615.897350441592,115.39743376103979,76.93162250735986,4.0,5.0,1.0,0.0,2,,,,20.0,10.0,20.0,20.0,3.3333333333333335,5.0,3.1666666666666665,3.5,5.0,4.4,4.0,1.6666666666666667,4.0,5.0,4.5,6.0,6.0,4.0
2,2,1.0,41.0,1.0,2.0,1.0,7.0,1.0,40.0,40.0,1.0,100.0,1774.704215964006,1966.3722712881186,49.15930678220296,49.15930678220296,1.0,2.0,5.0,15.0,2,,,,16.0,16.0,2.0,6.0,4.666666666666667,4.0,3.6666666666666665,5.0,4.666666666666667,4.0,2.0,1.0,1.3333333333333335,2.3333333333333335,3.5,5.333333333333333,5.333333333333333,5.0
2,2,1.0,44.0,2.0,1.0,1.0,2.0,1.0,40.0,40.0,1.0,100.0,1874.6875520746541,2077.1538076987167,51.92884519246792,51.92884519246792,1.0,3.0,1.0,0.0,2,,,,20.0,20.0,2.0,10.0,4.0,3.0,3.0,3.0,2.3333333333333335,3.4,4.75,4.333333333333333,4.333333333333333,3.0,3.5,4.0,3.6666666666666665,5.0
2,2,2.0,54.0,1.0,1.0,1.0,4.0,3.0,2.0,2.0,1.0,100.0,41.659723379436855,46.158973504415826,23.079486752207956,23.079486752207963,1.0,1.0,3.0,42.0,2,,,,2.0,3.0,0.0,0.0,3.0,1.9999999999999998,3.0,2.25,4.333333333333333,2.8,2.75,2.0,3.3333333333333335,2.3333333333333335,6.0,6.0,5.666666666666667,4.0
2,2,1.0,44.0,1.0,2.0,1.0,2.0,1.0,40.0,50.0,3.0,125.0,3541.0764872521245,3923.512747875354,98.08781869688384,78.47025495750708,3.0,3.0,1.0,0.0,2,,,,17.0,19.0,6.0,8.0,2.6666666666666665,5.0,3.0,3.5,3.6666666666666665,2.8,4.25,3.0,6.0,6.333333333333333,5.0,3.6666666666666665,2.6666666666666665,5.0
2,2,1.0,57.0,1.0,1.0,3.0,5.0,1.0,40.0,40.0,1.0,100.0,1666.38893517747,1846.3589401766371,46.158973504415926,46.158973504415926,1.0,2.0,3.0,10.0,2,,,,20.0,0.0,0.0,10.0,1.0,4.0,1.3333333333333333,2.25,3.0,1.4000000000000001,3.5,4.0,3.0,1.666666666666667,6.0,5.0,2.3333333333333335,3.0
2,2,2.0,46.0,3.0,1.0,1.0,4.0,2.0,24.0,24.0,1.0,100.0,1487.2521246458923,1647.8753541076485,68.66147308781869,68.66147308781869,1.0,1.0,2.0,40.0,2,,,,0.0,20.0,3.0,1.0,3.5,5.0,2.5,2.75,3.3333333333333335,2.8,4.0,2.3333333333333335,1.6666666666666665,5.0,3.5,5.0,4.666666666666667,7.0
2,2,2.0,37.0,3.0,3.0,1.0,6.0,1.0,40.0,41.4,1.8,107.5,1333.1111481419762,1477.0871521413096,36.92717880353274,43.91323686792941,1.0,2.0,6.0,15.0,2,,,,27.0,10.0,1.0,2.0,3.5,5.0,3.5,4.75,4.333333333333333,3.0,3.0,1.0,4.666666666666667,5.0,5.25,6.333333333333333,7.0,4.0
2,2,2.0,38.0,3.0,1.0,1.0,1.0,1.0,40.0,48.0,3.0,120.0,1833.0278286952173,2030.9948341943007,50.77487085485752,42.31239237904793,1.0,1.0,7.0,7.0,2,,,,12.0,24.0,6.0,6.0,2.3333333333333335,4.0,2.6,3.0,3.0,2.6,4.5,1.3333333333333333,5.666666666666667,6.0,5.25,7.0,7.0,4.0
2,2,1.0,46.0,1.0,2.0,1.0,7.0,1.0,40.0,40.0,1.0,100.0,2562.0729878353604,2838.776870521579,70.96942176303948,70.96942176303948,1.0,2.0,1.0,0.0,2,,,,21.0,12.0,2.0,3.0,3.0,4.0,2.8333333333333335,2.0,2.6666666666666665,3.0,4.0,1.6666666666666667,4.0,4.666666666666667,5.75,6.0,6.666666666666667,5.0
2,2,2.0,39.0,1.0,1.0,3.0,4.0,1.0,8.0,18.8,3.0,170.0,312.44792534577573,346.1923012831194,43.27403766038993,22.587124368160858,1.0,3.0,2.0,3.0,2,,,,10.0,15.0,10.0,2.5,1.8333333333333333,3.0,3.8333333333333335,2.0,4.0,2.6,5.0,3.3333333333333335,2.6666666666666665,2.0,1.75,4.0,4.0,4.0
2,2,2.0,40.0,1.0,2.0,1.0,4.0,2.0,8.0,7.9999999999999964,1.0,100.0,624.8958506915515,692.3846025662385,86.54807532077986,86.54807532077986,3.0,3.0,6.0,50.0,2,,,,4.0,2.0,1.0,1.0,4.166666666666667,4.0,3.8333333333333335,4.5,4.333333333333333,4.0,4.25,1.0,4.333333333333333,2.3333333333333335,3.75,7.0,7.0,4.0
2,2,2.0,44.0,1.0,2.0,1.0,10.0,1.0,40.0,40.0,1.0,100.0,2916.180636560573,3231.1281453091146,80.77820363272787,80.77820363272787,4.0,4.0,3.0,10.0,2,,,,15.0,10.0,20.0,10.0,3.0,5.0,1.8333333333333333,5.0,4.0,2.8,5.0,3.3333333333333335,3.0,4.666666666666667,3.5,4.0,5.333333333333333,6.0
2,2,2.0,46.0,1.0,2.0,1.0,6.0,1.0,40.0,40.0,1.0,100.0,1458.0903182802863,1615.5640726545573,40.38910181636393,40.38910181636393,1.0,2.0,1.0,0.0,2,,,,25.0,20.0,10.0,2.0,4.166666666666667,4.0,2.3333333333333335,2.0,2.6666666666666665,2.6,3.5,3.3333333333333335,3.0,2.6666666666666665,4.0,3.6666666666666665,3.3333333333333335,4.0
2,2,1.0,41.0,1.0,2.0,1.0,4.0,2.0,40.0,49.0,3.0,122.50000000000001,2082.9861689718377,2307.948675220796,57.698716880519896,47.10099337185298,1.0,1.0,1.0,0.0,2,,,,0.0,45.0,1.0,2.0,3.6666666666666665,5.0,1.6666666666666667,1.0,4.666666666666667,3.4,3.75,2.6666666666666665,3.5,5.333333333333333,4.5,4.666666666666667,6.0,7.0
2,2,1.0,48.0,1.0,2.0,1.0,2.0,1.0,20.0,20.0,1.0,100.0,749.8750208298616,830.8615230794867,41.54307615397433,41.54307615397433,1.0,1.0,3.0,20.0,2,,,,15.0,3.0,0.0,2.0,3.1666666666666665,4.0,2.6666666666666665,2.5,4.666666666666667,2.4,3.0,4.333333333333333,2.3333333333333335,2.6666666666666665,4.25,4.666666666666667,3.0,4.0
2,2,1.0,55.0,1.0,1.0,1.0,2.0,2.0,40.0,50.0,3.0,125.0,2291.2847858690216,2538.743542742876,63.468588568571896,50.77487085485752,3.0,3.0,1.0,0.0,2,,,,25.0,15.0,5.0,5.0,3.5,5.0,3.3333333333333335,4.0,5.0,3.0,3.5,1.6666666666666667,3.0,5.666666666666667,5.25,6.0,6.0,5.0
2,2,2.0,45.0,1.0,2.0,1.0,4.0,1.0,24.0,40.0,3.0,166.66666666666669,1458.0903182802863,1615.5640726545573,67.3151696939399,40.38910181636393,3.0,3.0,2.0,20.0,2,,,,8.0,7.0,15.0,10.0,4.166666666666667,5.0,2.3333333333333335,3.5,1.6666666666666665,4.0,4.25,1.6666666666666667,1.6666666666666665,3.3333333333333335,3.25,5.0,7.0,4.0
2,2,2.0,41.0,1.0,2.0,3.0,12.0,1.0,40.0,60.0,3.0,150.0,2166.3056157307115,2400.2666222296284,60.00666555574071,40.00444370382714,1.0,4.0,1.0,0.0,2,,,,45.0,10.0,0.0,5.0,2.0,3.0,1.8333333333333333,1.0,1.6666666666666665,2.2,4.75,3.0,4.666666666666667,2.3333333333333335,3.5,2.3333333333333335,2.6666666666666665,5.0
2,2,2.0,29.0,2.0,3.0,1.0,2.0,1.0,40.0,40.0,1.0,100.0,1249.7917013831027,1384.7692051324777,34.61923012831194,34.61923012831194,1.0,1.0,1.0,0.0,2,,,,0.0,40.0,0.0,0.0,3.6666666666666665,5.0,3.3333333333333335,2.75,4.333333333333333,2.8,4.0,2.6666666666666665,4.0,3.3333333333333335,4.25,4.333333333333333,4.666666666666667,3.0
2,2,2.0,39.0,1.0,1.0,1.0,1.0,2.0,40.0,60.0,3.0,150.0,2416.263956007332,2677.220463256124,66.9305115814031,44.62034105426873,3.0,2.0,1.0,0.0,2,,,,25.0,10.0,20.0,5.0,3.3333333333333335,4.0,2.3333333333333335,3.75,1.9999999999999998,2.8,4.25,2.0,4.0,5.666666666666667,4.5,5.333333333333333,4.666666666666667,4.0
2,2,1.0,44.0,1.0,2.0,1.0,5.0,2.0,40.0,60.0,3.0,150.0,1458.0903182802863,1615.5640726545573,40.38910181636393,26.92606787757596,3.0,2.0,1.0,0.0,2,,,,15.0,15.0,15.0,15.0,2.3333333333333335,5.0,2.0,3.0,3.6666666666666665,1.6000000000000003,4.5,2.0,4.666666666666667,5.0,5.0,6.0,5.333333333333333,4.0
2,2,2.0,41.0,1.0,1.0,1.0,4.0,5.0,40.0,49.0,3.0,125.0,1833.0278286952173,2030.9948341943007,50.77487085485752,36.664399031137904,1.0,1.0,1.0,0.0,2,,,,2.0,20.0,15.0,5.0,2.6666666666666665,4.0,2.3333333333333335,3.75,4.666666666666667,2.6,4.0,1.6666666666666667,1.6666666666666665,4.0,4.0,5.666666666666667,4.666666666666667,7.0
2,2,1.0,59.0,2.0,3.0,1.0,7.0,2.0,20.0,20.0,1.0,100.0,833.1944675887353,923.1794700883186,46.158973504415926,46.158973504415926,1.0,4.0,3.0,40.0,2,,,,8.0,8.0,2.0,1.0,3.6666666666666665,5.0,3.6666666666666665,5.0,5.0,3.4,2.0,1.0,4.666666666666667,1.0,7.0,7.0,7.0,2.0
2,2,2.0,48.0,1.0,2.0,1.0,4.0,1.0,40.0,50.0,3.0,125.0,1874.6875520746541,2077.1538076987167,51.92884519246792,41.54307615397433,1.0,4.0,1.0,0.0,2,,,,50.0,2.0,0.5,0.0,3.3333333333333335,5.0,3.1666666666666665,2.0,4.666666666666667,3.8,3.75,1.0,3.6666666666666665,3.0,5.25,6.666666666666667,7.0,4.0
2,2,2.0,33.0,2.0,1.0,1.0,4.0,1.0,40.0,40.0,1.0,100.0,2499.5834027662054,2769.5384102649555,69.23846025662388,69.23846025662388,3.0,3.0,6.0,25.0,2,,,,6.0,12.0,12.0,10.0,4.333333333333333,5.0,4.333333333333333,2.75,3.6666666666666665,4.4,4.25,1.0,3.6666666666666665,4.666666666666667,5.0,7.0,7.0,4.0
2,2,2.0,30.0,1.0,1.0,1.0,4.0,2.0,20.0,20.0,1.0,100.0,749.8750208298616,830.8615230794867,41.54307615397433,41.54307615397433,1.0,2.0,2.0,20.0,2,,,,0.0,10.0,5.0,5.0,3.8333333333333335,5.0,2.3333333333333335,3.25,4.666666666666667,3.8,3.5,1.3333333333333333,4.666666666666667,4.333333333333333,5.75,5.333333333333333,6.0,7.0
2,2,2.0,41.0,1.0,2.0,1.0,4.0,1.0,30.0,30.0,1.0,100.0,1441.4264289285118,1597.100483252791,53.23668277509304,53.23668277509304,1.0,2.0,1.0,0.0,2,,,,16.0,10.0,0.0,4.0,3.8333333333333335,4.0,2.6666666666666665,2.5,4.666666666666667,3.0,4.0,1.6666666666666667,6.666666666666668,6.0,6.0,6.333333333333333,5.0,4.0
2,2,2.0,46.0,1.0,2.0,1.0,4.0,2.0,40.0,40.0,1.0,100.0,2082.9861689718377,2307.948675220796,57.698716880519896,57.698716880519896,1.0,1.0,6.0,10.0,2,,,,1.0,38.0,1.0,0.0,4.5,5.0,2.5,2.75,5.0,2.0,4.5,5.5,2.6666666666666665,6.333333333333333,1.25,1.666666666666667,4.333333333333333,7.0
2,2,1.0,51.0,1.0,2.0,1.0,1.0,1.0,40.0,50.0,3.0,125.0,3749.3751041493083,4154.307615397433,103.85769038493584,83.08615230794867,3.0,1.0,1.0,0.0,2,,,,15.0,15.0,5.0,15.0,3.1666666666666665,3.0,3.0,1.25,4.0,2.2,4.0,2.0,1.6666666666666665,1.666666666666667,1.75,7.0,7.0,5.0
2,2,2.0,25.0,2.0,1.0,1.0,4.0,2.0,4.0,10.0,3.0,250.0,312.44792534577573,346.1923012831194,86.54807532077986,34.61923012831194,3.0,1.0,2.0,50.0,2,,,,8.0,0.0,0.0,2.0,3.8333333333333335,3.0,3.8333333333333335,4.0,5.0,4.2,3.0,1.0,1.0,1.0,3.5,7.0,7.0,3.0
2,2,1.0,37.0,2.0,1.0,1.0,4.0,2.0,56.0,32.0,2.0,57.14285714285714,2499.5834027662054,2769.5384102649555,49.456043040445635,86.54807532077986,1.0,2.0,1.0,0.0,2,,,,0.0,50.0,0.0,2.0,4.166666666666667,4.0,3.8333333333333335,4.75,4.333333333333333,4.4,3.5,2.6666666666666665,5.333333333333333,5.666666666666667,5.25,5.0,5.0,7.0
2,2,2.0,31.0,1.0,2.0,1.0,4.0,1.0,40.0,50.0,3.0,125.0,1249.7917013831027,1384.7692051324777,34.61923012831194,27.695384102649555,1.0,2.0,1.0,0.0,2,,,,37.0,5.0,5.0,3.0,3.1666666666666665,5.0,2.6666666666666665,4.0,4.333333333333333,2.2,3.75,1.0,2.3333333333333335,3.6666666666666665,5.25,7.0,5.333333333333333,3.0
2,2,2.0,39.0,3.0,1.0,1.0,4.0,1.0,8.0,7.9999999999999964,1.0,100.0,499.9166805532409,553.9076820529913,69.23846025662388,69.23846025662388,1.0,3.0,3.0,40.0,2,,,,6.0,8.0,0.0,0.0,3.5,3.0,4.166666666666667,4.0,4.333333333333333,3.4,2.0,1.0,3.6666666666666665,2.0,5.5,7.0,4.666666666666667,4.0
2,2,2.0,28.0,1.0,1.0,1.0,1.0,2.0,40.0,50.0,3.0,125.0,1458.0903182802863,1615.5640726545573,40.38910181636393,32.31128145309115,1.0,1.0,1.0,0.0,2,,,,2.0,30.0,4.0,4.0,3.0,3.0,2.8333333333333335,2.25,4.333333333333333,2.4,3.5,2.6666666666666665,4.0,4.333333333333333,4.25,4.0,3.6666666666666665,3.0
2,2,2.0,40.0,4.0,2.0,1.0,4.0,2.0,40.0,40.0,1.0,100.0,1249.7917013831027,1384.7692051324777,34.61923012831194,34.61923012831194,1.0,3.0,1.0,0.0,2,,,,24.0,8.0,16.0,5.0,3.3333333333333335,4.0,3.5,4.0,4.333333333333333,3.6,3.0,2.3333333333333335,5.0,5.0,6.75,6.666666666666667,5.333333333333333,7.0
2,2,2.0,41.0,1.0,2.0,1.0,4.0,1.0,40.0,96.0,3.0,240.0,2166.3056157307115,2400.2666222296284,60.00666555574071,25.002777314891958,3.0,3.0,1.0,0.0,2,,,,10.0,22.0,32.0,32.0,3.5,5.0,3.1666666666666665,1.75,3.6666666666666665,2.4,3.75,1.0,2.0,1.333333333333333,4.0,6.333333333333333,5.666666666666667,4.0
2,2,2.0,33.0,1.0,2.0,1.0,4.0,4.0,16.0,16.0,1.0,100.0,583.2361273121146,646.2256290618229,40.38910181636393,40.38910181636393,1.0,1.0,7.0,9.0,2,,,,7.0,8.0,0.0,1.0,4.5,3.0,4.166666666666667,4.5,4.666666666666667,4.2,3.25,1.0,3.6666666666666665,4.0,6.5,7.0,7.0,7.0
2,2,2.0,31.0,1.0,1.0,1.0,4.0,1.0,1.0,2.5,3.0,250.0,133.31111481419748,147.7087152141312,147.70871521413096,49.23623840471032,1.0,1.0,2.0,52.0,2,,,,2.5,0.0,0.0,0.0,3.3333333333333335,3.0,3.6666666666666665,1.25,4.0,3.8,3.75,1.0,4.333333333333333,2.3333333333333335,5.75,7.0,6.666666666666667,4.0
2,2,2.0,34.0,1.0,2.0,1.0,4.0,1.0,20.0,33.0,3.0,166.0,916.5139143476085,1015.4974170971502,50.77487085485752,26.492205132529783,1.0,2.0,1.0,0.0,2,,,,5.0,15.0,1.0,2.0,3.5,4.0,3.1666666666666665,4.0,3.0,3.4,3.75,1.3333333333333333,1.5,2.3333333333333335,3.75,5.0,5.666666666666667,4.0
2,2,1.0,50.0,1.0,2.0,1.0,4.0,1.0,40.0,40.0,1.0,100.0,1833.0278286952173,2030.9948341943007,50.77487085485752,50.77487085485752,1.0,1.0,2.0,8.0,2,,,,25.0,5.0,5.0,5.0,2.1666666666666665,4.0,2.0,2.25,3.0,2.6,4.25,2.3333333333333335,2.0,2.0,5.5,5.666666666666667,6.333333333333333,5.0
2,2,1.0,45.0,2.0,1.0,1.0,9.0,2.0,40.0,48.0,3.0,120.0,1666.38893517747,1846.3589401766371,46.158973504415926,38.46581125367994,1.0,3.0,1.0,0.0,2,,,,12.0,18.0,14.0,2.0,3.5,3.0,3.0,4.25,4.333333333333333,3.6,3.75,1.0,4.333333333333333,5.666666666666667,6.5,7.0,7.0,7.0
2,2,2.0,28.0,2.0,1.0,1.0,4.0,1.0,8.0,15.0,3.0,187.5,333.27778703549393,369.2717880353275,46.158973504415926,24.61811920235516,3.0,4.0,3.0,18.0,2,,,,1.0,10.0,5.0,5.0,4.5,5.0,3.8333333333333335,3.0,4.666666666666667,3.4,5.0,1.6666666666666667,4.0,2.6666666666666665,4.0,6.666666666666667,6.666666666666667,4.0
2,2,2.0,39.0,3.0,1.0,1.0,1.0,2.0,40.0,40.0,1.0,100.0,2499.5834027662054,2769.5384102649555,69.23846025662388,69.23846025662388,1.0,1.0,1.0,0.0,2,,,,8.0,24.0,2.0,6.0,2.8333333333333335,4.0,3.1666666666666665,2.25,4.0,2.8,4.0,2.0,2.6666666666666665,4.333333333333333,4.5,6.666666666666667,5.666666666666667,7.0
2,2,1.0,72.0,1.0,1.0,1.0,4.0,1.0,20.0,20.0,1.0,100.0,833.1944675887353,923.1794700883186,46.158973504415926,46.158973504415926,1.0,3.0,2.0,10.0,2,,,,12.0,5.0,3.0,1.0,3.0,5.0,3.5,3.75,3.0,2.8,3.0,1.3333333333333333,2.3333333333333335,2.0,3.25,7.0,7.0,5.0
2,2,2.0,32.0,3.0,1.0,1.0,9.0,1.0,30.0,40.0,3.0,133.33333333333331,999.8333611064822,1107.815364105982,36.92717880353273,27.695384102649555,1.0,2.0,5.0,8.0,2,,,,5.0,25.0,1.0,5.0,2.1666666666666665,1.9999999999999998,4.833333333333333,5.0,5.0,3.0,3.75,1.0,3.6666666666666665,3.0,5.75,6.0,6.666666666666667,7.0
2,2,2.0,47.0,1.0,2.0,1.0,9.0,2.0,40.0,25.0,2.0,62.49999999999999,1249.7917013831027,1384.7692051324777,34.61923012831194,55.39076820529911,4.0,5.0,5.0,25.0,2,,,,25.0,5.0,1.0,1.0,3.1666666666666665,3.0,4.166666666666667,4.0,5.0,2.8,4.0,1.0,1.0,2.6666666666666665,2.5,7.0,7.0,4.0
2,2,2.0,50.0,1.0,2.0,1.0,4.0,1.0,40.0,40.0,1.0,100.0,1249.7917013831027,1384.7692051324777,34.61923012831194,34.61923012831194,1.0,3.0,3.0,15.0,2,,,,30.0,10.0,5.0,5.0,3.3333333333333335,1.9999999999999998,3.6666666666666665,5.0,4.0,2.4,4.0,2.0,3.0,2.6666666666666665,5.5,6.666666666666667,6.666666666666667,3.0
2,2,2.0,58.0,2.0,1.0,1.0,4.0,1.0,8.0,7.9999999999999964,1.0,100.0,229.12847858690202,253.87435427428773,31.73429428428595,31.734294284285948,2.0,3.0,2.0,15.0,2,,,,6.0,0.0,1.0,1.0,4.0,4.0,3.8,4.75,5.0,3.8,3.0,1.6666666666666667,2.3333333333333335,3.0,5.75,6.0,5.666666666666667,4.0
2,2,1.0,26.0,1.0,2.0,1.0,4.0,2.0,40.0,54.0,3.0,135.0,1458.0903182802863,1615.5640726545573,40.38910181636393,29.917853197306613,1.0,1.0,1.0,0.0,2,,,,12.0,35.0,5.0,2.0,3.6666666666666665,4.0,3.0,4.5,3.0,3.8,4.75,1.0,3.6666666666666665,3.0,4.5,5.0,7.0,7.0
2,2,2.0,46.0,1.0,2.0,1.0,9.0,4.0,6.0,11.999999999999996,3.0,200.0,208.29861689718382,230.79486752207958,38.46581125367994,19.232905626839965,1.0,2.0,7.0,24.0,2,,,,3.0,3.0,1.0,1.0,2.3333333333333335,3.0,2.5,1.25,2.6666666666666665,2.2,4.0,1.3333333333333333,2.6666666666666665,2.6666666666666665,3.75,4.0,4.0,8.0
2,2,1.0,58.0,2.0,2.0,1.0,9.0,1.0,40.0,40.0,1.0,100.0,2294.6175637393767,2542.4362606232294,63.56090651558073,63.56090651558073,4.0,5.0,5.0,20.0,2,,,,45.0,10.0,1.0,2.0,4.5,5.0,4.0,4.75,4.666666666666667,4.0,4.0,1.0,2.6666666666666665,2.6666666666666665,5.5,7.0,7.0,5.0
2,2,2.0,34.0,3.0,1.0,1.0,4.0,1.0,10.0,15.0,3.0,150.0,283.28611898017016,313.88101983002844,31.388101983002834,20.92540132200189,1.0,3.0,6.0,35.0,2,,,,2.5,0.0,0.0,2.0,3.5,1.9999999999999998,4.666666666666667,4.75,5.0,3.4,3.0,1.0,1.0,1.0,1.5,6.333333333333333,6.333333333333333,2.0
2,2,1.0,50.0,1.0,2.0,1.0,4.0,2.0,28.0,35.0,3.0,125.0,1333.1111481419762,1477.0871521413096,52.753112576475345,42.20249006118028,1.0,1.0,2.0,12.0,2,,,,2.0,8.0,0.0,4.0,3.5,5.0,4.0,4.25,4.333333333333333,3.4,1.75,1.0,3.6666666666666665,5.333333333333333,4.0,6.666666666666667,7.0,7.0
2,2,1.0,33.0,2.0,1.0,1.0,9.0,1.0,36.0,36.0,1.0,100.0,1374.770871521413,1523.2461256457257,42.312392379047935,42.312392379047935,1.0,2.0,5.0,20.0,2,,,,33.0,1.0,0.0,2.0,3.1666666666666665,1.9999999999999998,4.166666666666667,3.0,4.0,3.0,3.25,1.6666666666666667,4.333333333333333,2.0,6.0,5.333333333333333,5.666666666666667,4.0
2,2,1.0,37.0,3.0,1.0,1.0,4.0,1.0,4.0,7.0,3.0,175.0,374.9375104149308,415.43076153974357,103.85769038493584,59.347251648534765,1.0,1.0,2.0,40.0,2,,,,6.0,1.0,0.0,0.0,2.6666666666666665,1.9999999999999998,2.1666666666666665,2.5,3.6666666666666665,2.0,3.75,1.0,2.3333333333333335,1.0,3.5,5.333333333333333,5.666666666666667,4.0
2,2,2.0,50.0,1.0,1.0,1.0,4.0,1.0,40.0,60.0,3.0,150.0,1874.6875520746541,2077.1538076987167,51.92884519246792,34.61923012831195,4.0,5.0,2.0,10.0,2,,,,15.0,25.0,10.0,20.0,3.8333333333333335,5.0,2.8333333333333335,3.5,3.3333333333333335,4.8,4.25,1.3333333333333333,3.0,4.333333333333333,7.0,7.0,7.0,6.0
2,2,2.0,40.0,1.0,2.0,1.0,4.0,1.0,40.0,70.0,3.0,175.0,2099.6500583236125,2326.412264622563,58.16030661556407,41.330034737800105,1.0,3.0,1.0,0.0,2,,,,20.0,20.0,20.0,0.0,3.8333333333333335,5.0,3.3333333333333335,4.5,5.0,4.0,3.5,1.0,1.0,1.0,5.5,7.0,7.0,4.0
2,2,2.0,27.0,2.0,1.0,1.0,1.0,2.0,40.0,40.0,1.0,100.0,249.95834027662067,276.9538410264954,6.923846025662385,6.923846025662385,1.0,2.0,1.0,0.0,2,,,,0.0,35.0,0.0,0.0,4.5,4.0,3.5,4.5,5.0,4.4,3.75,1.0,4.333333333333333,2.0,5.75,6.666666666666667,7.0,7.0
2,2,1.0,35.0,1.0,2.0,1.0,1.0,2.0,40.0,40.0,1.0,100.0,3332.7778703549407,3692.7178803532743,92.31794700883185,92.31794700883185,1.0,2.0,1.0,0.0,2,,,,4.0,24.0,8.0,4.0,3.5,3.0,4.333333333333333,2.75,3.6666666666666665,3.4,1.75,1.6666666666666667,2.6666666666666665,2.3333333333333335,5.75,6.666666666666667,6.0,7.0
2,2,2.0,64.0,5.0,3.0,1.0,4.0,1.0,40.0,53.400000000000006,3.0,133.5,1874.6875520746541,2077.1538076987167,51.92884519246792,43.97691293875262,1.0,2.0,5.0,2.0,2,,,,15.0,25.0,5.0,5.0,3.2,5.0,1.8333333333333333,3.25,4.0,3.4,4.0,1.0,4.0,4.0,7.0,6.666666666666667,6.333333333333333,5.0
2,2,1.0,41.0,2.0,2.0,3.0,1.0,1.0,40.0,40.0,1.0,100.0,2499.5834027662054,2769.5384102649555,69.23846025662388,69.23846025662388,1.0,1.0,1.0,0.0,2,,,,12.0,28.0,5.0,5.0,3.6666666666666665,4.0,2.8333333333333335,4.0,4.666666666666667,2.6,3.25,3.0,1.6666666666666665,3.3333333333333335,4.5,5.0,5.0,9.0
2,2,1.0,42.0,1.0,2.0,1.0,1.0,1.0,40.0,60.0,3.0,150.0,1958.0069988335276,2169.471754707549,54.23679386768872,36.157862578459145,3.0,3.0,5.0,2.0,2,,,,30.0,8.0,4.0,4.0,4.0,4.0,3.3333333333333335,3.5,4.666666666666667,3.8,4.0,1.0,6.0,2.6666666666666665,6.25,6.666666666666667,6.666666666666667,2.0
2,2,2.0,29.0,2.0,3.0,1.0,4.0,2.0,8.0,10.0,3.0,125.0,301.616397267122,334.19096817197124,41.77387102149641,33.41909681719713,1.0,1.0,2.0,45.0,2,,,,9.0,0.5,0.0,0.0,1.6666666666666667,1.0,2.3333333333333335,1.0,2.6666666666666665,1.6000000000000003,4.25,2.0,3.6666666666666665,2.0,5.5,6.0,4.666666666666667,3.0
2,2,1.0,32.0,3.0,1.0,1.0,1.0,2.0,40.0,50.0,3.0,125.0,1791.3681053157807,1984.8358606898848,49.62089651724712,39.6967172137977,1.0,2.0,1.0,0.0,2,,,,3.0,23.0,20.0,4.0,3.8333333333333335,4.0,3.6666666666666665,4.0,4.0,2.6,3.25,1.0,2.0,3.3333333333333335,4.75,6.333333333333333,6.333333333333333,7.0
2,2,2.0,24.0,3.0,1.0,1.0,1.0,2.0,40.0,50.0,3.0,125.0,1458.0903182802863,1615.5640726545573,40.38910181636393,32.31128145309115,1.0,1.0,1.0,0.0,2,,,,0.0,50.0,5.0,2.0,4.333333333333333,4.0,3.833333333333333,4.75,3.3333333333333335,4.4,3.25,3.0,5.333333333333333,4.0,6.0,7.0,7.0,7.0
2,2,2.0,30.0,2.0,1.0,1.0,1.0,2.0,40.0,40.0,1.0,100.0,1791.3681053157807,1984.8358606898848,49.62089651724712,49.62089651724712,1.0,1.0,1.0,0.0,2,,,,1.0,38.0,0.5,0.5,4.0,5.0,3.6666666666666665,3.0,4.333333333333333,3.6,3.0,1.3333333333333333,1.0,3.0,2.75,6.0,6.333333333333333,7.0
2,2,1.0,38.0,1.0,2.0,1.0,10.0,1.0,40.0,55.0,3.0,137.5,1874.6875520746541,2077.1538076987167,51.92884519246792,37.76643286724939,1.0,1.0,5.0,55.0,2,,,,30.0,20.0,10.0,5.0,4.0,5.0,2.0,1.25,3.3333333333333335,3.2,4.25,1.6666666666666667,5.0,6.333333333333333,4.75,6.0,5.666666666666667,4.0
2,2,1.0,36.0,2.0,1.0,1.0,1.0,2.0,40.0,40.0,1.0,100.0,2082.9861689718377,2307.948675220796,57.698716880519896,57.698716880519896,1.0,2.0,1.0,0.0,2,,,,17.0,15.0,6.0,2.0,3.6666666666666665,3.0,4.0,4.75,5.0,3.8,2.0,1.0,3.6666666666666665,3.6666666666666665,4.75,6.666666666666667,7.0,4.0
2,2,2.0,69.0,5.0,1.0,1.0,9.0,1.0,40.0,60.0,3.0,150.0,2916.180636560573,3231.1281453091146,80.77820363272787,53.85213575515191,2.0,5.0,1.0,0.0,2,,,,8.0,6.0,10.0,36.0,3.6666666666666665,4.0,4.0,3.75,5.0,3.8,4.0,1.0,3.0,2.3333333333333335,6.25,7.0,6.0,4.0
2,2,2.0,43.0,4.0,2.0,1.0,9.0,2.0,6.0,6.0,1.0,100.0,416.59723379436764,461.58973504415917,76.93162250735988,76.93162250735988,3.0,2.0,5.0,12.0,2,,,,6.0,20.0,20.0,2.0,2.8333333333333335,4.0,3.1666666666666665,2.25,1.9999999999999998,2.4,4.75,1.0,3.0,3.0,5.25,7.0,7.0,4.0
2,2,2.0,58.0,3.0,3.0,1.0,9.0,1.0,40.0,40.0,1.0,100.0,1749.7083819363438,1938.6768871854688,48.46692217963672,48.46692217963672,2.0,4.0,5.0,4.0,2,,,,15.0,5.0,5.0,15.0,3.5,5.0,2.6666666666666665,1.6666666666666667,4.0,3.4,4.0,1.0,1.3333333333333335,2.3333333333333335,4.0,6.333333333333333,7.0,6.0
2,2,1.0,28.0,2.0,1.0,1.0,1.0,2.0,40.0,40.0,1.0,100.0,2291.2847858690216,2538.743542742876,63.468588568571896,63.468588568571896,1.0,2.0,1.0,0.0,2,,,,35.0,5.0,0.0,0.0,4.166666666666667,3.0,4.333333333333333,3.25,4.0,4.2,2.25,1.0,4.0,3.3333333333333335,5.75,7.0,6.666666666666667,2.0
2,2,2.0,44.0,1.0,2.0,1.0,9.0,1.0,40.0,40.0,1.0,100.0,1541.40976503916,1707.8820196633892,42.69705049158473,42.69705049158473,1.0,4.0,6.0,2.5,2,,,,30.0,5.0,0.0,5.0,3.8333333333333335,1.9999999999999998,2.5,1.5,4.0,4.6,3.5,1.0,2.0,1.0,5.75,7.0,7.0,4.0
2,2,2.0,44.0,1.0,1.0,1.0,8.0,1.0,40.0,40.0,1.0,100.0,1583.0694884185968,1754.0409931678053,43.85102482919514,43.85102482919513,1.0,3.0,1.0,0.0,2,,,,30.0,5.0,1.0,4.0,2.5,4.0,3.0,2.25,4.333333333333333,3.0,2.0,1.0,1.0,1.0,3.25,6.666666666666667,5.333333333333333,4.0
2,2,1.0,52.0,1.0,1.0,1.0,1.0,1.0,40.0,52.5,3.0,131.25,2707.882019663389,3000.3332777870355,75.00833194467589,57.14920529118163,2.0,4.0,1.0,0.0,2,,,,20.0,5.0,0.0,20.0,3.5,4.0,3.6666666666666665,4.0,3.6666666666666665,4.4,4.0,1.3333333333333333,4.0,4.0,5.0,6.333333333333333,6.0,5.0
2,2,1.0,27.0,2.0,1.0,1.0,1.0,2.0,25.0,40.0,3.0,160.0,1333.1111481419762,1477.0871521413096,59.08348608565238,36.92717880353274,1.0,2.0,1.0,0.0,2,,,,1.0,39.0,0.0,0.0,4.833333333333333,4.0,4.833333333333333,4.5,5.0,4.8,1.75,1.0,4.333333333333333,3.6666666666666665,5.0,7.0,7.0,7.0
2,2,2.0,26.0,1.0,1.0,1.0,1.0,2.0,40.0,40.0,1.0,100.0,1749.7083819363438,1938.6768871854688,48.46692217963672,48.46692217963672,1.0,1.0,1.0,0.0,2,,,,0.0,40.0,0.0,0.0,4.833333333333333,5.0,4.166666666666667,5.0,5.0,4.8,2.25,1.0,1.6666666666666665,2.0,3.25,6.333333333333333,7.0,7.0
2,2,1.0,47.0,1.0,3.0,1.0,1.0,2.0,43.0,55.0,3.0,127.90697674418605,2249.625062489585,2492.58456923846,57.96708300554558,45.319719440699274,3.0,2.0,1.0,0.0,2,,,,20.0,10.0,15.0,10.0,2.3333333333333335,4.0,1.6666666666666667,1.5,2.6666666666666665,1.8,4.75,3.0,5.333333333333333,5.333333333333333,5.75,4.666666666666667,3.3333333333333335,3.0
2,2,1.0,44.0,1.0,2.0,1.0,9.0,1.0,40.0,40.0,1.0,100.0,1833.0278286952173,2030.9948341943007,50.77487085485752,50.77487085485752,4.0,5.0,5.0,30.0,2,,,,20.0,5.0,5.0,10.0,3.0,3.0,3.6666666666666665,3.25,5.0,2.2,4.25,1.3333333333333333,2.6666666666666665,2.3333333333333335,3.5,7.0,7.0,5.0
2,2,2.0,56.0,1.0,3.0,1.0,9.0,1.0,20.0,30.0,3.0,150.0,833.1944675887353,923.1794700883186,46.158973504415926,30.77264900294395,2.0,1.0,5.0,25.0,2,,,,10.0,20.0,0.0,0.0,2.1666666666666665,1.9999999999999998,4.0,5.0,5.0,2.6,2.0,1.0,1.0,1.0,1.0,7.0,7.0,4.0
2,2,2.0,27.0,1.0,1.0,1.0,1.0,3.0,40.0,50.0,3.0,125.0,1041.4930844859189,1153.974337610398,28.849358440259948,23.079486752207956,2.0,1.0,1.0,0.0,2,,,,10.0,20.0,10.0,10.0,1.6666666666666667,5.0,1.0,2.0,1.6666666666666665,1.0,4.25,1.0,4.0,2.0,7.0,5.666666666666667,5.666666666666667,7.0
2,2,1.0,53.0,1.0,2.0,1.0,9.0,7.0,40.0,65.0,3.0,162.5,2207.9653391101483,2446.4255957340442,61.1606398933511,37.637316857446834,4.0,5.0,6.0,12.0,2,,,,12.0,6.0,6.0,20.0,1.8333333333333333,4.0,2.1666666666666665,2.75,3.3333333333333335,2.0,4.0,1.0,2.6666666666666665,1.333333333333333,5.25,7.0,7.0,5.0
2,2,1.0,49.0,1.0,1.0,1.0,2.0,1.0,40.0,40.0,1.0,100.0,2582.902849525079,2861.8563572737876,71.5464089318447,71.5464089318447,1.0,1.0,1.0,0.0,2,,,,25.0,15.0,0.0,0.0,4.0,4.0,3.6666666666666665,4.75,5.0,3.6,3.0,2.3333333333333335,2.6666666666666665,5.333333333333333,4.25,4.666666666666667,5.666666666666667,5.0
2,2,1.0,41.0,3.0,1.0,1.0,1.0,1.0,40.0,60.0,3.0,150.0,2082.9861689718377,2307.948675220796,57.698716880519896,38.46581125367993,3.0,2.0,1.0,0.0,2,,,,20.0,30.0,5.0,5.0,4.333333333333333,5.0,3.8333333333333335,3.25,4.333333333333333,3.2,3.75,1.6666666666666667,4.333333333333333,5.333333333333333,5.25,6.666666666666667,7.0,4.0
2,2,2.0,26.0,1.0,1.0,1.0,1.0,2.0,28.0,40.0,3.0,142.85714285714286,1666.38893517747,1846.3589401766371,65.94139072059419,46.158973504415926,1.0,1.0,1.0,0.0,2,,,,5.0,25.0,5.0,5.0,3.8333333333333335,5.0,3.1666666666666665,4.25,4.333333333333333,3.8,3.5,2.0,4.666666666666667,4.666666666666667,4.25,5.333333333333333,5.0,7.0
2,2,1.0,41.0,1.0,1.0,1.0,1.0,2.0,40.0,50.0,3.0,125.0,2499.5834027662054,2769.5384102649555,69.23846025662388,55.39076820529911,2.0,3.0,3.0,1.0,2,,,,8.0,4.0,2.0,8.0,3.6666666666666665,4.0,4.166666666666667,4.15,4.333333333333333,4.2,4.0,1.0,3.3333333333333335,2.6666666666666665,5.0,7.0,6.333333333333333,4.0
2,2,1.0,52.0,2.0,1.0,1.0,1.0,1.0,40.0,50.0,3.0,125.0,1541.40976503916,1707.8820196633892,42.69705049158473,34.15764039326778,1.0,2.0,5.0,2.0,2,,,,6.0,30.0,6.0,8.0,2.1666666666666665,3.0,2.8333333333333335,3.25,2.6666666666666665,2.0,3.75,1.3333333333333333,3.3333333333333335,3.0,4.5,6.0,7.0,7.0
2,2,1.0,58.0,3.0,1.0,1.0,1.0,1.0,40.0,43.0,1.4000000000000001,107.5,1353.9410098316946,1500.1666388935178,37.504165972337944,36.066943388223166,1.0,3.0,1.0,0.0,2,,,,6.0,20.0,20.0,1.0,2.8,4.0,3.1666666666666665,2.0,4.0,3.0,4.0,1.6666666666666667,4.333333333333333,3.5,5.5,6.0,7.0,4.0
2,2,1.0,30.0,2.0,1.0,1.0,1.0,2.0,40.0,55.0,3.0,137.5,1166.4722546242292,1292.4512581236459,32.31128145309115,23.49911378406629,3.0,3.0,1.0,0.0,2,,,,6.0,47.0,1.0,1.0,3.3333333333333335,4.0,3.6666666666666665,3.75,5.0,2.4,4.0,1.0,2.3333333333333335,2.6666666666666665,2.75,6.0,6.0,7.0
2,2,1.0,39.0,2.0,2.0,1.0,9.0,1.0,10.0,23.0,3.0,130.0,208.29861689718382,230.79486752207958,23.079486752207956,29.818696883852688,1.0,4.0,7.0,0.0,2,,,,7.0,1.0,1.0,1.0,3.8,3.0,3.3333333333333335,5.0,5.0,2.5,3.45,1.0,1.0,1.0,1.0,7.0,5.5,4.0
2,2,2.0,42.2,2.0,1.0,1.0,9.0,3.0,40.0,45.0,3.0,112.5,1992.167972004666,2207.3221129811695,55.183052824529234,47.63773916468467,1.0,4.0,3.0,5.0,2,,,,20.0,5.0,2.0,13.0,3.3333333333333335,3.0,3.6666666666666665,5.0,4.333333333333333,3.4,3.25,1.0,2.3333333333333335,2.0,4.5,7.0,7.0,4.0
2,2,2.0,41.0,1.0,2.0,1.0,4.0,2.0,32.0,32.0,1.0,100.0,2082.9861689718377,2307.948675220796,72.12339610064987,72.12339610064987,3.0,1.0,3.0,6.0,2,,,,10.0,10.0,7.0,5.0,2.4,4.0,2.8333333333333335,3.5,4.666666666666667,4.0,4.0,1.0,3.0,4.0,7.0,7.0,7.0,4.0
2,2,1.0,42.0,3.0,1.0,1.0,9.0,1.0,40.0,16.0,2.0,40.0,999.8333611064822,1107.815364105982,27.695384102649562,69.23846025662388,1.0,1.0,5.0,40.0,2,,,,15.0,0.0,0.0,1.0,2.0,3.0,3.1666666666666665,4.5,3.3333333333333335,1.8,5.0,1.0,1.0,1.666666666666667,1.5,6.333333333333333,5.0,4.0
2,2,2.0,47.0,1.0,2.0,1.0,1.0,1.0,40.0,40.0,1.0,100.0,2187.1354774204297,2423.3461089818356,60.58365272454589,60.58365272454589,3.0,2.0,1.0,0.0,2,,,,22.0,10.0,5.0,3.0,3.0,4.0,3.5,4.0,3.3333333333333335,3.8,1.75,1.0,4.333333333333333,3.0,5.0,6.333333333333333,6.333333333333333,4.0
2,2,1.0,42.0,1.0,2.0,1.0,4.0,1.0,40.0,45.0,3.0,112.5,2499.5834027662054,2769.5384102649555,69.23846025662388,61.5452980058879,1.0,4.0,1.0,0.0,2,,,,20.0,8.0,4.0,8.0,3.1666666666666665,4.0,3.3333333333333335,1.75,3.0,3.0,3.6666666666666665,2.3333333333333335,2.6666666666666665,2.0,3.0,5.666666666666667,4.0,5.0
2,2,1.0,53.0,1.0,2.0,1.0,9.0,2.0,40.0,40.0,1.0,100.0,1458.0903182802863,1615.5640726545573,40.38910181636393,40.38910181636393,2.0,2.0,5.0,0.0,2,,,,30.0,10.0,5.0,8.0,3.1666666666666665,3.0,2.5,2.5,2.3333333333333335,2.8,3.25,1.0,2.0,3.6666666666666665,3.5,5.333333333333333,6.333333333333333,5.0
2,2,1.0,48.0,1.0,2.0,1.0,9.0,2.0,26.0,30.0,3.0,115.38461538461537,1083.1528078653557,1200.1333111148142,46.158973504415926,40.00444370382714,1.0,3.0,4.0,30.0,2,,,,32.0,2.0,0.0,1.0,3.5,4.0,4.833333333333333,4.25,5.0,2.8,3.0,1.0,1.0,4.0,3.5,6.666666666666667,5.666666666666667,4.0
2,2,2.0,35.0,1.0,1.0,1.0,5.0,2.0,20.0,20.0,1.0,100.0,1458.0903182802863,1615.5640726545573,80.77820363272787,80.77820363272787,4.0,4.0,2.0,40.0,2,,,,15.0,40.0,1.0,2.0,3.0,1.9999999999999998,3.6666666666666665,4.25,4.333333333333333,3.4,4.0,1.3333333333333333,1.3333333333333335,3.0,3.5,5.666666666666667,5.0,4.0
2,2,2.0,47.0,1.0,2.0,1.0,4.0,1.0,40.0,40.0,1.0,100.0,1666.38893517747,1846.3589401766371,46.158973504415926,46.158973504415926,1.0,1.0,3.0,20.0,2,,,,30.0,5.0,0.0,0.0,3.5,4.0,3.6666666666666665,5.0,5.0,3.0,2.25,1.0,2.3333333333333335,2.0,5.75,6.0,5.0,3.0
2,2,2.0,48.0,1.0,2.0,1.0,9.0,2.0,24.0,20.2,1.4,85.0,833.1944675887353,923.1794700883186,38.46581125367994,55.69849469532855,1.0,3.0,5.0,30.0,2,,,,7.0,3.0,1.0,0.5,3.1666666666666665,1.9999999999999998,4.5,3.25,4.333333333333333,3.2,3.0,1.0,3.3333333333333335,1.666666666666667,5.5,6.666666666666667,6.333333333333333,4.0
2,2,1.0,39.0,2.0,2.0,1.0,9.0,2.0,20.0,22.2,2.2,96.0,916.5139143476085,1015.4974170971502,50.77487085485752,50.92873409987224,1.0,2.0,6.0,15.0,2,,,,10.0,5.0,2.0,5.0,2.3333333333333335,3.0,3.5,3.25,4.0,2.4,3.5,2.3333333333333335,2.6666666666666665,1.666666666666667,3.75,5.0,5.333333333333333,4.0
2,2,1.0,59.0,4.0,1.0,1.0,1.0,1.0,40.0,40.0,1.0,100.0,1624.7292117980335,1800.199966672221,45.004999166805526,45.004999166805526,3.0,2.0,1.0,0.0,2,,,,20.0,10.0,6.0,4.0,2.8333333333333335,5.0,1.8333333333333333,1.75,1.6666666666666665,2.0,4.0,1.0,3.0,3.0,4.25,6.666666666666667,3.3333333333333335,2.0
2,2,2.0,40.0,2.0,2.0,1.0,1.0,2.0,15.0,34.0,2.2,174.44444444444446,541.5764039326777,600.0666555574071,40.00444370382715,24.801216463922678,1.0,1.0,2.0,26.0,2,,,,4.0,10.0,2.0,1.0,3.0,5.0,2.5,4.75,4.333333333333333,2.8,3.25,1.0,3.3333333333333335,6.0,6.75,6.0,6.666666666666667,7.0
2,2,2.0,51.0,1.0,1.0,1.0,9.0,4.0,10.0,10.0,1.0,100.0,416.59723379436764,461.58973504415917,46.158973504415926,46.158973504415926,1.0,2.0,6.0,42.0,2,,,,6.0,0.0,0.0,0.0,3.6666666666666665,1.0,4.833333333333333,4.0,5.0,3.8,3.5,1.0,1.0,1.0,4.25,6.666666666666667,6.333333333333333,8.0
2,2,2.0,31.0,3.0,1.0,1.0,2.0,2.0,40.0,40.0,1.0,100.0,1708.0486585569074,1892.517913681053,47.312947842026325,47.312947842026325,1.0,1.0,1.0,0.0,2,,,,24.0,12.0,0.0,4.0,2.6666666666666665,5.0,2.5,1.0,2.3333333333333335,3.0,4.0,2.0,4.0,3.3333333333333335,3.75,6.0,6.0,4.0
2,2,1.0,40.0,1.0,2.0,1.0,2.0,1.0,40.0,40.0,1.0,100.0,2916.180636560573,3231.1281453091146,80.77820363272787,80.77820363272787,4.0,4.0,1.0,0.0,2,,,,10.0,5.0,15.0,10.0,3.8333333333333335,5.0,3.0,3.5,4.333333333333333,4.0,4.5,1.0,4.0,5.0,6.0,6.666666666666667,6.0,5.0
2,2,2.0,25.0,2.0,1.0,1.0,1.0,3.0,13.0,40.0,3.0,307.69230769230774,583.2361273121146,646.2256290618229,49.70966377398638,16.15564072654557,1.0,1.0,1.0,0.0,2,,,,6.0,30.0,2.0,2.0,3.8333333333333335,4.0,4.166666666666667,5.0,5.0,3.4,2.75,1.3333333333333333,4.666666666666667,2.3333333333333335,6.0,7.0,7.0,7.0
2,2,2.0,41.0,2.0,1.0,1.0,2.0,1.0,40.0,40.0,1.0,100.0,3332.7778703549407,3692.7178803532743,92.31794700883185,92.31794700883185,2.0,3.0,1.0,0.0,2,,,,16.0,10.0,10.0,20.0,2.6666666666666665,1.9999999999999998,1.8333333333333333,1.0,4.333333333333333,1.1999999999999997,3.25,2.6666666666666665,2.3333333333333335,2.3333333333333335,3.25,5.0,3.6666666666666665,5.0
2,2,2.0,46.0,2.0,2.0,1.0,9.0,2.0,30.0,42.0,3.0,140.0,1541.40976503916,1707.8820196633892,56.92940065544631,40.66385761103307,2.0,4.0,6.0,15.0,2,,,,15.0,0.0,2.0,33.0,3.3333333333333335,3.0,2.5,2.5,3.3333333333333335,2.8,3.75,1.3333333333333333,3.0,3.0,4.5,4.666666666666667,3.3333333333333335,4.0
2,2,1.0,63.0,1.0,1.0,1.0,2.0,2.0,40.0,40.0,1.0,100.0,1562.2396267288782,1730.9615064155973,43.274037660389936,43.274037660389936,1.0,2.0,5.0,0.0,2,,,,25.0,10.0,0.0,5.0,2.6666666666666665,3.0,2.6666666666666665,2.6666666666666665,2.6666666666666665,2.75,2.75,1.6666666666666667,2.6666666666666665,3.3333333333333335,1.25,3.6666666666666665,4.0,4.0
2,2,2.0,40.0,2.0,1.0,1.0,1.0,2.0,40.0,46.0,3.0,114.99999999999999,1639.3934344275954,1816.4479253457755,45.41119813364439,39.48799837708208,1.0,1.0,1.0,0.0,2,,,,0.0,40.0,6.0,0.0,4.0,5.0,1.6666666666666667,2.0,3.0,2.2,4.75,2.0,5.666666666666667,7.0,3.75,5.666666666666667,6.0,7.0
2,2,1.0,26.0,2.0,1.0,1.0,9.0,4.0,2.9999999999999964,3.0,1.0,100.0,166.63889351774696,184.63589401766376,61.5452980058879,61.5452980058879,1.0,2.0,2.0,40.0,2,,,,3.0,1.0,0.0,0.0,3.1666666666666665,4.0,4.0,4.0,4.0,3.6,2.25,1.3333333333333333,1.6666666666666665,1.666666666666667,3.0,5.666666666666667,5.666666666666667,8.0
2,2,2.0,47.0,1.0,2.0,1.0,9.0,5.0,40.0,40.0,1.0,100.0,1333.1111481419762,1477.0871521413096,36.92717880353274,36.92717880353274,1.0,2.0,5.0,20.0,2,,,,27.0,10.0,2.0,5.0,1.5999999999999999,4.0,2.5,5.0,1.6666666666666665,2.6,3.25,1.0,1.6666666666666665,1.0,2.75,7.0,6.333333333333333,4.0
2,2,1.0,41.0,1.0,2.0,1.0,1.0,2.0,40.0,40.0,1.0,100.0,1633.061156473921,1809.431761373104,45.23579403432761,44.31261456423928,2.0,4.0,1.0,0.0,2,,,,15.0,3.0,2.0,20.0,3.6666666666666665,4.0,3.3333333333333335,4.25,5.0,4.0,3.0,1.0,3.0,3.6666666666666665,5.0,5.666666666666667,5.666666666666667,5.0
2,2,2.0,43.0,1.0,2.0,1.0,9.0,4.0,2.9999999999999964,3.0,1.0,100.0,158.3069488418596,175.4040993167805,58.46803310559351,58.46803310559351,1.0,3.0,6.0,40.0,2,,,,2.0,2.0,5.0,0.0,3.6666666666666665,5.0,3.6666666666666665,3.5,3.6666666666666665,2.8,4.75,1.0,1.6666666666666665,2.3333333333333335,6.333333333333333,7.0,7.0,8.0
2,2,2.0,31.0,2.0,1.0,1.0,9.0,2.0,20.0,27.0,3.0,135.0,604.065989001833,669.3051158140311,33.46525579070155,24.78907836348263,1.0,4.0,6.0,65.0,2,,,,5.0,0.0,0.0,20.0,3.6666666666666665,4.0,2.8333333333333335,3.25,1.9999999999999998,3.2,3.75,1.0,1.0,1.0,2.5,6.666666666666667,5.666666666666667,3.0
2,2,1.0,38.0,2.0,2.0,3.0,5.0,1.0,50.0,40.0,1.0,100.0,1666.38893517747,1846.3589401766371,36.92717880353274,56.313947675387425,1.0,2.0,6.0,15.0,2,,,,10.0,20.0,5.0,5.0,1.6666666666666667,1.9999999999999998,2.8333333333333335,1.75,2.3333333333333335,2.4,3.5,1.3333333333333333,2.3333333333333335,2.6666666666666665,2.5,6.0,5.666666666666667,4.0
2,2,2.0,25.0,2.0,1.0,1.0,1.0,2.0,40.0,40.0,1.0,100.0,1395.6007332111315,1546.3256123979336,38.65814030994834,38.65814030994834,1.0,1.0,1.0,0.0,2,,,,2.0,38.0,0.0,0.0,3.3333333333333335,3.0,3.8333333333333335,5.0,5.0,2.6,3.0,1.0,3.6666666666666665,5.333333333333333,5.75,5.333333333333333,5.666666666666667,7.0
2,2,1.0,36.0,1.0,2.0,1.0,1.0,1.0,40.0,40.0,1.0,100.0,2024.6625562406264,2243.326112314614,56.083152807865346,56.083152807865346,1.0,4.0,1.0,0.0,2,,,,25.0,5.0,5.0,5.0,4.0,5.0,2.3333333333333335,3.25,3.6666666666666665,3.0,4.5,2.6666666666666665,5.0,5.666666666666667,5.0,5.0,5.666666666666667,4.0
2,2,1.0,49.0,1.0,2.0,1.0,1.0,1.0,40.0,55.0,3.0,137.5,3541.0764872521245,3923.512747875354,98.08781869688384,71.33659541591553,4.0,3.0,3.0,4.0,2,,,,10.0,20.0,10.0,15.0,4.0,3.0,2.5,4.5,5.0,4.2,4.75,1.0,1.6666666666666665,3.3333333333333335,4.25,6.333333333333333,7.0,9.0
2,2,1.0,34.0,2.0,1.0,1.0,1.0,2.0,40.0,40.0,1.0,100.0,2082.9861689718377,2307.948675220796,57.698716880519896,57.698716880519896,1.0,3.0,1.0,0.0,2,,,,15.0,10.0,5.0,10.0,4.166666666666667,3.0,2.1666666666666665,2.25,3.6666666666666665,2.2,3.5,2.3333333333333335,3.6666666666666665,5.0,4.5,5.0,5.0,4.0
2,2,2.0,32.0,3.0,1.0,1.0,5.0,2.0,40.0,47.0,3.0,117.5,1458.0903182802863,1615.5640726545573,40.38910181636393,34.37370367350122,2.0,3.0,1.0,0.0,2,,,,30.0,2.0,0.0,4.0,3.3333333333333335,5.0,2.0,4.75,5.0,2.0,4.0,1.0,3.3333333333333335,5.0,4.0,7.0,5.666666666666667,4.0
2,2,1.0,50.0,3.0,3.0,1.0,2.0,1.0,40.0,50.0,3.0,125.0,1791.3681053157807,1984.8358606898848,49.62089651724712,39.6967172137977,2.0,4.0,5.0,8.0,2,,,,35.0,5.0,0.0,10.0,2.6666666666666665,4.0,1.6666666666666667,4.5,3.0,1.6000000000000003,4.0,3.3333333333333335,1.6666666666666665,2.6666666666666665,1.5,4.0,3.0,4.0
2,2,1.0,39.0,2.0,2.0,1.0,1.0,3.0,40.0,40.0,1.0,100.0,2082.9861689718377,2307.948675220796,57.698716880519896,57.698716880519896,3.0,1.0,3.0,10.0,2,,,,5.0,20.0,5.0,10.0,3.1666666666666665,3.0,2.0,1.0,4.0,2.4,3.25,5.0,4.0,4.666666666666667,6.0,4.666666666666667,3.6666666666666665,7.0
2,2,1.0,52.0,1.0,2.0,1.0,5.0,1.0,40.0,50.0,3.0,125.0,1333.1111481419762,1477.0871521413096,36.92717880353274,29.54174304282619,1.0,4.0,5.0,10.0,2,,,,25.0,15.0,0.0,10.0,3.1666666666666665,5.0,2.6666666666666665,3.0,4.333333333333333,2.6,3.25,1.0,2.0,2.3333333333333335,2.75,6.0,6.333333333333333,4.0
2,2,1.0,47.0,1.0,2.0,1.0,1.0,2.0,25.5,25.5,1.0,100.0,916.5139143476085,1015.4974170971502,39.82342812145688,39.823428121456885,3.0,2.0,5.0,20.0,2,,,,21.6,1.2,1.2,2.5,3.6666666666666665,3.0,4.166666666666667,2.3333333333333335,5.0,3.8,2.5,1.3333333333333333,3.0,4.666666666666667,3.5,5.0,5.666666666666667,7.0
2,2,1.0,39.0,1.0,1.0,1.0,2.0,1.0,40.0,55.0,3.0,137.5,3124.479253457757,3461.9230128311947,86.54807532077987,57.11219246124839,2.0,3.0,1.0,0.0,2,,,,10.0,15.0,5.0,10.0,3.5,3.0,3.5,2.25,4.666666666666667,4.0,2.75,1.0,3.3333333333333335,3.0,4.25,6.333333333333333,5.666666666666667,5.0
2,2,2.0,44.0,2.0,1.0,1.0,5.0,1.0,32.0,42.0,3.0,131.25,1373.9376770538242,1522.3229461756373,47.572592067988666,36.24578443275327,1.0,1.0,5.0,8.0,2,,,,28.0,0.0,8.0,6.0,2.3333333333333335,3.0,2.1666666666666665,3.0,3.0,2.4,3.75,2.3333333333333335,3.3333333333333335,3.0,4.25,6.666666666666667,6.0,4.0
2,2,2.0,59.0,1.0,1.0,1.0,1.0,1.0,40.0,56.0,3.0,140.0,3332.7778703549407,3692.7178803532743,92.31794700883185,60.83393027568998,2.0,5.0,1.0,0.0,2,,,,20.0,5.0,10.0,10.0,3.8333333333333335,5.0,2.1666666666666665,2.0,4.0,4.0,2.75,1.0,2.3333333333333335,2.3333333333333335,4.333333333333333,6.666666666666667,6.333333333333333,5.0
2,2,1.0,29.0,1.0,1.0,1.0,2.0,2.0,40.0,46.0,3.0,114.99999999999999,1478.920179970005,1638.6435594067655,40.96608898516914,35.62268607406012,1.0,1.0,1.0,0.0,2,,,,0.0,38.0,4.0,2.0,3.6666666666666665,5.0,3.5,3.75,4.666666666666667,2.4,3.75,1.0,5.666666666666667,3.3333333333333335,5.75,6.333333333333333,5.666666666666667,7.0
2,2,1.0,30.0,3.0,1.0,1.0,1.0,3.0,40.0,55.0,3.0,137.5,1333.1111481419762,1477.0871521413096,36.92717880353274,26.856130038932903,1.0,3.0,1.0,0.0,2,,,,20.0,20.0,10.0,5.0,3.1666666666666665,5.0,2.6666666666666665,3.0,1.9999999999999998,2.0,5.0,2.0,2.0,2.0,3.0,6.0,6.0,4.0
2,2,2.0,47.0,1.0,2.0,1.0,1.0,1.0,40.0,40.0,1.0,100.0,2082.9861689718377,2307.948675220796,57.698716880519896,57.698716880519896,3.0,4.0,1.0,0.0,2,,,,20.0,20.0,5.0,5.0,3.8333333333333335,4.0,3.0,2.5,5.0,2.8,4.0,1.0,2.0,1.0,5.5,6.333333333333333,6.333333333333333,5.0
2,2,1.0,28.0,2.0,1.0,1.0,1.0,2.0,40.0,40.0,1.0,100.0,1458.0903182802863,1615.5640726545573,40.38910181636393,40.38910181636393,1.0,1.0,1.0,0.0,2,,,,0.0,35.0,3.0,2.0,3.3333333333333335,4.0,3.8333333333333335,4.25,5.0,2.8,2.75,1.6666666666666667,3.0,3.3333333333333335,4.0,5.333333333333333,6.0,7.0
2,2,1.0,59.0,4.0,1.0,1.0,1.0,1.0,40.0,40.0,1.0,100.0,2082.9861689718377,2307.948675220796,57.698716880519896,57.698716880519896,1.0,1.0,1.0,0.0,2,,,,35.0,0.0,0.0,5.0,3.3333333333333335,3.0,4.333333333333333,5.0,3.3333333333333335,5.0,1.0,2.0,4.0,3.0,3.25,5.0,4.0,2.0
2,2,1.0,33.0,3.0,1.0,1.0,1.0,1.0,40.0,40.0,1.0,100.0,2166.3056157307115,2400.2666222296284,60.00666555574071,60.00666555574071,1.0,2.0,1.0,0.0,2,,,,5.0,25.0,5.0,5.0,4.166666666666667,4.0,3.6666666666666665,3.5,4.333333333333333,3.4,3.25,1.3333333333333333,4.333333333333333,5.333333333333333,5.5,5.666666666666667,5.0,7.0
2,2,1.0,50.0,1.0,2.0,1.0,5.0,1.0,40.0,60.0,3.0,150.0,1558.0736543909347,1726.3456090651555,43.15864022662889,30.92651224795867,2.0,3.0,5.0,5.0,2,,,,15.0,20.0,3.0,25.0,3.5,1.9999999999999998,2.8333333333333335,3.0,1.6666666666666665,3.2,5.0,1.0,1.0,1.0,5.0,6.666666666666667,6.333333333333333,6.0
2,2,2.0,32.0,3.0,1.0,1.0,1.0,2.0,42.5,42.5,1.0,100.0,1541.40976503916,1707.8820196633892,40.18545928619739,40.18545928619739,1.0,1.0,7.0,50.0,2,,,,25.0,5.0,0.0,13.0,2.6666666666666665,5.0,2.466666666666667,3.0,2.3333333333333335,2.0,3.0,1.5,6.0,4.0,3.25,3.0,5.333333333333333,4.0
2,2,1.0,51.0,2.0,1.0,1.0,2.0,1.0,34.0,50.0,3.0,147.05882352941177,1624.7292117980335,1800.199966672221,52.94705784330062,36.00399933344442,1.0,2.0,1.0,0.0,2,,,,20.0,15.0,10.0,5.0,2.5,4.0,2.3333333333333335,2.25,2.6666666666666665,2.2,3.75,2.0,2.0,4.333333333333333,4.75,6.0,5.666666666666667,5.0
2,2,2.0,55.0,1.0,3.0,1.0,5.0,1.0,40.0,50.0,3.0,125.0,2707.882019663389,3000.3332777870355,75.00833194467589,60.00666555574071,1.0,2.0,1.0,0.0,2,,,,55.0,30.0,5.0,10.0,3.5,5.0,2.3333333333333335,1.75,3.3333333333333335,3.2,4.75,1.0,1.6666666666666665,1.666666666666667,5.5,7.0,7.0,6.0
2,2,2.0,38.0,1.0,2.0,1.0,1.0,1.0,40.0,40.0,1.0,100.0,1999.6667222129645,2215.630728211964,55.3907682052991,55.3907682052991,1.0,2.0,1.0,0.0,2,,,,25.0,10.0,1.0,4.0,4.5,4.0,4.166666666666667,5.0,3.6666666666666665,3.6,3.0,1.0,1.0,3.6666666666666665,3.0,6.0,5.666666666666667,4.0
2,2,2.0,31.0,1.0,1.0,1.0,1.0,2.0,40.0,40.0,1.0,100.0,1166.4722546242292,1292.4512581236459,32.31128145309115,32.31128145309115,1.0,1.0,1.0,0.0,2,,,,5.0,32.0,2.0,1.0,4.0,5.0,3.1666666666666665,1.0,4.666666666666667,2.0,3.25,1.0,4.666666666666667,3.0,6.5,6.666666666666667,5.333333333333333,7.0
2,2,1.0,67.0,1.0,1.0,1.0,2.0,1.0,40.0,40.0,1.0,100.0,2499.5834027662054,2769.5384102649555,69.23846025662388,69.23846025662388,2.0,4.0,1.0,0.0,2,,,,20.0,8.0,2.0,10.0,4.0,4.0,3.0,3.75,4.0,4.2,3.75,1.3333333333333333,2.0,1.333333333333333,5.25,5.333333333333333,5.666666666666667,5.0
2,2,1.0,44.0,1.0,2.0,1.0,1.0,1.0,40.0,40.0,1.0,100.0,2028.82852857857,2247.9420096650556,56.19855024162639,56.19855024162639,3.0,2.0,5.0,3.0,2,,,,12.0,20.0,4.0,4.0,3.3333333333333335,3.0,4.5,2.75,4.0,3.4,2.75,1.0,2.0,2.3333333333333335,5.5,6.0,6.333333333333333,4.0
2,2,2.0,38.0,3.0,1.0,1.0,9.0,2.0,40.0,50.0,3.0,125.0,1749.7083819363438,1938.6768871854688,48.46692217963672,38.773537743709376,1.0,4.0,2.0,6.0,2,,,,20.0,25.0,4.0,1.0,3.6666666666666665,4.0,3.0,4.25,4.0,3.5,4.5,1.0,5.0,2.6666666666666665,4.0,6.666666666666667,5.666666666666667,4.0
2,2,1.0,43.0,1.0,2.0,1.0,1.0,1.0,20.0,20.0,1.0,100.0,791.5347442092984,877.0204965839025,43.85102482919514,43.85102482919513,1.0,2.0,2.0,20.0,2,,,,8.0,6.0,5.0,1.0,3.6666666666666665,3.0,4.0,3.0,4.333333333333333,3.6,3.0,1.0,2.0,2.6666666666666665,3.5,5.666666666666667,5.666666666666667,4.0
2,2,1.0,44.0,1.0,2.0,1.0,5.0,1.0,40.0,40.0,1.0,100.0,1749.7083819363438,1938.6768871854688,48.46692217963672,48.46692217963672,1.0,2.0,3.0,20.0,2,,,,25.0,10.0,5.0,3.0,3.1666666666666665,4.0,3.5,4.25,4.666666666666667,3.4,3.25,1.3333333333333333,4.666666666666667,4.666666666666667,5.0,6.666666666666667,6.0,4.0
2,2,1.0,32.0,1.0,3.0,1.0,1.0,3.0,36.0,30.0,2.0,83.33333333333334,1874.6875520746541,2077.1538076987167,57.69871688051991,69.2384602566239,3.0,2.0,6.0,15.0,2,,,,5.0,25.0,2.0,3.0,4.0,4.0,4.0,4.0,5.0,4.2,3.25,1.3333333333333333,3.6666666666666665,4.0,2.75,6.333333333333333,6.666666666666667,7.0
2,2,1.0,64.0,1.0,1.0,1.0,5.0,2.0,40.0,40.0,1.0,100.0,1936.3439426762204,2145.469088485252,53.636727212131305,53.636727212131305,1.0,3.0,1.0,0.0,2,,,,10.0,25.0,1.0,4.0,4.166666666666667,4.0,3.6666666666666665,5.0,5.0,4.2,3.0,1.0,1.0,1.666666666666667,3.5,7.0,7.0,6.0
2,2,1.0,53.0,1.0,1.0,1.0,2.0,1.0,40.0,40.0,1.0,100.0,1633.0611564739206,1809.431761373104,45.23579403432761,45.23579403432761,2.0,2.0,1.0,0.0,2,,,,25.0,5.0,5.0,5.0,3.1666666666666665,4.0,3.3333333333333335,1.0,3.3333333333333335,3.0,3.0,3.0,4.0,3.6666666666666665,4.25,5.0,5.333333333333333,4.0
2,2,1.0,47.0,3.0,1.0,1.0,5.0,1.0,40.0,40.0,1.0,100.0,1624.7292117980335,1800.199966672221,45.004999166805526,45.004999166805526,1.0,3.0,1.0,0.0,2,,,,20.0,20.0,1.0,5.0,2.3333333333333335,5.0,2.5,4.75,5.0,2.8,3.75,1.0,2.0,4.666666666666667,4.0,6.666666666666667,7.0,5.0
2,2,2.0,62.0,1.0,3.0,1.0,8.0,1.0,40.0,55.0,3.0,137.5,1999.6667222129645,2215.630728211964,55.3907682052991,40.28419505839935,2.0,3.0,1.0,0.0,2,,,,25.0,13.0,13.0,2.0,3.5,1.9999999999999998,4.666666666666667,4.0,3.3333333333333335,4.6,3.0,1.0,4.333333333333333,1.333333333333333,5.75,7.0,7.0,5.0
2,2,2.0,43.0,1.0,2.0,1.0,5.0,1.0,20.0,35.0,3.0,175.0,726.9621729711714,805.474087652058,40.2737043826029,23.013545361487374,1.0,1.0,5.0,15.0,2,,,,30.0,4.0,0.0,1.0,3.0,3.0,2.3333333333333335,2.75,3.6666666666666665,2.0,4.75,5.0,4.0,4.0,5.0,5.0,1.666666666666667,4.0
2,2,2.0,45.0,1.0,2.0,1.0,2.0,2.0,40.0,40.0,1.0,100.0,1541.40976503916,1707.8820196633892,42.69705049158473,42.69705049158473,1.0,1.0,3.0,10.0,2,,,,10.0,27.0,2.0,3.0,3.3333333333333335,4.0,3.3333333333333335,2.25,3.0,2.8,4.5,1.3333333333333333,4.333333333333333,6.0,3.0,4.666666666666667,5.666666666666667,7.0
2,2,2.0,52.0,1.0,2.0,1.0,2.0,1.0,40.0,50.0,3.0,125.0,4165.9723379436755,4615.897350441592,115.39743376103979,92.31794700883184,2.0,4.0,1.0,0.0,2,,,,20.0,10.0,1.0,15.0,4.333333333333333,5.0,2.5,1.75,4.0,3.8,3.25,1.0,4.0,4.333333333333333,4.5,4.333333333333333,3.6666666666666665,5.0
2,2,2.0,52.0,3.0,3.0,1.0,5.0,1.0,40.0,50.0,3.0,125.0,1495.5840693217797,1657.107148808532,41.4276787202133,33.14214297617064,1.0,2.0,1.0,0.0,2,,,,35.0,12.0,2.0,8.0,3.5,4.0,1.8333333333333333,4.0,4.333333333333333,2.8,4.0,1.0,2.0,3.0,4.25,5.666666666666667,5.0,4.0
2,2,2.0,26.0,2.0,1.0,1.0,1.0,2.0,40.0,40.0,1.0,100.0,1420.5965672387936,1574.0209965005834,39.35052491251459,39.35052491251459,1.0,1.0,1.0,0.0,2,,,,10.0,25.0,0.5,1.5,3.6666666666666665,5.0,2.8333333333333335,2.5,4.0,2.8,3.5,4.0,4.0,4.333333333333333,4.0,3.6666666666666665,4.0,7.0
2,2,1.0,50.0,1.0,1.0,1.0,5.0,1.0,40.0,40.0,1.0,100.0,2707.882019663389,3000.3332777870355,75.00833194467589,75.00833194467589,1.0,2.0,2.0,10.0,2,,,,8.0,20.0,10.0,2.0,4.166666666666667,4.0,3.5,4.5,3.0,3.6,3.25,2.0,5.0,5.333333333333333,4.75,5.666666666666667,5.666666666666667,6.0
2,2,2.0,37.0,2.0,1.0,1.0,1.0,5.0,40.0,45.0,3.0,112.5,1541.40976503916,1707.8820196633892,42.69705049158473,37.95293377029754,1.0,3.0,5.0,1.0,2,,,,12.0,17.0,1.0,15.0,3.5,5.0,3.0,4.0,3.6666666666666665,2.8,3.75,3.5,2.6666666666666665,5.0,5.5,4.0,5.0,7.0
2,2,2.0,51.0,1.0,2.0,1.0,5.0,1.0,40.0,40.0,1.0,100.0,1583.0694884185968,1754.0409931678053,43.85102482919514,43.85102482919513,2.0,3.0,3.0,2.0,2,,,,24.0,8.0,2.0,6.0,3.8333333333333335,5.0,2.1666666666666665,2.0,3.0,2.0,4.5,4.333333333333333,6.333333333333333,7.0,2.5,6.333333333333333,4.0,4.0
2,2,2.0,60.0,3.0,1.0,1.0,5.0,1.0,40.0,40.0,1.0,100.0,1524.7458756873853,1689.4184302616227,42.23546075654057,42.23546075654057,1.0,3.0,5.0,4.0,2,,,,16.0,4.0,4.0,10.0,3.0,4.0,2.3333333333333335,3.0,3.6666666666666665,2.2,3.5,3.6666666666666665,2.3333333333333335,2.6666666666666665,3.75,3.0,3.3333333333333335,4.0
2,2,1.0,29.0,3.0,1.0,1.0,6.0,2.0,40.0,50.0,3.0,125.0,1628.8951841359772,1804.8158640226625,45.120396600566565,36.09631728045325,1.0,2.0,1.0,0.0,2,,,,30.0,16.0,0.0,4.0,3.1666666666666665,4.0,3.8333333333333335,4.75,5.0,3.4,4.75,1.0,3.0,2.0,5.0,7.0,7.0,3.0
2,2,2.0,27.0,2.0,1.0,1.0,1.0,3.0,20.0,20.0,1.0,100.0,541.5764039326777,600.0666555574071,30.003332777870355,30.003332777870355,1.0,1.0,1.0,0.0,2,,,,0.0,20.0,0.0,0.0,4.166666666666667,1.9999999999999998,4.0,4.5,4.666666666666667,4.0,2.75,1.6666666666666667,2.3333333333333335,3.3333333333333335,5.25,5.666666666666667,5.666666666666667,7.0
2,2,1.0,63.0,5.0,3.0,1.0,9.0,2.0,20.0,20.0,1.0,100.0,666.5555740709881,738.5435760706548,36.92717880353274,36.92717880353274,1.0,1.0,7.0,0.0,2,,,,15.0,5.0,0.0,0.25,2.5,3.0,2.0,1.5,2.3333333333333335,1.8,3.75,2.3333333333333335,3.6666666666666665,4.333333333333333,4.5,5.333333333333333,5.666666666666667,4.0
2,2,2.0,35.0,1.0,1.0,1.0,1.0,2.0,40.0,40.0,1.0,100.0,1999.6667222129645,2215.630728211964,55.3907682052991,55.3907682052991,1.0,1.0,1.0,0.0,2,,,,8.0,16.0,8.0,8.0,4.0,5.0,2.5,2.25,3.6666666666666665,2.8,4.0,3.6666666666666665,4.666666666666667,6.666666666666667,5.0,6.333333333333333,6.333333333333333,7.0
2,2,1.0,33.0,3.0,1.0,1.0,5.0,2.0,40.0,45.0,3.0,112.5,1688.1353107815366,1870.4539243459424,46.76134810864856,41.56564276324316,1.0,4.0,4.0,50.0,2,,,,20.0,10.0,10.0,10.0,3.1666666666666665,4.0,3.3333333333333335,4.25,4.333333333333333,3.8,3.0,1.0,4.333333333333333,5.666666666666667,5.75,7.0,7.0,4.0
2,2,1.0,53.0,1.0,2.0,1.0,2.0,1.0,40.0,55.0,3.0,137.5,3749.3751041493083,4154.307615397433,103.85769038493584,75.53286573449878,2.0,3.0,1.0,0.0,2,,,,20.0,25.0,5.0,3.0,3.1666666666666665,5.0,2.3333333333333335,2.25,3.6666666666666665,3.6,3.5,1.0,3.3333333333333335,2.6666666666666665,5.0,7.0,6.666666666666667,6.0
2,2,2.0,38.0,1.0,2.0,1.0,5.0,1.0,32.0,32.0,1.0,100.0,1583.0694884185968,1754.0409931678053,54.813781036493914,54.813781036493914,1.0,3.0,1.0,0.0,2,,,,25.0,5.0,0.5,8.0,3.3333333333333335,4.0,3.3333333333333335,2.25,1.9999999999999998,3.4,5.0,1.0,4.666666666666667,3.6666666666666665,6.25,6.666666666666667,7.0,4.0
2,2,2.0,46.0,1.0,2.0,1.0,1.0,2.0,40.0,50.0,3.0,125.0,2166.3056157307115,2400.2666222296284,60.00666555574071,48.00533244459257,3.0,2.0,1.0,0.0,2,,,,15.0,20.0,5.0,10.0,3.1666666666666665,5.0,2.6666666666666665,3.5,3.6666666666666665,3.2,4.5,2.0,2.3333333333333335,6.0,3.0,6.666666666666667,5.666666666666667,9.0
2,2,2.0,42.0,1.0,1.0,1.0,1.0,2.0,40.0,40.0,1.0,100.0,1749.7083819363438,1938.6768871854688,48.46692217963672,48.46692217963672,1.0,1.0,2.0,2.0,2,,,,0.0,20.0,0.0,20.0,4.833333333333333,4.0,4.666666666666667,5.0,5.0,4.6,1.5,1.0,2.3333333333333335,2.6666666666666665,3.0,5.666666666666667,5.666666666666667,7.0
2,2,1.0,51.0,4.0,2.0,1.0,5.0,1.0,60.0,70.0,3.0,116.66666666666667,2082.9861689718377,2307.948675220796,38.46581125367993,32.970695360297086,1.0,1.0,1.0,0.0,2,,,,35.0,35.0,30.0,10.0,2.8333333333333335,1.9999999999999998,1.5,3.0,3.6666666666666665,2.8,3.75,1.0,1.0,2.3333333333333335,1.25,6.0,5.666666666666667,4.0
2,2,1.0,43.0,1.0,2.0,1.0,6.0,1.0,40.0,40.0,1.0,100.0,1749.7083819363438,1938.6768871854688,48.46692217963672,48.46692217963672,1.0,2.0,1.0,0.0,2,,,,32.0,4.0,0.0,6.0,3.3333333333333335,4.0,3.8333333333333335,4.75,4.0,3.2,4.25,1.3333333333333333,4.0,1.666666666666667,6.75,7.0,5.666666666666667,4.0
2,2,1.0,30.0,1.0,1.0,1.0,4.0,2.0,40.0,50.0,3.0,125.0,2291.2847858690216,2538.743542742876,63.468588568571896,50.77487085485752,1.0,4.0,1.0,0.0,2,,,,4.0,3.0,0.0,43.0,3.6666666666666665,3.0,3.3333333333333335,2.75,4.666666666666667,3.4,4.0,1.0,4.666666666666667,5.0,4.5,7.0,6.666666666666667,3.0
2,2,1.0,65.0,2.0,1.0,1.0,2.0,1.0,40.0,40.0,1.0,100.0,2291.2847858690216,2538.743542742876,63.468588568571896,63.468588568571896,1.0,3.0,1.0,0.0,2,,,,15.0,15.0,5.0,5.0,2.0,5.0,2.3333333333333335,4.0,4.0,2.0,4.0,3.3333333333333335,5.333333333333333,2.3333333333333335,3.25,5.666666666666667,6.0,6.0
2,2,2.0,47.0,1.0,2.0,1.0,2.0,1.0,40.0,10.0,2.0,25.0,1874.6875520746541,2077.1538076987167,51.92884519246792,207.71538076987167,2.0,3.0,1.0,0.0,2,,,,20.0,10.0,8.0,10.0,3.1666666666666665,5.0,1.8333333333333333,2.0,4.333333333333333,3.2,4.25,2.0,4.333333333333333,6.0,4.75,5.666666666666667,4.0,4.0
2,2,2.0,30.0,1.0,1.0,1.0,1.0,2.0,40.0,45.0,3.0,112.5,1249.7917013831027,1384.7692051324777,34.61923012831194,30.77264900294395,1.0,1.0,2.0,1.0,2,,,,15.0,25.0,1.0,5.0,4.0,4.0,2.3333333333333335,3.25,4.0,3.6,4.25,2.0,6.0,6.333333333333333,6.0,5.666666666666667,5.0,7.0
2,2,1.0,34.0,2.0,1.0,1.0,5.0,2.0,40.0,40.0,1.0,100.0,1624.7292117980335,1800.199966672221,45.004999166805526,45.004999166805526,1.0,1.0,5.0,30.0,2,,,,30.0,10.0,0.0,1.0,2.6666666666666665,3.0,3.0,3.0,2.6666666666666665,2.2,4.0,3.3333333333333335,3.6666666666666665,4.0,3.75,4.0,4.0,2.0
2,2,1.0,68.0,1.0,1.0,1.0,5.0,1.0,40.0,48.4,3.0,121.0,2082.9861689718377,2307.948675220796,57.698716880519896,54.09392085446076,1.0,2.0,5.0,3.0,2,,,,22.5,12.5,4.0,10.0,3.8333333333333335,4.0,3.0,2.0,2.3333333333333335,3.2,3.25,1.3333333333333333,2.0,1.666666666666667,6.5,7.0,5.666666666666667,6.0
2,2,2.0,33.0,1.0,2.0,1.0,1.0,2.0,20.0,40.0,3.0,200.0,1038.9935010831528,1151.2047992001333,52.28492870235913,28.14774204299284,1.0,2.0,2.0,10.0,2,,,,4.0,16.0,10.0,10.0,3.6666666666666665,5.0,2.6666666666666665,2.75,4.333333333333333,3.2,5.0,1.3333333333333333,5.0,5.0,4.5,6.666666666666667,7.0,7.0
2,2,2.0,67.0,5.0,1.0,1.0,5.0,1.0,40.0,55.0,3.0,137.5,1749.7083819363438,1938.6768871854688,48.46692217963672,35.24867067609943,2.0,3.0,5.0,8.0,2,,,,28.0,7.0,7.0,13.0,3.0,5.0,2.3333333333333335,3.25,3.6666666666666665,3.8,3.75,1.0,2.0,1.666666666666667,3.25,7.0,7.0,5.0
2,2,2.0,47.0,1.0,2.0,1.0,4.0,1.0,40.0,50.0,3.0,125.0,1874.6875520746541,2077.1538076987167,51.92884519246792,41.54307615397433,2.0,2.0,1.0,0.0,2,,,,15.0,10.0,5.0,20.0,2.8333333333333335,4.0,2.0,3.0,3.0,2.6,4.0,3.0,4.666666666666667,5.0,4.25,4.666666666666667,4.333333333333333,4.0
2,2,1.0,35.0,2.0,2.0,1.0,2.0,1.0,40.0,40.0,1.0,100.0,2249.625062489585,2492.58456923846,62.3146142309615,62.3146142309615,1.0,1.0,1.0,0.0,2,,,,20.0,8.0,8.0,4.0,3.1666666666666665,5.0,3.5,4.0,3.0,3.2,4.0,2.3333333333333335,2.0,4.666666666666667,4.5,5.666666666666667,5.0,4.0
2,2,1.0,30.0,2.0,1.0,1.0,1.0,2.0,40.0,50.0,3.0,125.0,2291.2847858690216,2538.743542742876,63.468588568571896,50.77487085485752,1.0,3.0,1.0,0.0,2,,,,5.0,40.0,3.0,2.0,4.333333333333333,4.0,4.333333333333333,4.75,5.0,4.6,2.75,1.0,4.333333333333333,5.0,5.25,7.0,7.0,7.0
2,2,1.0,43.0,1.0,2.0,1.0,1.0,1.0,40.0,40.0,1.0,100.0,1737.210464922513,1924.8291951341441,48.1207298783536,48.1207298783536,1.0,1.0,1.0,0.0,2,,,,30.0,0.0,0.0,10.0,3.1666666666666665,5.0,2.1666666666666665,1.0,2.6666666666666665,2.8,4.75,1.6666666666666667,2.0,2.3333333333333335,3.75,5.333333333333333,4.333333333333333,2.0
2,2,2.0,45.0,3.0,3.0,1.0,8.0,1.0,40.0,55.0,3.0,137.5,1416.4305949008499,1569.4050991501413,39.23512747875354,28.534638166366207,1.0,1.0,1.0,0.0,2,,,,45.0,10.0,1.0,5.0,2.1666666666666665,5.0,1.0,2.25,2.3333333333333335,1.4000000000000001,5.0,4.333333333333333,3.6666666666666665,4.333333333333333,1.0,1.0,1.3333333333333335,4.0
2,2,2.0,52.0,2.0,2.0,1.0,6.0,1.0,40.0,50.0,3.0,125.0,2367.1054824195967,2622.752874520913,65.56882186302282,51.306211927641684,2.0,5.0,1.0,0.0,2,,,,20.0,20.0,10.0,20.0,3.6666666666666665,5.0,2.6666666666666665,4.5,5.0,3.8,5.0,1.6666666666666667,3.6666666666666665,3.5,4.0,6.0,5.666666666666667,6.0
2,2,1.0,59.0,2.0,1.0,1.0,9.0,1.0,40.0,40.0,1.0,100.0,2082.9861689718377,2307.948675220796,57.698716880519896,57.698716880519896,1.0,5.0,3.0,6.0,2,,,,20.0,4.0,4.0,30.0,3.6666666666666665,3.0,4.666666666666667,3.75,4.0,4.2,4.0,1.0,6.333333333333333,4.666666666666667,6.25,7.0,7.0,6.0
2,2,2.0,57.0,1.0,2.0,1.0,4.0,1.0,0.5,3.0,3.0,600.0,83.31944675887371,92.31794700883165,184.6358940176637,30.77264900294395,1.0,2.0,2.0,50.0,2,,,,3.0,0.0,0.0,0.0,2.6666666666666665,3.0,4.5,1.25,2.6666666666666665,3.0,3.0,1.0,1.6666666666666665,1.666666666666667,2.25,6.333333333333333,5.666666666666667,4.0
2,2,1.0,55.0,1.0,2.0,1.0,1.0,1.0,48.0,48.0,1.0,100.0,4165.9723379436755,4615.897350441592,96.16452813419983,96.16452813419983,3.0,3.0,1.0,0.0,2,,,,14.0,12.0,8.0,14.0,4.166666666666667,5.0,3.8333333333333335,4.0,4.0,4.4,4.0,1.0,3.6666666666666665,5.333333333333333,4.0,6.666666666666667,5.666666666666667,6.0
2,2,2.0,44.0,1.0,2.0,1.0,8.0,2.0,40.0,60.0,3.0,150.0,1458.0903182802863,1615.5640726545573,40.38910181636393,26.92606787757596,1.0,4.0,3.0,12.0,2,,,,24.0,15.0,5.0,0.0,2.6666666666666665,5.0,2.6666666666666665,3.75,3.3333333333333335,2.2,5.0,1.3333333333333333,4.333333333333333,5.0,6.25,6.0,6.0,3.0
2,2,1.0,35.0,1.0,2.0,1.0,5.0,2.0,40.0,52.0,3.0,130.0,2148.1069821696383,2203.142536243959,55.07856340609898,37.31353204095613,1.0,2.0,7.0,5.0,2,,,,20.0,15.0,15.0,5.0,3.3333333333333335,3.0,3.3333333333333335,4.0,4.0,2.6,4.0,1.0,1.3333333333333335,6.666666666666667,5.25,6.333333333333333,7.0,4.0
2,2,2.0,40.0,1.0,2.0,1.0,8.0,1.0,20.0,30.0,3.0,150.0,749.8750208298616,830.8615230794867,41.54307615397433,27.695384102649555,1.0,1.0,1.0,0.0,2,,,,25.0,6.0,1.0,1.0,2.0,5.0,1.6666666666666667,1.0,2.3333333333333335,1.0,5.0,3.6666666666666665,2.3333333333333335,2.6666666666666665,5.0,6.333333333333333,6.0,4.0
2,2,1.0,30.0,3.0,1.0,1.0,4.0,2.0,12.0,11.999999999999996,1.0,100.0,583.2361273121146,646.2256290618229,53.85213575515191,53.85213575515191,1.0,4.0,3.0,40.0,2,,,,8.0,4.0,0.0,0.0,3.1666666666666665,4.0,4.166666666666667,4.25,3.6666666666666665,3.4,2.25,2.0,2.0,2.3333333333333335,4.5,6.0,5.0,4.0
2,2,1.0,53.0,1.0,2.0,1.0,6.0,1.0,40.0,40.0,1.0,100.0,2166.3056157307115,2400.2666222296284,60.00666555574071,60.00666555574071,1.0,1.0,2.0,60.0,2,,,,30.0,15.0,5.0,10.0,2.3333333333333335,3.0,2.0,1.0,1.9999999999999998,2.0,4.0,3.6666666666666665,1.6666666666666665,2.3333333333333335,3.25,7.0,3.0,5.0
2,2,1.0,50.0,1.0,2.0,1.0,6.0,1.0,60.0,60.0,1.0,100.0,3749.3751041493083,4154.307615397433,69.2384602566239,69.2384602566239,1.0,1.0,1.0,0.0,2,,,,30.0,18.0,2.0,10.0,3.5,5.0,2.6666666666666665,1.75,2.6666666666666665,2.8,3.0,1.6666666666666667,5.666666666666667,6.0,5.5,6.666666666666667,5.666666666666667,5.0
2,2,2.0,38.0,1.0,4.0,1.0,6.0,1.0,28.0,42.2,1.8,119.375,2499.5834027662054,2769.5384102649555,98.91208608089127,71.27687926138185,1.0,3.0,6.0,0.0,2,,,,10.0,6.0,6.0,0.0,4.833333333333333,5.0,4.666666666666667,5.0,3.6666666666666665,5.0,4.25,1.0,3.0,2.0,4.5,7.0,6.666666666666667,4.0
2,2,1.0,52.0,1.0,1.0,1.0,2.0,1.0,40.0,40.0,1.0,100.0,1999.6667222129645,2215.630728211964,55.3907682052991,55.3907682052991,1.0,2.0,1.0,0.0,2,,,,25.0,5.0,5.0,5.0,3.3333333333333335,4.0,3.1666666666666665,4.0,4.0,3.2,3.0,3.3333333333333335,3.6666666666666665,3.6666666666666665,4.75,5.0,4.666666666666667,4.0
2,2,1.0,45.0,3.0,1.0,1.0,6.0,1.0,40.0,40.0,1.0,100.0,2084.779203466089,2139.6953574404265,53.492383936010654,53.49238393601066,1.0,1.0,1.0,0.0,2,,,,38.0,2.0,0.0,0.0,3.0,4.0,2.3333333333333335,2.0,2.3333333333333335,2.6,3.75,2.6666666666666665,4.0,3.3333333333333335,5.0,6.333333333333333,3.3333333333333335,4.0
2,2,1.0,45.0,3.0,1.0,1.0,1.0,1.0,40.0,60.0,3.0,150.0,1828.8618563572736,2026.3789368438593,50.65947342109648,35.51443446294304,2.0,1.0,1.0,0.0,2,,,,15.0,25.0,5.0,15.0,3.3333333333333335,1.9999999999999998,2.3333333333333335,1.0,1.6666666666666665,2.4,4.25,3.0,3.0,2.6666666666666665,5.25,5.0,5.666666666666667,6.0
2,2,2.0,57.0,1.0,1.0,1.0,2.0,1.0,40.0,40.0,1.0,100.0,3332.7778703549407,3692.7178803532743,92.31794700883185,92.31794700883185,1.0,3.0,1.0,0.0,2,,,,20.0,10.0,20.0,5.0,4.333333333333333,4.0,2.5,3.0,4.333333333333333,4.2,3.0,1.3333333333333333,3.0,4.333333333333333,3.75,6.0,5.333333333333333,6.0
2,2,1.0,50.0,1.0,1.0,1.0,2.0,1.0,40.0,40.0,1.0,100.0,2291.2847858690216,2538.743542742876,63.468588568571896,63.468588568571896,1.0,3.0,1.0,0.0,2,,,,15.0,10.0,2.0,5.0,4.166666666666667,5.0,3.5,3.0,3.6666666666666665,3.4,3.25,1.0,1.6666666666666665,4.666666666666667,4.5,6.333333333333333,7.0,5.0
2,2,1.0,39.0,1.0,2.0,1.0,1.0,1.0,40.0,48.0,3.0,120.0,4165.9723379436755,4615.897350441592,115.39743376103979,96.16452813419983,2.0,3.0,1.0,0.0,2,,,,2.0,30.0,6.0,10.0,4.0,3.0,4.5,4.0,4.666666666666667,4.4,2.75,1.0,1.0,1.666666666666667,2.25,5.0,6.666666666666667,7.0
2,2,1.0,40.0,1.0,2.0,1.0,6.0,1.0,40.0,45.0,3.0,112.5,4790.868188635227,5308.281953007831,132.70704882519578,117.9618211779518,2.0,4.0,5.0,2.0,2,,,,10.0,18.0,2.0,15.0,4.666666666666667,3.0,4.5,2.75,4.0,5.0,2.75,1.0,2.0,1.666666666666667,3.75,6.0,6.666666666666667,5.0
2,2,2.0,48.0,1.0,2.0,1.0,5.0,1.0,40.0,50.0,3.0,125.0,2003.8326945509082,2220.2466255624063,55.50616563906016,44.40493251124813,2.0,5.0,1.0,0.0,2,,,,14.0,4.0,12.0,16.0,4.4,5.0,3.5666666666666664,3.5,4.666666666666667,4.2,3.75,1.0,3.0,4.333333333333333,5.0,7.0,7.0,7.0
2,2,1.0,63.0,1.0,1.0,1.0,6.0,1.0,40.0,40.0,1.0,100.0,4165.9723379436755,4615.897350441592,115.39743376103979,115.39743376103979,1.0,2.0,1.0,0.0,2,,,,5.0,25.0,5.0,5.0,4.5,5.0,4.166666666666667,4.75,5.0,4.6,2.0,1.0,3.0,4.0,4.75,6.0,6.333333333333333,6.0
2,2,2.0,50.0,1.0,2.0,1.0,5.0,1.0,40.0,55.0,3.0,137.5,2707.882019663389,3000.3332777870355,75.00833194467589,54.551514141582466,2.0,5.0,1.0,0.0,2,,,,10.0,10.0,10.0,25.0,3.5,4.0,2.1666666666666665,2.5,4.0,3.4,4.0,1.0,2.3333333333333335,5.0,4.75,6.333333333333333,6.0,4.0
2,2,1.0,46.2,1.0,2.0,1.0,5.0,1.0,32.0,32.0,1.0,100.0,2891.184802532911,3203.4327612064653,80.08581903016163,80.08581903016163,1.0,1.0,2.0,25.0,2,,,,28.0,1.0,1.0,2.0,4.6,4.0,4.5,3.0,5.0,4.4,4.25,1.3333333333333333,4.0,4.0,5.25,7.0,6.0,4.0
2,2,1.0,52.0,1.0,4.0,1.0,1.0,1.0,40.0,50.0,3.0,125.0,1041.4930844859189,1153.974337610398,28.849358440259948,23.079486752207956,2.0,4.0,2.0,16.0,2,,,,30.0,15.0,2.0,3.0,2.6666666666666665,4.0,3.5,3.75,4.333333333333333,3.0,3.0,3.3333333333333335,4.333333333333333,4.666666666666667,5.0,5.666666666666667,5.666666666666667,4.0
2,2,2.0,39.0,1.0,2.0,1.0,4.0,1.0,40.0,50.0,3.0,125.0,1499.7500416597236,1661.7230461589734,41.54307615397433,33.23446092317947,1.0,1.0,6.0,5.0,2,,,,30.0,20.0,2.0,0.0,3.0,3.0,2.1666666666666665,1.0,1.6666666666666665,1.1999999999999997,5.0,1.0,1.6666666666666665,2.3333333333333335,5.25,6.666666666666667,4.666666666666667,4.0
2,2,1.0,63.0,1.0,1.0,1.0,1.0,1.0,40.0,47.0,3.0,117.5,2691.2181303116145,2981.869688385269,74.54674220963172,56.741967247882926,1.0,1.0,1.0,0.0,2,,,,35.0,5.0,4.0,3.0,3.6666666666666665,5.0,2.1666666666666665,2.5,2.6666666666666665,4.4,3.75,1.3333333333333333,5.0,3.6666666666666665,6.0,6.0,6.0,6.0
2,2,1.0,35.0,3.0,1.0,1.0,1.0,5.0,50.0,50.0,1.0,100.0,916.5139143476085,1015.4974170971502,20.309948341943006,20.309948341943006,1.0,1.0,5.0,35.0,2,,,,0.0,2.0,50.0,1.0,3.3333333333333335,3.0,3.5,2.5,4.333333333333333,2.8,4.0,1.6666666666666667,2.3333333333333335,2.0,5.0,4.666666666666667,5.666666666666667,7.0
2,2,2.0,33.0,2.0,1.0,1.0,8.0,2.0,40.0,50.0,3.0,125.0,1458.0903182802863,1615.5640726545573,40.38910181636393,32.31128145309115,1.0,3.0,1.0,0.0,2,,,,30.0,12.0,2.0,5.0,3.0,4.0,2.1666666666666665,3.0,3.6666666666666665,2.6,3.5,1.3333333333333333,4.666666666666667,5.0,5.25,6.666666666666667,6.0,4.0
2,2,1.0,40.0,2.0,1.0,1.0,2.0,2.0,40.0,40.0,1.0,100.0,2166.3056157307115,2400.2666222296284,60.00666555574071,60.00666555574071,1.0,2.0,1.0,0.0,2,,,,15.0,5.0,10.0,10.0,3.0,3.0,3.1666666666666665,2.75,3.3333333333333335,3.2,5.0,1.6666666666666667,5.333333333333333,4.333333333333333,5.5,5.333333333333333,4.0,4.0
2,2,1.0,58.0,4.0,1.0,1.0,6.0,2.0,20.0,20.0,1.0,100.0,1041.4930844859189,1153.974337610398,57.698716880519896,57.698716880519896,1.0,2.0,3.0,30.0,2,,,,4.0,1.0,0.0,1.0,4.666666666666667,1.0,4.333333333333333,5.0,5.0,5.0,1.25,1.6666666666666667,2.6666666666666665,1.666666666666667,2.75,5.666666666666667,6.333333333333333,4.0
2,2,1.0,37.0,1.0,2.0,1.0,8.0,2.0,40.0,60.0,3.0,150.0,1874.6875520746541,2077.1538076987167,51.92884519246792,34.61923012831195,1.0,3.0,5.0,60.0,2,,,,25.0,20.0,5.0,10.0,3.8333333333333335,5.0,2.8333333333333335,5.0,4.0,3.8,5.0,2.0,3.0,5.0,2.75,7.0,7.0,4.0
2,2,2.0,48.0,1.0,1.0,1.0,9.0,2.0,40.0,40.0,1.0,100.0,1499.7500416597236,1661.7230461589734,41.54307615397433,41.54307615397433,1.0,4.0,1.0,0.0,2,,,,10.0,1.0,1.0,5.0,3.0,3.0,3.8333333333333335,5.0,5.0,3.4,4.0,1.0,3.6666666666666665,2.6666666666666665,6.0,6.666666666666667,6.333333333333333,4.0
2,2,1.0,36.0,2.0,1.0,1.0,1.0,2.0,40.0,40.0,1.0,100.0,1458.0903182802863,1615.5640726545573,40.38910181636393,40.38910181636393,1.0,1.0,1.0,0.0,2,,,,7.0,30.0,2.0,1.0,2.6666666666666665,5.0,3.8333333333333335,4.0,4.333333333333333,2.8,4.25,1.3333333333333333,6.333333333333333,6.333333333333333,6.25,5.333333333333333,6.0,4.0
2,2,1.0,48.0,2.0,2.0,1.0,5.0,1.0,80.0,53.2,2.2,129.0,4582.569571738043,5077.487085485752,63.468588568571896,59.342379782782714,1.0,1.0,5.0,6.0,2,,,,20.0,35.0,5.0,1.0,1.6666666666666667,5.0,1.3333333333333333,1.0,1.0,2.6,5.0,5.0,2.0,3.6666666666666665,1.0,1.0,3.6666666666666665,6.0
2,2,1.0,40.0,1.0,2.0,1.0,1.0,1.0,40.0,30.0,2.0,75.0,1249.7917013831027,1384.7692051324777,34.61923012831194,46.158973504415926,1.0,3.0,6.0,50.0,2,,,,26.0,1.0,0.0,12.0,2.5,1.9999999999999998,3.3333333333333335,3.5,4.333333333333333,1.6000000000000003,4.75,3.0,4.666666666666667,4.0,5.25,4.666666666666667,3.3333333333333335,4.0
2,2,2.0,30.0,2.0,1.0,1.0,8.0,2.0,20.0,35.0,3.0,175.0,1458.0903182802863,1615.5640726545573,80.77820363272787,46.158973504415926,1.0,3.0,1.0,0.0,2,,,,25.0,7.0,2.0,1.0,3.8333333333333335,3.0,3.8333333333333335,4.25,3.3333333333333335,3.0,3.25,1.0,2.0,1.666666666666667,4.5,6.333333333333333,6.0,4.0
2,2,1.0,49.0,1.0,2.0,1.0,6.0,1.0,40.0,40.0,1.0,100.0,2499.5834027662054,2769.5384102649555,69.23846025662388,69.23846025662388,1.0,3.0,1.0,0.0,2,,,,18.0,18.0,4.0,3.0,2.1666666666666665,4.0,3.5,2.75,3.3333333333333335,2.2,4.25,4.333333333333333,5.666666666666667,5.333333333333333,4.25,4.666666666666667,4.0,5.0
2,2,1.0,51.0,3.0,1.0,1.0,8.0,1.0,40.0,40.0,1.0,100.0,3124.479253457757,3461.9230128311947,86.54807532077987,86.54807532077987,1.0,2.0,1.0,0.0,2,,,,15.0,10.0,10.0,5.0,3.5,3.0,3.8333333333333335,3.25,5.0,4.0,3.5,1.3333333333333333,2.6666666666666665,4.666666666666667,4.5,6.0,6.333333333333333,6.0
2,2,2.0,55.0,4.0,3.0,1.0,8.0,1.0,40.0,40.0,1.0,100.0,1249.7917013831027,1384.7692051324777,34.61923012831194,34.61923012831194,1.0,2.0,6.0,40.0,2,,,,35.0,5.0,2.0,2.0,1.8333333333333333,3.0,2.8333333333333335,3.0,3.3333333333333335,2.2,3.75,1.6666666666666667,1.6666666666666665,3.3333333333333335,5.5,6.333333333333333,6.333333333333333,4.0
2,2,2.0,38.8,2.0,2.0,1.0,8.0,3.0,40.0,50.0,3.0,125.0,1249.7917013831027,1384.7692051324777,34.61923012831194,27.695384102649555,1.0,1.0,1.0,10.0,2,,,,45.0,0.0,5.0,0.0,2.8333333333333335,5.0,2.8333333333333335,3.5,4.0,2.2,4.25,1.0,1.0,1.0,1.75,6.0,6.0,4.0
2,2,1.0,37.0,1.0,1.0,1.0,8.0,2.0,40.0,55.0,3.0,137.5,1458.0903182802863,1615.5640726545573,40.38910181636393,29.37389223008286,1.0,2.0,6.0,20.0,2,,,,20.0,20.0,2.0,10.0,2.1666666666666665,5.0,2.6666666666666665,2.5,2.3333333333333335,1.6000000000000003,4.25,2.3333333333333335,3.3333333333333335,3.3333333333333335,3.75,6.0,6.333333333333333,4.0
2,2,1.0,44.0,4.0,1.0,1.0,8.0,1.0,40.0,45.0,3.0,112.5,1666.38893517747,1846.3589401766371,46.158973504415926,41.030198670591936,1.0,3.0,1.0,0.0,2,,,,30.0,8.0,2.0,10.0,3.6666666666666665,4.0,2.6666666666666665,3.5,5.0,3.4,4.0,2.0,2.6666666666666665,3.6666666666666665,4.0,6.0,5.333333333333333,4.0
2,2,1.0,37.0,2.0,2.0,1.0,1.0,3.0,40.0,52.0,3.0,130.0,1666.38893517747,1846.3589401766371,46.158973504415926,35.50690269570456,1.0,2.0,2.0,7.5,2,,,,6.0,37.5,0.0,1.5,4.0,5.0,2.0,2.25,5.0,4.2,3.0,1.0,1.0,5.333333333333333,7.0,7.0,7.0,4.0
2,2,2.0,40.0,1.0,2.0,1.0,1.0,1.0,40.0,50.0,3.0,125.0,2916.180636560573,3231.1281453091146,80.77820363272787,64.6225629061823,2.0,5.0,2.0,5.0,2,,,,20.0,5.0,10.0,15.0,3.6666666666666665,4.0,4.333333333333333,3.5,4.333333333333333,4.2,2.5,1.6666666666666667,1.3333333333333335,1.0,6.25,6.666666666666667,6.0,4.0
2,2,1.0,46.0,1.0,2.0,1.0,8.0,1.0,40.0,40.0,1.0,100.0,3124.479253457757,3461.9230128311947,86.54807532077987,86.54807532077987,1.0,2.0,2.0,6.0,2,,,,6.0,4.0,4.0,4.0,3.6666666666666665,3.0,2.8333333333333335,1.5,4.0,3.4,4.0,2.0,5.0,4.333333333333333,5.75,6.0,3.6666666666666665,6.0
2,2,1.0,34.0,2.0,1.0,1.0,1.0,2.0,40.0,55.0,3.0,137.5,1541.40976503916,1707.8820196633892,42.69705049158473,31.052400357516166,3.0,4.0,1.0,0.0,2,,,,27.0,18.0,5.0,5.0,3.0,4.0,4.0,3.25,3.6666666666666665,3.2,4.0,2.0,4.0,4.333333333333333,6.5,6.666666666666667,6.333333333333333,4.0
2,2,1.0,38.0,1.0,2.0,1.0,5.0,2.0,40.0,50.0,3.0,125.0,2166.3056157307115,2400.2666222296284,60.00666555574071,48.00533244459257,1.0,2.0,2.0,55.0,2,,,,15.0,20.0,15.0,5.0,2.8333333333333335,5.0,3.6666666666666665,2.25,3.3333333333333335,3.6,4.0,2.0,4.333333333333333,5.333333333333333,5.5,6.333333333333333,5.666666666666667,4.0
2,2,2.0,58.0,1.0,1.0,1.0,8.0,1.0,40.0,40.0,1.0,100.0,1249.7917013831027,1384.7692051324777,34.61923012831194,34.61923012831194,1.0,3.0,5.0,5.0,2,,,,30.0,2.0,0.0,8.0,4.333333333333333,3.0,3.6666666666666665,3.75,5.0,4.0,3.0,1.0,1.6666666666666665,3.0,4.0,6.666666666666667,6.333333333333333,4.0
2,2,2.0,35.0,2.0,1.0,1.0,5.0,2.0,40.0,40.0,1.0,100.0,1903.84935844026,2109.465089151808,52.7366272287952,52.7366272287952,1.0,3.0,6.0,5.0,2,,,,40.0,0.0,0.0,0.0,3.25,1.9999999999999998,3.6666666666666665,2.25,3.0,3.2,3.5,1.3333333333333333,3.0,2.3333333333333335,4.5,6.0,6.0,4.0
2,2,1.0,45.0,1.0,2.0,1.0,5.0,1.0,40.0,40.0,1.0,100.0,2207.9653391101483,2446.4255957340442,61.1606398933511,61.1606398933511,1.0,3.0,7.0,10.0,2,,,,15.0,20.0,5.0,3.0,3.8333333333333335,4.0,3.3333333333333335,5.0,4.666666666666667,4.0,3.75,2.0,3.3333333333333335,4.666666666666667,5.75,7.0,7.0,5.0
2,2,1.0,50.0,1.0,2.0,1.0,8.0,1.0,40.0,49.0,3.0,122.50000000000001,2499.5834027662054,2769.5384102649555,69.23846025662388,55.39076820529911,2.0,5.0,6.0,55.0,2,,,,18.0,5.0,2.0,15.0,3.6666666666666665,4.0,3.6666666666666665,4.25,5.0,3.8,4.0,1.0,1.0,1.0,2.75,6.333333333333333,7.0,4.0
2,2,1.0,47.0,2.0,2.0,1.0,8.0,1.0,36.0,36.0,1.0,100.0,2416.263956007332,2677.220463256124,74.36723509044788,74.36723509044788,1.0,3.0,7.0,10.0,2,,,,20.0,10.0,0.0,10.0,3.3333333333333335,3.0,2.6666666666666665,4.0,4.0,3.4,4.0,2.0,5.0,3.3333333333333335,5.5,6.0,5.666666666666667,4.0
2,2,1.0,69.0,1.0,1.0,3.0,8.0,1.0,8.0,7.9999999999999964,1.0,100.0,583.2361273121146,646.2256290618229,80.77820363272787,80.77820363272787,1.0,4.0,5.0,10.0,2,,,,7.0,0.0,0.0,1.0,4.166666666666667,3.0,3.6666666666666665,5.0,3.6666666666666665,4.4,1.75,1.3333333333333333,2.6666666666666665,3.3333333333333335,3.0,5.333333333333333,4.666666666666667,6.0
2,2,2.0,65.0,1.0,1.0,1.0,8.0,1.0,40.0,40.0,1.0,100.0,2499.5834027662054,2769.5384102649555,69.23846025662388,69.23846025662388,1.0,4.0,1.0,0.0,2,,,,24.0,8.0,2.0,6.0,2.6666666666666665,4.0,4.0,4.75,5.0,3.8,3.0,1.0,4.333333333333333,5.666666666666667,6.5,6.666666666666667,6.333333333333333,5.0
2,2,1.0,53.0,1.0,2.0,1.0,2.0,1.0,40.0,40.0,1.0,100.0,2041.3264455924011,2261.7897017163805,56.54474254290951,56.54474254290951,1.0,2.0,1.0,0.0,2,,,,16.0,16.0,4.0,4.0,4.0,3.0,3.3333333333333335,3.5,4.333333333333333,3.2,2.25,1.6666666666666667,4.333333333333333,5.0,5.0,6.0,6.0,4.0
2,2,2.0,50.0,1.0,1.0,3.0,1.0,1.0,40.0,60.0,3.0,150.0,1583.0694884185968,1754.0409931678053,43.85102482919514,29.234016552796753,1.0,2.0,5.0,6.0,2,,,,50.0,8.0,2.0,0.0,4.666666666666667,4.0,4.166666666666667,2.25,5.0,4.2,4.0,1.0,4.333333333333333,3.6666666666666665,4.0,6.666666666666667,7.0,3.0
2,2,2.0,60.0,4.0,3.0,1.0,5.0,1.0,40.0,48.0,3.0,120.0,2874.520913181136,3184.969171804699,79.62422929511747,66.35352441259789,1.0,2.0,6.0,48.0,2,,,,18.0,8.0,12.0,8.0,3.0,4.0,1.8333333333333333,2.0,1.9999999999999998,3.6,4.0,1.3333333333333333,2.6666666666666665,1.666666666666667,3.0,6.666666666666667,6.0,6.0
2,2,1.0,30.0,1.0,2.0,1.0,6.0,2.0,40.0,40.0,1.0,100.0,2416.263956007332,2677.220463256124,66.9305115814031,66.9305115814031,1.0,2.0,1.0,0.0,2,,,,20.0,8.0,10.0,2.0,4.333333333333333,4.0,4.5,5.0,5.0,3.8,3.0,1.0,4.0,6.0,4.75,6.0,6.0,4.0
2,2,2.0,46.0,3.0,1.0,1.0,1.0,2.0,40.0,55.4,3.0,138.5,2082.9861689718377,2307.948675220796,57.698716880519896,44.97541008122577,3.0,2.0,1.0,0.0,2,,,,16.0,26.0,4.0,2.0,4.0,4.0,3.1666666666666665,4.5,3.3333333333333335,4.0,2.75,1.0,3.0,1.333333333333333,4.0,7.0,7.0,9.0
2,2,2.0,40.0,4.0,2.0,1.0,6.0,2.0,40.0,40.0,1.0,100.0,2916.180636560573,3231.1281453091146,80.77820363272787,80.77820363272787,2.0,4.0,3.0,4.0,2,,,,6.0,4.0,2.0,10.0,3.8333333333333335,5.0,3.6666666666666665,3.5,2.3333333333333335,4.0,3.75,5.333333333333333,3.6666666666666665,6.333333333333333,4.25,3.3333333333333335,4.0,4.0
2,2,2.0,41.0,1.0,1.0,1.0,1.0,1.0,40.0,52.0,3.0,130.0,2082.9861689718377,2307.948675220796,57.698716880519896,44.38362836963069,1.0,3.0,1.0,0.0,2,,,,15.0,30.0,5.0,2.0,3.3333333333333335,4.0,3.8333333333333335,4.25,2.6666666666666665,4.0,3.0,1.0,2.6666666666666665,3.3333333333333335,4.5,7.0,6.666666666666667,5.0
2,2,2.0,50.0,1.0,1.0,1.0,8.0,2.0,20.0,20.0,1.0,100.0,708.2152974504247,784.7025495750709,39.23512747875354,39.23512747875354,1.0,1.0,2.0,40.0,2,,,,20.0,1.0,0.0,0.0,3.1666666666666665,3.0,3.0,5.0,3.6666666666666665,4.0,3.5,2.0,2.3333333333333335,3.0,5.75,6.333333333333333,6.0,3.0
2,2,2.0,29.0,2.0,1.0,1.0,5.0,3.0,8.0,15.0,3.0,187.5,291.6180636560571,323.11281453091124,40.38910181636393,21.540854302060765,1.0,1.0,1.0,0.0,2,,,,5.0,35.0,2.0,1.0,3.1666666666666665,4.0,3.0,2.25,4.333333333333333,3.0,3.25,1.0,5.666666666666667,2.6666666666666665,5.75,7.0,7.0,7.0
2,2,2.0,35.0,1.0,2.0,1.0,5.0,3.0,40.0,40.0,1.0,100.0,1583.0694884185968,1754.0409931678053,47.08215297450425,47.08215297450425,1.0,1.0,1.0,0.0,2,,,,8.0,25.0,2.0,5.0,2.8333333333333335,5.0,2.3333333333333335,1.75,3.6666666666666665,3.0,3.5,2.0,4.666666666666667,4.333333333333333,4.5,6.666666666666667,7.0,7.0
2,2,2.0,33.0,1.0,1.0,1.0,4.0,1.0,40.0,40.0,1.0,100.0,1791.3681053157807,1984.8358606898848,49.62089651724712,49.62089651724712,1.0,2.0,1.0,0.0,2,,,,18.0,19.0,1.0,2.0,3.1666666666666665,4.0,2.1666666666666665,2.75,2.6666666666666665,2.4,3.25,1.3333333333333333,3.6666666666666665,3.3333333333333335,5.0,6.333333333333333,6.666666666666667,4.0
2,2,2.0,34.0,1.0,2.0,1.0,1.0,2.0,40.0,40.0,1.0,100.0,2082.9861689718377,2307.948675220796,57.698716880519896,57.698716880519896,1.0,2.0,1.0,0.0,2,,,,30.0,10.0,0.0,0.0,3.3333333333333335,4.0,1.6666666666666667,1.0,1.0,2.4,5.0,3.0,2.6666666666666665,2.3333333333333335,3.5,6.0,6.666666666666667,2.0
2,2,1.0,44.0,1.0,2.0,1.0,5.0,1.0,40.0,40.0,1.0,100.0,2707.882019663389,3000.3332777870355,75.00833194467589,61.78378603566072,3.0,2.0,5.0,45.0,2,,,,18.0,20.0,2.0,5.0,2.6666666666666665,3.0,4.5,2.75,2.3333333333333335,3.8,3.0,1.3333333333333333,4.0,3.3333333333333335,4.75,5.0,6.0,5.0
2,2,2.0,39.0,3.0,1.0,1.0,8.0,2.0,20.0,15.0,2.0,75.0,583.2361273121146,646.2256290618229,32.31128145309115,43.08170860412153,1.0,1.0,6.0,40.0,2,,,,15.0,0.0,0.0,0.0,2.1666666666666665,1.9999999999999998,4.166666666666667,2.5,3.0,2.2,4.0,5.666666666666667,2.3333333333333335,2.0,3.25,6.666666666666667,5.333333333333333,4.0
2,2,2.0,34.0,1.0,2.0,1.0,1.0,2.0,16.0,20.0,3.0,125.0,499.9166805532409,553.9076820529913,34.61923012831194,27.695384102649555,1.0,2.0,1.0,0.0,2,,,,16.0,6.0,1.0,1.0,4.166666666666667,1.0,4.666666666666667,5.0,4.666666666666667,4.2,2.25,1.0,4.066666666666666,3.8,7.0,7.0,7.0,4.0
2,2,1.0,45.0,4.0,1.0,1.0,6.0,1.0,40.0,30.0,2.0,75.0,2082.9861689718377,2307.948675220796,57.698716880519896,76.93162250735986,1.0,2.0,5.0,10.0,2,,,,25.0,5.0,5.0,5.0,4.0,4.0,2.8333333333333335,2.25,3.6666666666666665,3.6,3.0,2.6666666666666665,3.3333333333333335,5.333333333333333,4.0,4.333333333333333,4.666666666666667,2.0
2,2,1.0,60.0,1.0,1.0,1.0,10.0,1.0,40.0,49.0,3.0,122.5,3749.3751041493083,4154.307615397433,103.85769038493584,74.93314151883776,2.0,4.0,1.0,0.0,2,,,,20.0,2.0,1.0,25.0,2.5,1.9999999999999998,1.6666666666666667,3.75,3.6666666666666665,3.4,4.0,1.0,4.333333333333333,2.6666666666666665,6.0,6.666666666666667,6.333333333333333,5.0
2,2,1.0,28.0,2.0,1.0,1.0,1.0,2.0,28.0,40.0,3.0,142.85714285714286,1458.0903182802863,1615.5640726545573,57.6987168805199,40.38910181636393,1.0,2.0,5.0,45.0,2,,,,10.0,20.0,2.0,5.0,4.0,5.0,2.6666666666666665,4.25,4.333333333333333,3.0,3.25,1.0,3.6666666666666665,3.6666666666666665,4.75,3.0,5.333333333333333,7.0
2,2,2.0,46.0,5.0,2.0,1.0,5.0,1.0,40.0,40.0,1.0,100.0,2291.2847858690216,2538.743542742876,63.468588568571896,63.468588568571896,1.0,3.0,1.0,0.0,2,,,,40.0,10.0,2.0,2.0,3.1666666666666665,4.0,2.3333333333333335,2.0,2.6666666666666665,3.0,3.5,1.3333333333333333,2.0,4.0,3.25,6.0,4.666666666666667,6.0
2,2,2.0,56.0,4.0,3.0,1.0,2.0,1.0,40.0,40.0,1.0,100.0,4165.9723379436755,4615.897350441592,115.39743376103979,115.39743376103979,4.0,3.0,2.0,8.0,2,,,,14.0,6.0,6.0,14.0,4.0,5.0,4.333333333333333,4.5,4.333333333333333,4.8,3.25,1.0,6.333333333333333,5.0,6.0,7.0,6.333333333333333,6.0
2,2,1.0,40.0,1.0,2.0,1.0,6.0,1.0,40.0,40.0,1.0,100.0,2749.541743042826,3046.4922512914513,76.16230628228628,76.16230628228628,1.0,2.0,1.0,0.0,2,,,,8.0,8.0,16.0,8.0,4.333333333333333,5.0,4.0,5.0,5.0,5.0,2.0,1.0,3.0,5.666666666666667,4.75,6.666666666666667,6.333333333333333,7.0
2,2,1.0,33.0,2.0,1.0,1.0,2.0,2.0,32.0,32.0,1.0,100.0,1416.4305949008499,1569.4050991501413,49.04390934844192,49.04390934844192,1.0,2.0,1.0,0.0,2,,,,28.5,2.0,0.5,1.0,4.166666666666667,3.0,4.166666666666667,5.0,4.666666666666667,4.2,2.0,1.0,3.0,2.0,4.75,6.333333333333333,5.333333333333333,4.0
2,2,2.0,58.0,5.0,1.0,1.0,6.0,1.0,40.0,40.0,1.0,100.0,1916.3472754540908,2123.3127812031325,53.08281953007831,53.08281953007831,3.0,2.0,1.0,0.0,2,,,,30.0,5.0,4.0,1.0,4.666666666666667,5.0,2.6666666666666665,3.0,4.0,4.6,4.0,1.0,6.0,6.333333333333333,6.0,7.0,6.666666666666667,5.0
2,2,1.0,49.0,2.0,2.0,1.0,2.0,1.0,40.0,40.0,1.0,100.0,1749.7083819363438,1938.6768871854688,48.46692217963672,48.46692217963672,1.0,3.0,1.0,0.0,2,,,,15.0,5.0,5.0,15.0,3.0,5.0,3.0,3.5,2.3333333333333335,3.0,3.0,4.333333333333333,3.0,3.6666666666666665,3.5,2.6666666666666665,4.666666666666667,5.0
2,2,2.0,50.0,1.0,2.0,1.0,8.0,1.0,40.0,40.0,1.0,100.0,1874.6875520746541,2077.1538076987167,51.92884519246792,51.92884519246792,1.0,2.0,2.0,20.0,2,,,,30.0,10.0,5.0,15.0,2.1666666666666665,5.0,2.0,3.0,4.333333333333333,2.4,3.75,1.6666666666666667,2.0,5.666666666666667,5.25,5.666666666666667,6.666666666666667,5.0
2,2,1.0,30.0,3.0,1.0,1.0,8.0,2.0,20.0,20.0,1.0,100.0,833.1944675887353,923.1794700883186,46.158973504415926,46.158973504415926,1.0,3.0,1.0,0.0,2,,,,12.0,3.0,0.0,2.0,3.5,4.0,2.8333333333333335,3.75,2.3333333333333335,2.4,4.25,3.0,5.0,3.6666666666666665,5.5,5.0,4.666666666666667,3.0
2,2,1.0,44.0,3.0,1.0,1.0,6.0,1.0,60.0,60.0,1.0,100.0,2707.882019663389,3000.3332777870355,50.005554629783916,50.00555462978392,1.0,2.0,6.0,6.0,2,,,,45.0,5.0,2.0,8.0,2.3333333333333335,5.0,3.0,4.75,3.3333333333333335,2.0,4.25,1.3333333333333333,2.0,1.0,4.0,6.333333333333333,5.666666666666667,4.0
2,2,2.0,28.0,3.0,1.0,1.0,5.0,3.0,28.0,56.0,3.0,200.0,833.1944675887353,923.1794700883186,32.97069536029709,16.48534768014855,1.0,1.0,1.0,0.0,2,,,,5.0,12.5,37.5,1.0,3.6666666666666665,4.0,3.1666666666666665,4.5,3.6666666666666665,2.8,4.5,2.0,1.6666666666666665,1.666666666666667,2.75,5.333333333333333,5.666666666666667,7.0
2,2,2.0,61.0,1.0,1.0,1.0,8.0,3.0,40.0,52.0,3.0,130.0,1833.0278286952173,2030.9948341943007,50.77487085485752,39.05759296527501,2.0,2.0,5.0,13.5,2,,,,23.0,4.0,8.0,20.0,3.3333333333333335,5.0,2.0,2.0,3.6666666666666665,2.0,4.25,3.0,2.0,1.666666666666667,3.0,5.333333333333333,4.0,4.0
2,2,1.0,43.0,2.0,1.0,1.0,5.0,2.0,40.0,60.0,3.0,150.0,1682.469588401933,1864.1763039493417,46.604407598733545,31.069605065822362,1.0,3.0,1.0,0.0,2,,,,20.0,10.0,5.0,5.0,2.3333333333333335,5.0,2.6666666666666665,5.0,4.333333333333333,3.0,3.75,2.3333333333333335,3.0,2.6666666666666665,4.75,6.0,5.666666666666667,4.0
2,2,1.0,31.0,1.0,1.0,1.0,8.0,2.0,40.0,25.0,2.0,62.49999999999999,1583.0694884185968,1754.0409931678053,43.85102482919514,70.16163972671221,1.0,1.0,1.0,0.0,2,,,,20.0,8.0,0.0,0.0,2.1666666666666665,1.9999999999999998,2.6666666666666665,1.25,2.6666666666666665,2.0,3.25,3.0,3.3333333333333335,4.333333333333333,6.0,7.0,7.0,4.0
2,2,2.0,29.0,3.0,1.0,1.0,5.0,2.0,20.0,32.0,3.0,160.0,999.8333611064822,1107.815364105982,55.3907682052991,34.61923012831194,2.0,2.0,5.0,24.0,2,,,,16.0,8.0,4.0,4.0,4.333333333333333,3.0,4.166666666666667,5.0,5.0,4.6,3.5,1.0,4.333333333333333,4.0,4.25,7.0,6.666666666666667,4.0
2,2,1.0,51.0,2.0,2.0,1.0,4.0,1.0,40.0,40.0,1.0,100.0,3749.3751041493083,4154.307615397433,103.85769038493584,103.85769038493584,2.0,5.0,2.0,10.0,2,,,,8.0,22.0,5.0,5.0,3.6666666666666665,4.0,3.6666666666666665,3.5,4.0,3.6,3.75,1.3333333333333333,4.0,5.0,4.75,6.0,5.666666666666667,4.0
2,2,2.0,24.0,2.0,1.0,1.0,5.0,2.0,20.0,30.0,3.0,150.0,833.1944675887353,923.1794700883186,46.158973504415926,30.77264900294395,1.0,1.0,1.0,0.0,2,,,,8.0,8.0,0.0,14.0,4.333333333333333,1.9999999999999998,3.6666666666666665,3.75,3.6666666666666665,4.0,3.0,2.0,3.0,3.3333333333333335,4.75,7.0,5.333333333333333,7.0
2,2,2.0,50.0,1.0,3.0,1.0,8.0,2.0,40.0,40.0,1.0,100.0,1791.3681053157807,1984.8358606898848,49.62089651724712,49.62089651724712,1.0,3.0,4.0,25.0,2,,,,35.0,0.0,0.0,5.0,3.5,5.0,2.8333333333333335,1.0,4.333333333333333,3.6,3.25,1.0,2.0,3.0,3.25,7.0,6.666666666666667,4.0
2,2,2.0,41.0,2.0,1.0,1.0,5.0,1.0,28.0,28.0,1.0,100.0,1249.7917013831027,1384.7692051324777,49.456043040445635,49.456043040445635,1.0,2.0,1.0,0.0,2,,,,20.0,2.0,1.0,8.0,3.1666666666666665,4.0,3.3333333333333335,3.75,4.0,3.0,3.25,1.3333333333333333,3.6666666666666665,5.333333333333333,4.25,6.0,4.666666666666667,4.0
2,2,2.0,46.0,2.0,2.0,1.0,5.0,1.0,40.0,40.0,1.0,100.0,1441.4264289285118,1597.100483252791,39.927512081319776,39.927512081319776,1.0,1.0,5.0,8.0,2,,,,13.5,1.5,3.0,2.5,3.6666666666666665,5.0,2.3333333333333335,2.25,4.333333333333333,3.6,4.5,1.6666666666666667,4.333333333333333,3.3333333333333335,5.25,6.666666666666667,6.666666666666667,4.0
2,2,2.0,35.0,1.0,2.0,1.0,1.0,3.0,40.0,43.8,1.8,109.5,1208.131978003666,1338.610231628062,33.46525579070155,36.19240330693184,1.0,1.0,5.0,7.0,2,,,,3.0,35.0,2.0,2.0,3.3333333333333335,5.0,2.0,1.5,4.666666666666667,2.2,4.0,1.0,3.0,5.333333333333333,4.0,5.0,7.0,7.0
2,2,2.0,58.0,3.0,1.0,1.0,8.0,1.0,40.0,55.0,3.0,137.5,2395.4340943176135,2654.1409765039157,66.35352441259789,48.257108663707555,1.0,3.0,7.0,0.0,2,,,,30.0,10.0,2.5,9.0,3.8333333333333335,4.0,2.6666666666666665,5.0,4.333333333333333,4.2,4.0,1.0,3.3333333333333335,4.0,5.75,5.666666666666667,4.0,4.0
2,2,1.0,43.0,1.0,2.0,1.0,5.0,1.0,40.0,57.0,3.0,142.5,4582.569571738043,5077.487085485752,126.93717713714379,89.07872079799564,3.0,3.0,1.0,0.0,2,,,,16.0,8.0,16.0,17.5,3.3333333333333335,5.0,2.3333333333333335,1.75,3.0,3.8,4.0,1.0,1.0,1.0,2.0,7.0,6.666666666666667,6.0
2,2,2.0,42.0,1.0,2.0,1.0,8.0,2.0,40.0,40.0,1.0,100.0,1624.7292117980335,1800.199966672221,45.004999166805526,45.004999166805526,1.0,4.0,1.0,0.0,2,,,,20.0,10.0,6.0,10.0,2.8333333333333335,4.0,2.8333333333333335,4.75,4.333333333333333,3.0,4.25,2.0,4.0,3.3333333333333335,6.0,7.0,6.333333333333333,4.0
2,2,2.0,44.0,1.0,2.0,1.0,8.0,1.0,40.0,40.0,1.0,100.0,2499.5834027662054,2769.5384102649555,69.23846025662388,69.23846025662388,2.0,5.0,1.0,0.0,2,,,,30.0,4.0,2.0,4.0,3.5,3.0,3.8333333333333335,3.25,4.0,4.2,4.0,1.0,3.0,4.0,4.0,6.0,5.666666666666667,4.0
2,2,1.0,41.0,2.0,2.0,1.0,6.0,1.0,40.0,40.0,1.0,100.0,3874.3542742876184,4292.784535910681,107.31961339776703,107.31961339776703,1.0,3.0,1.0,0.0,2,,,,15.0,20.0,5.0,5.0,4.833333333333333,3.0,4.166666666666667,4.75,4.666666666666667,4.0,3.0,1.6666666666666667,5.5,2.0,4.25,6.333333333333333,5.666666666666667,5.0
2,2,1.0,57.0,1.0,1.0,1.0,5.0,1.0,40.0,40.0,1.0,100.0,1666.38893517747,1846.3589401766371,46.158973504415926,46.158973504415926,2.0,5.0,1.0,0.0,2,,,,20.0,0.0,0.0,3.0,4.166666666666667,5.0,2.8333333333333335,3.0,4.0,4.2,4.0,3.0,3.5,5.333333333333333,6.0,6.666666666666667,5.666666666666667,4.0
2,2,1.0,49.0,1.0,4.0,1.0,6.0,1.0,40.0,40.0,1.0,100.0,2916.180636560573,3231.128145309115,80.77820363272787,80.77820363272787,2.0,5.0,6.0,20.0,2,,,,15.0,10.0,1.0,14.0,4.5,5.0,3.8333333333333335,4.25,3.6666666666666665,4.8,3.75,1.0,4.333333333333333,5.0,5.666666666666667,6.666666666666667,6.666666666666667,5.0
2,2,1.0,48.0,3.0,1.0,1.0,1.0,1.0,40.0,45.0,3.0,112.5,1249.7917013831027,1384.7692051324777,34.61923012831194,30.77264900294395,4.0,3.0,1.0,0.0,2,,,,20.0,15.0,10.0,1.0,3.3333333333333335,5.0,2.3333333333333335,2.25,2.6666666666666665,2.8,3.0,1.0,3.0,3.0,3.75,6.0,4.333333333333333,4.0
2,2,1.0,44.0,1.0,2.0,1.0,2.0,1.0,40.0,40.0,1.0,100.0,1874.6875520746541,2077.1538076987167,51.92884519246792,51.92884519246792,1.0,3.0,1.0,0.0,2,,,,12.0,20.0,3.0,5.0,3.0,3.0,4.333333333333333,4.0,4.666666666666667,3.0,2.0,1.0,4.333333333333333,4.333333333333333,5.25,5.666666666666667,6.333333333333333,4.0
2,2,2.0,50.0,1.0,1.0,1.0,8.0,2.0,40.0,40.0,1.0,100.0,1249.7917013831027,1384.7692051324777,34.61923012831194,34.61923012831194,1.0,3.0,2.0,60.0,2,,,,6.0,3.0,3.0,3.0,4.333333333333333,3.0,3.6666666666666665,4.0,3.3333333333333335,4.0,3.0,1.3333333333333333,2.6666666666666665,1.666666666666667,3.75,6.666666666666667,7.0,4.0
2,2,2.0,38.0,3.0,1.0,1.0,1.0,1.0,40.0,50.0,3.0,125.0,1541.40976503916,1707.8820196633892,42.69705049158473,34.15764039326778,1.0,3.0,1.0,0.0,2,,,,20.0,7.0,0.0,10.0,3.5,3.0,2.6666666666666665,3.0,3.0,2.8,3.5,1.3333333333333333,4.0,3.0,4.5,6.333333333333333,5.333333333333333,4.0
2,2,1.0,54.0,1.0,2.0,1.0,8.0,1.0,48.0,40.0,2.0,83.33333333333334,3332.7778703549407,3692.7178803532743,76.93162250735988,92.31794700883185,2.0,5.0,7.0,15.0,2,,,,10.0,10.0,5.0,15.0,3.3333333333333335,1.9999999999999998,4.0,3.75,4.333333333333333,3.6,3.25,1.6666666666666667,3.0,4.333333333333333,5.0,5.666666666666667,5.0,6.0
2,2,2.0,46.0,1.0,2.0,1.0,8.0,2.0,20.0,20.0,1.0,100.0,874.8541909681719,969.3384435927344,48.46692217963672,48.46692217963672,1.0,2.0,5.0,20.0,2,,,,19.0,1.0,0.0,0.0,2.6666666666666665,1.9999999999999998,4.333333333333333,3.75,4.0,2.0,3.5,1.0,5.0,3.0,6.25,7.0,6.666666666666667,4.0
2,2,1.0,45.0,1.0,2.0,1.0,8.0,2.0,40.0,40.0,1.0,100.0,1541.40976503916,1707.8820196633892,42.69705049158473,42.69705049158473,1.0,2.0,3.0,21.0,2,,,,20.0,8.0,2.0,5.0,3.3333333333333335,3.0,3.0,3.25,4.0,3.0,3.75,2.6666666666666665,3.0,2.6666666666666665,5.0,5.333333333333333,5.333333333333333,4.0
2,2,2.0,54.0,1.0,1.0,1.0,4.0,2.0,8.0,15.0,3.0,187.5,249.95834027662067,276.9538410264954,34.61923012831194,18.46358940176637,1.0,3.0,3.0,12.0,2,,,,15.0,20.0,5.0,5.0,4.166666666666667,3.0,3.8333333333333335,2.25,3.6666666666666665,3.6,3.0,1.0,1.0,1.0,2.0,6.666666666666667,6.333333333333333,4.0
2,2,2.0,41.0,1.0,2.0,1.0,8.0,1.0,20.0,20.0,1.0,100.0,583.2361273121146,646.2256290618229,32.31128145309115,32.31128145309115,1.0,1.0,5.0,14.0,2,,,,12.0,0.0,0.0,2.0,2.6666666666666665,5.0,3.6666666666666665,5.0,5.0,3.2,1.75,1.0,2.0,2.6666666666666665,5.5,7.0,6.0,2.0
2,2,1.0,34.0,2.0,1.0,1.0,1.0,2.0,40.0,67.0,3.0,167.5,1749.7083819363438,1938.6768871854688,48.46692217963672,28.93547592814133,1.0,2.0,1.0,0.0,2,,,,15.0,35.0,20.0,10.0,3.5,4.0,2.8333333333333335,2.5,4.333333333333333,2.8,4.5,4.0,4.666666666666667,5.333333333333333,4.5,3.6666666666666665,4.0,4.0
2,2,2.0,50.0,1.0,4.0,1.0,5.0,2.0,40.0,48.0,3.0,120.0,1458.0903182802863,1615.5640726545573,40.38910181636393,33.65758484696995,1.0,3.0,1.0,0.0,2,,,,36.0,5.0,2.0,5.0,2.3333333333333335,4.0,2.6666666666666665,5.0,4.666666666666667,3.0,5.0,1.3333333333333333,5.0,5.0,6.0,7.0,6.333333333333333,4.0
2,2,2.0,34.0,3.0,1.0,1.0,1.0,2.0,10.0,17.0,3.0,170.0,395.767372104649,438.51024829195126,43.85102482919514,25.794720487761843,1.0,3.0,2.0,25.0,2,,,,12.0,5.0,0.0,2.0,3.6666666666666665,4.0,3.0,4.25,3.6666666666666665,3.4,3.0,1.3333333333333333,2.3333333333333335,4.333333333333333,3.75,6.666666666666667,6.0,4.0
2,2,2.0,40.0,1.0,2.0,1.0,4.0,2.0,12.0,11.999999999999996,1.0,100.0,416.59723379436764,461.58973504415917,38.46581125367994,38.46581125367994,1.0,1.0,2.0,32.0,2,,,,4.0,4.0,4.0,2.0,3.5,4.0,2.6666666666666665,3.0,3.0,3.8,4.0,1.3333333333333333,2.6666666666666665,4.0,3.75,4.0,4.333333333333333,7.0
2,2,1.0,46.0,1.0,2.0,1.0,2.0,1.0,40.0,40.0,1.0,100.0,1583.0694884185968,1754.0409931678053,43.85102482919514,43.85102482919513,2.0,3.0,1.0,0.0,2,,,,14.0,8.0,2.0,10.0,3.5,3.0,3.6666666666666665,3.0,4.0,3.4,2.75,1.0,5.333333333333333,4.666666666666667,5.5,6.0,6.666666666666667,4.0
2,2,2.0,59.0,1.0,1.0,1.0,9.0,1.0,50.0,50.0,1.0,100.0,1749.7083819363438,1938.6768871854688,38.773537743709376,38.773537743709376,1.0,1.0,2.0,6.0,2,,,,30.0,18.0,0.0,2.0,3.5,4.0,3.5,3.75,3.3333333333333335,3.6,3.0,1.0,4.333333333333333,3.0,4.25,6.666666666666667,6.0,5.0
2,2,1.0,54.0,4.0,2.0,2.0,5.0,2.0,40.0,9.0,2.0,22.5,1624.7292117980335,1800.199966672221,45.004999166805526,200.02221851913566,1.0,1.0,2.0,20.0,2,,,,16.5,25.0,0.0,0.0,1.6666666666666667,3.0,4.0,2.0,4.0,2.6,2.25,1.0,4.666666666666667,2.3333333333333335,6.0,7.0,7.0,4.0
2,2,1.0,43.0,1.0,3.0,1.0,4.0,1.0,40.0,40.0,1.0,100.0,1670.554907515414,1850.9748375270788,46.27437093817697,46.27437093817697,3.0,1.0,2.0,20.0,2,,,,10.0,10.0,18.0,2.0,3.3333333333333335,5.0,2.6666666666666665,2.75,2.6666666666666665,2.8,3.0,1.3333333333333333,2.6666666666666665,4.333333333333333,2.5,5.0,6.0,4.0
2,2,1.0,53.0,1.0,2.0,1.0,2.0,2.0,56.0,50.8,1.8,117.0,3332.7778703549407,3692.7178803532743,65.94139072059419,50.21121051999255,3.0,2.0,6.0,10.0,2,,,,15.0,20.0,30.0,15.0,2.6666666666666665,1.9999999999999998,4.333333333333333,1.5,4.0,3.0,3.5,1.0,1.0,1.333333333333333,3.75,6.666666666666667,7.0,6.0
2,2,1.0,40.0,2.0,2.0,1.0,2.0,2.0,12.0,11.999999999999996,1.0,100.0,374.9375104149308,415.43076153974357,34.61923012831195,34.61923012831195,1.0,3.0,6.0,30.0,2,,,,6.0,1.0,4.0,1.0,4.166666666666667,4.0,4.333333333333333,5.0,5.0,4.2,3.0,1.0,1.0,1.0,5.0,7.0,6.0,4.0
2,2,2.0,52.0,1.0,1.0,1.0,8.0,1.0,20.0,37.4,3.0,136.83333333333334,999.8333611064822,1107.815364105982,55.3907682052991,27.74579886803736,1.0,1.0,6.0,4.0,2,,,,14.0,6.0,6.0,4.0,2.3333333333333335,1.9999999999999998,3.3333333333333335,1.0,4.0,2.0,1.25,1.0,1.0,1.0,4.5,7.0,7.0,5.0
2,2,1.0,31.0,1.0,1.0,1.0,4.0,2.0,40.0,40.0,1.0,100.0,1708.0486585569074,1892.517913681053,47.312947842026325,47.312947842026325,2.0,3.0,2.0,10.0,2,,,,25.0,5.0,2.0,10.0,3.5,1.9999999999999998,3.3333333333333335,3.0,3.6666666666666665,3.2,2.75,2.0,1.6666666666666665,2.0,3.75,5.333333333333333,4.666666666666667,4.0
2,2,1.0,57.0,1.0,1.0,1.0,2.0,2.0,24.0,24.0,1.0,100.0,1083.1528078653557,1200.1333111148142,50.005554629783916,50.00555462978392,1.0,1.0,6.0,32.0,2,,,,20.0,4.0,0.0,0.0,3.8333333333333335,1.0,3.3333333333333335,1.5,1.9999999999999998,3.2,3.25,1.0,1.0,1.0,2.0,7.0,5.0,4.0
2,2,2.0,34.0,2.0,1.0,1.0,8.0,2.0,40.0,40.0,1.0,100.0,1541.40976503916,1707.8820196633892,42.69705049158473,42.69705049158473,1.0,3.0,1.0,0.0,2,,,,17.0,8.0,5.0,10.0,3.0,5.0,3.1666666666666665,2.0,3.6666666666666665,3.2,3.75,1.0,5.0,3.3333333333333335,5.75,5.0,5.0,4.0
2,2,2.0,56.0,1.0,1.0,1.0,4.0,1.0,32.0,42.0,1.4000000000000001,105.0,1666.38893517747,1846.3589401766371,57.69871688051991,54.30467471107756,1.0,3.0,6.0,12.0,2,,,,25.0,12.0,6.0,3.0,3.3333333333333335,4.0,4.0,3.25,4.0,3.6,4.75,1.0,3.3333333333333335,1.333333333333333,4.5,6.333333333333333,5.666666666666667,3.0
2,2,2.0,44.0,1.0,2.0,1.0,2.0,1.0,40.0,40.0,1.0,100.0,1583.0694884185968,1754.0409931678053,43.85102482919514,43.85102482919513,1.0,1.0,1.0,0.0,2,,,,20.0,6.0,0.0,1.0,1.5,4.0,2.8333333333333335,2.75,1.9999999999999998,1.8,4.0,3.0,4.0,3.6666666666666665,4.5,4.333333333333333,4.333333333333333,4.0
2,2,2.0,26.0,3.0,1.0,1.0,4.0,2.0,40.0,60.0,3.0,150.0,1666.38893517747,1846.3589401766371,46.158973504415926,30.77264900294395,1.0,4.0,1.0,0.0,2,,,,20.0,10.0,2.0,10.0,3.5,1.9999999999999998,2.3333333333333335,4.75,3.6666666666666665,3.4,4.0,1.0,5.0,3.6666666666666665,6.75,7.0,6.0,3.0
2,2,1.0,45.0,1.0,2.0,1.0,5.0,1.0,40.0,64.0,3.0,160.0,1791.3681053157807,1984.8358606898848,49.62089651724712,31.01306032327945,3.0,3.0,1.0,0.0,2,,,,35.0,8.0,5.0,15.0,3.2,4.0,2.0,3.25,2.3333333333333335,2.2,4.0,1.3333333333333333,4.333333333333333,3.6666666666666665,5.0,6.333333333333333,6.333333333333333,4.0
2,2,2.0,38.0,1.0,2.0,1.0,8.0,2.0,20.0,20.0,1.0,100.0,874.8541909681719,969.3384435927344,48.46692217963672,48.46692217963672,1.0,1.0,3.0,20.0,2,,,,15.0,5.0,0.0,0.0,3.0,3.0,5.0,4.5,4.666666666666667,3.0,2.5,1.0,1.0,1.666666666666667,5.5,7.0,7.0,4.0
2,2,2.0,50.0,1.0,1.0,1.0,2.0,1.0,40.0,40.0,1.0,100.0,2499.5834027662054,2769.5384102649555,69.23846025662388,69.23846025662388,2.0,3.0,1.0,0.0,2,,,,25.0,8.0,5.0,6.0,3.0,5.0,2.8333333333333335,5.0,4.0,4.0,3.75,1.3333333333333333,1.0,5.666666666666667,3.75,6.0,5.333333333333333,5.0
2,2,2.0,75.0,5.0,1.0,3.0,5.0,2.0,40.0,40.0,1.0,100.0,1666.38893517747,1846.3589401766371,46.158973504415926,46.158973504415926,1.0,4.0,1.0,0.0,2,,,,20.0,20.0,0.0,0.0,2.3333333333333335,3.0,4.0,4.5,4.666666666666667,3.8,3.0,1.0,1.6666666666666665,2.3333333333333335,4.75,6.0,5.666666666666667,5.0
2,2,1.0,35.0,2.0,1.0,1.0,1.0,3.0,20.0,60.0,3.0,300.0,916.5139143476085,1015.4974170971502,50.77487085485752,16.924956951619173,1.0,2.0,2.0,40.0,2,,,,10.0,20.0,20.0,10.0,2.6666666666666665,1.9999999999999998,3.5,3.0,3.6666666666666665,2.6,4.5,2.6666666666666665,4.333333333333333,3.3333333333333335,5.0,5.666666666666667,6.333333333333333,4.0
2,2,1.0,40.0,1.0,2.0,1.0,1.0,2.0,40.0,40.0,1.0,100.0,2082.9861689718377,2307.948675220796,57.698716880519896,57.698716880519896,1.0,4.0,1.0,0.0,2,,,,16.0,32.0,6.0,3.0,3.3333333333333335,4.0,3.8333333333333335,5.0,5.0,3.6,2.75,1.0,1.0,1.0,3.25,7.0,6.5,4.0
2,2,2.0,49.0,1.0,2.0,1.0,6.0,1.0,40.0,40.0,1.0,100.0,2009.8083652724545,2034.2276687218796,50.85569171804699,50.85569171804699,1.0,2.0,1.0,0.0,2,,,,20.0,10.0,5.0,5.0,3.1666666666666665,3.0,3.8333333333333335,2.6666666666666665,3.6666666666666665,3.0,2.5,1.3333333333333333,6.0,6.333333333333333,5.0,6.0,4.0,4.0
2,2,2.0,37.0,1.0,2.0,1.0,4.0,1.0,40.0,40.0,1.0,100.0,916.5139143476085,1015.4974170971502,25.387435427428755,25.387435427428755,3.0,3.0,1.0,0.0,2,,,,30.0,5.0,4.0,1.0,3.5,5.0,2.6666666666666665,3.0,3.0,2.8,3.25,2.3333333333333335,3.3333333333333335,5.0,4.5,5.0,5.333333333333333,4.0
2,2,2.0,36.0,2.0,1.0,1.0,1.0,3.0,40.0,60.0,3.0,150.0,1249.7917013831027,1384.7692051324777,34.61923012831194,23.079486752207963,1.0,1.0,5.0,20.0,2,,,,40.0,20.0,10.0,10.0,2.1666666666666665,5.0,1.8333333333333333,1.0,3.6666666666666665,1.4000000000000001,5.0,2.3333333333333335,1.0,2.0,5.5,5.333333333333333,3.3333333333333335,4.0
2,2,2.0,49.0,1.0,2.0,1.0,2.0,1.0,40.0,40.0,1.0,100.0,2041.3264455924011,2261.7897017163805,56.54474254290951,56.54474254290951,2.0,3.0,1.0,0.0,2,,,,20.0,10.0,10.0,10.0,3.3333333333333335,4.0,3.1666666666666665,4.5,3.0,3.2,4.0,1.3333333333333333,1.0,2.3333333333333335,2.25,4.0,4.666666666666667,5.0
2,2,2.0,50.0,1.0,2.0,1.0,8.0,1.0,40.0,55.0,3.0,137.5,2916.180636560573,3231.1281453091146,80.77820363272787,58.74778446016572,2.0,4.0,1.0,0.0,2,,,,25.0,10.0,10.0,10.0,3.8333333333333335,5.0,2.3333333333333335,3.0,3.3333333333333335,3.2,4.75,1.3333333333333333,2.0,3.3333333333333335,2.0,6.0,5.0,5.0
2,2,2.0,29.0,3.0,1.0,1.0,5.0,2.0,40.0,40.0,1.0,100.0,1249.7917013831027,1384.7692051324777,34.61923012831194,34.61923012831194,1.0,3.0,1.0,0.0,2,,,,25.0,10.0,5.0,5.0,3.1666666666666665,4.0,4.0,3.75,4.666666666666667,3.4,3.0,1.0,2.3333333333333335,2.6666666666666665,3.0,7.0,7.0,2.0
2,2,1.0,42.0,1.0,2.0,1.0,2.0,1.0,20.0,30.0,3.0,150.0,1458.0903182802863,1615.5640726545573,80.77820363272787,53.85213575515191,1.0,1.0,5.0,20.0,2,,,,10.0,5.0,14.0,1.0,3.6666666666666665,4.0,2.5,3.25,5.0,3.0,2.75,2.6666666666666665,4.666666666666667,3.3333333333333335,4.25,5.0,3.6666666666666665,4.0
2,2,2.0,46.0,4.0,4.0,1.0,5.0,1.0,50.0,50.0,1.0,100.0,2499.5834027662054,2769.5384102649555,55.39076820529911,55.39076820529911,1.0,4.0,1.0,0.0,2,,,,12.0,12.0,12.0,10.0,5.0,4.0,4.833333333333333,3.5,5.0,4.8,4.5,1.3333333333333333,6.0,6.666666666666667,7.0,6.666666666666667,7.0,4.0
2,2,2.0,37.0,2.0,2.0,1.0,5.0,1.0,40.0,50.0,3.0,125.0,2437.0938176970503,2700.2999500083315,67.50749875020828,54.00599900016663,1.0,1.0,1.0,0.0,2,,,,30.0,13.0,2.0,5.0,4.5,5.0,2.6666666666666665,3.0,1.9999999999999998,3.2,5.0,1.3333333333333333,4.666666666666667,6.666666666666667,5.5,6.666666666666667,6.0,4.0
2,2,1.0,34.0,2.0,2.0,1.0,1.0,1.0,40.0,40.0,1.0,100.0,1541.40976503916,1707.8820196633892,42.69705049158473,42.69705049158473,1.0,1.0,3.0,55.0,2,,,,10.0,30.0,0.0,0.0,3.0,3.0,2.6666666666666665,3.5,4.0,2.4,4.25,1.6666666666666667,2.3333333333333335,3.6666666666666665,4.75,6.0,4.666666666666667,4.0
2,2,1.0,41.0,1.0,2.0,1.0,5.0,1.0,40.0,40.0,1.0,100.0,1666.38893517747,1846.3589401766371,46.158973504415926,46.158973504415926,1.0,4.0,1.0,0.0,2,,,,20.0,10.0,5.0,5.0,3.0,4.0,2.8333333333333335,4.0,3.6666666666666665,3.0,4.25,1.6666666666666667,3.0,4.666666666666667,4.75,5.666666666666667,6.0,4.0
2,2,1.0,49.0,1.0,4.0,1.0,5.0,1.0,40.0,55.0,3.0,137.5,1395.6007332111315,1546.3256123979336,38.65814030994834,28.11501113450788,3.0,1.0,1.0,0.0,2,,,,12.0,20.0,10.0,8.0,3.6666666666666665,5.0,3.3333333333333335,2.75,2.3333333333333335,3.0,4.5,1.3333333333333333,3.0,2.3333333333333335,3.25,7.0,5.666666666666667,4.0
2,2,2.0,33.0,3.0,1.0,1.0,5.0,3.0,18.0,40.0,3.0,222.22222222222223,520.7465422429593,576.987168805199,32.05484271139994,14.424679220129974,1.0,1.0,3.0,20.0,2,,,,40.0,20.0,0.0,0.0,3.0,4.0,2.6666666666666665,4.0,5.0,1.8,4.0,1.0,5.333333333333333,5.333333333333333,5.5,6.666666666666667,5.333333333333333,3.0
2,2,1.0,36.0,1.0,1.0,1.0,1.0,2.0,40.0,40.0,1.0,100.0,3332.7778703549407,3692.7178803532743,92.31794700883185,92.31794700883185,1.0,2.0,3.0,20.0,2,,,,15.0,20.0,0.0,5.0,5.0,4.0,4.5,3.25,4.333333333333333,4.8,2.75,2.3333333333333335,2.3333333333333335,3.0,4.0,5.666666666666667,4.666666666666667,4.0
2,2,1.0,52.0,1.0,2.0,1.0,4.0,1.0,40.0,40.0,1.0,100.0,2291.2847858690216,2538.743542742876,63.468588568571896,63.468588568571896,1.0,2.0,1.0,0.0,2,,,,20.0,15.0,5.0,5.0,2.5,5.0,2.0,2.75,3.6666666666666665,3.0,4.0,1.0,4.0,6.0,4.5,5.0,2.6666666666666665,5.0
2,2,1.0,30.0,1.0,2.0,1.0,4.0,2.0,4.0,4.0,1.0,100.0,104.14930844859191,115.39743376103979,28.849358440259955,28.849358440259955,1.0,3.0,6.0,55.0,2,,,,4.0,0.0,0.0,0.0,5.0,1.0,5.0,5.0,5.0,4.2,1.0,1.0,5.0,1.0,3.25,7.0,7.0,3.0
2,2,2.0,36.0,2.0,1.0,1.0,8.0,2.0,40.0,47.6,3.0,129.0,1791.3681053157807,1984.8358606898848,49.62089651724712,32.785693125219865,1.0,4.0,1.0,0.0,2,,,,30.0,10.0,5.0,3.0,2.6666666666666665,1.9999999999999998,3.1666666666666665,3.75,4.333333333333333,3.0,4.0,1.0,2.3333333333333335,3.6666666666666665,4.0,6.333333333333333,6.666666666666667,4.0
2,2,1.0,43.0,3.0,1.0,1.0,5.0,2.0,40.0,50.0,3.0,125.0,2073.119480086652,2120.0563839360107,53.00140959840026,45.63527693532559,2.0,3.0,1.0,0.0,2,,,,20.0,10.0,10.0,10.0,3.8333333333333335,3.0,3.0,4.0,3.6666666666666665,3.0,3.5,2.0,3.3333333333333335,4.0,4.25,6.0,5.666666666666667,4.0
2,2,1.0,57.0,1.0,1.0,1.0,1.0,1.0,44.0,44.0,1.0,100.0,4165.9723379436755,4615.897350441592,104.90675796458163,104.90675796458163,1.0,2.0,1.0,0.0,2,,,,20.0,4.0,18.0,2.0,4.0,4.0,4.333333333333333,2.75,1.9999999999999998,4.0,1.75,1.3333333333333333,2.3333333333333335,3.3333333333333335,4.25,5.666666666666667,6.333333333333333,5.0
2,2,1.0,32.0,2.0,1.0,1.0,1.0,2.0,40.0,50.0,3.0,125.0,1666.38893517747,1846.3589401766371,46.158973504415926,36.92717880353274,1.0,4.0,6.0,20.0,2,,,,38.0,0.0,10.0,2.0,2.6666666666666665,3.0,2.1666666666666665,2.5,2.6666666666666665,2.0,4.75,2.6666666666666665,5.0,2.0,6.5,7.0,5.333333333333333,4.0
2,2,1.0,38.0,1.0,2.0,1.0,8.0,1.0,16.0,20.0,3.0,125.0,1846.650558240293,2046.0888185302447,127.88055115814029,102.30444092651223,1.0,2.0,5.0,30.0,2,,,,16.0,1.0,0.0,3.0,2.6666666666666665,1.9999999999999998,4.0,3.5,4.666666666666667,3.2,2.5,1.6666666666666667,3.0,2.0,3.75,5.0,5.333333333333333,2.0
2,2,1.0,64.0,1.0,1.0,1.0,5.0,1.0,40.0,50.0,3.0,125.0,2916.180636560573,3231.1281453091146,80.77820363272787,64.6225629061823,1.0,4.0,2.0,8.0,2,,,,10.0,22.5,12.5,10.0,4.0,5.0,2.6666666666666665,3.25,3.6666666666666665,4.0,3.5,2.0,4.333333333333333,2.3333333333333335,5.5,7.0,6.333333333333333,6.0
2,2,1.0,39.0,1.0,2.0,1.0,1.0,1.0,40.0,40.0,1.0,100.0,2299.616730544909,2547.9753374437587,63.69938343609397,63.69938343609397,1.0,3.0,1.0,0.0,2,,,,10.0,15.0,7.0,8.0,3.5,4.0,4.5,4.333333333333333,4.0,3.4,2.5,1.3333333333333333,4.333333333333333,4.666666666666667,5.0,6.0,6.333333333333333,5.0
2,2,2.0,38.0,2.0,1.0,1.0,5.0,2.0,40.0,40.0,1.0,100.0,1795.5340776537241,1989.4517580403265,50.94796700549908,50.94796700549908,1.0,1.0,1.0,0.0,2,,,,15.0,20.0,0.0,5.0,2.8333333333333335,4.0,2.3333333333333335,2.5,2.3333333333333335,2.2,5.0,1.0,2.3333333333333335,2.6666666666666665,3.75,6.0,5.666666666666667,4.0
2,2,2.0,39.0,1.0,2.0,1.0,8.0,2.0,20.0,20.0,1.0,100.0,374.9375104149308,415.43076153974357,20.77153807698717,20.77153807698717,1.0,1.0,6.0,27.5,2,,,,20.0,5.0,0.0,0.0,2.1666666666666665,4.0,4.166666666666667,1.75,4.0,2.6,4.0,2.0,3.3333333333333335,2.3333333333333335,3.75,6.333333333333333,5.333333333333333,2.0
2,2,1.0,71.0,1.0,1.0,1.0,2.0,1.0,40.0,40.0,1.0,100.0,2832.8611898016998,3138.810198300283,78.47025495750708,78.47025495750708,1.0,3.0,1.0,0.0,2,,,,30.0,10.0,20.0,1.0,5.0,4.0,4.833333333333333,4.75,5.0,4.8,3.0,1.0,5.0,1.0,6.666666666666667,7.0,7.0,6.0
2,2,1.0,54.0,1.0,4.0,1.0,5.0,1.0,40.0,40.0,1.0,100.0,3332.7778703549407,3692.7178803532743,92.31794700883185,92.31794700883185,1.0,5.0,1.0,0.0,2,,,,20.0,10.0,2.0,8.0,4.833333333333333,5.0,4.333333333333333,5.0,4.333333333333333,5.0,3.0,1.3333333333333333,4.333333333333333,5.0,5.25,6.666666666666667,5.666666666666667,6.0
2,2,1.0,26.0,1.0,1.0,1.0,5.0,2.0,10.0,40.0,3.0,400.0,916.5139143476085,1015.4974170971502,101.54974170971504,25.387435427428755,1.0,1.0,1.0,0.0,2,,,,0.5,37.0,2.0,2.0,2.3333333333333335,1.0,2.8333333333333335,3.0,3.3333333333333335,1.6000000000000003,3.75,2.0,2.3333333333333335,1.666666666666667,6.0,6.333333333333333,5.666666666666667,7.0
2,2,1.0,29.0,3.0,1.0,1.0,8.0,2.0,40.0,55.0,3.0,137.5,1124.8125312447926,1246.29228461923,31.157307115480748,22.659859720349637,1.0,2.0,6.0,10.0,2,,,,20.0,4.0,0.0,10.0,3.1666666666666665,4.0,2.5,3.25,4.0,2.8,3.75,3.0,4.333333333333333,3.6666666666666665,3.5,4.666666666666667,4.666666666666667,2.0
2,2,1.0,49.0,1.0,2.0,1.0,5.0,1.0,40.0,40.0,1.0,100.0,2499.5834027662054,2769.5384102649555,69.23846025662388,69.23846025662388,1.0,3.0,1.0,0.0,2,,,,20.0,15.0,5.0,2.0,4.166666666666667,5.0,3.6666666666666665,4.25,4.333333333333333,4.2,3.0,1.0,3.6666666666666665,4.0,5.75,7.0,7.0,5.0
2,2,2.0,41.0,1.0,2.0,1.0,8.0,1.0,40.0,30.0,2.0,75.0,1583.0694884185968,1754.0409931678053,43.85102482919514,58.468033105593506,1.0,4.0,1.0,0.0,2,,,,15.0,5.0,5.0,10.0,4.0,4.0,4.666666666666667,5.0,5.0,4.6,3.5,1.0,4.333333333333333,3.6666666666666665,3.0,7.0,7.0,4.0
2,2,2.0,48.0,2.0,3.0,1.0,5.0,1.0,40.0,60.0,3.0,150.0,3541.0764872521245,3923.512747875354,98.08781869688384,65.39187913125589,2.0,2.0,1.0,0.0,2,,,,10.0,20.0,20.0,10.0,3.8333333333333335,5.0,3.8333333333333335,2.5,2.6666666666666665,3.8,4.25,1.0,1.6666666666666665,3.0,2.75,7.0,7.0,5.0
2,2,1.0,44.0,1.0,2.0,1.0,5.0,2.0,40.0,40.0,1.0,100.0,1541.40976503916,1707.8820196633892,42.69705049158473,42.69705049158473,1.0,2.0,6.0,52.0,2,,,,25.0,15.0,13.0,2.0,2.5,3.0,1.6666666666666667,1.0,2.3333333333333335,2.4,3.75,3.3333333333333335,1.6666666666666665,2.5,6.0,6.666666666666667,6.333333333333333,5.0
2,2,2.0,29.0,3.0,1.0,1.0,4.0,2.0,40.0,60.0,3.0,150.0,1249.7917013831027,1384.7692051324777,34.61923012831194,23.079486752207963,1.0,2.0,3.0,20.0,2,,,,30.0,5.0,10.0,15.0,2.0,5.0,2.1666666666666665,1.5,3.0,2.4,3.0,1.0,1.0,5.5,4.5,7.0,7.0,3.0
2,2,2.0,41.4,3.0,2.0,1.0,5.0,2.0,12.0,11.999999999999996,1.0,100.0,499.9166805532409,553.9076820529913,46.15897350441592,46.15897350441592,1.0,1.0,5.0,25.0,2,,,,4.0,4.0,0.0,1.0,3.3333333333333335,5.0,3.8333333333333335,3.5,2.3333333333333335,2.8,2.5,1.3333333333333333,2.3333333333333335,3.3333333333333335,3.0,5.333333333333333,4.666666666666667,4.0
2,2,1.0,41.0,1.0,1.0,1.0,1.0,1.0,40.0,40.0,1.0,100.0,3332.7778703549407,3692.7178803532743,92.31794700883185,92.31794700883185,1.0,4.0,1.0,0.0,2,,,,20.0,20.0,3.0,2.0,3.0,1.9999999999999998,3.6666666666666665,4.75,1.6666666666666665,4.0,3.75,3.6666666666666665,2.0,1.333333333333333,5.0,6.333333333333333,4.333333333333333,5.0
2,2,1.0,46.0,1.0,2.0,1.0,5.0,1.0,40.0,40.0,1.0,100.0,2249.625062489585,2492.58456923846,62.3146142309615,62.3146142309615,1.0,3.0,1.0,0.0,2,,,,26.0,6.0,1.0,7.0,4.166666666666667,5.0,3.0,5.0,4.666666666666667,3.2,4.5,1.6666666666666667,4.666666666666667,5.333333333333333,5.5,5.666666666666667,4.666666666666667,4.0
2,2,1.0,42.0,1.0,2.0,1.0,5.0,2.0,40.0,55.0,3.0,137.5,2916.180636560573,3231.1281453091146,80.77820363272787,58.74778446016572,3.0,2.0,1.0,0.0,2,,,,30.0,10.0,20.0,10.0,3.0,4.0,2.6666666666666665,2.0,3.0,2.6,4.25,2.0,3.6666666666666665,4.666666666666667,3.5,4.333333333333333,4.333333333333333,4.0
2,2,1.0,27.0,2.0,1.0,1.0,5.0,2.0,20.0,35.2,1.8,128.57142857142856,1708.0486585569074,1892.517913681053,94.62589568405265,46.12435427428761,1.0,2.0,1.0,0.0,2,,,,4.0,32.0,1.0,3.0,4.333333333333333,4.0,3.3333333333333335,4.25,4.0,3.4,3.75,2.0,5.333333333333333,5.0,5.5,5.666666666666667,5.0,7.0
2,2,2.0,49.0,1.0,2.0,1.0,5.0,1.0,40.0,40.0,1.0,100.0,1874.6875520746541,2077.1538076987167,51.92884519246792,51.92884519246792,1.0,1.0,1.0,0.0,2,,,,20.0,13.0,2.0,5.0,3.6666666666666665,4.0,2.1666666666666665,1.25,2.6666666666666665,2.6,4.0,1.0,4.333333333333333,5.333333333333333,4.5,5.333333333333333,3.6666666666666665,5.0
2,2,1.0,28.0,1.0,1.0,1.0,5.0,2.0,40.0,50.0,3.0,125.0,2916.180636560573,3231.1281453091146,80.77820363272787,64.6225629061823,1.0,1.0,1.0,0.0,2,,,,10.0,30.0,2.0,8.0,2.6666666666666665,5.0,3.0,4.5,4.666666666666667,4.4,3.25,1.0,4.0,4.333333333333333,6.75,7.0,7.0,3.0
2,2,2.0,39.0,1.0,2.0,1.0,5.0,1.0,40.0,50.0,3.0,125.0,3124.479253457757,3461.9230128311947,86.54807532077987,69.2384602566239,3.0,2.0,1.0,0.0,2,,,,20.0,20.0,5.0,5.0,4.833333333333333,5.0,3.8333333333333335,3.0,5.0,4.6,3.0,1.0,2.0,5.666666666666667,4.5,7.0,6.333333333333333,4.0
2,2,1.0,40.0,1.0,2.0,1.0,4.0,1.0,14.0,5.0,2.0,35.71428571428572,833.1944675887353,923.1794700883186,65.94139072059419,184.6358940176637,1.0,2.0,6.0,40.0,2,,,,5.0,0.0,0.0,0.0,3.1666666666666665,1.9999999999999998,3.8333333333333335,3.25,4.0,3.4,1.25,2.3333333333333335,2.6666666666666665,2.0,4.5,6.0,4.666666666666667,4.0
2,2,1.0,67.0,1.0,1.0,1.0,1.0,2.0,40.0,40.0,1.0,100.0,2707.882019663389,3000.3332777870355,75.00833194467589,75.00833194467589,2.0,2.0,1.0,0.0,2,,,,15.0,5.0,5.0,15.0,3.1666666666666665,3.0,3.6666666666666665,4.0,4.0,3.8,3.25,1.3333333333333333,1.3333333333333335,2.0,4.75,6.333333333333333,6.333333333333333,5.0
2,2,1.0,39.0,1.0,2.0,1.0,7.0,2.0,40.0,40.0,1.0,100.0,3749.3751041493083,4154.307615397433,103.85769038493584,103.85769038493584,3.0,3.0,4.0,10.0,2,,,,1.0,2.0,20.0,17.0,3.3333333333333335,3.0,2.5,2.0,3.6666666666666665,3.4,3.75,2.0,3.0,5.0,4.0,6.0,5.0,7.0
2,2,2.0,44.0,2.0,2.0,1.0,5.0,1.0,40.0,50.0,3.0,125.0,2082.9861689718377,2307.948675220796,57.698716880519896,46.15897350441592,2.0,4.0,1.0,0.0,2,,,,15.0,7.0,8.0,20.0,3.6666666666666665,5.0,2.3333333333333335,3.25,4.0,3.8,4.0,1.0,2.3333333333333335,4.333333333333333,6.75,6.666666666666667,5.666666666666667,4.0
2,2,2.0,39.0,1.0,1.0,1.0,9.0,2.0,40.0,40.0,1.0,100.0,1541.40976503916,1707.8820196633892,42.69705049158473,42.69705049158473,2.0,4.0,7.0,7.0,2,,,,22.0,4.0,8.0,6.0,3.5,4.0,4.0,4.5,3.3333333333333335,3.4,3.0,1.0,4.0,5.0,4.75,6.333333333333333,6.666666666666667,4.0
2,2,2.0,37.0,1.0,2.0,1.0,1.0,2.0,32.0,32.0,1.0,100.0,1708.0486585569074,1892.517913681053,59.141184802532905,59.141184802532905,1.0,1.0,1.0,0.0,2,,,,5.0,25.0,1.0,5.0,4.333333333333333,4.0,3.5,4.5,4.666666666666667,3.2,2.75,1.0,4.666666666666667,5.333333333333333,5.75,6.666666666666667,6.0,7.0
2,2,2.0,24.0,2.0,1.0,1.0,5.0,2.0,12.0,20.0,3.0,166.66666666666669,416.59723379436764,461.58973504415917,38.46581125367994,23.079486752207963,1.0,2.0,1.0,0.0,2,,,,0.0,10.0,10.0,5.0,4.5,4.0,4.333333333333333,5.0,5.0,3.6,4.75,1.3333333333333333,4.333333333333333,3.6666666666666665,5.25,7.0,7.0,4.0
2,2,1.0,45.0,1.0,2.0,1.0,5.0,1.0,40.0,40.0,1.0,100.0,1249.7917013831027,1384.7692051324777,34.61923012831194,34.61923012831194,1.0,3.0,6.0,15.0,2,,,,25.0,5.0,2.0,5.0,2.8333333333333335,3.0,3.1666666666666665,2.0,3.0,3.6,4.0,1.6666666666666667,5.333333333333333,2.3333333333333335,5.5,6.0,6.666666666666667,4.0
2,2,2.0,44.0,1.0,2.0,1.0,8.0,1.0,2.0,2.0,1.0,100.0,791.5347442092984,877.0204965839025,438.5102482919513,438.51024829195126,1.0,3.0,6.0,25.0,2,,,,15.0,1.0,0.0,1.0,3.5,5.0,2.6666666666666665,1.75,2.6666666666666665,2.6,3.5,1.0,1.0,2.0,4.75,6.666666666666667,5.666666666666667,4.0
2,2,2.0,39.0,3.0,1.0,1.0,5.0,1.0,40.0,55.0,3.0,137.5,3999.333444425929,4431.261456423928,110.7815364105982,69.3923235016386,4.0,5.0,1.0,0.0,2,,,,6.0,15.0,15.0,15.0,4.666666666666667,5.0,3.1666666666666665,3.5,5.0,4.8,4.0,1.0,2.3333333333333335,5.0,5.0,6.0,6.0,5.0
2,2,2.0,32.0,1.0,1.0,1.0,5.0,2.0,40.0,40.0,1.0,100.0,2082.9861689718377,2307.948675220796,57.698716880519896,57.698716880519896,1.0,3.0,1.0,0.0,2,,,,10.0,24.0,0.0,6.0,4.166666666666667,5.0,3.8333333333333335,5.0,5.0,4.0,4.25,2.0,5.333333333333333,5.333333333333333,5.0,5.0,5.0,4.0
2,2,1.0,41.0,1.0,2.0,1.0,6.0,1.0,40.0,30.0,2.0,75.0,1666.38893517747,1846.3589401766371,46.158973504415926,61.54529800588791,1.0,3.0,2.0,15.0,2,,,,20.0,2.0,2.0,6.0,3.0,4.0,2.8333333333333335,4.25,4.0,2.8,3.0,2.6666666666666665,3.0,2.3333333333333335,2.75,4.5,5.333333333333333,4.0
2,2,1.0,57.0,1.0,2.0,1.0,5.0,1.0,40.0,40.0,1.0,100.0,2291.2847858690216,2538.743542742876,63.468588568571896,63.468588568571896,1.0,3.0,1.0,0.0,2,,,,25.0,1.0,0.0,14.0,5.0,4.0,3.3333333333333335,3.75,4.0,4.8,2.0,2.0,2.3333333333333335,3.3333333333333335,2.5,4.666666666666667,3.6666666666666665,4.0
2,2,1.0,35.0,3.0,1.0,1.0,1.0,1.0,40.0,50.0,3.0,125.0,1.6663889351775651,1.8463589401767422,0.046158973504418555,0.03692717880353058,1.0,4.0,1.0,0.0,2,,,,25.0,20.0,1.0,5.0,3.5,3.0,4.166666666666667,3.0,4.333333333333333,2.8,4.25,2.0,1.0,5.0,3.25,5.0,5.666666666666667,4.0
2,2,1.0,54.0,1.0,2.0,1.0,9.0,2.0,40.0,40.0,1.0,100.0,2082.9861689718377,2307.948675220796,57.698716880519896,57.698716880519896,2.0,5.0,1.0,0.0,2,,,,16.0,2.0,2.0,20.0,3.3333333333333335,4.0,3.3333333333333335,3.5,4.666666666666667,3.2,4.0,1.0,1.6666666666666665,4.666666666666667,5.75,7.0,6.666666666666667,6.0
2,2,1.0,27.0,2.0,1.0,1.0,5.0,4.0,20.0,40.0,3.0,200.0,833.1944675887353,923.1794700883186,46.158973504415926,23.079486752207963,1.0,1.0,3.0,7.0,2,,,,0.0,20.0,2.0,6.0,3.0,4.0,3.3333333333333335,3.25,4.0,3.2,4.0,1.0,3.0,4.666666666666667,5.0,6.0,5.333333333333333,8.0
2,2,1.0,49.0,1.0,2.0,1.0,5.0,1.0,40.0,40.0,1.0,100.0,1458.0903182802863,1615.5640726545573,40.38910181636393,40.38910181636393,1.0,1.0,1.0,0.0,2,,,,10.0,10.0,10.0,10.0,3.3333333333333335,5.0,1.3333333333333333,1.0,1.3333333333333335,1.6000000000000003,5.0,4.333333333333333,1.0,1.333333333333333,1.0,4.333333333333333,6.0,4.0
2,2,2.0,53.0,1.0,2.0,1.0,6.0,1.0,40.0,40.0,1.0,100.0,2082.9861689718377,2307.948675220796,57.698716880519896,57.698716880519896,1.0,3.0,5.0,15.0,2,,,,30.0,15.0,5.0,2.0,3.3333333333333335,4.0,2.8333333333333335,4.5,3.3333333333333335,3.4,4.0,2.0,2.6666666666666665,3.3333333333333335,4.75,6.0,4.0,4.0
2,2,2.0,42.0,1.0,2.0,1.0,5.0,2.0,13.0,13.0,1.0,100.0,374.9375104149308,415.43076153974357,31.9562124261341,31.956212426134105,1.0,1.0,2.0,21.0,2,,,,12.0,0.0,0.0,1.0,4.166666666666667,4.0,4.666666666666667,5.0,3.5,4.0,5.0,1.0,3.0,2.0,5.25,7.0,6.333333333333333,2.0
2,2,1.0,33.0,2.0,1.0,1.0,5.0,2.0,40.0,100.0,3.0,250.0,1583.0694884185968,1754.0409931678053,43.85102482919514,17.540409931678063,1.0,2.0,1.0,0.0,2,,,,60.0,35.0,4.0,1.0,4.5,4.0,4.0,4.0,4.666666666666667,3.8,3.5,1.0,1.6666666666666665,3.0,4.0,5.666666666666667,6.333333333333333,4.0
2,2,1.0,40.0,3.0,1.0,1.0,8.0,2.0,12.0,11.999999999999996,1.0,100.0,583.2361273121146,646.2256290618229,53.85213575515191,53.85213575515191,1.0,2.0,4.0,30.0,2,,,,12.0,1.0,0.0,0.0,4.0,3.0,3.6666666666666665,4.5,4.333333333333333,3.0,3.0,1.0,1.6666666666666665,1.333333333333333,5.5,7.0,6.333333333333333,2.0
2,2,2.0,49.0,3.0,1.0,1.0,5.0,1.0,40.0,40.0,1.0,100.0,1999.6667222129645,2215.630728211964,55.3907682052991,55.3907682052991,1.0,3.0,1.0,0.0,2,,,,15.0,10.0,5.0,10.0,3.1666666666666665,4.0,2.8333333333333335,3.5,2.3333333333333335,3.2,3.75,1.6666666666666667,3.3333333333333335,2.6666666666666665,4.5,5.333333333333333,5.333333333333333,4.0
2,2,1.0,30.0,1.0,1.0,1.0,5.0,2.0,8.0,11.999999999999996,3.0,150.0,249.95834027662067,276.9538410264954,34.61923012831194,23.079486752207956,1.0,1.0,6.0,60.0,2,,,,1.0,8.0,5.0,5.0,2.6666666666666665,4.0,2.8333333333333335,4.0,3.0,2.2,4.25,1.3333333333333333,5.333333333333333,5.333333333333333,5.75,6.666666666666667,6.0,3.0
2,2,1.0,51.0,2.0,1.0,1.0,6.0,1.0,40.0,50.0,3.0,125.0,3124.479253457757,3461.9230128311947,86.54807532077987,69.2384602566239,1.0,2.0,1.0,0.0,2,,,,25.0,15.0,5.0,5.0,4.166666666666667,4.0,2.5,5.0,4.666666666666667,4.4,3.0,1.0,1.0,1.333333333333333,4.5,7.0,6.666666666666667,5.0
2,2,2.0,42.0,2.0,1.0,1.0,5.0,1.0,40.0,10.0,2.0,25.0,1541.40976503916,1707.8820196633892,42.69705049158473,170.78820196633893,1.0,2.0,6.0,10.0,2,,,,20.0,18.0,10.0,2.0,1.5,5.0,2.3333333333333335,3.5,3.6666666666666665,1.1999999999999997,5.0,6.0,1.3333333333333335,3.0,2.75,4.0,5.0,4.0
2,2,2.0,35.0,1.0,2.0,1.0,10.0,2.0,40.0,40.0,1.0,100.0,1333.1111481419762,1477.0871521413096,36.92717880353274,36.92717880353274,1.0,1.0,5.0,4.0,2,,,,30.0,5.0,5.0,5.0,3.8333333333333335,3.0,3.8333333333333335,4.25,2.6666666666666665,4.4,3.25,1.0,3.3333333333333335,3.3333333333333335,4.75,5.666666666666667,6.333333333333333,2.0
2,2,1.0,43.0,3.0,1.0,1.0,5.0,2.0,40.0,65.0,3.0,162.5,4040.9931678053654,4477.420429928345,111.93551074820861,68.88339122966684,1.0,4.0,5.0,5.0,2,,,,40.0,10.0,10.0,5.0,3.8333333333333335,5.0,3.5,4.75,2.3333333333333335,4.4,3.5,1.3333333333333333,6.0,5.666666666666667,6.0,7.0,7.0,4.0
2,2,2.0,47.0,2.0,1.0,1.0,4.0,1.0,32.0,40.0,3.0,125.0,1541.40976503916,1707.8820196633892,53.37131311448091,42.69705049158473,2.0,4.0,2.0,30.0,2,,,,24.0,1.0,0.0,15.0,2.8333333333333335,4.0,1.5,1.75,5.0,2.0,2.75,2.3333333333333335,2.6666666666666665,1.333333333333333,3.75,5.0,4.333333333333333,3.0
2,2,2.0,28.0,2.0,1.0,1.0,5.0,3.0,16.0,25.0,3.0,156.25,666.5555740709881,738.5435760706548,46.158973504415926,29.54174304282619,1.0,3.0,3.0,55.0,2,,,,7.0,15.0,2.0,12.0,4.5,4.0,3.8333333333333335,4.75,4.666666666666667,2.6,3.75,1.0,4.333333333333333,4.333333333333333,5.0,5.666666666666667,6.666666666666667,7.0
2,2,2.0,42.0,1.0,2.0,1.0,8.0,1.0,28.0,28.0,1.0,100.0,1727.5870688218629,1914.166472254624,68.36308829480801,68.36308829480801,1.0,3.0,1.0,0.0,2,,,,15.0,4.0,1.0,8.0,2.6666666666666665,4.0,3.5,2.25,3.3333333333333335,3.2,3.75,1.0,2.0,3.0,4.75,7.0,6.333333333333333,4.0
2,2,1.0,28.0,2.0,1.0,1.0,1.0,2.0,40.0,55.0,3.0,137.5,1166.4722546242292,1292.4512581236459,32.31128145309115,23.49911378406629,1.0,2.0,2.0,15.0,2,,,,16.0,24.0,8.0,4.0,3.1666666666666665,3.0,3.8333333333333335,4.5,3.6666666666666665,3.4,3.5,2.0,4.0,5.0,5.5,5.333333333333333,5.666666666666667,7.0
2,2,1.0,70.0,1.0,1.0,1.0,9.0,1.0,40.0,40.0,1.0,100.0,1458.0903182802863,1615.5640726545573,40.38910181636393,40.38910181636393,1.0,4.0,1.0,0.0,2,,,,5.0,2.0,0.0,1.0,2.6,4.0,2.9,2.0,4.666666666666667,3.8,2.0,1.0,1.0,1.0,3.0,7.0,7.0,6.0
2,2,2.0,40.0,1.0,2.0,1.0,1.0,1.0,40.0,65.0,3.0,162.5,2707.882019663389,3000.3332777870355,75.00833194467589,46.15897350441593,2.0,4.0,1.0,0.0,2,,,,10.0,10.0,5.0,25.0,3.8333333333333335,5.0,4.166666666666667,2.25,5.0,4.6,4.0,1.0,3.3333333333333335,3.6666666666666665,2.0,7.0,7.0,4.0
2,2,1.0,48.0,1.0,2.0,1.0,6.0,1.0,40.0,40.0,1.0,100.0,3124.479253457757,3461.9230128311947,86.54807532077987,86.54807532077987,2.0,5.0,1.0,0.0,2,,,,20.0,5.0,5.0,20.0,3.3333333333333335,5.0,1.3333333333333333,1.0,1.3333333333333335,2.6,4.75,1.3333333333333333,5.666666666666667,3.3333333333333335,5.5,7.0,2.0,5.0
2,2,1.0,49.0,1.0,1.0,1.0,5.0,1.0,40.0,60.0,3.0,150.0,3749.3751041493083,4154.307615397433,103.85769038493584,69.2384602566239,1.0,2.0,5.0,10.0,2,,,,20.0,10.0,25.0,5.0,4.0,5.0,3.8333333333333335,3.75,4.0,4.2,3.75,1.3333333333333333,4.666666666666667,5.333333333333333,5.75,6.0,6.333333333333333,6.0
2,2,2.0,38.0,1.0,2.0,1.0,5.0,1.0,20.0,20.0,1.0,100.0,624.8958506915515,692.3846025662385,34.61923012831194,34.61923012831194,1.0,1.0,1.0,0.0,2,,,,9.0,8.0,2.0,1.0,3.1666666666666665,4.0,2.1666666666666665,3.25,4.333333333333333,2.8,5.0,1.0,5.0,6.666666666666667,4.75,7.0,5.0,4.0
2,2,1.0,37.0,1.0,2.0,1.0,4.0,1.0,4.0,4.0,1.0,100.0,391.6013997667055,433.8943509415101,108.47358773537744,108.47358773537744,1.0,3.0,2.0,5.5,2,,,,4.0,3.0,1.0,0.0,3.5,1.9999999999999998,4.333333333333333,1.5,4.333333333333333,3.0,2.5,3.3333333333333335,2.6666666666666665,1.666666666666667,2.0,3.0,2.0,4.0
2,2,1.0,33.0,1.0,2.0,1.0,2.0,2.0,47.0,47.0,1.0,100.0,3041.159806698883,3369.6050658223626,71.69372480473112,71.69372480473112,1.0,2.0,1.0,0.0,2,,,,20.0,20.0,3.0,4.0,3.8333333333333335,3.0,4.5,4.75,4.666666666666667,3.8,3.0,1.0,1.0,1.0,1.0,6.0,6.666666666666667,4.0
2,2,2.0,45.0,2.0,1.0,1.0,9.0,1.0,40.0,35.0,2.0,87.5,1666.38893517747,1846.3589401766371,46.158973504415926,52.753112576475345,2.0,2.0,5.0,15.0,2,,,,30.0,0.0,0.0,5.0,1.5,3.0,1.8333333333333333,1.0,1.9999999999999998,1.8,4.25,2.0,2.0,1.0,5.25,6.666666666666667,4.0,4.0
2,2,2.0,29.0,2.0,1.0,1.0,1.0,2.0,40.0,46.0,3.0,114.99999999999999,1583.0694884185968,1754.0409931678053,43.85102482919514,38.13132593843055,1.0,1.0,1.0,0.0,2,,,,6.0,40.0,0.0,0.0,3.5,5.0,2.1666666666666665,1.5,2.3333333333333335,3.0,4.5,1.0,2.3333333333333335,2.6666666666666665,4.5,6.666666666666667,7.0,7.0
2,2,2.0,36.0,1.0,2.0,1.0,5.0,2.0,40.0,40.0,1.0,100.0,1666.38893517747,1846.3589401766371,46.158973504415926,46.158973504415926,1.0,2.0,1.0,0.0,2,,,,30.0,5.0,4.0,1.0,3.3333333333333335,5.0,2.5,2.25,4.333333333333333,3.0,4.25,1.6666666666666667,4.333333333333333,5.333333333333333,4.0,7.0,7.0,4.0
2,2,2.0,54.0,1.0,3.0,1.0,8.0,1.0,40.0,40.0,1.0,100.0,1666.38893517747,1846.3589401766371,46.158973504415926,46.158973504415926,1.0,2.0,1.0,0.0,2,,,,30.0,8.0,1.0,1.0,2.8333333333333335,5.0,2.1666666666666665,3.5,4.0,3.0,3.75,2.3333333333333335,4.0,5.333333333333333,2.75,5.0,5.333333333333333,4.0
2,2,2.0,50.0,1.0,1.0,1.0,5.0,1.0,40.0,40.0,1.0,100.0,3041.159806698883,3369.6050658223626,84.24012664555906,84.24012664555906,3.0,2.0,1.0,0.0,2,,,,22.0,18.0,4.0,1.0,4.0,4.0,3.6666666666666665,2.25,3.6666666666666665,4.0,3.25,1.3333333333333333,2.6666666666666665,4.0,3.0,6.0,6.666666666666667,5.0
2,2,2.0,57.0,1.0,1.0,1.0,1.0,1.0,40.0,40.0,1.0,100.0,2207.9653391101483,2446.4255957340442,61.1606398933511,61.1606398933511,2.0,5.0,1.0,0.0,2,,,,30.0,2.0,2.0,6.0,4.5,4.0,3.8333333333333335,4.0,4.333333333333333,3.6,4.0,1.3333333333333333,4.333333333333333,4.0,5.5,7.0,6.0,4.0
2,2,1.0,31.0,2.0,1.0,1.0,1.0,2.0,40.0,50.0,3.0,125.0,1333.1111481419762,1477.0871521413096,36.92717880353274,29.54174304282619,1.0,3.0,1.0,0.0,2,,,,2.0,46.0,2.0,0.0,4.333333333333333,3.0,2.3333333333333335,2.0,4.0,3.4,4.75,3.0,6.0,6.0,6.25,6.0,5.0,7.0
2,2,1.0,37.0,1.0,2.0,1.0,5.0,3.0,40.0,40.0,1.0,100.0,2166.3056157307115,2400.2666222296284,60.00666555574071,60.00666555574071,1.0,1.0,3.0,4.0,2,,,,1.0,27.0,10.0,2.0,3.3333333333333335,5.0,4.0,2.5,2.3333333333333335,3.6,4.0,1.0,1.0,1.0,2.5,7.0,6.333333333333333,7.0
2,2,1.0,45.0,3.0,1.0,3.0,2.0,2.0,40.0,50.0,3.0,125.0,1374.770871521413,1523.2461256457257,38.08115314114314,30.464922512914512,1.0,1.0,1.0,0.0,2,,,,30.0,20.0,0.0,0.0,3.2,1.9999999999999998,3.6666666666666665,4.0,3.0,3.6,3.3,1.0,4.666666666666667,6.0,3.75,6.0,6.333333333333333,3.0
2,2,1.0,51.0,1.0,2.0,1.0,8.0,1.0,40.0,40.0,1.0,100.0,1666.38893517747,1846.3589401766371,46.158973504415926,46.158973504415926,3.0,2.0,3.0,28.0,2,,,,30.0,20.0,5.0,0.0,2.6666666666666665,5.0,3.0,3.75,4.0,2.4,5.0,3.3333333333333335,6.0,4.333333333333333,4.5,6.0,3.3333333333333335,5.0
2,2,2.0,37.0,1.0,2.0,1.0,8.0,2.0,40.0,40.0,1.0,100.0,1574.7375437427095,1744.809198466922,43.620229961673054,50.774870854857525,1.0,2.0,5.0,5.0,2,,,,18.0,10.0,6.0,6.0,3.1666666666666665,4.0,3.3333333333333335,4.75,2.6666666666666665,3.0,3.0,1.0,2.0,5.666666666666667,4.0,6.0,6.333333333333333,4.0
2,2,1.0,31.0,1.0,2.0,1.0,1.0,2.0,40.0,40.0,1.0,100.0,1874.6875520746541,2077.1538076987167,51.92884519246792,51.92884519246792,1.0,3.0,1.0,0.0,2,,,,20.0,10.0,2.0,4.0,4.833333333333333,4.0,4.166666666666667,4.75,4.0,3.6,4.0,1.0,3.0,3.0,4.75,6.333333333333333,5.666666666666667,4.0
2,2,1.0,67.0,1.0,1.0,1.0,5.0,2.0,20.0,20.0,1.0,100.0,824.6958840193299,902.5630394934178,49.76149808365271,49.76149808365272,1.0,1.0,2.0,40.0,2,,,,10.0,4.0,0.0,0.0,4.333333333333333,4.0,4.333333333333333,5.0,5.0,5.0,2.25,1.3333333333333333,1.3333333333333335,5.333333333333333,2.75,6.0,5.333333333333333,6.0
2,2,2.0,46.0,1.0,4.0,1.0,5.0,1.0,40.0,50.0,3.0,125.0,2082.9861689718377,2307.948675220796,57.698716880519896,46.15897350441592,1.0,3.0,1.0,0.0,2,,,,15.0,15.0,10.0,10.0,3.1666666666666665,5.0,1.3333333333333333,1.5,3.3333333333333335,2.2,5.0,2.3333333333333335,5.666666666666667,7.0,2.5,3.3333333333333335,2.0,5.0
2,2,2.0,53.0,5.0,2.0,1.0,6.0,1.0,12.0,24.799999999999997,3.0,166.5,624.8958506915515,692.3846025662385,57.6987168805199,25.28425654547771,1.0,1.0,2.0,50.0,2,,,,10.0,5.0,1.0,1.0,3.5,5.0,2.3333333333333335,3.25,3.0,3.0,2.75,2.6666666666666665,3.3333333333333335,3.3333333333333335,4.75,5.666666666666667,5.666666666666667,4.0
2,2,1.0,48.0,1.0,2.0,1.0,8.0,1.0,40.0,40.0,1.0,100.0,2499.5834027662054,2769.5384102649555,69.23846025662388,69.23846025662388,2.0,5.0,6.0,40.0,2,,,,20.0,5.0,5.0,10.0,3.5,4.0,2.5,3.25,1.3333333333333335,3.6,4.5,3.0,4.666666666666667,4.333333333333333,4.75,5.0,5.666666666666667,4.0
2,2,2.0,53.0,4.0,1.0,1.0,5.0,1.0,40.0,40.0,1.0,100.0,1791.3681053157807,1984.8358606898848,49.62089651724712,49.62089651724712,1.0,3.0,1.0,0.0,2,,,,25.0,7.0,2.0,6.0,3.5,3.0,3.6666666666666665,3.25,2.6666666666666665,3.8,2.25,1.0,1.6666666666666665,2.0,2.5,6.666666666666667,5.666666666666667,4.0
2,2,1.0,33.0,2.0,3.0,1.0,4.0,2.0,24.0,33.0,3.0,150.83333333333331,874.8541909681719,969.3384435927344,40.38910181636393,31.792542512755805,1.0,3.0,2.0,30.0,2,,,,25.0,5.0,10.0,10.0,3.5,5.0,2.3333333333333335,1.75,3.3333333333333335,2.8,2.5,2.0,4.666666666666667,2.3333333333333335,5.5,6.333333333333333,6.666666666666667,4.0
2,2,1.0,40.0,1.0,2.0,1.0,8.0,2.0,12.0,20.0,3.0,166.66666666666669,1041.4930844859189,1153.974337610398,96.16452813419983,57.698716880519896,1.0,1.0,1.0,0.0,2,,,,6.0,4.0,6.0,6.0,3.5,3.0,1.6666666666666667,1.25,2.6666666666666665,2.8,3.5,2.6666666666666665,2.6666666666666665,3.3333333333333335,1.25,3.6666666666666665,4.666666666666667,4.0
2,2,1.0,43.0,2.0,2.0,1.0,6.0,1.0,26.0,26.0,1.0,100.0,2624.562572904516,2908.015330778204,111.84674349146938,111.84674349146938,1.0,3.0,2.0,10.0,2,,,,12.0,8.0,2.0,4.0,4.833333333333333,3.0,4.833333333333333,4.5,4.666666666666667,5.0,2.5,1.0,2.0,2.6666666666666665,4.25,6.666666666666667,7.0,4.0
2,2,1.0,35.0,1.0,2.0,1.0,1.0,2.0,40.0,40.0,1.0,100.0,1749.7083819363438,1938.6768871854688,48.46692217963672,48.46692217963672,1.0,1.0,1.0,0.0,2,,,,2.0,12.0,10.0,16.0,4.333333333333333,3.0,4.5,3.75,4.0,4.2,4.0,1.0,4.333333333333333,3.0,5.0,5.666666666666667,5.666666666666667,7.0
2,2,2.0,51.0,1.0,2.0,1.0,4.0,1.0,40.0,60.0,3.0,150.0,3332.7778703549407,3692.7178803532743,92.31794700883185,61.54529800588791,2.0,5.0,1.0,0.0,2,,,,20.0,5.0,5.0,30.0,4.5,5.0,3.8333333333333335,4.25,4.0,3.8,3.75,1.0,6.0,7.0,4.5,6.666666666666667,3.6666666666666665,4.0
2,2,2.0,31.0,1.0,1.0,1.0,10.0,2.0,28.0,28.0,1.0,100.0,3332.7778703549407,3692.7178803532743,131.88278144118837,131.88278144118837,1.0,2.0,6.0,20.0,2,,,,12.0,8.0,0.0,4.0,4.0,4.0,2.8333333333333335,3.25,5.0,3.6,4.0,2.3333333333333335,2.0,5.0,4.25,6.0,6.333333333333333,4.0
2,2,2.0,46.0,1.0,2.0,1.0,1.0,1.0,40.0,50.0,3.0,125.0,1916.3472754540908,2123.3127812031325,53.08281953007831,42.466255624062654,2.0,3.0,2.0,6.0,2,,,,16.0,16.0,2.0,16.0,3.6666666666666665,4.0,3.3333333333333335,3.0,4.0,3.4,4.0,1.0,5.0,5.0,5.25,7.0,7.0,4.0
2,2,1.0,50.0,1.0,2.0,1.0,5.0,1.0,40.0,40.0,1.0,100.0,1499.7500416597236,1661.7230461589734,41.54307615397433,41.54307615397433,1.0,3.0,7.0,7.0,2,,,,20.0,15.0,2.0,3.0,3.5,3.0,3.3333333333333335,4.75,4.666666666666667,2.6,3.25,4.333333333333333,5.0,5.0,3.75,5.0,4.666666666666667,4.0
2,2,2.0,43.0,1.0,2.0,1.0,5.0,1.0,40.0,40.0,1.0,100.0,2264.779203466089,2298.8153574404264,57.47038393601066,57.470383936010656,1.0,3.0,1.0,0.0,2,,,,30.0,10.0,5.0,0.0,4.333333333333333,3.0,4.0,5.0,3.6666666666666665,3.8,2.5,1.0,2.6666666666666665,1.666666666666667,1.75,5.333333333333333,5.666666666666667,4.0
2,2,2.0,47.0,1.0,2.0,1.0,6.0,1.0,40.0,50.0,3.0,125.0,2082.9861689718377,2307.948675220796,57.698716880519896,46.15897350441592,1.0,5.0,1.0,0.0,2,,,,20.0,10.0,10.0,10.0,2.5,3.0,3.3333333333333335,3.5,5.0,3.4,4.25,1.3333333333333333,3.3333333333333335,4.0,6.5,7.0,6.0,4.0
2,2,2.0,38.0,3.0,3.0,1.0,1.0,1.0,40.0,38.0,2.0,100.0,1666.38893517747,1846.3589401766371,46.158973504415926,43.08170860412153,1.0,2.0,4.0,10.0,2,,,,5.0,20.0,5.0,3.0,3.6666666666666665,3.0,3.5,3.0,2.6666666666666665,3.6,2.25,3.3333333333333335,2.6666666666666665,3.0,2.5,4.0,3.6666666666666665,4.0
2,2,1.0,49.0,1.0,2.0,1.0,5.0,1.0,40.0,50.0,3.0,125.0,1374.770871521413,1523.2461256457257,38.08115314114314,30.464922512914512,1.0,3.0,1.0,0.0,2,,,,10.0,15.0,5.0,10.0,3.5,3.0,3.0,3.5,2.3333333333333335,3.4,3.25,1.6666666666666667,4.666666666666667,4.666666666666667,6.0,6.0,5.666666666666667,4.0
2,2,2.0,34.0,1.0,2.0,1.0,1.0,2.0,40.0,45.0,3.0,112.5,2082.9861689718377,2307.948675220796,57.698716880519896,51.28774833823991,1.0,2.0,1.0,0.0,2,,,,25.0,8.0,0.0,12.0,4.666666666666667,5.0,3.6666666666666665,2.0,5.0,4.2,4.0,1.0,2.0,4.333333333333333,3.0,7.0,6.666666666666667,2.0
2,2,2.0,47.0,1.0,2.0,1.0,8.0,1.0,40.0,40.0,1.0,100.0,1458.0903182802863,1615.5640726545573,40.38910181636393,40.38910181636393,1.0,4.0,5.0,5.0,2,,,,20.0,3.0,3.0,14.0,2.3333333333333335,5.0,2.8333333333333335,2.75,2.6666666666666665,2.0,4.0,3.6666666666666665,4.0,3.3333333333333335,4.5,5.666666666666667,5.666666666666667,2.0
2,2,1.0,41.0,4.0,2.0,1.0,1.0,1.0,40.0,40.0,1.0,100.0,1824.69588401933,2021.7630394934176,50.54407598733544,50.54407598733544,1.0,1.0,1.0,0.0,2,,,,17.0,18.0,3.0,2.0,3.6666666666666665,5.0,4.0,4.75,5.0,3.4,2.75,1.3333333333333333,3.3333333333333335,3.3333333333333335,2.75,4.666666666666667,5.0,4.0
2,2,1.0,52.0,1.0,2.0,1.0,1.0,1.0,40.0,45.0,3.0,112.5,2499.5834027662054,2769.5384102649555,69.23846025662388,61.5452980058879,3.0,5.0,6.0,5.0,2,,,,20.0,10.0,5.0,10.0,3.5,4.0,4.166666666666667,3.75,3.6666666666666665,4.0,2.25,1.0,1.0,1.666666666666667,2.0,4.333333333333333,5.333333333333333,5.0
2,2,2.0,45.0,1.0,2.0,1.0,4.0,2.0,28.0,28.0,1.0,100.0,958.1736377270454,1061.6563906015663,37.91629966434165,37.91629966434165,1.0,3.0,1.0,0.0,2,,,,14.0,15.0,0.5,0.5,3.1666666666666665,4.0,3.5,4.5,4.666666666666667,3.2,3.25,1.0,2.3333333333333335,3.6666666666666665,3.75,6.333333333333333,5.666666666666667,3.0
2,2,2.0,45.0,1.0,2.0,1.0,5.0,3.0,24.0,45.8,3.0,149.5,1208.131978003666,1338.610231628062,55.775426317835915,28.257093739146733,3.0,1.0,4.0,4.0,2,,,,0.0,10.8,2.4,1.2,2.5,5.0,2.3333333333333335,1.5,4.333333333333333,1.8,4.25,1.3333333333333333,2.6666666666666665,3.3333333333333335,4.5,7.0,6.666666666666667,7.0
2,2,1.0,39.0,1.0,2.0,1.0,8.0,1.0,40.0,40.0,1.0,100.0,1728.8785202466254,1915.597400433261,47.88993501083153,47.88993501083153,1.0,4.0,2.0,15.0,2,,,,25.0,5.0,5.0,15.0,3.1666666666666665,4.0,2.8333333333333335,1.25,3.3333333333333335,3.0,4.0,1.6666666666666667,3.3333333333333335,2.0,4.25,7.0,5.666666666666667,4.0
2,2,1.0,59.0,5.0,2.0,1.0,2.0,1.0,40.0,40.0,1.0,100.0,1619.521746375604,1794.430094984169,44.860752374604225,44.860752374604225,1.0,1.0,1.0,0.0,2,,,,26.0,5.0,4.0,5.0,3.8333333333333335,4.0,3.0,4.25,3.3333333333333335,3.8,4.0,1.3333333333333333,2.6666666666666665,5.333333333333333,6.75,6.666666666666667,6.333333333333333,4.0
2,2,1.0,32.0,1.0,1.0,1.0,10.0,2.0,40.0,40.0,1.0,100.0,1583.0694884185968,1754.0409931678053,43.85102482919514,43.85102482919513,1.0,1.0,5.0,12.0,2,,,,20.0,5.0,10.0,5.0,3.0,4.0,1.8333333333333333,1.5,4.333333333333333,3.2,3.5,2.0,5.666666666666667,6.0,4.5,5.666666666666667,5.333333333333333,4.0
2,2,2.0,39.0,2.0,2.0,1.0,2.0,1.0,20.0,30.0,3.0,150.0,1095.6507248791866,1213.9810031661389,50.082486252291275,33.04549162582627,1.0,3.0,1.0,0.0,2,,,,30.0,5.0,0.0,0.0,4.0,4.0,3.0,3.5,3.3333333333333335,2.8,3.75,1.3333333333333333,1.3333333333333335,2.3333333333333335,5.0,6.666666666666667,7.0,4.0
2,2,2.0,47.0,1.0,4.0,1.0,5.0,1.0,40.0,70.0,3.0,175.0,3124.479253457757,3461.9230128311947,86.54807532077987,49.456043040445635,2.0,3.0,1.0,0.0,2,,,,20.0,20.0,5.0,30.0,3.5,5.0,2.0,3.0,3.6666666666666665,3.2,4.0,1.6666666666666667,2.3333333333333335,3.0,5.0,6.333333333333333,5.666666666666667,5.0
2,2,2.0,43.0,1.0,2.0,1.0,5.0,2.0,40.0,40.0,1.0,100.0,1958.0069988335276,2169.471754707549,54.23679386768872,54.23679386768872,1.0,1.0,1.0,0.0,2,,,,25.0,5.0,2.0,8.0,3.6666666666666665,3.0,3.6666666666666665,2.75,3.3333333333333335,3.8,3.75,1.0,4.0,2.6666666666666665,5.0,6.0,5.666666666666667,4.0
2,2,2.0,42.0,1.0,2.0,1.0,5.0,1.0,48.0,48.0,1.0,100.0,1458.0903182802863,1615.5640726545573,33.65758484696995,33.65758484696995,3.0,4.0,1.0,0.0,2,,,,16.0,24.0,8.0,4.0,3.3333333333333335,4.0,3.466666666666667,4.0,5.0,3.8,4.5,1.0,4.666666666666667,4.0,5.0,5.333333333333333,5.333333333333333,4.0
2,2,1.0,46.0,1.0,2.0,1.0,8.0,1.0,40.0,60.0,3.0,150.0,3332.7778703549407,3692.7178803532743,92.31794700883185,61.54529800588791,2.0,3.0,1.0,0.0,2,,,,6.0,20.0,10.0,24.0,3.5,5.0,2.1666666666666665,3.0,4.0,3.2,4.0,3.6666666666666665,4.0,4.333333333333333,4.5,5.0,5.0,6.0
2,2,2.0,26.0,3.0,1.0,1.0,2.0,3.0,30.0,45.0,3.0,150.0,1791.3681053157807,1984.8358606898848,66.1611953563295,44.10746357088633,3.0,1.0,3.0,10.0,2,,,,8.0,15.0,15.0,7.0,3.1666666666666665,3.0,2.5,3.0,4.0,3.0,3.75,1.6666666666666667,1.6666666666666665,3.3333333333333335,2.75,5.0,5.0,4.0
2,2,1.0,32.0,1.0,1.0,1.0,1.0,2.0,40.0,50.0,3.0,125.0,1999.6667222129645,2215.630728211964,55.3907682052991,44.31261456423928,1.0,1.0,2.0,30.0,2,,,,20.0,15.0,5.0,10.0,1.6666666666666667,5.0,1.1666666666666665,1.0,1.6666666666666665,1.6000000000000003,4.0,1.6666666666666667,4.333333333333333,1.666666666666667,5.75,6.0,5.666666666666667,4.0
2,2,2.0,48.0,1.0,2.0,1.0,5.0,1.0,40.0,50.0,3.0,125.0,2082.9861689718377,2307.948675220796,57.698716880519896,46.15897350441592,1.0,2.0,1.0,0.0,2,,,,25.0,5.0,5.0,5.0,3.8333333333333335,4.0,2.6666666666666665,3.0,3.6666666666666665,3.8,3.0,1.0,3.3333333333333335,4.0,3.75,6.333333333333333,7.0,5.0
2,2,2.0,47.0,2.0,2.0,1.0,5.0,1.0,40.0,40.0,1.0,100.0,1958.0069988335276,2169.471754707549,54.23679386768872,54.23679386768872,4.0,3.0,2.0,20.0,2,,,,25.0,15.0,10.0,5.0,3.5,4.0,3.3333333333333335,1.75,4.0,3.8,5.0,1.0,5.666666666666667,3.3333333333333335,6.75,7.0,7.0,4.0
2,2,2.0,44.0,2.0,2.0,1.0,6.0,1.0,40.0,40.0,1.0,100.0,2916.180636560573,3231.1281453091146,80.77820363272787,80.77820363272787,2.0,4.0,1.0,0.0,2,,,,20.0,10.0,0.0,10.0,3.5,4.0,2.6666666666666665,3.0,4.333333333333333,3.8,3.75,1.6666666666666667,5.0,5.0,6.0,5.666666666666667,5.333333333333333,4.0
2,2,1.0,37.0,1.0,2.0,2.0,2.0,1.0,40.0,40.0,1.0,100.0,1749.7083819363438,1938.6768871854688,48.46692217963672,48.46692217963672,2.0,4.0,1.0,0.0,2,,,,15.0,0.5,0.5,24.0,1.8333333333333333,3.0,2.6666666666666665,2.75,4.0,2.2,4.5,4.0,4.333333333333333,4.666666666666667,5.25,5.0,2.6666666666666665,4.0
2,2,2.0,40.0,1.0,2.0,2.0,6.0,1.0,40.0,40.0,1.0,100.0,1791.3681053157807,1984.8358606898848,49.62089651724712,49.62089651724712,2.0,4.0,1.0,0.0,2,,,,25.0,10.0,1.0,4.0,2.3333333333333335,5.0,2.5,3.25,4.666666666666667,3.0,3.75,2.0,3.3333333333333335,6.333333333333333,4.0,3.3333333333333335,5.0,4.0
2,2,1.0,38.0,1.0,2.0,2.0,6.0,4.0,4.0,6.0,3.0,150.0,145.80903182802876,161.55640726545562,40.38910181636393,26.92606787757596,1.0,1.0,2.0,50.0,2,,,,2.0,0.0,0.0,0.0,1.3333333333333335,1.9999999999999998,2.8333333333333335,1.75,2.3333333333333335,2.0,3.75,4.666666666666667,2.0,4.0,3.5,5.0,2.6666666666666665,4.0
2,2,2.0,40.0,2.0,2.0,1.0,9.0,1.0,52.0,52.0,1.0,100.0,1874.6875520746541,2077.1538076987167,39.94526553266763,39.94526553266762,1.0,5.0,1.0,0.0,2,,,,30.0,10.0,0.0,12.0,3.3333333333333335,4.0,2.3333333333333335,3.75,5.0,3.8,5.0,1.0,3.0,1.333333333333333,5.0,7.0,6.333333333333333,4.0
2,2,2.0,52.0,1.0,1.0,2.0,6.0,1.0,40.0,40.0,1.0,100.0,1666.38893517747,1846.3589401766371,46.158973504415926,46.158973504415926,2.0,2.0,1.0,0.0,2,,,,20.0,10.0,5.0,10.0,2.1666666666666665,5.0,2.0,2.0,4.0,3.0,3.0,1.6666666666666667,4.666666666666667,4.0,5.0,6.333333333333333,5.666666666666667,4.0
2,2,2.0,31.0,2.0,1.0,1.0,9.0,2.0,40.0,30.0,2.0,75.0,1770.5382436260622,1961.756373937677,49.04390934844192,65.39187913125589,2.0,4.0,7.0,15.0,2,,,,15.0,5.0,5.0,5.0,3.1666666666666665,3.0,4.333333333333333,3.0,4.333333333333333,3.6,4.5,1.3333333333333333,4.0,2.0,4.25,6.666666666666667,6.333333333333333,4.0
2,2,1.0,53.0,1.0,2.0,1.0,9.0,2.0,24.0,20.0,2.0,83.33333333333334,1249.7917013831027,1384.7692051324777,57.6987168805199,69.23846025662388,1.0,3.0,5.0,20.0,2,,,,11.0,1.0,1.0,7.0,3.6666666666666665,3.0,3.3333333333333335,3.75,4.0,3.6,3.0,1.6666666666666667,2.0,3.0,2.75,5.666666666666667,5.333333333333333,4.0
2,2,2.0,52.0,1.0,4.0,1.0,9.0,5.0,40.0,40.0,1.0,100.0,1499.7500416597236,1661.7230461589734,41.54307615397433,41.54307615397433,1.0,4.0,1.0,0.0,2,,,,25.0,10.0,2.0,3.0,2.5,1.9999999999999998,5.0,5.0,5.0,3.0,2.5,1.0,3.0,1.0,5.5,7.0,7.0,4.0
2,2,2.0,58.0,1.0,3.0,1.0,8.0,1.0,40.0,50.0,3.0,125.0,1499.7500416597236,1661.7230461589734,41.54307615397433,33.23446092317947,3.0,2.0,4.0,4.0,2,,,,32.0,8.0,8.0,2.0,3.5,3.0,2.1666666666666665,2.5,3.0,3.0,5.0,1.3333333333333333,1.6666666666666665,4.0,4.0,6.0,5.333333333333333,4.0
2,2,1.0,54.0,1.0,1.0,1.0,5.0,1.0,40.0,56.0,3.0,140.0,2082.9861689718377,2307.948675220796,57.698716880519896,41.21336920037135,1.0,2.0,5.0,56.0,2,,,,8.0,16.0,4.0,28.0,3.1666666666666665,1.9999999999999998,2.5,2.0,1.9999999999999998,3.0,2.0,1.0,1.0,1.0,3.75,6.0,6.333333333333333,5.0
2,2,2.0,30.0,2.0,1.0,1.0,5.0,2.0,40.0,60.0,3.0,150.0,1458.0903182802863,1615.5640726545573,40.38910181636393,26.92606787757596,3.0,1.0,1.0,0.0,2,,,,40.0,10.0,5.0,5.0,2.0,5.0,2.0,1.5,2.6666666666666665,2.4,5.0,1.3333333333333333,5.666666666666667,5.666666666666667,6.75,7.0,6.666666666666667,4.0
2,2,2.0,44.0,1.0,2.0,1.0,5.0,1.0,40.0,40.0,1.0,100.0,1583.0694884185968,1754.0409931678053,43.85102482919514,43.85102482919513,2.0,5.0,1.0,0.0,2,,,,15.0,8.0,8.0,9.5,2.8333333333333335,4.0,3.1666666666666665,3.75,5.0,2.8,4.25,1.0,1.3333333333333335,5.0,2.75,7.0,6.666666666666667,4.0
2,2,1.0,28.0,1.0,1.0,1.0,1.0,2.0,20.0,60.0,3.0,300.0,1124.8125312447926,1246.29228461923,62.3146142309615,20.77153807698717,1.0,1.0,1.0,0.0,2,,,,4.0,40.0,10.0,6.0,3.1666666666666665,5.0,1.3333333333333333,1.25,3.6666666666666665,2.6,4.75,2.6666666666666665,2.3333333333333335,1.666666666666667,3.25,4.666666666666667,4.333333333333333,7.0
2,2,2.0,31.0,3.0,1.0,1.0,5.0,2.0,40.0,45.0,3.0,112.5,1458.0903182802863,1615.5640726545573,40.38910181636393,35.90142383676794,4.0,4.0,5.0,12.5,2,,,,20.0,10.0,5.0,10.0,3.6666666666666665,4.0,3.6666666666666665,4.5,4.333333333333333,3.6,3.25,1.6666666666666667,6.0,5.666666666666667,7.0,7.0,7.0,4.0
2,2,2.0,50.0,2.0,2.0,1.0,7.0,1.0,40.0,50.0,3.0,125.0,1666.38893517747,1846.3589401766371,46.158973504415926,36.92717880353274,2.0,3.0,1.0,0.0,2,,,,30.0,20.0,0.0,2.0,3.6666666666666665,5.0,2.3333333333333335,3.0,4.0,2.6,5.0,1.0,3.6666666666666665,6.333333333333333,5.0,7.0,7.0,4.0
2,2,1.0,33.0,1.0,2.0,1.0,1.0,2.0,40.0,50.0,3.0,125.0,1499.7500416597236,1661.7230461589734,41.54307615397433,33.23446092317947,1.0,1.0,1.0,0.0,2,,,,1.0,40.0,1.0,0.0,3.8333333333333335,3.0,4.5,3.75,4.666666666666667,3.2,3.25,1.0,1.0,3.3333333333333335,4.0,7.0,7.0,7.0
2,2,2.0,47.0,2.0,1.0,1.0,8.0,1.0,40.0,40.0,1.0,100.0,1358.1069821696383,1504.782536243959,37.61956340609898,37.61956340609898,1.0,2.0,3.0,0.0,2,,,,25.0,10.0,2.0,10.0,2.1666666666666665,4.0,2.8333333333333335,3.6666666666666665,3.3333333333333335,2.0,2.5,1.3333333333333333,1.3333333333333335,1.333333333333333,1.25,5.666666666666667,4.666666666666667,4.0
2,2,2.0,46.0,3.0,3.0,1.0,5.0,1.0,40.0,40.0,1.0,100.0,1041.4930844859189,1153.974337610398,28.849358440259948,28.849358440259948,1.0,1.0,6.0,10.0,2,,,,35.0,2.0,0.0,10.0,3.0,4.0,2.0,3.0,3.3333333333333335,2.8,3.5,1.0,1.0,1.666666666666667,2.75,7.0,6.0,4.0
2,2,2.0,46.0,1.0,2.0,1.0,8.0,1.0,40.0,50.0,3.0,125.0,1958.0069988335276,2169.471754707549,54.23679386768872,43.389435094150976,1.0,1.0,1.0,0.0,2,,,,25.0,20.0,1.0,5.0,3.0,4.0,3.1666666666666665,2.5,3.0,2.8,3.0,1.6666666666666667,3.3333333333333335,3.0,4.25,5.666666666666667,5.333333333333333,4.0
2,2,1.0,46.0,1.0,2.0,1.0,10.0,1.0,40.0,40.0,1.0,100.0,2082.9861689718377,2307.948675220796,57.698716880519896,57.698716880519896,1.0,1.0,1.0,0.0,2,,,,6.0,25.0,9.0,5.0,3.6666666666666665,3.0,3.3333333333333335,3.0,3.6666666666666665,4.4,2.5,1.3333333333333333,1.3333333333333335,4.333333333333333,2.75,5.666666666666667,5.333333333333333,7.0
2,2,2.0,36.0,2.0,1.0,1.0,5.0,1.0,40.0,60.0,3.0,150.0,1666.38893517747,1846.3589401766371,46.158973504415926,30.77264900294395,1.0,4.0,1.0,0.0,2,,,,30.0,10.0,0.0,20.0,2.3333333333333335,3.0,2.1666666666666665,3.0,3.3333333333333335,2.2,4.0,1.0,1.3333333333333335,1.0,5.5,7.0,6.0,4.0
2,2,2.0,54.0,1.0,2.0,1.0,4.0,1.0,20.0,20.0,1.0,100.0,2173.333344442593,2010.811745642393,83.54395860689884,85.85190728211964,2.0,4.0,2.0,20.0,2,,,,15.0,5.0,2.0,3.0,2.8333333333333335,3.0,4.0,4.5,5.0,4.2,2.5,1.3333333333333333,2.3333333333333335,1.333333333333333,2.5,3.3333333333333335,1.666666666666667,4.0
2,2,1.0,27.0,2.0,1.0,1.0,1.0,2.0,10.0,50.0,3.0,500.0,1124.8125312447926,1246.29228461923,124.629228461923,24.9258456923846,1.0,2.0,1.0,0.0,2,,,,4.0,46.0,2.0,1.0,3.8333333333333335,5.0,2.0,3.25,4.333333333333333,3.0,4.0,1.3333333333333333,2.6666666666666665,5.0,5.25,6.0,6.0,7.0
2,2,1.0,38.0,1.0,2.0,1.0,1.0,1.0,40.0,55.0,3.0,137.5,2082.9861689718377,2307.948675220796,57.698716880519896,41.96270318583265,3.0,2.0,1.0,0.0,2,,,,4.0,20.0,25.0,1.0,3.0,4.0,2.6666666666666665,3.25,4.0,3.0,4.25,2.6666666666666665,3.0,3.6666666666666665,3.25,5.666666666666667,5.666666666666667,4.0
2,2,1.0,37.0,1.0,2.0,1.0,5.0,2.0,40.0,40.0,1.0,100.0,2041.3264455924011,2261.7897017163805,56.54474254290951,56.54474254290951,1.0,1.0,1.0,0.0,2,,,,10.0,25.0,5.0,0.0,3.0,4.0,3.8333333333333335,4.0,3.6666666666666665,3.0,1.75,2.0,2.0,4.0,3.5,4.333333333333333,5.333333333333333,4.0
2,2,2.0,50.0,1.0,2.0,1.0,10.0,1.0,40.0,50.0,3.0,125.0,1874.6875520746541,2077.1538076987167,51.92884519246792,41.54307615397433,1.0,2.0,5.0,60.0,2,,,,20.0,22.0,3.0,5.0,3.1666666666666665,4.0,3.0,3.5,3.6666666666666665,3.2,3.75,3.0,5.0,5.0,5.5,4.333333333333333,3.0,4.0
2,2,1.0,74.0,1.0,1.0,1.0,8.0,1.0,8.0,15.0,3.0,187.5,416.59723379436764,461.58973504415917,57.69871688051991,30.77264900294395,1.0,2.0,1.0,0.0,2,,,,8.0,2.0,2.0,2.0,3.6666666666666665,3.0,3.8333333333333335,2.75,3.6666666666666665,3.2,3.0,2.0,3.0,3.0,5.25,5.333333333333333,5.0,5.0
2,2,2.0,30.0,2.0,1.0,1.0,5.0,2.0,40.0,40.0,1.0,100.0,1333.1111481419762,1477.0871521413096,36.92717880353274,36.92717880353274,1.0,2.0,4.0,24.0,2,,,,15.0,10.0,10.0,5.0,3.8333333333333335,3.0,4.833333333333333,5.0,5.0,4.4,3.0,1.0,2.0,2.0,7.0,7.0,7.0,4.0
2,2,2.0,44.0,1.0,3.0,1.0,8.0,1.0,40.0,70.0,3.0,175.0,1666.38893517747,1846.3589401766371,46.158973504415926,26.376556288237673,3.0,1.0,4.0,70.0,2,,,,16.0,2.0,2.0,50.0,2.0,3.0,3.0,3.0,3.0,2.6,5.0,2.0,2.0,2.0,3.0,3.6666666666666665,4.0,4.0
2,2,1.0,40.0,2.0,2.0,1.0,1.0,1.0,40.0,40.0,1.0,100.0,2916.180636560573,3231.1281453091146,80.77820363272787,80.77820363272787,3.0,4.0,3.0,15.0,2,,,,12.0,10.0,10.0,8.0,3.0,5.0,3.0,4.75,5.0,4.0,3.5,1.6666666666666667,2.3333333333333335,3.0,2.75,5.666666666666667,6.0,5.0
2,2,2.0,32.0,4.0,1.0,1.0,8.0,2.0,28.0,28.0,1.0,100.0,958.1736377270454,1061.6563906015663,37.91629966434165,37.91629966434165,1.0,2.0,6.0,10.0,2,,,,15.0,15.0,2.0,5.0,3.3333333333333335,1.9999999999999998,2.5,2.25,3.3333333333333335,3.2,4.25,2.0,2.6666666666666665,4.333333333333333,4.5,6.0,6.0,3.0
2,2,2.0,46.0,3.0,1.0,1.0,5.0,1.0,40.0,50.0,3.0,125.0,1666.38893517747,1846.3589401766371,46.158973504415926,36.92717880353274,3.0,2.0,5.0,6.0,2,,,,15.0,15.0,15.0,5.0,1.5,5.0,2.2333333333333334,2.5,3.6666666666666665,1.8,4.25,2.0,3.3333333333333335,7.0,4.0,6.0,5.666666666666667,4.0
2,2,1.0,41.0,1.0,1.0,1.0,7.0,1.0,40.0,49.0,3.0,135.25,1374.770871521413,1523.2461256457257,38.08115314114314,34.29062219788764,1.0,3.0,2.0,0.0,2,,,,12.0,50.0,10.0,0.0,2.3333333333333335,1.9999999999999998,3.1666666666666665,4.5,4.0,2.4,4.25,1.6666666666666667,3.6666666666666665,3.3333333333333335,3.0,6.0,5.666666666666667,4.0
2,2,2.0,45.0,1.0,1.0,1.0,8.0,1.0,40.0,16.0,2.0,40.0,1899.683386102316,2104.849191801366,54.929178470254946,56.64379829215101,2.0,3.0,1.0,0.0,2,,,,30.0,15.0,15.0,20.0,3.5,4.0,3.5,4.0,3.3333333333333335,4.0,5.0,1.0,1.0,1.0,5.0,7.0,7.0,4.0
2,2,1.0,47.0,1.0,2.0,1.0,10.0,1.0,8.0,7.9999999999999964,1.0,100.0,524.9125145809028,581.6030661556404,50.159417874798635,48.65925123590512,1.0,1.0,7.0,40.0,2,,,,8.0,0.0,0.0,0.0,3.5,3.0,3.6666666666666665,3.75,3.6666666666666665,2.4,3.25,3.0,3.6666666666666665,1.666666666666667,5.0,6.0,4.666666666666667,4.0
2,2,2.0,55.0,4.0,1.0,1.0,10.0,1.0,40.0,40.0,1.0,100.0,1249.7917013831027,1384.7692051324777,34.61923012831194,34.61923012831194,1.0,1.0,1.0,0.0,2,,,,25.0,20.0,1.0,0.0,3.5,3.0,4.666666666666667,3.25,3.3333333333333335,2.6,3.75,1.0,2.0,1.0,6.0,7.0,7.0,4.0
2,2,2.0,41.0,2.0,4.0,1.0,8.0,1.0,40.0,40.0,1.0,100.0,1249.7917013831027,1384.7692051324777,34.61923012831194,34.61923012831194,1.0,2.0,4.0,12.0,2,,,,25.0,10.0,2.0,3.0,2.1666666666666665,5.0,1.8333333333333333,1.0,1.3333333333333335,1.8,3.75,2.3333333333333335,2.6666666666666665,2.3333333333333335,5.75,6.666666666666667,3.6666666666666665,4.0
2,2,1.0,44.0,1.0,2.0,1.0,10.0,1.0,40.0,24.0,2.0,60.00000000000001,1749.7083819363438,1938.6768871854688,48.46692217963672,80.77820363272787,1.0,4.0,6.0,24.0,2,,,,15.0,5.0,2.0,2.0,3.3333333333333335,3.0,4.166666666666667,2.75,3.6666666666666665,3.2,2.0,1.0,1.6666666666666665,1.0,2.75,7.0,6.333333333333333,4.0
2,2,1.0,44.0,2.0,2.0,1.0,5.0,1.0,40.0,40.0,1.0,100.0,1583.0694884185968,1754.0409931678053,43.85102482919514,43.85102482919513,1.0,4.0,1.0,0.0,2,,,,20.0,15.0,2.0,5.0,4.166666666666667,5.0,3.8333333333333335,4.25,5.0,3.8,3.25,1.0,2.6666666666666665,3.6666666666666665,3.5,5.666666666666667,6.333333333333333,4.0
2,2,1.0,35.0,1.0,2.0,1.0,5.0,1.0,40.0,48.0,3.0,120.0,1458.0903182802863,1615.5640726545573,40.38910181636393,33.65758484696995,1.0,2.0,1.0,0.0,2,,,,20.0,10.0,10.0,10.0,2.3333333333333335,1.9999999999999998,2.8333333333333335,5.0,4.333333333333333,3.4,3.25,1.0,1.3333333333333335,3.3333333333333335,3.25,6.666666666666667,6.666666666666667,4.0
2,2,1.0,48.0,1.0,2.0,1.0,5.0,1.0,40.0,40.0,1.0,100.0,1458.0903182802863,1615.5640726545573,40.38910181636393,40.38910181636393,1.0,3.0,1.0,0.0,2,,,,10.0,25.0,5.0,0.0,4.166666666666667,4.0,3.8333333333333335,4.25,4.333333333333333,3.8,2.5,1.0,2.6666666666666665,4.666666666666667,4.5,6.333333333333333,6.0,4.0
2,2,2.0,39.0,2.0,2.0,1.0,5.0,1.0,40.0,40.0,1.0,100.0,1874.6875520746541,2077.1538076987167,51.92884519246792,51.92884519246792,3.0,4.0,1.0,0.0,2,,,,20.0,10.0,5.0,5.0,3.8333333333333335,3.0,4.333333333333333,5.0,4.333333333333333,4.2,3.25,1.0,1.6666666666666665,3.0,5.0,7.0,6.666666666666667,4.0
2,2,2.0,59.0,1.0,1.0,1.0,5.0,1.0,40.0,50.0,3.0,125.0,2082.9861689718377,2307.948675220796,57.698716880519896,46.15897350441592,3.0,4.0,1.0,0.0,2,,,,20.0,20.0,5.0,5.0,3.5,5.0,3.8333333333333335,5.0,4.666666666666667,3.8,4.0,1.0,3.6666666666666665,3.6666666666666665,6.5,6.666666666666667,6.666666666666667,5.0
2,2,2.0,64.0,1.0,1.0,1.0,5.0,1.0,40.0,53.2,3.0,133.0,1833.0278286952173,2030.9948341943007,50.77487085485752,36.4710624645563,1.0,4.0,3.0,8.0,2,,,,40.0,10.0,10.0,10.0,2.8333333333333335,5.0,3.3333333333333335,3.25,3.6666666666666665,3.4,3.0,1.0,4.0,4.333333333333333,5.75,6.666666666666667,6.333333333333333,5.0
2,2,2.0,59.0,1.0,1.0,1.0,7.0,1.0,40.0,50.0,3.0,125.0,2082.9861689718377,2307.948675220796,57.698716880519896,46.15897350441592,4.0,3.0,5.0,5.0,2,,,,15.0,20.0,10.0,5.0,4.0,4.0,4.666666666666667,3.25,4.0,3.8,3.5,1.0,2.6666666666666665,3.0,3.75,7.0,6.0,5.0
2,2,1.0,44.0,1.0,2.0,1.0,1.0,1.0,40.0,67.0,3.0,167.5,2707.882019663389,3000.3332777870355,75.00833194467589,44.78109369831396,3.0,3.0,1.0,0.0,2,,,,22.5,22.5,10.0,10.0,3.1666666666666665,4.0,3.5,1.25,3.6666666666666665,3.2,3.75,1.0,1.0,1.0,2.0,7.0,7.0,5.0
2,2,2.0,67.0,5.0,1.0,1.0,4.0,1.0,32.0,52.0,3.0,130.0,1666.38893517747,1846.3589401766371,57.69871688051991,33.23446092317947,3.0,3.0,1.0,0.0,2,,,,9.6,6.4,9.6,6.4,3.0,1.9999999999999998,2.8333333333333335,2.0,3.0,3.2,3.25,1.0,3.0,5.333333333333333,5.5,7.0,7.0,5.0
2,2,2.0,50.0,3.0,2.0,1.0,5.0,1.0,40.0,40.0,1.0,100.0,2520.413264455924,2792.617897017164,69.8154474254291,69.8154474254291,1.0,1.0,1.0,0.0,2,,,,15.0,20.0,2.0,3.0,2.8333333333333335,5.0,4.0,4.25,3.0,4.2,3.5,1.0,2.3333333333333335,3.0,2.0,5.666666666666667,5.333333333333333,5.0
2,2,2.0,42.0,1.0,2.0,1.0,8.0,1.0,40.0,40.0,1.0,100.0,1583.0694884185968,1754.0409931678053,43.85102482919514,43.85102482919513,3.0,3.0,1.0,0.0,2,,,,20.0,5.0,5.0,10.0,2.3333333333333335,3.0,2.3333333333333335,2.75,4.0,2.6,4.75,2.0,2.6666666666666665,4.333333333333333,3.75,5.0,4.333333333333333,4.0
2,2,1.0,37.0,2.0,1.0,1.0,3.0,2.0,40.0,50.0,3.0,125.0,1416.4305949008499,1569.4050991501413,39.23512747875354,31.38810198300283,1.0,1.0,1.0,0.0,2,,,,30.0,12.0,10.0,5.0,2.8333333333333335,5.0,2.5,2.75,2.6666666666666665,2.4,3.25,2.3333333333333335,3.3333333333333335,3.0,2.25,5.0,6.333333333333333,4.0
2,2,2.0,44.0,1.0,2.0,1.0,3.0,1.0,40.0,50.0,3.0,125.0,1874.6875520746541,2077.1538076987167,51.92884519246792,41.54307615397433,1.0,3.0,1.0,0.0,2,,,,15.0,5.0,2.0,10.0,2.6666666666666665,5.0,2.5,2.25,3.6666666666666665,2.6,4.25,1.6666666666666667,4.0,5.666666666666667,6.5,6.666666666666667,6.666666666666667,4.0
2,2,2.0,42.0,1.0,2.0,1.0,3.0,2.0,40.0,10.0,2.0,25.0,1458.0903182802863,1615.5640726545573,40.38910181636393,161.55640726545573,1.0,1.0,1.0,0.0,2,,,,8.0,6.0,4.0,6.0,2.0,1.9999999999999998,2.6666666666666665,1.0,5.0,1.8,3.75,2.3333333333333335,1.3333333333333335,4.0,5.5,7.0,5.333333333333333,4.0
2,2,2.0,49.0,1.0,2.0,1.0,5.0,1.0,40.0,49.6,3.0,124.0,1333.1111481419762,1477.0871521413096,36.92717880353274,36.896872406787416,2.0,2.0,1.0,0.0,2,,,,30.0,10.0,10.0,10.0,3.3333333333333335,5.0,1.1666666666666665,2.25,3.3333333333333335,3.0,5.0,1.0,4.0,6.333333333333333,6.5,6.666666666666667,5.333333333333333,4.0
2,2,2.0,41.0,2.0,2.0,1.0,3.0,2.0,40.0,50.0,3.0,125.0,1583.0694884185968,1754.0409931678053,43.85102482919514,35.080819863356105,1.0,2.0,1.0,0.0,2,,,,30.0,10.0,0.0,10.0,2.3333333333333335,3.0,1.8333333333333333,3.0,5.0,3.4,4.0,1.3333333333333333,1.6666666666666665,3.0,3.5,4.333333333333333,6.0,4.0
2,2,2.0,47.0,3.0,4.0,1.0,10.0,1.0,40.0,47.0,3.0,117.5,1374.770871521413,1523.2461256457257,38.08115314114314,32.40949203501544,1.0,2.0,7.0,12.5,2,,,,25.0,10.0,1.0,10.0,2.5,1.9999999999999998,3.6666666666666665,2.25,4.0,2.2,3.0,1.0,1.0,1.0,5.0,7.0,6.333333333333333,4.0
2,2,2.0,45.0,1.0,2.0,1.0,3.0,1.0,20.0,20.0,1.0,100.0,833.1944675887353,923.1794700883186,46.158973504415926,46.158973504415926,1.0,3.0,1.0,0.0,2,,,,10.0,5.0,1.0,4.0,2.6666666666666665,3.0,3.6666666666666665,1.0,3.6666666666666665,2.4,3.25,3.6666666666666665,3.6666666666666665,5.333333333333333,6.0,6.666666666666667,5.0,4.0
2,2,2.0,37.0,1.0,2.0,1.0,5.0,1.0,40.0,55.0,3.0,137.5,1399.7667055490751,1550.9415097483752,38.77353774370938,28.19893654087955,1.0,1.0,5.0,10.0,2,,,,45.0,9.0,1.0,1.0,2.5,4.0,2.5,2.0,3.0,2.6,4.25,1.6666666666666667,2.0,1.333333333333333,5.5,6.333333333333333,5.0,3.0
2,2,2.0,39.0,1.0,2.0,1.0,4.0,2.0,40.0,45.0,2.4,112.5,1249.7917013831027,1384.7692051324777,34.61923012831194,37.3228271478563,1.0,1.0,1.0,0.0,2,,,,25.0,10.0,2.0,3.0,3.3333333333333335,3.0,3.5,2.75,5.0,2.8,3.75,2.3333333333333335,4.0,5.666666666666667,5.0,4.666666666666667,4.333333333333333,9.0
2,2,2.0,45.0,1.0,2.0,1.0,1.0,1.0,40.0,40.0,1.0,100.0,2082.9861689718377,2307.948675220796,57.698716880519896,57.698716880519896,1.0,4.0,1.0,0.0,2,,,,6.0,20.0,9.0,5.0,3.1666666666666665,4.0,2.8333333333333335,3.5,4.0,3.0,3.25,2.3333333333333335,3.6666666666666665,4.666666666666667,5.0,5.0,4.333333333333333,4.0
2,2,2.0,50.0,1.0,2.0,1.0,3.0,2.0,26.0,31.0,3.0,119.23076923076923,958.1736377270454,1061.6563906015663,40.83293810006024,34.24698034198601,1.0,2.0,1.0,0.0,2,,,,5.0,18.0,1.0,2.0,3.5,3.0,2.1666666666666665,3.25,3.6666666666666665,2.4,3.75,2.0,2.6666666666666665,4.333333333333333,3.5,3.3333333333333335,4.666666666666667,4.0
2,2,1.0,44.0,3.0,1.0,1.0,3.0,2.0,40.0,50.0,3.0,125.0,1541.40976503916,1707.8820196633892,42.69705049158473,34.15764039326778,1.0,2.0,1.0,0.0,2,,,,30.0,8.0,10.0,2.0,3.1666666666666665,3.0,2.0,2.25,3.3333333333333335,2.6,3.5,1.6666666666666667,3.0,2.3333333333333335,4.75,5.333333333333333,4.0,4.0
2,2,2.0,61.0,4.0,3.0,1.0,8.0,1.0,40.0,50.0,3.0,125.0,1883.0194967505415,2086.3856023996,52.15964005999,39.449736732189656,2.0,4.0,1.0,4.0,2,,,,34.0,6.0,4.0,6.0,3.6666666666666665,3.0,3.1666666666666665,3.75,4.0,3.4,3.75,1.0,3.0,3.6666666666666665,5.25,7.0,6.333333333333333,4.0
2,2,2.0,53.0,1.0,3.0,1.0,1.0,1.0,40.0,55.0,3.0,137.5,2082.9861689718377,2307.948675220796,57.698716880519896,41.96270318583265,1.0,1.0,1.0,0.0,2,,,,25.0,20.0,5.0,5.0,2.8333333333333335,5.0,2.5,1.75,4.333333333333333,3.2,4.0,1.6666666666666667,5.0,6.0,6.25,5.666666666666667,5.333333333333333,4.0
2,2,2.0,38.0,1.0,2.0,1.0,5.0,2.0,20.0,40.0,3.0,200.0,833.1944675887353,923.1794700883186,46.158973504415926,23.079486752207963,1.0,2.0,6.0,30.0,2,,,,20.0,20.0,15.0,5.0,2.8333333333333335,5.0,2.0,2.25,4.333333333333333,2.6,3.75,1.3333333333333333,4.666666666666667,4.666666666666667,7.0,7.0,7.0,9.0
2,2,2.0,63.0,3.0,1.0,1.0,3.0,1.0,8.0,7.9999999999999964,1.0,100.0,291.6180636560571,323.11281453091124,40.38910181636393,40.38910181636393,1.0,1.0,1.0,0.0,2,,,,6.0,1.0,0.0,1.0,3.1666666666666665,4.0,2.0,3.0,4.0,2.4,3.75,3.3333333333333335,4.666666666666667,4.333333333333333,4.25,4.0,3.0,5.0
2,2,2.0,50.0,1.0,1.0,1.0,10.0,1.0,40.0,50.0,3.0,125.0,2166.3056157307115,2400.2666222296284,60.00666555574071,48.00533244459257,1.0,1.0,5.0,6.0,2,,,,20.0,10.0,12.0,18.0,4.0,4.0,4.166666666666667,4.0,5.0,3.0,3.5,2.0,1.6666666666666665,2.0,5.0,6.666666666666667,7.0,5.0
2,2,1.0,72.0,1.0,1.0,2.0,6.0,1.0,40.0,40.0,1.0,100.0,2132.977837027162,2363.3394434260954,55.7087522449962,55.7087522449962,2.0,4.0,1.0,0.0,2,,,,30.0,8.0,0.0,2.0,2.5,5.0,4.5,2.5,3.0,4.0,3.5,1.0,4.0,4.666666666666667,4.5,7.0,5.333333333333333,6.0
2,2,1.0,45.6,3.0,1.0,1.0,6.0,1.0,80.0,57.0,1.0,100.0,2916.180636560573,3231.1281453091146,40.38910181636393,42.363680127386175,2.0,2.0,6.0,5.0,2,,,,56.0,16.0,0.0,8.0,3.1666666666666665,4.0,3.6666666666666665,3.5,3.0,3.0,4.25,3.3333333333333335,4.0,4.333333333333333,3.0,6.0,4.666666666666667,4.0
2,2,1.0,48.0,1.0,2.0,3.0,5.0,1.0,50.0,70.0,3.0,140.0,3332.7778703549407,3692.7178803532743,73.85435760706548,52.753112576475345,4.0,2.0,1.0,0.0,2,,,,20.0,20.0,10.0,20.0,2.1666666666666665,1.0,1.8333333333333333,1.75,5.0,2.4,5.0,2.6666666666666665,3.6666666666666665,4.333333333333333,5.25,6.666666666666667,5.666666666666667,3.0
2,2,2.0,42.0,3.0,1.0,1.0,5.0,1.0,40.0,60.0,3.0,150.0,2499.5834027662054,2769.5384102649555,69.23846025662388,46.158973504415926,2.0,5.0,1.0,0.0,2,,,,30.0,10.0,5.0,20.0,2.3333333333333335,5.0,1.5,1.0,5.0,1.8,5.0,1.6666666666666667,1.0,1.0,5.5,7.0,7.0,5.0
2,2,1.0,49.0,1.0,2.0,1.0,5.0,2.0,4.0,6.0,3.0,150.0,104.14930844859191,115.39743376103979,28.849358440259955,19.232905626839965,1.0,1.0,2.0,60.0,2,,,,6.0,0.0,0.0,0.0,3.3333333333333335,1.0,4.166666666666667,2.0,3.0,3.0,3.5,2.0,3.3333333333333335,2.0,4.5,6.0,5.666666666666667,2.0
2,2,1.0,39.0,2.0,2.0,1.0,5.0,1.0,40.0,42.0,1.4000000000000001,105.0,2707.882019663389,3000.3332777870355,75.00833194467589,70.3968018663556,1.0,2.0,5.0,5.0,2,,,,10.0,20.0,2.0,2.0,3.6666666666666665,1.0,4.0,3.25,1.6666666666666665,2.2,4.25,3.6666666666666665,3.3333333333333335,1.666666666666667,4.5,4.666666666666667,4.333333333333333,4.0
2,2,2.0,43.0,1.0,2.0,1.0,4.0,2.0,40.0,35.0,2.0,87.5,1374.770871521413,1523.2461256457257,38.08115314114314,43.52131787559216,1.0,4.0,1.0,0.0,2,,,,14.0,8.0,3.0,10.0,3.5,5.0,2.8333333333333335,2.5,4.666666666666667,2.8,4.0,3.3333333333333335,4.333333333333333,6.333333333333333,6.25,5.0,5.0,4.0
2,2,1.0,38.0,1.0,2.0,1.0,3.0,2.0,40.0,40.0,1.0,100.0,1333.1111481419762,1477.0871521413096,36.92717880353274,36.92717880353274,3.0,2.0,5.0,40.0,2,,,,25.0,5.0,5.0,5.0,1.8333333333333333,1.9999999999999998,1.1666666666666665,1.25,1.6666666666666665,1.6000000000000003,4.25,2.0,1.6666666666666665,2.0,5.75,7.0,6.0,4.0
2,2,2.0,25.0,2.0,1.0,1.0,3.0,2.0,20.0,26.400000000000002,3.0,157.07692307692307,635.3107815364106,703.9243459423428,35.196217297117144,35.49368221897657,1.0,2.0,1.0,20.0,2,,,,15.0,5.0,2.0,2.0,3.5,4.0,4.0,3.75,4.0,3.6,3.0,1.0,3.6666666666666665,2.3333333333333335,4.0,5.0,5.0,3.0
2,2,2.0,42.0,1.0,2.0,1.0,8.0,1.0,40.0,60.0,3.0,150.0,2082.9861689718377,2307.948675220796,57.698716880519896,38.46581125367993,4.0,4.0,1.0,0.0,2,,,,20.0,10.0,5.0,25.0,4.166666666666667,4.0,3.6666666666666665,3.0,4.666666666666667,4.2,4.0,1.0,1.6666666666666665,1.666666666666667,6.75,7.0,6.0,4.0
2,2,2.0,48.0,4.0,2.0,1.0,5.0,1.0,40.0,50.0,3.0,125.0,1499.7500416597236,1661.7230461589734,41.54307615397433,33.23446092317947,1.0,1.0,1.0,0.0,2,,,,50.0,0.0,0.0,5.0,4.666666666666667,3.0,3.6666666666666665,4.25,4.0,3.4,4.5,1.0,2.6666666666666665,4.0,5.75,6.333333333333333,6.333333333333333,2.0
2,2,2.0,59.0,1.0,1.0,1.0,5.0,1.0,40.0,55.0,3.0,137.5,1874.6875520746541,2077.1538076987167,51.92884519246792,37.76643286724939,2.0,4.0,1.0,0.0,2,,,,20.0,20.0,5.0,10.0,4.0,5.0,4.0,3.0,5.0,4.8,3.0,1.0,2.0,2.0,6.0,6.0,6.0,5.0
2,2,2.0,34.0,1.0,2.0,3.0,3.0,2.0,20.0,20.0,1.0,100.0,666.5555740709881,738.5435760706548,36.92717880353274,36.92717880353274,4.0,3.0,5.0,27.0,2,,,,10.0,10.0,2.0,0.0,3.5,3.0,3.5,2.25,4.0,3.4,3.25,2.0,4.333333333333333,3.3333333333333335,5.0,6.333333333333333,5.666666666666667,3.0
2,2,1.0,41.0,3.0,1.0,1.0,5.0,1.0,32.0,55.0,3.0,171.875,1083.1528078653557,1200.1333111148142,37.504165972337944,21.820605656632985,1.0,3.0,1.0,0.0,2,,,,20.0,30.0,1.0,1.0,5.0,5.0,3.6666666666666665,5.0,3.3333333333333335,4.8,3.5,1.0,2.3333333333333335,2.6666666666666665,4.75,7.0,7.0,4.0
2,2,2.0,43.0,1.0,2.0,1.0,5.0,2.0,40.0,40.0,1.0,100.0,1666.38893517747,1846.3589401766371,46.158973504415926,46.158973504415926,1.0,4.0,4.0,2.0,2,,,,24.0,10.0,3.0,2.0,3.8333333333333335,4.0,3.5,4.5,5.0,4.0,3.75,1.3333333333333333,3.0,1.666666666666667,4.0,5.333333333333333,6.0,4.0
2,2,1.0,47.0,1.0,2.0,1.0,2.0,1.0,40.0,40.0,1.0,100.0,1374.770871521413,1523.2461256457257,38.08115314114314,38.08115314114314,1.0,2.0,1.0,0.0,2,,,,24.0,15.0,0.0,1.0,3.5,3.0,3.6666666666666665,4.0,3.6666666666666665,3.0,2.5,1.0,2.3333333333333335,3.6666666666666665,5.25,5.666666666666667,4.666666666666667,3.0
2,2,2.0,53.0,2.0,2.0,1.0,1.0,2.0,40.0,40.0,1.0,100.0,1666.38893517747,1846.3589401766371,46.158973504415926,46.158973504415926,1.0,2.0,1.0,0.0,2,,,,16.0,20.0,5.0,1.0,3.0,3.0,4.333333333333333,4.0,4.0,3.8,3.25,1.0,2.3333333333333335,2.6666666666666665,4.5,6.666666666666667,6.333333333333333,4.0
2,2,2.0,42.0,1.0,2.0,1.0,3.0,2.0,30.0,35.0,3.0,116.66666666666667,1249.7917013831027,1384.7692051324777,46.158973504415926,39.564834432356506,1.0,1.0,1.0,0.0,2,,,,20.0,5.0,5.0,5.0,3.8333333333333335,5.0,2.6666666666666665,1.5,3.6666666666666665,3.4,3.5,2.0,4.333333333333333,4.0,6.25,7.0,6.666666666666667,4.0
2,2,2.0,33.0,1.0,1.0,1.0,3.0,2.0,24.0,24.0,1.0,100.0,1041.4930844859189,1153.974337610398,48.08226406709991,48.08226406709991,1.0,1.0,2.0,24.0,2,,,,15.0,9.0,1.0,1.0,2.1666666666666665,1.9999999999999998,2.3333333333333335,2.75,3.3333333333333335,1.6000000000000003,4.25,5.333333333333333,5.0,3.6666666666666665,4.5,5.0,5.0,4.0
2,2,2.0,49.0,2.0,1.0,1.0,5.0,1.0,40.0,40.0,1.0,100.0,1249.7917013831027,1384.7692051324777,34.61923012831194,34.61923012831194,1.0,2.0,5.0,12.0,2,,,,30.0,15.0,10.0,5.0,3.3333333333333335,4.0,3.1666666666666665,4.25,3.6666666666666665,2.8,3.5,2.6666666666666665,5.333333333333333,4.666666666666667,2.5,3.3333333333333335,4.333333333333333,3.0
2,2,1.0,60.0,6.0,1.0,1.0,5.0,2.0,20.0,20.0,1.0,100.0,832.319613397767,922.2101316447254,46.11050658223628,46.11050658223628,2.0,3.0,7.0,20.0,2,,,,5.0,5.0,2.0,8.0,4.0,1.9999999999999998,4.0,4.25,4.0,5.0,2.0,1.0,1.3333333333333335,1.666666666666667,3.0,6.666666666666667,6.666666666666667,5.0
2,2,2.0,57.0,2.0,1.0,1.0,9.0,2.0,40.0,40.0,1.0,100.0,1666.38893517747,1846.3589401766371,46.158973504415926,46.158973504415926,1.0,2.0,5.0,15.0,2,,,,40.0,0.0,0.0,2.0,3.3333333333333335,3.0,3.5,3.0,4.0,3.4,3.5,2.0,4.5,5.666666666666667,4.75,5.333333333333333,5.0,4.0
2,2,1.0,70.0,5.0,1.0,1.0,3.0,1.0,40.0,30.0,2.0,75.0,1874.6875520746541,2077.1538076987167,51.92884519246792,69.2384602566239,2.0,3.0,2.0,15.0,2,,,,20.0,6.0,2.0,2.0,3.3333333333333335,3.0,3.8333333333333335,2.5,4.0,3.8,2.25,1.6666666666666667,4.333333333333333,2.3333333333333335,4.75,5.666666666666667,5.666666666666667,6.0
2,2,2.0,32.0,2.0,1.0,1.0,3.0,2.0,40.0,50.0,3.0,125.0,1333.1111481419762,1477.0871521413096,36.92717880353274,29.54174304282619,1.0,5.0,1.0,0.0,2,,,,30.0,14.0,1.0,5.0,2.5,5.0,2.1666666666666665,1.25,1.9999999999999998,1.6000000000000003,4.5,1.0,1.6666666666666665,2.3333333333333335,5.0,7.0,4.333333333333333,4.0
2,2,1.0,46.0,1.0,2.0,1.0,5.0,1.0,40.0,40.0,1.0,100.0,1458.0903182802863,1615.5640726545573,40.38910181636393,40.38910181636393,1.0,2.0,4.0,5.0,2,,,,25.0,5.0,0.0,10.0,3.1666666666666665,5.0,2.3333333333333335,2.0,3.3333333333333335,4.0,3.75,1.0,3.0,1.333333333333333,3.5,6.0,6.0,4.0
2,2,2.0,24.0,3.0,1.0,1.0,3.0,2.0,20.0,32.0,3.0,160.0,666.5555740709881,738.5435760706548,36.92717880353274,23.079486752207963,1.0,2.0,1.0,0.0,2,,,,15.0,15.0,3.0,2.0,3.6666666666666665,3.0,3.0,3.25,4.0,3.2,3.5,3.0,3.0,5.333333333333333,3.75,4.0,4.333333333333333,3.0
2,2,2.0,32.0,1.0,2.0,1.0,4.0,2.0,40.0,40.0,1.0,100.0,1333.1111481419762,1477.0871521413096,36.92717880353274,36.92717880353274,1.0,2.0,5.0,12.0,2,,,,28.0,7.0,2.0,3.0,1.6666666666666667,1.9999999999999998,1.0,1.3333333333333333,3.0,2.2,4.5,3.6666666666666665,3.0,2.6666666666666665,4.75,3.6666666666666665,2.6666666666666665,3.0
2,2,2.0,35.0,1.0,2.0,1.0,1.0,1.0,40.0,40.0,1.0,100.0,1666.38893517747,1846.3589401766371,46.158973504415926,46.158973504415926,1.0,3.0,1.0,0.0,2,,,,10.0,20.0,10.0,5.0,3.3333333333333335,5.0,3.0,5.0,5.0,3.0,3.5,1.0,3.0,3.6666666666666665,3.75,6.0,6.0,5.0
2,2,1.0,30.0,1.0,1.0,1.0,1.0,2.0,40.0,40.0,1.0,100.0,1208.131978003666,1338.610231628062,33.46525579070155,33.46525579070155,1.0,3.0,6.0,20.0,2,,,,20.0,10.0,2.0,3.0,3.8333333333333335,4.0,3.5,4.0,5.0,3.8,3.0,1.0,2.6666666666666665,3.0,4.25,6.666666666666667,6.333333333333333,4.0
2,2,2.0,40.0,1.0,1.0,1.0,5.0,1.0,40.0,40.0,1.0,100.0,2082.9861689718377,2307.948675220796,57.698716880519896,57.698716880519896,1.0,2.0,1.0,0.0,2,,,,20.0,15.0,4.0,1.0,4.0,4.0,2.5,5.0,4.333333333333333,4.2,3.25,2.3333333333333335,5.0,4.333333333333333,4.75,5.333333333333333,5.0,4.0
2,2,2.0,32.0,2.0,1.0,1.0,3.0,2.0,40.0,62.0,3.0,155.0,1274.7875354107648,1412.4645892351273,35.31161473087818,22.781686923147213,1.0,1.0,3.0,12.5,2,,,,43.0,27.0,5.0,0.0,1.6666666666666667,5.0,1.8333333333333333,1.0,2.6666666666666665,2.2,4.0,2.6666666666666665,3.0,2.0,4.0,5.333333333333333,5.333333333333333,3.0
2,2,2.0,39.0,2.0,1.0,1.0,3.0,2.0,40.0,40.0,1.0,100.0,1666.38893517747,1846.3589401766371,46.158973504415926,46.158973504415926,1.0,2.0,1.0,0.0,2,,,,30.0,10.0,10.0,5.0,2.6666666666666665,3.0,2.1666666666666665,1.75,4.666666666666667,2.0,4.25,1.0,1.0,1.666666666666667,2.0,6.333333333333333,6.333333333333333,4.0
2,2,1.0,46.2,4.0,3.0,1.0,1.0,1.0,40.0,40.0,1.0,100.0,2082.9861689718377,2307.948675220796,57.698716880519896,57.698716880519896,1.0,2.0,5.0,5.0,2,,,,12.0,10.0,3.0,15.0,2.8333333333333335,4.0,3.1666666666666665,2.75,1.6666666666666665,3.0,3.5,3.0,4.0,4.333333333333333,6.25,6.666666666666667,6.333333333333333,5.0
2,2,1.0,45.0,1.0,2.0,1.0,1.0,5.0,40.0,30.0,2.0,75.0,2582.902849525079,2861.8563572737876,71.5464089318447,95.39521190912625,1.0,2.0,1.0,0.0,2,,,,8.0,18.0,1.0,3.0,4.5,4.0,4.5,4.0,5.0,4.4,2.75,1.0,4.333333333333333,5.0,4.25,5.333333333333333,6.666666666666667,7.0
2,2,2.0,40.0,1.0,2.0,1.0,1.0,1.0,40.0,40.0,1.0,100.0,1874.6875520746541,2077.1538076987167,51.92884519246792,51.92884519246792,1.0,2.0,1.0,0.0,2,,,,10.0,20.0,5.0,5.0,5.0,3.0,5.0,5.0,5.0,5.0,2.25,3.0,4.0,1.0,6.25,7.0,7.0,7.0
2,2,1.0,36.0,2.0,1.0,1.0,5.0,1.0,40.0,40.0,1.0,100.0,1291.4514247625395,1430.9281786368938,35.77320446592235,35.77320446592235,2.0,2.0,1.0,0.0,2,,,,30.0,5.0,5.0,10.0,2.1666666666666665,4.0,2.0,2.0,4.666666666666667,3.2,3.75,1.3333333333333333,3.6666666666666665,3.6666666666666665,6.25,7.0,7.0,4.0
2,2,1.0,39.0,1.0,2.0,1.0,6.0,1.0,40.0,50.0,3.0,125.0,1666.38893517747,1846.3589401766371,46.158973504415926,36.92717880353274,1.0,3.0,3.0,15.0,2,,,,30.0,5.0,5.0,10.0,4.0,5.0,1.5,2.5,1.9999999999999998,2.4,5.0,5.0,3.3333333333333335,4.666666666666667,3.25,4.0,3.3333333333333335,4.0
2,2,2.0,40.0,1.0,1.0,1.0,5.0,1.0,40.0,50.0,3.0,125.0,1291.4514247625395,1430.9281786368938,35.77320446592235,34.06971853897366,1.0,1.0,1.0,0.0,2,,,,26.0,1.0,3.0,10.0,1.3333333333333335,1.0,1.6666666666666667,1.0,4.0,2.2,4.0,1.0,4.666666666666667,3.6666666666666665,5.25,7.0,5.666666666666667,4.0
2,2,2.0,32.0,2.0,1.0,1.0,1.0,3.0,40.0,60.0,3.0,150.0,999.8333611064822,1107.815364105982,27.695384102649562,18.46358940176637,1.0,2.0,1.0,0.0,2,,,,20.0,20.0,15.0,5.0,2.8333333333333335,1.9999999999999998,2.5,2.25,2.6666666666666665,2.2,3.75,3.3333333333333335,3.0,3.3333333333333335,4.75,4.333333333333333,4.333333333333333,7.0
2,2,2.0,39.0,2.0,1.0,1.0,5.0,1.0,40.0,72.0,3.0,180.0,1583.0694884185968,1754.0409931678053,43.85102482919514,24.361680460663962,1.0,1.0,1.0,0.0,2,,,,40.0,20.0,10.0,2.0,3.6666666666666665,4.0,1.8333333333333333,2.25,2.3333333333333335,3.0,3.75,2.0,6.666666666666668,5.666666666666667,6.25,6.0,3.6666666666666665,4.0
2,2,1.0,28.0,3.0,1.0,1.0,1.0,2.0,32.5,42.5,3.0,130.76923076923077,958.1736377270454,1061.6563906015663,32.666350480048195,24.980150367095675,1.0,5.0,2.0,50.0,2,,,,5.0,35.0,0.0,5.0,3.3333333333333335,4.0,2.6666666666666665,3.0,4.666666666666667,2.8,3.5,2.3333333333333335,4.333333333333333,4.0,4.0,6.0,5.0,7.0
2,2,2.0,40.0,1.0,2.0,1.0,4.0,2.0,40.0,50.0,3.0,125.0,1416.4305949008499,1569.4050991501413,39.23512747875354,31.38810198300283,3.0,3.0,1.0,0.0,2,,,,20.0,10.0,10.0,10.0,2.5,5.0,2.8333333333333335,1.5,1.9999999999999998,2.2,3.75,1.6666666666666667,2.6666666666666665,4.666666666666667,4.5,5.666666666666667,4.333333333333333,4.0
2,2,1.0,48.0,2.0,2.0,1.0,7.0,1.0,20.0,7.9999999999999964,2.0,40.0,833.1944675887353,923.1794700883186,46.158973504415926,115.39743376103982,1.0,2.0,2.0,40.0,2,,,,8.0,17.0,2.0,2.0,2.6666666666666665,3.0,3.8333333333333335,3.0,2.5,2.8,3.25,2.0,2.3333333333333335,1.333333333333333,5.0,6.0,6.0,4.0
2,2,2.0,42.0,1.0,1.0,1.0,5.0,1.0,40.0,55.0,3.0,137.5,1249.7917013831027,1384.7692051324777,34.61923012831194,25.1776219114996,4.0,4.0,1.0,0.0,2,,,,25.0,5.0,7.5,15.0,1.8333333333333333,5.0,1.5,1.0,2.6666666666666665,1.8,5.0,1.6666666666666667,5.666666666666667,3.3333333333333335,6.5,6.0,4.666666666666667,4.0
2,2,1.0,52.0,1.0,2.0,1.0,9.0,2.0,40.0,40.0,1.0,100.0,2291.2847858690216,2538.743542742876,63.468588568571896,63.468588568571896,2.0,4.0,5.0,20.0,2,,,,12.0,4.0,8.0,16.0,2.3333333333333335,1.9999999999999998,2.6666666666666665,3.0,4.666666666666667,2.8,4.0,1.6666666666666667,1.3333333333333335,2.0,2.5,7.0,7.0,6.0
2,2,2.0,39.0,2.0,2.0,1.0,9.0,3.0,40.0,40.0,1.0,100.0,1666.38893517747,1846.3589401766371,46.158973504415926,51.3056990501583,2.0,5.0,6.0,20.0,2,,,,12.5,7.5,10.0,7.5,3.1666666666666665,3.0,3.8333333333333335,3.5,4.666666666666667,3.4,4.0,1.3333333333333333,2.6666666666666665,1.666666666666667,5.25,6.333333333333333,6.333333333333333,2.0
2,2,2.0,69.0,3.0,1.0,1.0,9.0,3.0,20.0,35.0,3.0,175.0,833.1944675887353,923.1794700883186,46.158973504415926,26.376556288237673,1.0,4.0,1.0,0.0,2,,,,18.0,4.0,4.0,2.0,3.3333333333333335,5.0,4.0,3.0,4.0,4.0,2.75,1.0,1.0,1.0,3.25,7.0,7.0,5.0
2,2,2.0,34.0,1.0,2.0,1.0,9.0,2.0,40.0,40.0,1.0,100.0,1416.4305949008499,1569.4050991501413,39.23512747875354,39.23512747875354,1.0,1.0,1.0,0.0,2,,,,22.0,2.0,0.0,2.0,3.0,4.0,2.1666666666666665,1.0,2.6666666666666665,1.6000000000000003,3.5,1.0,3.6666666666666665,4.666666666666667,5.5,6.333333333333333,5.666666666666667,3.0
2,2,2.0,45.0,3.0,1.0,1.0,1.0,1.0,40.0,40.0,1.0,100.0,1499.7500416597236,1661.7230461589734,41.54307615397433,41.54307615397433,1.0,1.0,1.0,50.0,2,,,,17.0,17.0,4.0,2.0,3.8333333333333335,4.0,2.6666666666666665,3.75,3.3333333333333335,2.6,3.75,1.3333333333333333,5.0,5.666666666666667,5.5,5.333333333333333,5.333333333333333,4.0
2,2,1.0,57.0,1.0,1.0,1.0,9.0,2.0,40.0,40.0,1.0,100.0,2082.9861689718377,2307.948675220796,57.698716880519896,57.698716880519896,2.0,5.0,6.0,0.0,2,,,,18.0,6.0,1.0,9.0,3.8333333333333335,1.9999999999999998,4.333333333333333,3.0,4.333333333333333,4.0,3.0,1.0,3.0,3.0,1.5,6.333333333333333,6.0,6.0
2,2,1.0,40.0,2.0,1.0,1.0,5.0,1.0,40.0,40.0,1.0,100.0,1791.3681053157807,1984.8358606898848,49.62089651724712,49.62089651724712,3.0,4.0,5.0,20.0,2,,,,22.0,6.0,4.0,8.0,3.8333333333333335,4.0,4.0,3.5,4.0,4.0,2.75,1.6666666666666667,4.333333333333333,4.0,5.0,6.0,5.333333333333333,4.0
2,2,2.0,29.0,2.0,1.0,1.0,3.0,2.0,40.0,40.0,1.0,100.0,1666.38893517747,1846.3589401766371,46.158973504415926,46.158973504415926,1.0,1.0,1.0,35.0,2,,,,5.0,1.0,1.0,1.0,3.1666666666666665,4.0,3.5,4.0,5.0,3.4,3.25,1.6666666666666667,5.0,5.333333333333333,4.25,4.333333333333333,5.666666666666667,4.0
2,2,2.0,50.0,1.0,1.0,1.0,9.0,1.0,40.0,40.0,1.0,100.0,2041.3264455924011,2261.7897017163805,56.54474254290951,56.54474254290951,2.0,2.0,5.0,0.0,2,,,,12.0,20.0,1.0,10.0,2.0,1.9999999999999998,3.1666666666666665,1.5,4.666666666666667,2.8,3.25,1.0,1.3333333333333335,1.0,2.5,6.666666666666667,6.0,5.0
2,2,2.0,32.4,1.0,2.0,3.0,8.0,2.0,16.0,16.0,1.0,100.0,624.8958506915515,692.3846025662385,43.27403766038993,43.27403766038993,1.0,3.0,1.0,50.0,2,,,,10.0,10.0,2.0,2.0,3.1666666666666665,4.0,3.8333333333333335,3.25,3.0,3.4,3.0,1.3333333333333333,4.0,3.6666666666666665,4.75,6.333333333333333,5.666666666666667,4.0
1,1,2.0,48.0,2.0,1.0,6.0,5.0,2.0,25.0,25.0,1.0,100.0,1900.0,1679.6,67.184,67.184,1.0,1.0,5.0,40.0,2,,,,4.5,3.0,0.0,16.0,3.3333333333333335,5.0,2.1666666666666665,3.5,5.0,2.6,4.0,4.0,4.0,4.666666666666667,4.25,2.0,4.0,13.0
1,1,2.0,64.0,3.0,1.0,4.0,11.0,6.0,40.0,40.0,1.0,100.0,3000.0,2652.0,66.3,66.3,1.0,2.0,1.0,0.0,2,,,,0.0,0.0,0.0,40.0,4.5,5.0,3.3333333333333335,2.5,2.6666666666666665,3.6,5.75,2.0,3.0,4.0,4.0,4.333333333333333,3.0,13.0
1,1,2.0,47.0,2.0,1.0,4.0,6.0,1.0,36.0,55.0,3.0,152.77777777777777,6000.0,5304.0,147.33333333333337,96.43636363636364,1.0,5.0,1.0,0.0,2,,,,0.0,40.0,5.0,10.0,2.5,5.0,2.0,3.5,1.6666666666666665,3.8,1.5,3.0,2.0,2.3333333333333335,4.5,5.333333333333333,3.0,7.0
1,1,1.0,35.0,1.0,1.0,5.0,6.0,1.0,20.0,20.0,1.0,100.0,2000.0,1768.0,88.4,88.4,1.0,2.0,3.0,50.0,2,,,,15.0,4.0,0.0,1.0,3.2,3.0,3.3333333333333335,2.6666666666666665,3.3333333333333335,3.2,4.0,3.3333333333333335,3.0,4.0,4.0,1.0,2.6666666666666665,7.0
1,1,1.0,47.0,3.0,1.0,4.0,5.0,1.0,40.0,55.0,3.0,137.5,2911.559740043326,2717.528191968005,67.93820479920012,60.222874308827315,1.0,1.0,1.0,0.0,2,,,,20.0,10.0,0.0,20.0,1.5,5.0,2.5,1.0,1.0,1.4000000000000001,3.25,2.3333333333333335,2.3333333333333335,4.333333333333333,5.75,1.666666666666667,0.9999999999999996,7.0
1,1,2.0,51.0,4.0,2.0,5.0,9.0,1.0,20.0,20.0,1.0,100.0,1800.0,1591.2,79.56,79.56,1.0,2.0,5.0,10.0,2,,,,18.0,10.0,2.0,2.0,2.1666666666666665,4.0,2.1666666666666665,2.25,4.0,2.4,4.25,5.666666666666667,5.333333333333333,6.0,5.75,1.333333333333333,5.0,7.0
1,1,2.0,64.0,1.0,1.0,4.0,7.0,6.0,40.0,45.0,3.0,112.5,6200.0,5480.799999999999,137.01999999999998,107.75191304347825,1.0,2.0,1.0,0.0,2,,,,5.0,35.0,5.0,5.0,3.5,4.0,4.0,2.75,4.333333333333333,4.0,4.75,1.6666666666666667,5.333333333333333,5.333333333333333,4.5,1.0,3.0,7.0
1,1,1.0,37.0,2.0,1.0,5.0,2.0,1.0,40.0,45.0,3.0,112.5,5567.0,4921.228,123.0307,109.36062222222222,3.0,3.0,1.0,0.0,2,,,,5.0,30.0,5.0,5.0,2.6666666666666665,4.0,3.5,4.75,4.666666666666667,3.2,5.0,4.333333333333333,4.333333333333333,5.0,5.5,1.0,4.666666666666667,7.0
1,1,1.0,58.0,2.0,1.0,4.0,1.0,6.0,40.0,40.0,1.0,100.0,4860.0,4296.24,107.406,107.406,3.0,3.0,1.0,0.0,2,,,,20.0,5.0,10.0,5.0,5.0,4.0,3.6666666666666665,5.0,4.0,4.6,5.0,1.3333333333333333,2.3333333333333335,4.666666666666667,3.75,1.0,1.3333333333333335,7.0
1,1,1.0,35.0,1.0,1.0,4.0,1.0,2.0,40.0,60.0,3.0,150.0,4533.4,4007.5256,104.31347333333335,75.88766755555555,4.0,4.0,1.0,0.0,2,,,,10.0,20.0,20.0,10.0,5.0,3.0,3.8333333333333335,4.0,4.666666666666667,3.8,5.5,2.0,5.666666666666667,6.0,6.0,1.0,2.6666666666666665,7.0
1,1,1.0,43.0,1.0,2.0,5.0,4.0,1.0,40.0,40.0,1.0,100.0,5400.0,4773.6,119.34,119.34,2.0,4.0,1.0,0.0,2,,,,5.0,5.0,10.0,20.0,3.8333333333333335,5.0,1.8333333333333333,3.25,2.6666666666666665,3.4,2.75,3.3333333333333335,2.6666666666666665,3.0,2.5,5.0,2.6666666666666665,7.0
1,1,2.0,48.0,1.0,2.0,4.0,4.0,1.0,55.0,70.0,3.0,127.27272727272727,3749.925012497917,3415.716913847692,84.52341660110912,59.849935230131194,1.0,1.0,1.0,0.0,2,,,,10.0,30.0,0.0,5.0,1.8333333333333333,1.0,1.0,1.0,2.6666666666666665,1.5,6.25,2.3333333333333335,6.333333333333333,6.0,4.5,3.0,3.3333333333333335,7.0
1,1,2.0,59.0,2.0,1.0,4.0,11.0,6.0,40.0,70.0,3.0,175.0,5861.6,5181.654399999999,129.54136,85.6427619047619,2.0,4.0,1.0,0.0,2,,,,6.0,5.0,0.0,60.0,3.8333333333333335,4.0,3.6666666666666665,2.25,4.333333333333333,2.8,5.0,3.6666666666666665,5.0,5.666666666666667,3.5,1.333333333333333,3.3333333333333335,7.0
1,1,2.0,40.0,1.0,2.0,4.0,2.0,2.0,40.0,40.0,1.0,100.0,5000.0,4420.0,110.5,110.5,3.0,2.0,1.0,0.0,2,,,,11.0,8.0,10.0,11.0,3.0,5.0,2.0,1.0,5.0,3.4,5.25,3.6666666666666665,4.0,5.666666666666667,3.75,1.666666666666667,4.333333333333333,7.0
1,1,2.0,44.0,1.0,2.0,4.0,1.0,2.0,40.0,62.0,3.0,155.0,5000.0,4420.0,110.5,71.29032258064517,3.0,2.0,1.0,0.0,2,,,,6.0,22.0,14.0,20.0,3.3333333333333335,5.0,2.3333333333333335,2.25,4.0,2.6,3.25,2.6666666666666665,2.6666666666666665,5.333333333333333,3.5,2.6666666666666665,1.666666666666667,7.0
1,1,1.0,41.0,2.0,1.0,4.0,1.0,2.0,40.0,60.0,3.0,150.0,5600.0,4950.4,123.75999999999999,82.50666666666666,3.0,1.0,1.0,0.0,2,,,,8.0,45.0,2.0,5.0,4.333333333333333,1.9999999999999998,3.5,4.0,4.0,3.6,5.0,3.0,5.0,5.0,4.5,1.0,4.0,7.0
1,1,2.0,54.0,2.0,1.0,4.0,5.0,2.0,40.0,75.0,3.0,187.5,4982.3,4404.353200000001,110.10883000000004,58.72470933333335,1.0,1.0,1.0,0.0,2,,,,15.0,20.0,12.0,8.0,2.6666666666666665,5.0,2.1666666666666665,2.95,4.333333333333333,2.6,5.0,3.6666666666666665,4.0,6.333333333333333,6.5,1.0,4.0,7.0
1,1,2.0,49.0,1.0,2.0,4.0,5.0,2.0,40.0,40.0,1.0,100.0,5000.0,4420.0,110.5,110.5,3.0,2.0,1.0,0.0,2,,,,20.0,10.0,5.0,5.0,3.5,5.0,3.3333333333333335,3.25,4.666666666666667,4.4,6.5,5.0,5.333333333333333,5.666666666666667,6.0,1.0,6.333333333333333,7.0
1,1,2.0,33.0,1.0,1.0,4.0,5.0,2.0,40.0,60.0,3.0,150.0,6000.0,5304.0,132.6,88.4,3.0,2.0,1.0,0.0,2,,,,10.0,30.0,5.0,15.0,2.1666666666666665,5.0,3.0,1.0,3.3333333333333335,2.4,5.25,4.666666666666667,5.333333333333333,6.0,5.25,1.0,3.6666666666666665,7.0
1,1,2.0,63.0,4.0,1.0,4.0,4.0,6.0,40.0,47.5,3.0,118.75,5250.0,4641.0,116.025,97.70526315789473,1.0,2.0,4.0,7.5,2,,,,35.0,10.0,0.5,2.0,2.5,3.0,1.8333333333333333,1.5,4.0,1.8,6.25,2.0,2.6666666666666665,6.0,4.25,1.0,1.3333333333333335,7.0
1,1,2.0,43.0,1.0,2.0,4.0,5.0,2.0,40.0,40.0,1.0,100.0,4410.38,3898.77592,99.18828688888888,99.18828688888888,3.0,1.0,1.0,0.0,2,,,,8.0,15.0,7.0,10.0,3.8333333333333335,4.0,3.3333333333333335,2.0,5.0,4.5,7.0,5.666666666666667,5.0,5.666666666666667,4.75,1.666666666666667,5.333333333333333,7.0
1,1,2.0,64.0,1.0,1.0,4.0,1.0,6.0,30.0,45.0,3.0,150.0,4520.0,3995.68,103.86298412698412,76.56422222222223,3.0,2.0,1.0,0.0,2,,,,22.0,15.0,3.0,5.0,3.6666666666666665,3.0,3.6666666666666665,2.25,4.0,4.2,6.25,2.0,5.0,5.0,4.5,1.0,5.0,7.0
1,1,2.0,46.0,1.0,1.0,4.0,5.0,2.0,40.0,55.0,3.0,137.5,6000.0,5304.0,132.6,96.43636363636364,3.0,4.0,1.0,0.0,2,,,,15.0,20.0,15.0,5.0,4.166666666666667,4.0,4.0,4.0,4.333333333333333,4.8,5.5,3.3333333333333335,5.0,4.666666666666667,5.25,1.0,4.666666666666667,7.0
1,1,1.0,41.0,3.0,1.0,4.0,5.0,2.0,40.0,43.0,1.4000000000000001,107.5,4000.0,3536.0,88.4,78.6069787005196,3.0,1.0,1.0,0.0,2,,,,24.0,15.0,15.0,5.0,3.1666666666666665,3.0,2.3333333333333335,3.75,4.0,3.6,5.5,4.0,4.666666666666667,5.0,5.0,5.333333333333333,4.0,7.0
1,1,1.0,36.0,1.0,2.0,4.0,5.0,2.0,40.0,40.0,1.0,100.0,6500.0,5746.0,143.65,143.65,2.0,2.0,1.0,0.0,2,,,,10.0,15.0,5.0,10.0,4.666666666666667,5.0,2.6666666666666665,4.0,5.0,4.0,6.25,3.6666666666666665,4.333333333333333,5.666666666666667,5.25,1.0,4.666666666666667,7.0
1,1,1.0,35.0,1.0,2.0,4.0,1.0,1.0,40.0,45.0,3.0,112.5,6667.0,5893.628000000001,147.34070000000003,130.96951111111113,4.0,4.0,1.0,0.0,2,,,,5.0,10.0,10.0,20.0,3.5,5.0,3.1666666666666665,5.0,5.0,4.8,6.25,2.0,5.0,5.333333333333333,4.75,1.333333333333333,5.0,7.0
1,1,2.0,44.0,1.0,3.0,7.0,5.0,2.0,20.0,40.0,3.0,200.0,1850.0,1635.4,81.77000000000001,40.885000000000005,1.0,2.0,7.0,10.0,2,,,,30.0,10.0,3.0,10.0,2.5,3.0,3.0,3.25,3.6666666666666665,3.4,6.75,2.6666666666666665,5.0,6.0,4.5,1.0,2.0,7.0
1,1,1.0,46.0,2.0,2.0,4.0,5.0,1.0,40.0,50.0,3.0,125.0,5000.0,4420.0,110.5,88.4,3.0,2.0,1.0,0.0,2,,,,4.0,10.0,20.0,3.0,3.6666666666666665,3.0,4.5,2.75,1.9999999999999998,4.6,5.5,1.6666666666666667,5.0,5.666666666666667,5.25,1.333333333333333,3.3333333333333335,7.0
1,1,2.0,42.0,1.0,2.0,4.0,7.0,2.0,20.0,28.0,3.0,140.0,3153.2,2787.4288,99.79160285714286,86.79112,1.0,2.0,1.0,0.0,2,,,,2.5,22.0,0.0,1.0,3.3333333333333335,4.0,4.5,3.75,2.6666666666666665,4.6,6.5,4.333333333333333,4.333333333333333,5.0,6.25,1.0,0.9999999999999996,7.0
1,1,2.0,49.0,1.0,4.0,4.0,5.0,2.0,40.0,48.0,3.0,120.0,3840.0,4278.5599999999995,107.73893506493506,91.45810424242424,1.0,2.0,1.0,0.0,2,,,,16.0,20.0,7.0,5.0,3.3333333333333335,4.0,3.1666666666666665,4.0,3.6666666666666665,3.6,6.25,4.0,4.666666666666667,4.333333333333333,5.75,1.0,5.0,7.0
1,1,1.0,40.0,2.0,2.0,4.0,2.0,2.0,40.0,50.0,3.0,125.0,6000.0,5304.0,132.6,106.08,2.0,2.0,1.0,0.0,2,,,,10.0,20.0,10.0,10.0,3.6666666666666665,3.0,3.6666666666666665,5.0,5.0,3.6,5.75,3.3333333333333335,5.0,4.333333333333333,4.5,1.0,3.0,7.0
1,1,2.0,56.0,4.0,1.0,4.0,5.0,1.0,40.0,50.0,3.0,125.0,6000.0,5304.0,132.6,106.08,4.0,5.0,4.0,10.0,2,,,,15.0,10.0,15.0,10.0,4.333333333333333,5.0,4.333333333333333,3.25,5.0,4.4,5.5,2.0,3.6666666666666665,5.666666666666667,4.75,1.0,1.666666666666667,6.0
1,1,1.0,51.0,1.0,1.0,4.0,5.0,1.0,40.0,50.0,3.0,125.0,6399.999999999999,5657.599999999999,141.44,105.0907619047619,1.0,4.0,1.0,0.0,2,,,,20.0,15.0,0.0,15.0,3.8333333333333335,4.0,4.0,2.5,5.0,4.2,5.5,1.6666666666666667,5.0,5.666666666666667,4.0,1.0,2.0,6.0
1,1,1.0,47.0,1.0,1.0,4.0,5.0,1.0,40.0,40.0,1.0,100.0,3800.0,3359.2,83.97999999999999,83.97999999999999,1.0,3.0,1.0,0.0,2,,,,15.0,15.0,5.0,5.0,3.3333333333333335,4.0,3.3333333333333335,3.75,3.6666666666666665,3.6,5.0,3.0,5.0,5.0,4.25,2.0,3.0,6.0
1,1,2.0,46.0,1.0,2.0,4.0,5.0,1.0,40.0,40.0,1.0,100.0,5500.0,4862.0,121.54999999999998,121.55,3.0,2.0,1.0,0.0,2,,,,15.0,8.0,8.0,9.0,3.6666666666666665,4.0,3.5,4.0,4.666666666666667,4.4,6.0,3.6666666666666665,5.333333333333333,5.333333333333333,4.75,1.666666666666667,5.333333333333333,6.0
1,1,2.0,44.0,1.0,2.0,5.0,7.0,2.0,40.0,55.0,3.0,137.5,6650.0,5878.6,146.965,106.88363636363637,2.0,3.0,1.0,0.0,2,,,,15.0,15.0,10.0,15.0,4.333333333333333,1.9999999999999998,4.166666666666667,3.5,3.6666666666666665,3.4,4.25,3.3333333333333335,4.333333333333333,5.333333333333333,4.75,1.0,4.333333333333333,6.0
1,1,1.0,54.0,1.0,2.0,5.0,5.0,2.0,40.0,50.0,3.0,125.0,6500.0,5746.0,143.65,114.92,2.0,2.0,1.0,0.0,2,,,,16.0,8.0,2.0,24.0,3.5,3.0,2.1666666666666665,4.25,4.333333333333333,2.6,4.5,2.3333333333333335,3.6666666666666665,6.0,4.5,1.666666666666667,2.3333333333333335,6.0
1,1,1.0,53.0,1.0,2.0,4.0,1.0,1.0,40.0,40.0,1.0,100.0,7000.0,6188.0,154.7,154.7,3.0,2.0,1.0,0.0,2,,,,15.0,10.0,10.0,5.0,3.5,4.0,3.3333333333333335,4.25,4.0,4.0,3.75,2.3333333333333335,4.0,5.0,3.75,1.333333333333333,5.0,6.0
1,1,1.0,50.0,3.0,1.0,4.0,2.0,1.0,40.0,44.0,3.0,110.00000000000001,0.0,1739.2020329945008,49.78100638041808,42.173099335295966,3.0,3.0,5.0,6.0,2,,,,20.0,16.0,4.0,4.0,3.5,4.0,3.6666666666666665,3.75,3.3333333333333335,3.4,5.0,3.6666666666666665,4.333333333333333,5.0,5.0,1.666666666666667,4.666666666666667,6.0
1,1,1.0,48.0,1.0,1.0,4.0,2.0,1.0,40.0,55.0,3.0,137.5,6500.0,5746.0,143.65,104.47272727272727,3.0,4.0,1.0,0.0,2,,,,15.0,10.0,15.0,15.0,3.1666666666666665,5.0,2.5,1.75,4.333333333333333,4.2,6.0,3.3333333333333335,3.0,5.666666666666667,5.25,1.0,4.666666666666667,6.0
1,1,1.0,49.0,1.0,2.0,4.0,4.0,1.0,40.0,40.0,1.0,100.0,6500.0,5746.0,143.65,143.65,1.0,4.0,1.0,0.0,2,,,,2.0,5.0,1.0,10.0,3.6666666666666665,4.0,3.8333333333333335,4.0,4.0,4.0,4.25,2.0,2.6666666666666665,5.333333333333333,4.25,1.0,1.3333333333333335,6.0
1,1,2.0,44.0,2.0,1.0,4.0,5.0,1.0,40.0,40.0,1.0,100.0,6000.0,5304.0,132.6,132.6,1.0,2.0,1.0,0.0,2,,,,10.0,20.0,5.0,5.0,3.3333333333333335,4.0,4.333333333333333,4.0,4.0,3.2,4.0,2.6666666666666665,4.0,5.333333333333333,5.0,1.0,4.0,6.0
1,1,1.0,47.0,3.0,1.0,4.0,1.0,1.0,40.0,40.0,1.0,100.0,3400.0,3005.6,81.3758354978355,81.3758354978355,2.0,2.0,1.0,0.0,2,,,,24.0,8.0,0.0,12.0,4.5,4.0,2.5,4.25,3.0,3.8,5.0,3.6666666666666665,3.3333333333333335,4.666666666666667,5.0,2.6666666666666665,4.666666666666667,6.0
1,1,2.0,47.0,1.0,1.0,4.0,9.0,1.0,30.0,40.0,3.0,133.33333333333331,2700.0,2386.8,79.56,59.67,1.0,2.0,1.0,0.0,2,,,,12.5,5.0,5.0,15.0,3.3333333333333335,5.0,1.8333333333333333,4.0,5.0,2.8,6.0,2.6666666666666665,4.666666666666667,6.0,4.0,1.0,2.0,6.0
1,1,2.0,38.0,2.0,1.0,4.0,5.0,1.0,40.0,40.0,1.0,100.0,5800.0,5127.2,128.18,128.18,2.0,4.0,5.0,8.0,2,,,,20.0,15.0,0.0,5.0,2.8333333333333335,3.0,3.3333333333333335,4.0,4.0,3.0,3.0,2.3333333333333335,3.6666666666666665,4.0,3.5,1.666666666666667,2.6666666666666665,6.0
1,1,1.0,52.0,2.0,1.0,4.0,1.0,1.0,40.0,50.0,3.0,125.0,6000.0,5304.0,132.6,106.08,4.0,4.0,1.0,0.0,2,,,,12.0,6.0,2.0,20.0,3.1666666666666665,4.0,3.3333333333333335,2.75,4.666666666666667,2.8,4.75,2.6666666666666665,4.333333333333333,4.333333333333333,4.0,1.333333333333333,3.0,6.0
1,1,2.0,51.0,2.0,1.0,4.0,5.0,1.0,40.0,45.0,3.0,112.5,6500.0,5746.0,143.65,127.68888888888888,1.0,3.0,5.0,2.0,2,,,,15.0,15.0,0.0,10.0,3.3333333333333335,4.0,2.3333333333333335,2.0,3.3333333333333335,4.2,4.25,2.0,4.0,4.0,3.75,3.3333333333333335,3.0,6.0
1,1,1.0,43.0,1.0,2.0,4.0,2.0,1.0,40.0,60.0,3.0,150.0,5400.0,4773.6,119.34,79.56,3.0,3.0,1.0,0.0,2,,,,16.0,20.0,16.0,8.0,3.6666666666666665,4.0,3.1666666666666665,4.75,4.666666666666667,3.6,6.5,1.3333333333333333,3.0,5.0,4.5,1.0,0.9999999999999996,6.0
1,1,2.0,68.0,1.0,3.0,4.0,7.0,1.0,40.0,40.0,1.0,100.0,4000.0,3536.0,88.4,88.4,2.0,3.0,1.0,0.0,2,,,,8.0,10.0,2.0,20.0,4.333333333333333,4.0,3.6666666666666665,3.5,5.0,4.6,7.0,5.0,5.666666666666667,5.666666666666667,6.0,1.0,5.0,6.0
1,1,2.0,38.0,3.0,1.0,6.0,6.0,1.0,40.0,40.0,1.0,100.0,5000.0,4420.0,110.5,110.5,1.0,2.0,1.0,0.0,2,,,,20.0,8.0,4.0,8.0,2.5,4.0,2.3333333333333335,2.5,4.0,2.8,5.75,3.6666666666666665,6.0,5.666666666666667,4.25,2.6666666666666665,4.0,6.0
1,1,1.0,55.0,1.0,2.0,4.0,2.0,6.0,40.0,40.0,1.0,100.0,3958.0,3498.8720000000003,87.4718,95.42779999999999,1.0,2.0,1.0,0.0,2,,,,20.0,10.0,5.0,5.0,3.8333333333333335,4.0,3.3333333333333335,3.0,4.333333333333333,4.0,4.75,2.0,4.333333333333333,4.666666666666667,4.5,1.0,2.3333333333333335,6.0
1,1,1.0,43.0,1.0,1.0,4.0,5.0,1.0,40.0,60.0,3.0,150.0,5545.5,4902.222000000001,122.55555000000001,81.70370000000001,4.0,3.0,1.0,0.0,2,,,,16.0,10.0,18.0,16.0,2.8333333333333335,3.0,2.5,3.0,4.333333333333333,2.6,4.0,4.333333333333333,4.0,4.666666666666667,4.5,1.0,3.3333333333333335,6.0
1,1,2.0,52.0,3.0,2.0,4.0,3.0,1.0,40.0,50.0,3.0,125.0,3200.0,2828.8,70.72,56.576,2.0,3.0,2.0,10.0,2,,,,15.0,10.0,10.0,15.0,3.6666666666666665,5.0,3.5,4.5,5.0,4.5,5.75,3.3333333333333335,4.0,5.0,4.75,1.0,3.3333333333333335,6.0
1,1,1.0,49.0,1.0,1.0,6.0,2.0,1.0,40.0,55.0,3.0,137.5,4500.0,3978.0,99.45,72.32727272727273,2.0,4.0,1.0,0.0,2,,,,15.0,5.0,5.0,30.0,3.1666666666666665,4.0,4.0,2.0,5.0,3.2,5.75,4.333333333333333,4.0,5.333333333333333,5.75,1.0,5.0,6.0
1,1,2.0,45.0,2.0,1.0,4.0,1.0,1.0,40.0,60.0,3.0,150.0,4600.0,4066.3999999999996,101.66,67.77333333333333,3.0,1.0,5.0,20.0,2,,,,30.0,5.0,5.0,20.0,2.6666666666666665,5.0,1.1666666666666665,1.0,1.6666666666666665,1.8,4.5,5.666666666666667,5.666666666666667,4.666666666666667,4.0,5.0,4.333333333333333,6.0
1,1,2.0,45.0,2.0,2.0,4.0,6.0,1.0,35.0,35.0,1.0,100.0,6200.0,5480.8,156.59428571428572,156.59428571428572,1.0,2.0,1.0,0.0,2,,,,12.0,13.0,2.0,8.0,3.0,4.0,3.1666666666666665,3.5,4.0,4.0,6.0,3.3333333333333335,5.333333333333333,5.333333333333333,5.0,1.333333333333333,4.0,6.0
1,1,1.0,39.0,2.0,2.0,4.0,6.0,1.0,40.0,50.0,3.0,125.0,5750.0,5083.0,127.075,101.66,3.0,3.0,1.0,0.0,2,,,,15.0,15.0,5.0,15.0,4.166666666666667,4.0,4.166666666666667,3.0,4.0,4.2,5.25,3.0,4.666666666666667,5.0,4.75,1.666666666666667,3.3333333333333335,6.0
1,1,1.0,46.0,1.0,2.0,4.0,5.0,1.0,32.0,32.0,1.0,100.0,5698.0,5037.032000000001,157.40725000000003,157.40725000000003,1.0,2.0,1.0,0.0,2,,,,9.6,12.8,0.0,9.6,4.166666666666667,5.0,3.5,3.3333333333333335,5.0,4.6,4.75,2.3333333333333335,3.6666666666666665,4.0,3.75,1.333333333333333,6.0,6.0
1,1,1.0,57.0,2.0,2.0,4.0,1.0,1.0,40.0,40.0,1.0,100.0,6653.0,5881.252,147.03130000000002,147.03130000000004,4.0,2.0,1.0,0.0,2,,,,15.0,5.0,12.0,8.0,3.1666666666666665,3.0,3.8333333333333335,2.25,4.0,3.6,6.0,2.0,4.666666666666667,5.0,4.25,1.666666666666667,3.3333333333333335,6.0
1,1,2.0,53.0,2.0,2.0,4.0,6.0,6.0,40.0,40.0,1.0,100.0,5200.0,4596.8,114.91999999999999,114.92,3.0,3.0,1.0,0.0,2,,,,10.0,20.0,5.0,10.0,4.833333333333333,4.0,4.5,2.75,4.0,4.8,3.75,2.0,4.0,5.666666666666667,4.75,1.0,2.0,5.0
1,1,1.0,65.0,1.0,1.0,4.0,4.0,1.0,40.0,60.0,3.0,150.0,5500.0,4862.0,121.54999999999998,81.03333333333333,2.0,2.0,5.0,4.0,2,,,,3.0,10.0,5.0,20.0,2.0,1.9999999999999998,1.3333333333333333,1.0,1.9999999999999998,1.0,6.0,2.0,3.3333333333333335,6.0,4.75,1.0,1.3333333333333335,5.0
1,1,1.0,63.0,1.0,1.0,4.0,2.0,6.0,40.0,42.0,3.0,105.0,4000.0,3536.0,88.4,86.66012727272728,1.0,2.0,1.0,0.0,2,,,,14.0,14.0,0.0,14.0,4.166666666666667,3.0,4.166666666666667,4.5,5.0,4.6,6.0,1.6666666666666667,5.0,4.333333333333333,4.5,1.0,2.3333333333333335,5.0
1,1,1.0,62.0,1.0,1.0,4.0,1.0,1.0,40.0,45.0,3.0,112.5,7000.0,6188.0,154.7,137.51111111111112,3.0,2.0,3.0,8.0,2,,,,12.0,15.0,10.0,10.0,3.6666666666666665,5.0,3.1666666666666665,4.25,3.6666666666666665,3.6,4.5,4.333333333333333,5.0,5.0,4.5,3.3333333333333335,5.0,5.0
1,1,1.0,67.0,1.0,1.0,4.0,5.0,6.0,40.0,46.0,3.0,114.99999999999999,4000.0,3536.0,88.4,76.8695652173913,1.0,2.0,5.0,7.5,2,,,,12.5,11.5,2.5,12.5,2.5,3.0,4.166666666666667,2.5,3.6666666666666665,4.2,4.25,2.3333333333333335,4.0,4.666666666666667,4.0,1.0,3.6666666666666665,5.0
1,1,2.0,56.0,3.0,1.0,4.0,1.0,1.0,40.0,40.0,1.0,100.0,7000.0,6188.0,154.7,154.7,3.0,2.0,1.0,0.0,2,,,,30.0,4.0,5.0,1.0,3.1666666666666665,5.0,2.0,5.0,1.9999999999999998,2.2,4.5,2.3333333333333335,3.0,6.333333333333333,3.0,1.666666666666667,2.3333333333333335,5.0
1,1,1.0,45.0,1.0,2.0,4.0,2.0,1.0,40.0,40.0,1.0,100.0,7000.0,6188.0,154.7,154.7,3.0,2.0,1.0,0.0,2,,,,15.0,10.0,10.0,10.0,3.5,3.0,3.1666666666666665,2.25,3.3333333333333335,3.2,4.0,3.6666666666666665,4.333333333333333,5.0,5.25,1.0,2.0,5.0
1,1,1.0,65.0,1.0,1.0,4.0,1.0,6.0,40.0,55.0,3.0,137.5,5440.0,4808.96,120.22399999999999,85.27653333333333,2.0,3.0,1.0,0.0,2,,,,10.0,20.0,10.0,15.0,2.5,4.0,2.8333333333333335,3.5,5.0,2.2,6.0,1.6666666666666667,4.666666666666667,4.666666666666667,4.25,1.0,2.6666666666666665,5.0
1,1,2.0,61.0,1.0,1.0,4.0,1.0,6.0,40.0,40.0,1.0,100.0,4000.0,3536.0,88.4,88.4,4.0,3.0,1.0,0.0,2,,,,10.0,8.0,4.0,18.0,3.8333333333333335,5.0,3.0,3.75,4.666666666666667,4.0,5.5,2.0,4.333333333333333,4.0,3.75,1.333333333333333,4.0,5.0
1,1,1.0,61.0,2.0,1.0,4.0,9.0,1.0,40.0,40.0,1.0,100.0,4000.0,3536.0,88.4,88.4,1.0,3.0,5.0,15.0,2,,,,18.0,25.0,0.0,2.0,4.666666666666667,4.0,5.0,5.0,5.0,4.4,5.0,2.0,2.6666666666666665,3.6666666666666665,3.5,1.0,2.6666666666666665,5.0
1,1,1.0,65.0,1.0,1.0,4.0,5.0,6.0,40.0,60.0,3.0,150.0,6666.0,5892.744000000001,147.3186,98.21240000000002,1.0,3.0,1.0,0.0,2,,,,15.0,35.0,2.0,10.0,4.5,4.0,4.833333333333333,3.5,5.0,4.6,3.6666666666666665,2.0,4.333333333333333,4.333333333333333,5.0,1.0,3.6666666666666665,5.0
1,1,1.0,53.0,1.0,2.0,4.0,1.0,6.0,40.0,55.0,3.0,137.5,6500.0,5746.0,143.65,104.47272727272727,3.0,2.0,1.0,0.0,2,,,,15.0,30.0,3.0,7.0,3.8333333333333335,4.0,4.5,2.75,3.0,3.6,4.0,1.6666666666666667,2.6666666666666665,4.0,4.5,1.0,2.6666666666666665,5.0
1,1,1.0,56.0,1.0,1.0,7.0,11.0,6.0,40.0,60.0,3.0,150.0,7000.0,6188.0,154.7,103.13333333333334,1.0,4.0,4.0,10.0,2,,,,15.0,15.0,0.0,25.0,3.8333333333333335,4.0,3.8333333333333335,3.75,4.0,4.2,5.25,2.0,4.666666666666667,5.0,4.0,1.333333333333333,4.0,5.0
1,1,2.0,32.0,2.0,1.0,4.0,6.0,2.0,35.0,35.0,1.0,100.0,4016.0,3550.1440000000002,101.43268571428572,101.43268571428572,1.0,1.0,1.0,0.0,2,,,,0.5,29.5,1.0,4.0,2.6666666666666665,5.0,4.5,4.25,5.0,2.4,3.25,4.0,4.666666666666667,5.0,5.5,2.6666666666666665,4.333333333333333,13.0
1,1,2.0,43.0,2.0,1.0,4.0,5.0,3.0,20.0,20.0,1.0,100.0,2000.0,1768.0,88.4,88.4,1.0,4.0,4.0,25.0,2,,,,4.0,10.0,20.0,2.0,4.0,5.0,3.0,3.0,5.0,3.6,5.5,2.6666666666666665,3.6666666666666665,4.333333333333333,5.5,1.0,4.333333333333333,13.0
1,1,2.0,36.0,2.0,2.0,4.0,5.0,3.0,40.0,40.0,1.0,100.0,5680.65,5021.6946,125.54236499999999,125.54236499999999,3.0,3.0,5.0,25.0,2,,,,15.0,10.0,5.0,5.0,4.166666666666667,3.0,4.166666666666667,3.0,4.333333333333333,3.8,5.75,4.333333333333333,5.0,5.333333333333333,5.25,1.0,5.333333333333333,13.0
1,1,1.0,51.0,4.0,1.0,6.0,2.0,1.0,38.5,38.5,1.0,100.0,6000.0,5304.0,137.76623376623377,137.76623376623377,1.0,2.0,1.0,0.0,2,,,,20.0,8.5,0.0,10.0,2.5,1.9999999999999998,2.8333333333333335,4.75,4.0,2.4,6.5,2.0,5.0,5.666666666666667,5.75,1.0,4.666666666666667,3.0
1,1,2.0,42.0,1.0,2.0,6.0,1.0,1.0,30.0,35.0,3.0,116.66666666666667,3200.0,2828.8,94.29333333333334,80.82285714285715,3.0,2.0,1.0,0.0,2,,,,20.0,5.0,2.0,3.0,1.5,4.0,2.3333333333333335,3.0,3.6666666666666665,3.0,6.25,4.0,4.0,5.666666666666667,4.0,2.0,4.333333333333333,3.0
1,1,1.0,45.0,2.0,2.0,6.0,5.0,7.0,40.0,50.0,3.0,125.0,4000.0,3536.0,88.4,70.72,1.0,1.0,1.0,0.0,2,,,,25.0,10.0,5.0,10.0,2.1666666666666665,1.0,1.6666666666666667,1.5,3.0,2.2,4.25,2.0,4.666666666666667,5.0,4.0,4.0,3.3333333333333335,3.0
1,1,1.0,55.0,3.0,1.0,6.0,5.0,1.0,39.0,43.0,3.0,110.25641025641026,6500.0,5746.0,147.33333333333337,133.62790697674419,1.0,3.0,5.0,0.0,2,,,,20.0,10.0,0.0,9.0,3.8333333333333335,4.0,4.166666666666667,4.75,3.6666666666666665,2.4,3.25,2.3333333333333335,3.0,4.333333333333333,4.25,2.3333333333333335,2.3333333333333335,3.0
1,1,2.0,58.0,1.0,1.0,6.0,6.0,1.0,40.0,40.0,1.0,100.0,5000.0,4420.0,110.5,110.5,1.0,2.0,1.0,0.0,2,,,,50.0,0.0,0.0,50.0,3.0,4.0,2.5,3.0,4.0,2.4,5.0,1.6666666666666667,4.666666666666667,5.333333333333333,3.75,2.0,5.0,3.0
1,1,1.0,49.0,1.0,2.0,6.0,5.0,1.0,40.0,40.0,1.0,100.0,5600.0,4950.4,123.75999999999999,123.75999999999999,2.0,2.0,1.0,0.0,2,,,,16.0,8.0,12.0,4.0,2.8333333333333335,5.0,2.3333333333333335,3.5,5.0,3.8,4.75,3.6666666666666665,5.0,5.666666666666667,5.75,1.333333333333333,3.0,3.0
1,1,1.0,42.0,1.0,2.0,6.0,2.0,1.0,33.0,33.0,1.0,100.0,3934.0,3477.656,92.30854285714285,92.30854285714285,1.0,1.0,1.0,0.0,2,,,,20.0,7.0,1.0,5.0,3.3333333333333335,5.0,2.6,3.5,4.333333333333333,3.6,5.75,3.0,4.666666666666667,5.333333333333333,5.5,1.0,2.6666666666666665,3.0
1,1,1.0,63.0,1.0,1.0,6.0,6.0,1.0,20.0,22.0,3.0,110.00000000000001,4900.0,4331.6,216.58000000000004,196.8909090909091,1.0,2.0,1.0,0.0,2,,,,10.0,0.0,0.0,10.0,3.6,4.0,4.333333333333333,4.25,5.0,4.0,6.5,4.0,5.666666666666667,5.0,5.0,2.3333333333333335,5.666666666666667,3.0
1,1,2.0,44.0,1.0,2.0,6.0,4.0,1.0,20.0,25.0,3.0,125.0,2400.0,2121.6,106.08,84.86399999999999,1.0,1.0,1.0,0.0,2,,,,15.0,1.0,1.0,5.0,3.6666666666666665,4.0,2.3333333333333335,2.0,3.6666666666666665,2.6,5.0,3.0,4.666666666666667,6.0,4.75,3.3333333333333335,3.6666666666666665,3.0
1,1,1.0,50.0,3.0,1.0,6.0,6.0,1.0,40.0,40.0,1.0,100.0,6300.0,5569.2,139.23,139.23,2.0,4.0,1.0,0.0,2,,,,15.0,0.0,5.0,20.0,4.0,4.0,3.3333333333333335,3.25,4.666666666666667,4.4,5.75,1.6666666666666667,3.0,5.0,4.75,1.0,2.6666666666666665,3.0
1,1,2.0,50.0,1.0,2.0,6.0,2.0,1.0,40.0,40.0,1.0,100.0,4500.0,3978.0,99.45,99.45,3.0,4.0,1.0,0.0,2,,,,18.0,12.0,5.0,5.0,3.8,5.0,3.0,3.5,4.0,3.4,5.75,4.666666666666667,4.333333333333333,5.666666666666667,4.666666666666667,1.333333333333333,5.0,3.0
1,1,2.0,38.0,1.0,2.0,4.0,5.0,3.0,30.0,30.0,1.0,100.0,3260.0,2881.84,96.06133333333334,96.06133333333334,3.0,1.0,1.0,0.0,2,,,,0.0,20.0,10.0,5.0,3.8333333333333335,3.0,3.3333333333333335,3.0,3.3333333333333335,3.4,5.5,4.333333333333333,4.666666666666667,5.333333333333333,4.75,1.333333333333333,4.666666666666667,13.0
1,1,2.0,23.0,3.0,1.0,4.0,5.0,3.0,18.0,22.0,3.0,122.22222222222223,1200.0,1060.8,58.93333333333333,48.21818181818182,1.0,1.0,1.0,0.0,2,,,,7.0,14.0,0.0,1.0,3.0,1.9999999999999998,2.8333333333333335,3.25,3.6666666666666665,3.0,3.75,3.3333333333333335,4.333333333333333,4.0,3.25,1.333333333333333,4.666666666666667,13.0
1,1,2.0,36.0,2.0,1.0,6.0,11.0,1.0,30.0,30.0,1.0,100.0,2750.0,2431.0,81.03333333333333,81.03333333333333,1.0,1.0,1.0,0.0,2,,,,10.0,5.0,0.0,15.0,3.8333333333333335,4.0,2.5,3.25,3.3333333333333335,2.8,4.75,4.0,4.333333333333333,5.333333333333333,4.5,2.3333333333333335,5.0,13.0
1,1,1.0,33.0,3.0,1.0,5.0,9.0,1.0,40.0,40.0,1.0,100.0,5800.0,5127.2,128.18,128.18,2.0,4.0,5.0,10.0,2,,,,28.0,10.0,0.0,18.0,1.8333333333333333,4.0,3.5,2.75,5.0,3.8,6.0,3.6666666666666665,4.0,6.0,5.5,1.0,3.0,13.0
1,1,2.0,40.0,2.0,2.0,8.0,8.0,1.0,40.0,40.0,1.0,100.0,5000.0,4420.0,110.5,110.5,4.0,3.0,1.0,0.0,2,,,,10.0,10.0,5.0,15.0,2.3333333333333335,4.0,2.1666666666666665,2.5,3.6666666666666665,3.4,5.5,4.333333333333333,5.333333333333333,5.0,4.0,1.0,4.666666666666667,13.0
1,1,1.0,43.0,1.0,2.0,7.0,8.0,2.0,40.0,40.0,1.0,100.0,3500.0,3094.0,77.35,77.35,1.0,2.0,2.0,10.0,2,,,,15.0,25.0,0.0,5.0,3.0,3.0,3.6666666666666665,3.25,4.0,3.6,4.0,2.0,3.0,4.666666666666667,4.0,2.0,2.0,12.0
1,1,2.0,43.0,3.0,1.0,4.0,4.0,4.0,8.0,7.9999999999999964,1.0,100.0,2000.0,1768.0,221.0,221.0,1.0,1.0,5.0,30.0,2,,,,5.0,5.0,0.0,1.0,2.8333333333333335,3.0,4.5,2.75,1.9999999999999998,3.8,6.25,1.6666666666666667,3.6666666666666665,4.666666666666667,4.0,1.333333333333333,3.0,12.0
1,1,1.0,47.0,2.0,1.0,5.0,9.0,7.0,9.5,11.999999999999996,3.0,126.3157894736842,530.0,468.52,49.317894736842106,39.04333333333333,1.0,3.0,5.0,35.0,2,,,,12.0,4.0,0.0,0.0,2.6666666666666665,1.9999999999999998,3.3333333333333335,2.0,4.0,2.0,5.0,2.0,4.333333333333333,5.0,5.0,2.0,3.6666666666666665,12.0
1,1,1.0,47.0,2.0,1.0,4.0,5.0,2.0,10.0,25.0,3.0,250.0,1300.0,1149.2,114.92,45.968,1.0,1.0,1.0,0.0,2,,,,20.0,5.0,0.0,1.0,3.1666666666666665,3.0,2.6666666666666665,1.5,2.6666666666666665,2.2,4.25,2.0,3.0,4.333333333333333,3.75,3.0,2.0,12.0
1,1,1.0,60.0,1.0,2.0,5.0,9.0,1.0,10.0,10.0,1.0,100.0,3250.0,2873.0,287.3,287.3,1.0,1.0,4.0,10.0,2,,,,13.0,2.0,0.0,1.0,2.0,1.9999999999999998,3.966666666666667,3.8166666666666664,3.0,3.0,2.25,1.6666666666666667,1.0,2.5,3.25,1.0,1.5,12.0
1,1,1.0,50.0,2.0,3.0,4.0,9.0,3.0,20.0,20.0,1.0,100.0,2150.0,1900.6,95.03,95.03,1.0,1.0,5.0,22.0,2,,,,20.0,1.0,0.0,1.0,3.1666666666666665,5.0,2.3333333333333335,2.5,2.3333333333333335,2.0,5.75,2.0,5.0,6.0,4.75,1.333333333333333,5.666666666666667,12.0
1,1,1.0,55.0,3.0,1.0,4.0,8.0,2.0,19.0,35.0,3.0,184.21052631578948,1600.0,1414.4,74.4421052631579,40.41142857142857,1.0,1.0,1.0,0.0,2,,,,8.0,0.0,0.0,27.0,1.5,3.0,1.5,4.25,5.0,1.4000000000000001,6.0,3.0,4.0,6.0,5.0,1.666666666666667,3.0,12.0
1,1,2.0,51.0,1.0,2.0,4.0,9.0,1.0,22.5,20.499999999999996,1.0,95.0,1900.0,1679.6,129.0148888888889,126.80488888888888,1.0,1.0,6.0,20.0,2,,,,20.0,2.0,0.0,0.0,2.0,3.0,5.0,1.5,1.0,2.2,5.5,1.6666666666666667,2.3333333333333335,5.666666666666667,4.0,1.0,2.6666666666666665,12.0
1,1,1.0,41.0,1.0,2.0,4.0,9.0,2.0,22.0,22.0,1.0,100.0,1200.0,1060.8,48.21818181818182,48.21818181818182,1.0,3.0,2.0,12.0,2,,,,4.0,1.0,0.0,3.0,3.6666666666666665,3.0,3.6666666666666665,4.25,4.666666666666667,4.4,6.5,2.0,2.6666666666666665,4.666666666666667,4.75,1.0,1.666666666666667,12.0
1,1,2.0,50.0,1.0,2.0,4.0,9.0,2.0,6.0,6.0,1.0,100.0,458.0,404.8720000000003,67.47866666666668,67.47866666666668,1.0,2.0,2.0,30.0,2,,,,6.0,1.0,0.0,1.0,3.0,4.0,3.1666666666666665,2.25,3.3333333333333335,2.2,4.0,2.6666666666666665,5.0,5.333333333333333,4.75,2.6666666666666665,3.3333333333333335,12.0
1,1,1.0,53.0,1.0,2.0,5.0,9.0,2.0,4.0,4.0,1.0,100.0,700.0,618.8,154.7,154.7,1.0,2.0,2.0,40.0,2,,,,6.0,5.0,3.0,1.0,4.2,3.0,4.5,5.0,4.333333333333333,4.2,4.75,1.6666666666666667,3.3333333333333335,5.333333333333333,4.5,1.0,1.666666666666667,12.0
1,1,2.0,57.0,2.0,2.0,4.0,9.0,2.0,4.0,4.0,1.0,100.0,800.0,707.2,176.8,176.8,1.0,1.0,5.0,35.0,2,,,,6.0,4.0,0.0,2.0,1.6666666666666667,1.9999999999999998,4.5,3.25,4.0,1.8,4.5,4.333333333333333,4.0,4.0,5.75,1.0,4.333333333333333,12.0
1,1,2.0,50.0,1.0,1.0,6.0,4.0,1.0,39.0,39.0,1.0,100.0,4500.0,3978.0,102.0,102.0,1.0,3.0,1.0,0.0,2,,,,20.0,15.0,1.0,3.0,3.6666666666666665,3.0,4.5,3.5,4.0,4.0,7.0,2.6666666666666665,5.0,5.333333333333333,4.75,1.0,5.333333333333333,12.0
1,1,2.0,51.0,1.0,3.0,4.0,1.0,7.0,6.0,6.0,1.0,100.0,1470.0,1299.48,106.22063636363636,106.22063636363637,1.0,2.0,5.0,35.0,2,,,,8.0,0.0,0.0,0.0,3.3333333333333335,3.0,3.3333333333333335,4.75,5.0,3.6,5.5,2.0,2.0,5.333333333333333,4.75,1.0,2.0,12.0
1,1,1.0,33.0,2.0,1.0,6.0,2.0,1.0,30.0,30.0,1.0,100.0,2800.0,2475.2,82.50666666666666,82.50666666666666,1.0,2.0,1.0,0.0,2,,,,20.0,5.0,3.0,2.0,3.1666666666666665,3.0,2.1666666666666665,3.5,5.0,2.8,5.75,4.666666666666667,4.666666666666667,5.666666666666667,5.5,2.3333333333333335,5.333333333333333,12.0
1,1,2.0,56.0,1.0,1.0,6.0,4.0,4.0,1.5,2.0,3.0,133.33333333333331,570.0,503.8800000000001,335.92,251.94,1.0,2.0,5.0,25.0,2,,,,3.0,0.5,0.0,0.0,3.5,5.0,3.6666666666666665,4.5,4.666666666666667,3.0,2.5,3.0,2.6666666666666665,3.0,3.25,1.333333333333333,2.6666666666666665,12.0
1,1,1.0,41.0,1.0,1.0,4.0,6.0,2.0,15.0,15.0,1.0,100.0,1200.0,1060.8,70.72,70.72,1.0,2.0,6.0,45.0,2,,,,15.0,0.0,0.0,0.0,3.5,3.0,4.333333333333333,4.75,4.666666666666667,4.2,4.75,2.6666666666666665,3.3333333333333335,3.6666666666666665,4.0,1.0,3.0,12.0
1,1,2.0,29.0,1.0,1.0,4.0,8.0,3.0,40.0,41.0,1.4,102.5,4600.0,4066.3999999999996,101.66,97.87844444444444,1.0,2.0,5.0,3.0,2,,,,30.0,5.0,0.0,8.0,3.0,4.0,3.0,2.75,4.0,3.4,5.5,2.6666666666666665,4.0,5.0,4.0,2.3333333333333335,3.3333333333333335,12.0
1,1,2.0,49.0,2.0,2.0,6.0,4.0,1.0,12.0,19.0,3.0,158.33333333333331,1300.0,1149.2,95.76666666666667,60.48421052631579,1.0,4.0,2.0,25.0,2,,,,10.0,2.0,2.0,6.0,4.0,3.0,4.5,5.0,5.0,4.0,6.5,3.6666666666666665,3.6666666666666665,4.666666666666667,5.25,1.0,4.666666666666667,12.0
1,1,2.0,43.0,1.0,2.0,4.0,5.0,2.0,8.0,14.0,3.0,175.0,2200.0,1944.8000000000002,243.10000000000002,138.91428571428574,1.0,1.0,5.0,35.0,2,,,,12.0,4.0,1.0,1.0,4.166666666666667,1.9999999999999998,4.5,5.0,5.0,4.2,6.0,2.3333333333333335,4.666666666666667,5.666666666666667,4.75,1.0,3.0,12.0
1,1,1.0,58.0,3.0,1.0,4.0,5.0,1.0,8.0,40.0,3.0,500.0,3000.0,2652.0,331.5,66.3,1.0,2.0,7.0,0.0,2,,,,8.0,20.0,10.0,2.0,3.8333333333333335,5.0,4.0,4.0,4.333333333333333,2.6,7.0,2.6666666666666665,5.666666666666667,5.666666666666667,5.25,1.0,5.0,12.0
1,1,1.0,67.0,1.0,1.0,4.0,3.0,2.0,2.0,4.0,3.0,200.0,700.0,618.8,309.4,154.7,1.0,1.0,5.0,30.0,2,,,,2.0,1.0,0.0,1.0,3.1666666666666665,3.0,5.0,3.25,4.333333333333333,1.8,5.25,1.6666666666666667,3.0,4.666666666666667,4.0,1.0,3.3333333333333335,12.0
1,1,2.0,61.0,1.0,1.0,4.0,5.0,4.0,2.0,7.5,3.0,375.0,200.0,176.80000000000018,88.4,23.573333333333338,1.0,1.0,1.0,0.0,2,,,,10.0,20.0,0.0,0.0,2.6666666666666665,3.0,4.0,4.25,1.3333333333333335,2.0,6.75,2.0,4.0,5.666666666666667,5.75,2.6666666666666665,3.6666666666666665,12.0
1,1,1.0,57.0,1.0,1.0,4.0,5.0,1.0,2.0,30.0,3.0,1500.0,1100.0,972.4000000000001,486.20000000000005,32.413333333333334,1.0,1.0,1.0,0.0,2,,,,10.0,15.0,3.0,2.0,3.8333333333333335,3.0,4.833333333333333,3.0,3.0,2.6,5.0,1.6666666666666667,4.666666666666667,5.333333333333333,4.75,1.0,5.333333333333333,12.0
1,1,2.0,34.0,2.0,1.0,6.0,6.0,1.0,40.0,40.0,1.0,100.0,4800.0,4243.2,106.08,106.08,1.0,3.0,1.0,0.0,2,,,,32.0,8.0,0.0,5.0,3.0,3.0,3.5,4.5,4.666666666666667,3.6,6.25,2.6666666666666665,5.333333333333333,5.666666666666667,4.0,1.0,3.0,12.0
1,1,2.0,36.0,2.0,1.0,6.0,4.0,2.0,40.0,40.0,1.0,100.0,6000.0,5304.0,132.6,132.6,2.0,4.0,1.0,0.0,2,,,,10.0,5.0,5.0,20.0,3.8333333333333335,3.0,4.166666666666667,3.5,4.333333333333333,4.8,5.5,3.0,4.666666666666667,5.333333333333333,4.5,1.0,4.666666666666667,12.0
1,1,1.0,53.0,1.0,2.0,7.0,5.0,4.0,16.0,16.0,1.0,100.0,1630.0,1440.92,120.51866666666668,120.51866666666666,1.0,1.0,2.0,16.0,2,,,,4.0,0.0,0.0,12.0,4.0,4.0,4.666666666666667,4.25,4.666666666666667,4.8,5.0,2.6666666666666665,5.0,5.333333333333333,4.0,1.0,3.0,12.0
1,1,2.0,34.0,1.0,1.0,6.0,4.0,1.0,35.0,35.0,1.0,100.0,3600.0,3182.4,90.92571428571429,90.92571428571429,1.0,2.0,1.0,0.0,2,,,,10.0,15.0,0.0,10.0,3.1666666666666665,4.0,1.1666666666666665,1.0,5.0,2.4,2.75,1.6666666666666667,2.6666666666666665,3.6666666666666665,3.25,1.333333333333333,3.0,12.0
1,1,1.0,34.0,1.0,1.0,6.0,4.0,1.0,40.0,40.0,1.0,100.0,4500.0,3978.0,99.45,99.45,1.0,4.0,1.0,0.0,2,,,,25.0,0.0,0.0,15.0,5.0,5.0,4.666666666666667,4.5,4.333333333333333,4.6,5.75,2.3333333333333335,4.666666666666667,5.0,4.5,1.333333333333333,1.666666666666667,12.0
1,1,2.0,50.0,1.0,1.0,4.0,5.0,1.0,24.0,24.0,1.0,100.0,2500.0,2210.0,92.08333333333333,92.08333333333333,1.0,2.0,5.0,15.0,2,,,,24.0,5.0,0.0,4.0,2.8333333333333335,5.0,4.333333333333333,2.5,5.0,2.6,6.0,2.0,4.333333333333333,5.333333333333333,5.25,2.0,2.3333333333333335,12.0
1,1,1.0,44.0,1.0,2.0,4.0,10.0,2.0,12.0,24.9,2.6,137.76315789473685,1250.0,1105.0,92.08333333333333,54.13153818807976,1.0,1.0,2.0,20.0,2,,,,6.0,0.0,0.0,2.0,2.6666666666666665,1.9999999999999998,3.8333333333333335,3.0,3.0,2.8,4.75,2.0,3.3333333333333335,4.333333333333333,4.0,1.666666666666667,5.333333333333333,12.0
1,1,2.0,49.0,1.0,2.0,5.0,5.0,4.0,8.0,10.0,3.0,125.0,1900.0,1679.6,209.95,167.95999999999998,1.0,1.0,5.0,25.0,2,,,,8.0,1.0,0.0,1.0,2.0,1.9999999999999998,3.3333333333333335,4.5,5.0,2.6,5.25,1.3333333333333333,3.0,5.333333333333333,4.0,1.0,2.0,12.0
1,1,1.0,34.0,2.0,1.0,6.0,2.0,1.0,38.5,38.5,1.0,100.0,4000.0,3536.0,91.84415584415585,91.84415584415585,1.0,4.0,1.0,0.0,2,,,,30.0,5.0,0.0,5.0,3.6666666666666665,4.0,3.6666666666666665,3.25,5.0,2.8,6.25,2.3333333333333335,5.666666666666667,6.0,4.0,1.666666666666667,5.0,12.0
1,1,2.0,37.0,2.0,1.0,4.0,5.0,2.0,14.0,25.0,3.0,178.57142857142858,2158.0,1907.672,80.73866666666666,59.346882758620694,1.0,1.0,5.0,0.0,2,,,,20.0,5.0,0.0,0.0,4.4,3.0,4.166666666666667,3.5,2.6666666666666665,3.2,5.75,3.0,4.0,5.0,5.0,1.0,5.333333333333333,12.0
1,1,1.0,62.0,1.0,1.0,4.0,5.0,4.0,2.0,4.0,3.0,200.0,500.0,442.0,221.0,110.5,1.0,1.0,2.0,40.0,2,,,,2.0,0.0,0.0,1.0,4.25,4.0,4.0,3.0,3.0,3.0,6.0,4.666666666666667,4.666666666666667,5.333333333333333,5.5,2.0,6.0,12.0
1,1,2.0,32.0,3.0,1.0,6.0,4.0,1.0,24.0,28.0,3.0,116.66666666666667,2400.0,2121.6,88.39999999999999,75.77142857142857,1.0,1.0,5.0,16.0,2,,,,15.0,4.0,4.0,1.0,2.5,4.0,3.0,3.75,3.0,3.4,5.0,3.3333333333333335,4.0,5.0,3.75,1.0,3.3333333333333335,12.0
1,1,1.0,54.0,2.0,2.0,4.0,6.0,2.0,6.0,6.0,1.0,100.0,1000.0,884.0,147.33333333333337,147.33333333333334,1.0,1.0,4.0,60.0,2,,,,6.0,10.0,10.0,5.0,4.166666666666667,4.0,4.5,5.0,4.666666666666667,4.6,5.75,4.666666666666667,5.666666666666667,5.666666666666667,5.25,1.0,4.666666666666667,12.0
1,1,1.0,60.0,1.0,1.0,7.0,5.0,1.0,20.0,30.0,3.0,150.0,3500.0,3094.0,154.7,103.13333333333334,1.0,3.0,2.0,25.0,2,,,,20.0,10.0,0.0,0.0,2.1666666666666665,4.0,4.5,4.75,5.0,4.6,6.5,2.0,4.333333333333333,6.0,4.75,1.0,3.0,12.0
1,1,2.0,38.0,1.0,2.0,6.0,5.0,1.0,22.0,30.0,3.0,136.36363636363635,2851.8,2520.9912,90.08633523809524,77.41949788018434,1.0,3.0,5.0,1.0,2,,,,17.0,0.0,0.0,3.0,3.5,4.0,3.6666666666666665,3.0,3.6666666666666665,3.8,3.5,1.3333333333333333,4.0,4.666666666666667,3.5,1.0,2.0,12.0
1,1,1.0,27.0,3.0,1.0,4.0,11.0,4.0,2.0,3.0,3.0,150.0,750.0,663.0,331.5,221.0,1.0,1.0,1.0,0.0,2,,,,1.0,0.0,0.0,1.0,4.0,5.0,3.6666666666666665,4.25,4.333333333333333,3.8,5.75,1.3333333333333333,3.3333333333333335,5.0,3.75,1.0,2.6666666666666665,12.0
1,1,2.0,29.0,2.0,1.0,4.0,5.0,2.0,20.0,25.0,3.0,125.0,2050.0,1812.1999999999998,90.60999999999999,72.488,1.0,2.0,5.0,15.0,2,,,,15.0,3.0,0.0,5.0,3.8333333333333335,4.0,4.333333333333333,5.0,5.0,4.6,3.75,2.3333333333333335,2.3333333333333335,4.333333333333333,4.5,1.0,1.666666666666667,12.0
1,1,2.0,53.0,4.0,1.0,4.0,5.0,2.0,6.0,6.0,1.0,100.0,1100.0,972.4000000000001,162.0666666666667,162.0666666666667,1.0,1.0,2.0,30.0,2,,,,8.0,0.0,0.0,0.2,4.333333333333333,3.0,4.5,5.0,4.0,4.4,7.0,2.0,4.333333333333333,4.0,4.75,1.0,6.666666666666667,12.0
1,1,2.0,31.0,2.0,1.0,6.0,4.0,1.0,36.0,40.0,3.0,111.11111111111111,3200.0,2828.8,83.90633333333334,65.22540786240786,1.0,1.0,1.0,0.0,2,,,,30.0,1.0,0.0,5.0,2.5,5.0,3.5,3.75,3.3333333333333335,2.2,4.25,2.0,1.0,6.0,3.25,1.0,0.9999999999999996,12.0
1,1,2.0,33.0,2.0,1.0,4.0,5.0,7.0,30.0,41.0,3.0,134.24242424242425,2200.0,1944.8000000000002,64.82666666666667,54.49930158730159,1.0,1.0,1.0,0.0,2,,,,35.0,0.0,0.0,2.0,3.3333333333333335,3.0,4.0,3.5,4.0,3.2,6.75,3.0,5.666666666666667,5.333333333333333,5.5,1.0,4.666666666666667,12.0
1,1,1.0,49.0,1.0,2.0,6.0,5.0,2.0,15.0,25.0,3.0,166.66666666666669,1200.0,1060.8,70.72,42.431999999999995,1.0,1.0,5.0,30.0,2,,,,15.0,3.0,0.0,0.5,3.5,3.0,4.0,4.0,4.333333333333333,2.8,6.5,3.6666666666666665,5.666666666666667,6.0,5.5,1.0,5.333333333333333,12.0
1,1,1.0,59.0,1.0,1.0,4.0,10.0,2.0,6.0,7.9999999999999964,3.0,133.33333333333331,1200.0,1060.8,176.79999999999998,132.6,1.0,2.0,2.0,30.0,2,,,,6.0,1.0,0.0,0.0,3.1666666666666665,3.0,4.5,3.25,4.333333333333333,3.4,6.0,2.6666666666666665,3.0,5.0,4.5,1.0,3.6666666666666665,12.0
1,1,1.0,36.0,2.0,1.0,6.0,2.0,1.0,38.5,41.0,3.0,106.49350649350649,5493.83,4856.54572,126.14404467532468,118.45233463414634,3.0,2.0,1.0,0.0,2,,,,35.0,1.0,1.0,4.0,2.8333333333333335,1.9999999999999998,2.5,4.25,5.0,2.8,5.5,2.3333333333333335,5.333333333333333,3.6666666666666665,3.75,1.0,3.3333333333333335,12.0
1,1,2.0,39.0,2.0,1.0,6.0,5.0,2.0,40.0,45.0,3.0,112.5,4500.0,3978.0,99.45,88.4,1.0,1.0,1.0,0.0,2,,,,25.0,5.0,5.0,10.0,3.1666666666666665,4.0,2.8333333333333335,4.5,3.3333333333333335,2.6,7.0,3.6666666666666665,6.0,6.0,5.25,1.333333333333333,5.666666666666667,12.0
1,1,2.0,38.0,1.0,2.0,6.0,4.0,1.0,40.0,55.0,3.0,137.5,4300.0,3801.2,95.03,69.11272727272727,2.0,2.0,5.0,3.5,2,,,,40.0,10.0,5.0,5.0,3.6666666666666665,3.0,3.8333333333333335,5.0,4.333333333333333,3.8,3.5,2.0,3.6666666666666665,5.333333333333333,4.25,1.0,2.6666666666666665,13.0
1,1,1.0,42.0,1.0,2.0,7.0,8.0,2.0,40.0,50.0,3.0,125.0,4500.0,3978.0,99.45,79.56,1.0,1.0,5.0,4.0,2,,,,25.0,5.0,1.0,15.0,2.5,3.0,2.0,3.5,1.9999999999999998,2.4,4.25,2.0,5.0,5.666666666666667,3.25,2.0,2.6666666666666665,4.0
1,1,1.0,50.0,4.0,2.0,4.0,1.0,1.0,40.0,55.0,3.0,137.5,4000.0,3536.0,88.4,64.2909090909091,3.0,4.0,1.0,0.0,2,,,,10.0,20.0,20.0,10.0,3.6666666666666665,3.0,3.8333333333333335,4.5,5.0,3.4,3.5,2.0,3.0,5.0,4.25,1.0,2.3333333333333335,13.0
1,1,2.0,49.0,1.0,2.0,8.0,1.0,1.0,40.0,55.0,3.0,137.5,6000.0,5304.0,132.6,96.43636363636364,1.0,2.0,1.0,0.0,2,,,,25.0,10.0,0.0,20.0,2.8333333333333335,4.0,3.8333333333333335,4.0,4.333333333333333,3.8,5.75,4.0,5.666666666666667,5.666666666666667,5.0,1.0,5.666666666666667,4.0
1,1,1.0,47.0,1.0,2.0,7.0,8.0,1.0,40.0,48.3,3.0,120.75,3700.0,3270.8,81.77000000000001,80.07752301967038,1.0,3.0,5.0,5.0,2,,,,38.0,0.0,0.0,15.0,3.6666666666666665,3.0,4.166666666666667,5.0,3.6666666666666665,4.0,5.5,2.3333333333333335,5.333333333333333,5.0,4.25,1.0,3.0,4.0
1,1,1.0,39.0,1.0,2.0,7.0,8.0,1.0,40.0,55.0,3.0,137.5,5000.0,4420.0,110.5,80.36363636363636,2.0,3.0,1.0,0.0,2,,,,4.0,5.0,5.0,37.5,2.3333333333333335,3.0,2.1666666666666665,2.0,4.333333333333333,3.2,5.25,1.6666666666666667,5.0,5.333333333333333,3.5,1.333333333333333,1.3333333333333335,4.0
1,1,1.0,45.0,3.0,1.0,7.0,8.0,2.0,40.0,40.0,1.0,100.0,5300.0,4685.2,117.13,117.13,3.0,1.0,1.0,0.0,2,,,,20.0,10.0,10.0,5.0,3.0,3.0,4.666666666666667,4.0,4.666666666666667,4.8,4.75,3.0,4.0,5.0,4.5,1.0,1.666666666666667,4.0
1,1,2.0,54.0,1.0,1.0,7.0,5.0,2.0,40.0,50.0,3.0,125.0,3000.0,2652.0,66.3,53.04,2.0,4.0,1.0,0.0,2,,,,20.0,15.0,0.0,15.0,2.0,4.0,3.1666666666666665,4.0,4.333333333333333,3.4,6.75,2.3333333333333335,3.3333333333333335,5.666666666666667,5.0,1.333333333333333,2.3333333333333335,4.0
1,1,1.0,52.0,1.0,2.0,8.0,5.0,1.0,40.0,46.0,3.0,114.99999999999999,4160.0,4561.4400000000005,115.16555555555556,86.918442317916,2.0,2.0,1.0,0.0,2,,,,16.0,14.0,2.0,4.0,3.5,4.0,3.3333333333333335,4.0,4.0,3.8,4.5,3.6666666666666665,4.333333333333333,4.666666666666667,4.25,1.0,5.333333333333333,4.0
1,1,1.0,57.0,4.0,1.0,7.0,2.0,1.0,6.4999999999999964,6.5,1.0,100.0,1200.0,1060.8,163.2,163.2,1.0,2.0,5.0,40.0,2,,,,9.0,0.0,0.0,0.5,3.0,3.0,4.666666666666667,4.25,4.666666666666667,3.6,6.5,1.6666666666666667,4.666666666666667,5.333333333333333,3.5,1.0,4.666666666666667,4.0
1,1,1.0,45.0,3.0,2.0,7.0,8.0,1.0,40.0,63.0,3.0,157.5,4000.0,3536.0,88.4,56.12698412698413,1.0,3.0,1.0,0.0,2,,,,40.0,4.0,0.0,9.0,1.1666666666666665,5.0,1.5,1.0,3.0,1.8,3.25,2.3333333333333335,2.3333333333333335,6.0,2.0,1.666666666666667,3.3333333333333335,4.0
1,1,2.0,41.0,1.0,2.0,7.0,8.0,1.0,40.0,65.0,3.0,162.5,4362.26,3856.23784,100.69909200000001,69.69036641581027,4.0,3.0,2.0,2.0,2,,,,10.0,4.0,4.0,20.0,2.3333333333333335,4.0,2.6666666666666665,3.5,4.666666666666667,2.8,5.75,3.0,4.0,5.666666666666667,5.0,1.0,2.3333333333333335,4.0
1,1,2.0,34.0,2.0,1.0,7.0,8.0,2.0,40.0,40.0,1.0,100.0,4000.0,3536.0,88.4,88.4,1.0,1.0,1.0,0.0,2,,,,35.0,5.0,2.0,1.0,2.6666666666666665,4.0,4.0,2.5,3.3333333333333335,3.6,7.0,4.333333333333333,5.666666666666667,5.333333333333333,5.75,1.0,5.0,4.0
1,1,2.0,42.0,1.0,2.0,8.0,8.0,1.0,40.0,40.0,1.0,100.0,3500.0,3094.0,77.35,77.35,1.0,4.0,1.0,0.0,2,,,,25.0,5.0,1.0,10.0,4.166666666666667,1.0,4.0,4.5,4.0,4.6,6.5,1.3333333333333333,3.3333333333333335,5.0,4.5,1.0,1.666666666666667,4.0
1,1,2.0,44.0,2.0,2.0,8.0,8.0,2.0,40.0,47.5,3.0,118.75,5000.0,4420.0,110.5,93.05263157894737,1.0,1.0,5.0,2.0,2,,,,22.0,20.0,5.0,5.0,3.1666666666666665,4.0,2.5,2.75,3.3333333333333335,3.0,3.5,1.6666666666666667,4.333333333333333,5.333333333333333,3.5,1.0,2.3333333333333335,4.0
1,1,2.0,40.0,3.0,3.0,5.0,8.0,1.0,40.0,50.0,3.0,125.0,4416.4,3904.0976,99.19823375921376,84.86291908559278,1.0,2.0,1.0,0.0,2,,,,25.0,5.0,2.0,18.0,1.6666666666666667,3.0,3.1666666666666665,4.0,5.0,3.8,5.25,4.333333333333333,3.3333333333333335,5.333333333333333,5.0,1.333333333333333,4.333333333333333,4.0
1,1,2.0,55.0,1.0,1.0,7.0,8.0,1.0,40.0,50.0,3.0,125.0,5000.0,4420.0,110.5,88.4,2.0,3.0,1.0,0.0,2,,,,20.0,8.0,4.0,10.0,3.5,4.0,3.1666666666666665,4.25,3.6666666666666665,4.6,6.5,2.6666666666666665,4.0,5.333333333333333,4.5,2.0,6.333333333333333,4.0
1,1,2.0,44.0,2.0,1.0,7.0,8.0,2.0,40.0,45.0,3.0,112.5,4000.0,3536.0,88.4,78.57777777777778,1.0,1.0,1.0,0.0,2,,,,35.0,10.0,0.0,0.0,3.6666666666666665,3.0,3.1666666666666665,3.25,4.0,3.8,6.75,2.3333333333333335,5.0,5.333333333333333,4.5,1.0,4.0,4.0
1,1,1.0,50.0,1.0,1.0,7.0,8.0,2.0,40.0,40.0,1.0,100.0,5000.0,4420.0,110.5,110.5,1.0,3.0,1.0,0.0,2,,,,25.0,5.0,0.0,10.0,3.5,4.0,2.8333333333333335,4.0,5.0,3.8,6.25,5.0,6.5,6.0,5.0,1.666666666666667,5.0,4.0
1,1,2.0,47.0,2.0,1.0,7.0,5.0,2.0,20.0,30.0,3.0,150.0,1300.0,1149.2,57.46,38.306666666666665,1.0,3.0,1.0,0.0,2,,,,112.0,6.0,2.0,12.0,2.3333333333333335,4.0,3.1666666666666665,2.25,4.666666666666667,3.0,6.5,4.333333333333333,5.666666666666667,5.5,4.0,1.666666666666667,4.0,4.0
1,1,2.0,58.0,1.0,1.0,8.0,8.0,2.0,40.0,40.0,1.0,100.0,6000.0,5304.0,132.6,132.6,1.0,2.0,1.0,0.0,2,,,,30.0,15.0,0.0,5.0,3.1666666666666665,3.0,3.5,4.5,4.666666666666667,4.0,6.5,2.3333333333333335,3.3333333333333335,5.0,4.5,1.0,2.6666666666666665,4.0
1,1,2.0,33.0,2.0,1.0,7.0,8.0,2.0,40.0,40.0,1.0,100.0,3800.0,3359.2,83.97999999999999,83.97999999999999,1.0,3.0,1.0,0.0,2,,,,20.0,15.0,0.0,10.0,3.3333333333333335,3.0,4.166666666666667,4.75,5.0,4.0,6.75,2.3333333333333335,5.0,5.333333333333333,4.25,1.0,6.0,4.0
1,1,2.0,56.0,1.0,1.0,7.0,8.0,6.0,40.0,48.4,3.0,121.0,6000.0,5304.0,132.6,109.96615584415585,2.0,4.0,1.0,0.0,2,,,,4.0,8.0,3.0,30.0,3.8333333333333335,5.0,3.0,4.0,5.0,4.2,4.75,2.0,4.0,6.0,4.5,1.0,2.0,4.0
1,1,2.0,29.0,2.0,1.0,7.0,8.0,1.0,40.0,40.0,1.0,100.0,3500.0,3094.0,77.35,77.35,1.0,3.0,1.0,0.0,2,,,,30.0,10.0,0.0,10.0,3.3333333333333335,1.9999999999999998,4.0,5.0,5.0,3.6,6.0,3.3333333333333335,4.0,5.666666666666667,4.0,1.0,4.0,4.0
1,1,2.0,42.0,2.0,2.0,7.0,1.0,6.0,40.0,40.0,1.0,100.0,3760.0,3323.84,85.82166666666667,85.82166666666666,1.0,2.0,1.0,0.0,2,,,,12.0,10.0,3.0,15.0,2.5,4.0,1.6666666666666667,2.25,3.6666666666666665,1.6000000000000003,5.5,2.3333333333333335,4.0,6.0,3.0,1.0,0.9999999999999996,4.0
1,1,2.0,33.0,2.0,1.0,7.0,1.0,2.0,40.0,40.0,1.0,100.0,4200.0,3712.8,92.82000000000001,92.82000000000001,3.0,2.0,1.0,0.0,2,,,,12.0,5.0,8.0,20.0,4.333333333333333,4.0,3.3333333333333335,4.0,4.666666666666667,4.2,5.75,4.0,4.666666666666667,5.666666666666667,3.5,1.333333333333333,4.666666666666667,4.0
1,1,2.0,51.0,1.0,1.0,7.0,8.0,2.0,40.0,40.0,1.0,100.0,4670.0,4128.28,103.207,103.207,1.0,1.0,5.0,2.0,2,,,,25.0,8.0,0.0,5.0,3.1666666666666665,3.0,2.5,1.0,2.6666666666666665,2.8,4.75,2.0,3.3333333333333335,5.333333333333333,3.5,1.333333333333333,2.0,4.0
1,1,1.0,56.0,2.0,4.0,8.0,11.0,1.0,40.0,40.0,1.0,100.0,4860.0,4296.24,107.406,107.406,1.0,3.0,2.0,0.0,2,,,,30.0,0.0,0.0,10.0,4.6,3.0,5.0,5.0,5.0,5.0,4.0,2.6666666666666665,1.3333333333333335,4.666666666666667,4.25,1.0,2.3333333333333335,4.0
1,1,1.0,40.0,2.0,4.0,7.0,5.0,1.0,40.0,55.0,3.0,137.5,4600.0,4066.3999999999996,101.66,73.93454545454544,1.0,1.0,5.0,10.0,2,,,,35.0,5.0,5.0,10.0,2.0,4.0,2.5,3.0,2.3333333333333335,2.4,5.5,2.6666666666666665,5.666666666666667,5.333333333333333,4.25,2.6666666666666665,1.3333333333333335,4.0
1,1,1.0,35.0,1.0,2.0,7.0,5.0,1.0,40.0,57.5,3.0,143.75,6000.0,5304.0,132.6,92.24347826086957,1.0,3.0,1.0,0.0,2,,,,35.0,10.0,5.0,10.0,2.1666666666666665,5.0,3.1,4.5,5.0,3.2,6.0,2.3333333333333335,4.0,6.0,4.75,1.0,2.6666666666666665,4.0
1,1,2.0,41.0,1.0,2.0,7.0,8.0,1.0,40.0,55.0,3.0,137.5,3600.0,3182.4,79.56,57.86181818181819,2.0,3.0,1.0,0.0,2,,,,5.0,15.0,0.0,35.0,2.8333333333333335,3.0,1.5,3.0,3.6666666666666665,3.2,5.25,4.0,5.0,5.0,4.25,2.0,5.333333333333333,4.0
1,1,2.0,49.0,1.0,2.0,8.0,8.0,2.0,40.0,50.0,3.0,125.0,4100.0,3624.3999999999996,90.60999999999999,72.488,3.0,1.0,5.0,10.0,2,,,,30.0,5.0,5.0,5.0,2.0,5.0,1.3333333333333333,2.5,3.0,2.6,4.75,4.0,4.666666666666667,5.333333333333333,5.0,2.6666666666666665,4.666666666666667,4.0
1,1,2.0,36.0,1.0,2.0,8.0,8.0,1.0,40.0,50.0,3.0,125.0,4592.0,4059.3279999999995,105.27791505791505,83.57371717171716,1.0,2.0,1.0,0.0,2,,,,20.0,20.0,0.0,10.0,1.8333333333333333,4.0,3.8333333333333335,2.75,5.0,4.8,6.0,2.6666666666666665,5.0,5.333333333333333,4.75,1.0,5.666666666666667,4.0
1,1,2.0,42.0,1.0,2.0,7.0,8.0,1.0,40.0,40.0,1.0,100.0,5400.0,4773.6,119.34,119.34,1.0,1.0,2.0,1.0,2,,,,15.0,8.0,0.0,10.0,3.3333333333333335,4.0,3.5,4.25,3.0,3.6,5.5,3.6666666666666665,5.666666666666667,5.666666666666667,5.25,1.0,5.0,4.0
1,1,2.0,35.0,3.0,1.0,7.0,5.0,2.0,40.0,40.0,1.0,100.0,2500.0,2210.0,55.25,55.25,1.0,2.0,1.0,0.0,2,,,,3.0,2.0,0.0,6.0,5.0,1.9999999999999998,4.0,4.75,3.3333333333333335,4.2,4.0,2.0,5.0,3.0,3.5,1.666666666666667,5.0,4.0
1,1,2.0,46.0,1.0,2.0,7.0,8.0,1.0,40.0,40.0,1.0,100.0,6000.0,5304.0,132.6,132.6,4.0,3.0,1.0,0.0,2,,,,28.0,8.0,2.0,2.0,4.5,4.0,4.666666666666667,5.0,4.333333333333333,4.8,4.0,1.6666666666666667,3.6666666666666665,5.333333333333333,4.5,1.0,2.0,4.0
1,1,1.0,60.0,2.0,1.0,7.0,5.0,1.0,40.0,40.0,1.0,100.0,3500.0,3094.0,77.35,77.35,1.0,1.0,5.0,6.0,2,,,,35.0,0.0,0.0,5.0,4.333333333333333,5.0,3.8333333333333335,2.0,5.0,4.0,6.5,4.0,4.0,5.333333333333333,5.333333333333333,1.0,2.0,4.0
1,1,2.0,51.0,2.0,1.0,7.0,8.0,1.0,40.0,60.0,3.0,150.0,5460.0,4826.64,120.666,95.31127272727272,1.0,2.0,1.0,0.0,2,,,,40.0,5.0,0.0,15.0,3.6666666666666665,1.9999999999999998,3.6666666666666665,5.0,5.0,5.0,6.0,3.0,4.333333333333333,5.333333333333333,5.25,1.333333333333333,4.333333333333333,4.0
1,1,2.0,54.0,4.0,1.0,7.0,1.0,1.0,37.7,37.7,1.0,100.0,6500.0,5746.0,130.98124675324675,132.74924675324672,1.0,1.0,1.0,0.0,2,,,,31.0,5.0,0.0,4.0,2.0,1.0,2.8333333333333335,4.75,5.0,3.4,5.75,2.0,4.333333333333333,6.0,4.75,1.0,3.0,4.0
1,1,1.0,55.0,1.0,3.0,8.0,8.0,2.0,40.0,40.0,1.0,100.0,5500.0,4862.0,121.54999999999998,121.55,1.0,1.0,6.0,8.0,2,,,,30.0,4.0,0.0,6.0,1.5,3.0,1.8333333333333333,1.5,3.0,2.2,4.75,2.0,3.3333333333333335,4.666666666666667,4.5,2.3333333333333335,3.3333333333333335,4.0
1,1,1.0,52.0,2.0,1.0,8.0,8.0,1.0,40.0,48.0,1.8,125.0,6600.0,5834.4,145.85999999999999,103.41474,1.0,1.0,1.0,0.0,2,,,,30.0,10.0,0.0,5.0,2.6666666666666665,1.9999999999999998,2.3333333333333335,3.5,4.333333333333333,3.4,4.75,4.0,4.333333333333333,4.666666666666667,3.5,3.3333333333333335,4.666666666666667,4.0
1,1,2.0,56.0,1.0,3.0,8.0,8.0,2.0,40.0,46.8,3.0,117.0,5500.0,4862.0,121.54999999999998,103.9155393939394,1.0,1.0,1.0,0.0,2,,,,30.0,5.0,0.0,5.0,3.4,5.0,2.8333333333333335,3.25,3.6666666666666665,3.8,5.0,3.6666666666666665,4.666666666666667,5.333333333333333,4.5,1.333333333333333,5.333333333333333,4.0
1,1,2.0,31.0,2.0,1.0,8.0,8.0,2.0,40.0,40.0,1.0,100.0,3826.0,3382.184,84.5546,84.5546,1.0,1.0,1.0,0.0,2,,,,30.0,5.0,8.0,2.0,1.8333333333333333,4.0,2.8333333333333335,4.0,3.6666666666666665,3.2,5.5,5.0,5.0,5.666666666666667,4.5,1.333333333333333,4.0,4.0
1,1,2.0,32.0,2.0,1.0,4.0,5.0,2.0,20.0,20.0,1.0,100.0,1953.6,1726.9823999999999,70.84186571428572,70.84186571428572,1.0,1.0,5.0,15.0,2,,,,0.0,10.0,6.0,4.0,3.1666666666666665,3.0,2.5,2.75,4.333333333333333,3.2,4.75,3.3333333333333335,4.333333333333333,5.666666666666667,3.0,1.666666666666667,5.0,13.0
1,1,2.0,24.0,2.0,1.0,4.0,2.0,2.0,40.0,40.0,1.0,100.0,3200.0,2828.8,70.72,70.72,1.0,2.0,1.0,0.0,2,,,,0.0,40.0,0.0,0.0,4.0,1.9999999999999998,4.666666666666667,4.0,5.0,3.8,6.0,4.333333333333333,5.333333333333333,6.0,4.25,3.0,3.3333333333333335,13.0
1,1,2.0,28.0,3.0,1.0,4.0,4.0,2.0,40.0,40.0,1.0,100.0,2709.0,2394.7560000000003,59.86890000000001,59.86890000000001,1.0,2.0,1.0,0.0,2,,,,0.0,40.0,0.0,1.0,3.1666666666666665,3.0,3.6666666666666665,4.25,5.0,2.6,6.0,3.3333333333333335,5.0,5.0,5.5,1.333333333333333,4.333333333333333,13.0
1,1,2.0,40.0,3.0,2.0,4.0,2.0,3.0,44.5,44.5,1.0,100.0,6000.0,5304.0,119.19101123595506,119.19101123595506,1.0,1.0,1.0,0.0,2,,,,15.0,30.0,9.0,1.0,2.8333333333333335,4.0,2.8333333333333335,3.25,4.0,3.2,6.5,6.0,6.0,6.0,5.75,1.0,3.3333333333333335,13.0
1,1,2.0,39.0,1.0,1.0,5.0,5.0,3.0,40.0,55.0,3.0,137.5,1750.0,1547.0,38.675,28.127272727272725,1.0,1.0,1.0,0.0,2,,,,0.0,35.0,5.0,15.0,1.5999999999999999,5.0,2.8333333333333335,1.25,4.666666666666667,3.0,5.5,4.0,5.0,5.666666666666667,5.25,1.0,5.333333333333333,13.0
1,1,1.0,28.0,2.0,1.0,4.0,5.0,3.0,30.0,40.0,3.0,133.33333333333331,2453.0,2168.452,72.28173333333334,54.21130000000001,1.0,2.0,1.0,0.0,2,,,,0.0,35.0,0.0,1.0,4.166666666666667,5.0,4.333333333333333,4.0,4.333333333333333,3.6,5.25,6.0,5.0,3.6666666666666665,5.75,1.0,5.0,9.0
1,1,2.0,45.0,2.0,2.0,5.0,9.0,1.0,24.0,24.0,1.0,100.0,2500.0,2210.0,92.08333333333333,92.08333333333333,1.0,1.0,5.0,6.0,2,,,,22.0,0.0,0.0,1.5,2.5,4.0,3.0,1.75,4.0,3.2,4.5,2.3333333333333335,3.3333333333333335,4.333333333333333,4.5,1.0,1.666666666666667,10.0
1,1,1.0,52.0,2.0,1.0,5.0,9.0,1.0,40.0,40.0,1.0,100.0,4359.0,3853.3560000000007,96.33390000000001,96.33390000000001,1.0,2.0,5.0,3.0,2,,,,25.0,5.0,3.0,10.0,2.6666666666666665,1.9999999999999998,3.5,3.0,3.3333333333333335,3.0,5.0,3.0,5.0,5.0,4.5,1.0,5.0,10.0
1,1,2.0,38.0,3.0,1.0,4.0,5.0,1.0,40.0,40.0,1.0,100.0,4351.9,3847.0796,96.17699,96.17699,1.0,2.0,1.0,0.0,2,,,,5.0,25.0,19.0,1.0,3.8333333333333335,5.0,2.5,2.25,4.333333333333333,4.2,6.5,5.333333333333333,5.0,5.666666666666667,5.5,2.0,6.0,10.0
1,1,1.0,54.0,1.0,1.0,8.0,5.0,3.0,40.0,40.0,1.0,100.0,4000.0,3536.0,88.4,88.4,1.0,1.0,1.0,0.0,2,,,,14.0,15.0,6.0,5.0,2.6666666666666665,5.0,3.1666666666666665,2.5,3.3333333333333335,2.8,5.25,4.0,4.333333333333333,4.333333333333333,5.25,1.666666666666667,4.333333333333333,10.0
1,1,2.0,29.0,2.0,1.0,4.0,5.0,1.0,20.0,40.0,3.0,200.0,1630.0,1440.92,72.046,36.023,1.0,1.0,1.0,0.0,2,,,,38.0,0.0,0.0,2.0,3.1666666666666665,3.0,3.8333333333333335,4.5,5.0,4.0,7.0,2.3333333333333335,5.333333333333333,6.0,5.0,1.0,5.666666666666667,10.0
1,1,2.0,42.0,3.0,3.0,4.0,9.0,3.0,30.0,45.0,3.0,150.0,3263.9,2885.2876,96.17625333333334,64.11750222222223,1.0,1.0,1.0,0.0,2,,,,5.0,25.0,10.0,10.0,3.3333333333333335,3.0,3.0,4.25,2.3333333333333335,2.8,6.75,5.0,6.0,6.333333333333333,5.75,1.0,5.0,10.0
1,1,1.0,56.0,1.0,2.0,4.0,5.0,1.0,40.0,40.0,1.0,100.0,4200.0,3712.8,92.82000000000001,92.82000000000001,2.0,2.0,1.0,0.0,2,,,,25.0,3.0,1.0,11.0,4.166666666666667,1.9999999999999998,3.0,2.25,1.6666666666666665,3.2,4.75,3.6666666666666665,3.6666666666666665,5.333333333333333,4.75,1.333333333333333,3.3333333333333335,10.0
1,1,2.0,52.0,2.0,1.0,4.0,8.0,1.0,30.0,34.0,3.0,113.33333333333333,2913.0,2575.092,85.8364,75.738,2.0,3.0,6.0,4.0,2,,,,16.0,6.0,1.0,4.0,3.1666666666666665,3.0,4.0,4.25,5.0,3.0,6.0,3.0,5.0,4.333333333333333,5.0,1.0,4.0,10.0
1,1,2.0,63.0,1.0,3.0,4.0,9.0,1.0,22.0,22.0,1.0,100.0,2500.0,2210.0,100.45454545454545,100.45454545454545,1.0,3.0,5.0,20.0,2,,,,25.0,5.0,0.0,3.0,3.0,5.0,3.6666666666666665,1.0,3.6666666666666665,3.6,5.25,1.3333333333333333,4.333333333333333,5.0,4.25,1.0,6.0,10.0
1,1,2.0,33.0,1.0,2.0,5.0,9.0,1.0,20.0,30.0,3.0,150.0,1750.0,1547.0,77.35,51.56666666666667,1.0,1.0,1.0,0.0,2,,,,6.0,20.0,0.0,4.0,2.8333333333333335,5.0,2.8333333333333335,3.25,2.3333333333333335,3.2,6.0,1.6666666666666667,5.333333333333333,5.333333333333333,4.5,1.333333333333333,7.0,10.0
1,1,2.0,55.0,2.0,1.0,4.0,9.0,3.0,20.0,50.0,3.0,250.0,2110.81,1865.95604,93.297802,37.3191208,2.0,1.0,5.0,25.0,2,,,,0.0,0.0,0.0,20.0,1.3333333333333335,5.0,2.3333333333333335,1.0,2.6666666666666665,1.0,7.0,2.0,6.0,6.333333333333333,5.75,4.333333333333333,4.666666666666667,10.0
1,1,2.0,63.0,2.0,1.0,5.0,4.0,1.0,10.0,10.0,1.0,100.0,1600.0,1414.4,141.44,141.44,2.0,4.0,5.0,40.0,2,,,,4.5,4.0,0.0,3.5,3.0,4.0,4.333333333333333,3.75,3.0,4.0,4.25,2.3333333333333335,4.666666666666667,4.0,3.75,1.333333333333333,4.0,10.0
1,1,1.0,30.0,2.0,1.0,4.0,9.0,1.0,20.0,25.0,3.0,125.0,1887.02,1668.12568,83.406284,66.7250272,1.0,2.0,5.0,10.0,2,,,,22.5,0.0,0.0,1.0,3.6666666666666665,3.0,2.3333333333333335,5.0,4.333333333333333,3.4,5.5,2.3333333333333335,5.666666666666667,6.0,4.25,1.666666666666667,4.0,10.0
1,1,1.0,41.0,2.0,1.0,4.0,9.0,1.0,40.0,40.0,1.0,100.0,4500.0,3978.0,99.45,99.45,1.0,2.0,5.0,4.0,2,,,,30.0,5.0,0.0,5.0,2.8333333333333335,4.0,3.1666666666666665,1.75,3.6666666666666665,3.0,5.0,2.3333333333333335,3.6666666666666665,5.333333333333333,4.75,1.0,3.5,10.0
1,1,1.0,41.0,1.0,1.0,4.0,4.0,1.0,40.0,40.0,1.0,100.0,5016.0,4434.144,110.8536,110.8536,2.0,4.0,5.0,6.0,2,,,,2.0,13.5,3.0,20.0,3.8333333333333335,3.0,3.0,2.5,4.0,3.4,3.25,2.3333333333333335,3.3333333333333335,5.0,4.25,1.333333333333333,2.0,10.0
1,1,2.0,43.0,1.0,2.0,4.0,5.0,1.0,25.0,32.5,3.0,130.0,2249.0,1988.116,79.52464,61.1728,1.0,1.0,1.0,0.0,2,,,,32.5,0.0,0.0,0.0,2.6,3.0,3.5,4.5,5.0,3.2,6.25,1.6666666666666667,5.333333333333333,5.666666666666667,4.75,1.333333333333333,3.0,10.0
1,1,2.0,48.0,3.0,2.0,4.0,2.0,1.0,35.0,35.0,1.0,100.0,3400.0,3005.6,85.8742857142857,85.8742857142857,1.0,4.0,1.0,0.0,2,,,,15.0,10.0,5.0,7.0,2.6666666666666665,3.0,3.3333333333333335,4.0,4.0,2.8,4.0,1.6666666666666667,3.6666666666666665,4.666666666666667,3.75,1.666666666666667,2.3333333333333335,10.0
1,1,2.0,48.0,1.0,1.0,4.0,4.0,6.0,40.0,40.0,1.0,100.0,4300.0,3801.2,95.03,95.03,3.0,1.0,5.0,10.0,2,,,,20.0,20.0,20.0,0.0,3.0,4.0,3.3333333333333335,5.0,5.0,4.4,7.0,2.0,2.6666666666666665,5.0,5.0,1.666666666666667,3.0,10.0
1,1,2.0,45.0,1.0,4.0,4.0,8.0,1.0,15.0,15.0,1.0,100.0,1650.0,1458.6,97.24,97.24,1.0,1.0,5.0,8.0,2,,,,25.0,4.0,1.0,1.5,3.8333333333333335,3.0,2.8333333333333335,3.0,4.0,2.4,7.0,4.0,4.0,3.5,5.333333333333333,1.666666666666667,3.0,10.0
1,1,1.0,48.0,1.0,2.0,4.0,9.0,1.0,40.0,40.0,1.0,100.0,2214.4486252291285,2071.4202767538745,51.78550691884686,52.70868638893518,2.0,1.0,5.0,10.0,2,,,,35.0,0.0,0.0,5.0,2.0,1.9999999999999998,2.6666666666666665,2.25,4.0,2.4,3.25,2.0,1.0,3.3333333333333335,4.5,1.0,0.9999999999999996,10.0
1,1,2.0,45.0,1.0,2.0,4.0,9.0,1.0,37.35,37.35,1.0,100.0,4831.67,4271.19628,114.35599143239625,114.35599143239625,2.0,3.0,5.0,6.0,2,,,,35.5,1.0,0.0,2.0,4.4,4.0,3.8333333333333335,4.25,4.333333333333333,4.4,6.75,3.0,4.333333333333333,5.333333333333333,4.75,1.0,5.333333333333333,10.0
1,1,2.0,28.0,2.0,1.0,4.0,5.0,3.0,28.0,28.0,1.0,100.0,2683.0,2371.772,84.70614285714285,84.70614285714285,1.0,2.0,5.0,4.0,2,,,,2.0,24.0,0.0,2.0,3.8333333333333335,3.0,2.966666666666667,2.5,5.0,3.2,6.75,4.0,5.333333333333333,6.333333333333333,5.5,1.0,6.333333333333333,10.0
1,1,2.0,36.0,2.0,1.0,4.0,9.0,1.0,32.0,32.0,1.0,100.0,3626.0,3205.384,100.16825,100.16825,1.0,3.0,5.0,10.0,2,,,,4.0,12.0,12.0,4.0,2.6666666666666665,3.0,2.8333333333333335,1.75,5.0,2.8,5.0,2.6666666666666665,4.666666666666667,5.0,4.0,2.0,4.333333333333333,10.0
1,1,2.0,61.0,4.0,3.0,4.0,9.0,1.0,17.0,27.0,3.0,158.8235294117647,4500.0,3978.0,234.0,147.33333333333334,2.0,2.0,6.0,30.0,2,,,,275.0,7.0,35.0,5.0,3.1666666666666665,5.0,2.8333333333333335,3.5,3.6666666666666665,3.2,5.0,2.0,2.0,6.0,4.25,1.0,1.3333333333333335,10.0
1,1,2.0,29.0,3.0,1.0,4.0,9.0,3.0,20.0,30.0,3.0,150.0,1280.0,1131.52,56.576,37.717333333333336,3.0,3.0,1.0,0.0,2,,,,1.0,20.0,5.0,4.0,3.5,1.9999999999999998,4.833333333333333,4.25,3.6666666666666665,3.6,6.0,2.5,6.333333333333333,6.333333333333333,4.75,1.0,2.6666666666666665,10.0
1,1,2.0,64.0,4.0,1.0,4.0,2.0,1.0,20.0,24.0,3.0,120.0,2069.6,1829.5264000000002,147.7049942185664,114.4884589196311,1.0,2.0,1.0,0.0,2,,,,18.0,4.0,0.0,2.0,4.333333333333333,5.0,4.166666666666667,3.5,5.0,4.2,6.0,2.0,4.666666666666667,4.333333333333333,4.25,1.333333333333333,4.666666666666667,10.0
1,1,1.0,37.0,2.0,1.0,4.0,2.0,1.0,40.0,52.0,3.0,130.0,5077.22,4488.26248,112.206562,86.31274,1.0,4.0,1.0,0.0,2,,,,37.0,5.0,0.0,10.0,3.6666666666666665,3.0,3.5,4.0,3.3333333333333335,4.2,5.75,3.6666666666666665,3.3333333333333335,5.666666666666667,4.5,3.3333333333333335,5.0,10.0
1,1,1.0,49.0,3.0,1.0,4.0,6.0,1.0,40.0,40.0,1.0,100.0,4700.0,4154.8,103.87,103.87,1.0,1.0,1.0,0.0,2,,,,10.0,25.0,0.0,5.0,4.5,3.0,4.333333333333333,3.75,3.6666666666666665,4.6,5.0,2.0,4.0,3.3333333333333335,3.75,2.3333333333333335,3.6666666666666665,10.0
1,1,1.0,35.0,1.0,2.0,4.0,2.0,1.0,40.0,40.0,1.0,100.0,3700.0,3270.8,81.77000000000001,81.77000000000001,1.0,1.0,1.0,0.0,2,,,,1.0,5.0,17.0,17.0,2.6666666666666665,1.9999999999999998,1.8333333333333333,1.75,4.0,2.4,3.5,2.3333333333333335,3.0,4.666666666666667,3.0,2.0,4.666666666666667,10.0
1,1,2.0,57.0,2.0,1.0,4.0,5.0,1.0,40.0,60.0,3.0,150.0,4429.925012497917,4016.836913847692,102.26655945825198,72.60144750569216,3.0,1.0,1.0,0.0,2,,,,6.0,10.0,10.0,14.0,3.5,5.0,2.3333333333333335,2.5,1.3333333333333335,2.4,6.25,2.3333333333333335,6.0,6.0,4.5,3.0,3.0,10.0
1,1,1.0,48.0,1.0,2.0,4.0,5.0,1.0,40.0,40.0,1.0,100.0,4500.0,3978.0,99.45,99.45,1.0,1.0,1.0,0.0,2,,,,5.0,5.0,0.0,30.0,2.6666666666666665,1.9999999999999998,3.1666666666666665,2.25,3.3333333333333335,2.6,4.5,4.333333333333333,3.6666666666666665,4.0,3.75,4.333333333333333,3.6666666666666665,10.0
1,1,2.0,44.0,1.0,2.0,4.0,6.0,2.0,40.0,40.0,1.0,100.0,5000.0,4420.0,110.5,110.5,1.0,3.0,1.0,0.0,2,,,,13.0,25.0,0.0,2.0,4.0,4.0,3.8333333333333335,4.75,5.0,5.0,7.0,3.6666666666666665,5.666666666666667,5.333333333333333,5.5,1.0,2.0,10.0
1,1,2.0,53.0,1.0,1.0,4.0,1.0,1.0,40.0,40.0,1.0,100.0,5000.0,4420.0,110.5,110.5,3.0,2.0,1.0,0.0,2,,,,15.0,15.0,10.0,5.0,3.3333333333333335,4.0,4.333333333333333,3.5,5.0,4.0,4.75,2.0,3.0,4.666666666666667,4.75,1.0,1.666666666666667,10.0
1,1,1.0,44.0,3.0,1.0,4.0,9.0,1.0,40.0,40.0,1.0,100.0,4003.277787035494,3613.5517880353273,90.33879470088318,87.04730533918105,1.0,1.0,5.0,25.0,2,,,,15.0,10.0,0.0,15.0,2.6666666666666665,1.0,1.1666666666666665,1.0,1.0,1.4000000000000001,5.0,3.0,4.666666666666667,6.333333333333333,3.5,2.6666666666666665,3.0,10.0
1,1,1.0,33.0,2.0,1.0,4.0,1.0,1.0,40.0,47.0,3.0,117.5,5000.0,4420.0,110.5,94.04255319148936,1.0,2.0,1.0,0.0,2,,,,20.0,15.0,2.0,10.0,1.8333333333333333,1.9999999999999998,2.5,2.0,1.6666666666666665,1.8,4.75,2.3333333333333335,4.666666666666667,6.0,3.0,2.0,1.3333333333333335,10.0
1,1,2.0,51.0,2.0,3.0,4.0,3.0,1.0,40.0,40.0,1.0,100.0,3800.0,3359.2,83.97999999999999,83.97999999999999,1.0,1.0,1.0,0.0,2,,,,20.0,5.0,5.0,10.0,3.8333333333333335,4.0,2.5,1.75,4.0,2.8,4.25,4.666666666666667,5.0,4.333333333333333,3.75,3.0,2.0,10.0
1,1,2.0,59.0,5.0,1.0,6.0,4.0,1.0,35.7,36.7,1.0,102.5,3500.0,3094.0,100.28807792207792,97.83252236652237,1.0,2.0,1.0,0.0,2,,,,30.0,4.0,1.0,5.0,2.0,5.0,2.1666666666666665,1.5,3.6666666666666665,2.8,6.75,2.0,5.666666666666667,6.0,4.25,1.0,5.0,10.0
1,1,2.0,38.0,3.0,1.0,4.0,5.0,1.0,30.0,50.0,3.0,166.66666666666669,2800.0,2475.2,82.50666666666666,49.504,1.0,1.0,1.0,0.0,2,,,,50.0,0.0,0.0,0.0,2.0,1.9999999999999998,3.6666666666666665,3.0,3.6666666666666665,2.6,6.25,2.0,3.3333333333333335,6.0,4.5,1.0,3.6666666666666665,10.0
1,1,2.0,58.0,1.0,2.0,4.0,5.0,1.0,40.0,40.0,1.0,100.0,3118.0,2756.312,83.3711008,83.37110080000001,2.0,5.0,1.0,0.0,2,,,,4.0,8.0,20.0,8.0,4.666666666666667,5.0,4.666666666666667,5.0,5.0,4.6,6.0,1.6666666666666667,5.0,5.333333333333333,5.0,1.0,4.0,10.0
1,1,2.0,41.0,1.0,2.0,4.0,4.0,2.0,20.0,20.0,1.0,100.0,2500.0,2210.0,110.5,110.5,1.0,3.0,1.0,0.0,2,,,,13.0,5.0,0.0,2.0,2.0,3.0,3.6666666666666665,3.5,3.3333333333333335,3.2,6.0,3.0,5.0,6.0,5.25,1.333333333333333,4.333333333333333,10.0
1,1,2.0,40.0,1.0,2.0,4.0,1.0,1.0,40.0,45.0,3.0,112.5,2700.0,2386.8,59.67,53.040000000000006,1.0,1.0,1.0,0.0,2,,,,6.0,30.0,6.0,3.0,2.5,5.0,3.3333333333333335,2.75,3.3333333333333335,2.8,5.0,3.3333333333333335,4.0,5.0,5.25,1.333333333333333,1.3333333333333335,10.0
1,1,1.0,60.0,2.0,1.0,4.0,2.0,1.0,40.0,50.0,3.0,125.0,5600.0,4950.4,126.60142857142857,94.36431814714652,2.0,1.0,1.0,0.0,2,,,,15.0,13.0,12.0,10.0,2.0,4.0,3.8333333333333335,1.0,1.9999999999999998,3.4,4.25,1.6666666666666667,3.6666666666666665,5.666666666666667,4.5,1.0,1.3333333333333335,10.0
1,1,1.0,47.0,2.0,1.0,4.0,2.0,1.0,40.0,40.0,1.0,100.0,5000.0,4420.0,110.5,110.5,1.0,2.0,1.0,0.0,2,,,,30.0,0.0,0.0,10.0,4.666666666666667,4.0,4.666666666666667,3.75,5.0,5.0,5.0,1.3333333333333333,2.3333333333333335,5.0,4.5,1.0,1.666666666666667,10.0
1,1,2.0,40.0,3.0,1.0,4.0,1.0,1.0,40.0,55.0,3.0,137.5,5000.0,4420.0,110.5,80.36363636363636,1.0,2.0,1.0,0.0,2,,,,50.0,3.0,0.0,0.0,3.4,1.9999999999999998,3.3333333333333335,2.75,3.3333333333333335,2.4,5.75,3.6666666666666665,5.0,5.333333333333333,4.25,1.333333333333333,5.333333333333333,10.0
1,1,1.0,60.0,1.0,1.0,6.0,2.0,1.0,26.0,26.0,1.0,100.0,2867.0,2534.428,97.478,97.478,1.0,4.0,2.0,65.0,2,,,,26.0,5.0,0.0,3.0,2.6666666666666665,1.9999999999999998,4.833333333333333,4.25,5.0,3.8,4.0,1.0,3.0,3.0,4.25,1.0,0.9999999999999996,10.0
1,1,2.0,46.0,4.0,2.0,4.0,5.0,1.0,35.0,52.0,3.0,129.4512195121951,4300.0,3801.2,108.6057142857143,89.92536866031746,3.0,2.0,1.0,0.0,2,,,,8.0,20.0,5.0,8.0,3.1666666666666665,5.0,2.3333333333333335,1.0,3.0,2.6,5.75,3.3333333333333335,5.666666666666667,5.333333333333333,3.75,2.3333333333333335,5.666666666666667,10.0
1,1,1.0,35.0,2.0,1.0,4.0,2.0,1.0,40.0,50.0,3.0,125.0,5077.0,4488.068,112.2017,89.76136000000001,1.0,1.0,1.0,0.0,2,,,,10.0,28.0,10.0,2.0,3.5,3.0,2.1666666666666665,3.75,3.3333333333333335,2.6,4.5,2.0,4.666666666666667,4.666666666666667,3.75,2.6666666666666665,2.3333333333333335,10.0
1,1,2.0,41.0,4.0,2.0,4.0,1.0,1.0,20.0,20.0,1.0,100.0,1900.0,1679.6,83.97999999999999,83.97999999999999,1.0,2.0,1.0,0.0,2,,,,15.0,5.0,0.0,0.0,3.0,1.9999999999999998,3.8333333333333335,1.0,3.0,3.0,5.0,2.3333333333333335,4.666666666666667,6.0,4.25,2.0,2.3333333333333335,10.0
1,1,1.0,33.0,2.0,1.0,4.0,2.0,3.0,40.0,50.0,3.0,125.0,4285.0,3787.9399999999996,94.6985,75.7588,1.0,3.0,1.0,0.0,2,,,,10.0,10.0,10.0,5.0,3.6666666666666665,4.0,3.5,4.0,5.0,3.8,5.0,3.0,3.0,4.333333333333333,4.25,1.666666666666667,3.6666666666666665,10.0
1,1,2.0,55.0,1.0,1.0,4.0,5.0,1.0,20.0,20.0,1.0,100.0,1618.9,1431.1076000000003,71.55538000000001,71.55538000000001,1.0,2.0,1.0,0.0,2,,,,14.0,3.0,0.0,4.5,3.0,1.9999999999999998,3.0,4.25,5.0,3.6,7.0,1.3333333333333333,3.6666666666666665,4.666666666666667,4.5,1.0,3.6666666666666665,10.0
1,1,2.0,47.0,1.0,2.0,4.0,5.0,1.0,40.0,30.0,2.0,75.0,3000.0,2652.0,66.3,88.4,1.0,1.0,5.0,5.0,2,,,,28.0,0.0,0.0,2.0,2.0,3.0,3.6666666666666665,1.0,1.0,3.0,4.25,1.6666666666666667,1.6666666666666665,4.0,3.5,5.0,1.3333333333333335,10.0
1,1,1.0,37.0,2.0,2.0,4.0,1.0,1.0,40.0,55.0,3.0,137.5,4500.0,3978.0,99.45,72.32727272727273,4.0,3.0,1.0,0.0,2,,,,2.5,25.0,15.0,5.0,3.3333333333333335,4.0,3.8333333333333335,3.5,4.0,3.4,3.25,2.0,2.3333333333333335,2.6666666666666665,4.5,1.0,1.3333333333333335,10.0
1,1,1.0,54.0,1.0,2.0,4.0,9.0,1.0,40.0,40.0,1.0,100.0,3966.0,3505.9440000000004,87.64860000000002,87.64860000000002,1.0,2.0,1.0,0.0,2,,,,35.0,15.0,10.0,5.0,3.8333333333333335,4.0,4.666666666666667,4.75,5.0,3.0,6.0,2.6666666666666665,4.333333333333333,5.0,4.25,1.0,3.0,10.0
1,1,2.0,42.0,2.0,1.0,4.0,5.0,1.0,40.0,48.0,3.0,120.0,3850.7799999999997,3404.08952,88.46553458536586,74.08117464935066,1.0,2.0,5.0,2.0,2,,,,25.0,5.0,2.0,15.0,2.1666666666666665,4.0,3.3333333333333335,2.25,4.0,3.0,5.75,4.0,4.333333333333333,5.333333333333333,4.25,2.6666666666666665,4.666666666666667,10.0
1,1,1.0,57.0,3.0,1.0,4.0,3.0,1.0,40.0,40.0,1.0,100.0,3000.0,2652.0,66.3,66.3,3.0,2.0,1.0,0.0,2,,,,2.0,10.0,5.0,5.0,4.666666666666667,3.0,4.166666666666667,4.5,3.6666666666666665,4.2,4.0,1.6666666666666667,1.6666666666666665,5.0,3.75,1.0,1.666666666666667,10.0
1,1,2.0,49.0,2.0,1.0,4.0,5.0,3.0,20.0,35.0,3.0,175.0,1750.0,1547.0,77.35,44.2,3.0,2.0,5.0,10.0,2,,,,8.0,25.0,2.0,2.0,3.3333333333333335,3.0,3.8333333333333335,2.0,3.0,2.4,5.75,2.3333333333333335,4.0,5.666666666666667,4.25,1.0,3.0,10.0
1,1,2.0,35.0,1.0,2.0,4.0,1.0,1.0,40.0,55.0,3.0,137.5,3700.0,3270.8,81.77000000000001,59.469090909090916,3.0,3.0,1.0,0.0,2,,,,0.0,38.0,2.0,15.0,4.5,4.0,3.6666666666666665,3.0,5.0,4.2,5.0,4.0,4.0,5.0,4.25,1.0,2.6666666666666665,10.0
1,1,2.0,38.0,1.0,2.0,6.0,5.0,1.0,30.0,30.0,1.0,100.0,3310.0,2926.04,88.17772438672438,88.17772438672438,1.0,1.0,5.0,2.0,2,,,,10.0,1.0,0.0,10.0,3.1666666666666665,5.0,3.3333333333333335,2.5,4.0,3.4,4.5,4.0,4.0,5.0,4.75,1.0,4.0,10.0
1,1,2.0,46.0,2.0,2.0,4.0,1.0,1.0,20.0,25.0,3.0,125.0,1800.0,1591.2,79.56,63.648,3.0,2.0,1.0,0.0,2,,,,7.0,7.0,1.0,5.0,2.8333333333333335,5.0,2.6666666666666665,4.75,5.0,3.0,7.0,4.0,6.0,6.0,6.0,1.0,7.0,10.0
1,1,2.0,41.0,2.0,2.0,4.0,1.0,2.0,20.0,15.0,2.0,75.0,2350.0,2077.4,103.87,138.49333333333334,1.0,2.0,1.0,0.0,2,,,,40.0,0.0,0.0,0.0,3.3333333333333335,1.9999999999999998,3.1666666666666665,4.5,4.333333333333333,2.4,5.25,2.3333333333333335,5.333333333333333,6.0,3.25,1.333333333333333,2.6666666666666665,10.0
1,1,2.0,44.0,1.0,2.0,4.0,4.0,1.0,40.0,40.0,1.0,100.0,4455.0,3938.2200000000003,98.4555,98.4555,2.0,3.0,1.0,0.0,2,,,,2.0,40.0,2.0,1.0,2.1666666666666665,4.0,4.333333333333333,2.75,4.333333333333333,3.0,6.0,3.0,5.666666666666667,6.0,5.5,1.0,3.6666666666666665,10.0
1,1,1.0,48.0,1.0,2.0,4.0,1.0,1.0,40.0,40.0,1.0,100.0,3999.8,3535.8232,88.39558,88.39558,1.0,3.0,1.0,0.0,2,,,,15.0,15.0,8.0,2.0,3.5,4.0,3.5,4.5,4.666666666666667,2.8,4.75,3.0,3.0,4.666666666666667,4.5,2.6666666666666665,5.0,10.0
1,1,2.0,52.0,4.0,2.0,4.0,9.0,1.0,16.0,19.0,3.0,118.75,2780.0,2457.52,164.75634782608697,128.8049523809524,1.0,1.0,7.0,40.0,2,,,,18.0,0.0,0.0,2.0,2.25,3.0,2.6666666666666665,4.333333333333333,3.6666666666666665,2.8,4.333333333333333,2.0,2.0,6.0,4.75,1.0,0.9999999999999996,10.0
1,1,1.0,45.0,1.0,2.0,4.0,1.0,1.0,5.0,12.5,3.0,250.0,1550.0,1370.2000000000003,155.37127272727272,76.76066666666667,3.0,1.0,5.0,50.0,2,,,,3.0,4.0,5.0,3.0,3.5,5.0,2.6666666666666665,2.0,4.333333333333333,2.6,5.0,2.0,3.3333333333333335,5.0,4.25,1.0,0.9999999999999996,10.0
1,1,1.0,48.0,3.0,1.0,4.0,7.0,1.0,40.0,45.0,3.0,112.5,6000.0,5304.0,132.6,117.86666666666666,1.0,2.0,1.0,0.0,2,,,,10.0,10.0,0.0,25.0,3.5,1.9999999999999998,4.0,1.5,1.9999999999999998,3.6,5.25,2.6666666666666665,4.333333333333333,5.0,4.0,1.0,3.0,10.0
1,1,2.0,38.0,1.0,2.0,6.0,4.0,1.0,32.0,40.0,3.0,125.0,4000.0,3536.0,110.5,88.4,1.0,4.0,1.0,0.0,2,,,,3.0,20.0,7.0,10.0,4.833333333333333,4.0,4.666666666666667,3.5,5.0,4.8,4.75,1.6666666666666667,4.666666666666667,5.333333333333333,4.25,1.0,3.3333333333333335,10.0
1,1,2.0,41.0,1.0,2.0,4.0,5.0,1.0,20.0,25.0,3.0,125.0,2800.0,2475.2,123.75999999999999,99.008,1.0,1.0,1.0,0.0,2,,,,24.0,0.0,0.0,1.0,3.5,4.0,2.0,3.0,3.3333333333333335,3.0,2.5,2.6666666666666665,2.6666666666666665,4.666666666666667,2.25,5.0,5.666666666666667,10.0
1,1,1.0,63.0,1.0,1.0,4.0,9.0,6.0,16.0,24.0,3.0,150.0,1572.2819530078318,1458.9524039326777,161.74566638893515,144.5427280342165,1.0,1.0,5.0,15.0,2,,,,2.0,1.0,0.0,1.0,2.75,4.0,4.5,3.3,2.5,3.2,1.0,1.3333333333333333,1.3333333333333335,1.666666666666667,1.75,1.0,0.9999999999999996,10.0
1,1,2.0,59.0,2.0,1.0,6.0,2.0,1.0,30.0,30.0,1.0,100.0,3256.630561573071,2927.386662222963,80.69866655557406,80.69866655557408,1.0,1.0,5.0,5.0,2,,,,25.0,0.0,0.0,5.0,2.3333333333333335,5.0,1.1666666666666665,1.0,4.333333333333333,1.8,5.75,2.0,6.0,4.0,2.5,3.3333333333333335,3.0,10.0
1,1,1.0,39.0,1.0,2.0,4.0,1.0,1.0,40.0,40.0,1.0,100.0,4729.0,4180.436,104.51089999999999,104.51089999999999,3.0,1.0,1.0,0.0,2,,,,6.0,20.0,10.0,4.0,3.0,3.0,4.166666666666667,4.75,4.0,4.2,3.75,2.0,3.0,4.0,4.5,1.333333333333333,1.666666666666667,10.0
1,1,1.0,46.0,2.0,2.0,4.0,4.0,1.0,30.0,35.0,3.0,116.66666666666667,3500.0,3094.0,103.13333333333334,88.4,1.0,3.0,5.0,10.0,2,,,,15.0,5.0,10.0,5.0,3.3333333333333335,4.0,2.5,3.0,2.5,3.6,5.0,4.0,4.0,4.333333333333333,4.25,2.6666666666666665,4.0,10.0
1,1,1.0,45.0,1.0,2.0,4.0,2.0,1.0,40.0,60.0,3.0,150.0,5054.0,4467.736,111.6934,74.46226666666666,1.0,2.0,1.0,0.0,2,,,,20.0,20.0,10.0,10.0,3.1666666666666665,3.0,2.1666666666666665,1.0,3.0,2.0,4.75,4.666666666666667,3.6666666666666665,4.333333333333333,4.5,4.666666666666667,5.0,10.0
1,1,2.0,56.0,1.0,1.0,4.0,9.0,1.0,40.0,40.0,1.0,100.0,3300.0,2917.2,72.92999999999999,72.92999999999999,1.0,2.0,1.0,0.0,2,,,,20.0,4.0,0.0,16.0,2.1666666666666665,5.0,2.3333333333333335,1.0,1.6666666666666665,1.8,4.25,2.0,3.6666666666666665,5.333333333333333,3.75,1.0,3.6666666666666665,10.0
1,1,2.0,52.0,2.0,1.0,4.0,5.0,1.0,20.0,32.5,3.0,162.5,1900.0,1679.6,83.97999999999999,51.68,1.0,1.0,5.0,17.5,2,,,,27.5,4.5,0.0,2.5,2.2,3.0,3.3333333333333335,2.5,3.3333333333333335,3.2,6.25,2.0,3.6666666666666665,5.666666666666667,4.5,1.0,3.3333333333333335,10.0
1,1,1.0,43.0,3.0,2.0,6.0,6.0,1.0,40.0,40.0,1.0,100.0,3542.0,3131.1279999999997,78.2782,78.2782,2.0,5.0,1.0,0.0,2,,,,10.0,5.0,5.0,20.0,4.166666666666667,1.0,4.333333333333333,1.5,4.666666666666667,4.0,4.75,2.3333333333333335,4.666666666666667,5.0,4.0,1.0,3.0,10.0
1,1,2.0,49.0,1.0,1.0,4.0,1.0,7.0,40.0,40.0,1.0,100.0,4800.0,4243.2,106.08,106.08,1.0,2.0,1.0,0.0,2,,,,0.0,40.0,5.0,2.0,4.166666666666667,5.0,4.333333333333333,3.75,4.666666666666667,3.0,6.75,5.666666666666667,5.666666666666667,6.333333333333333,6.5,1.0,5.666666666666667,10.0
1,1,1.0,60.0,1.0,1.0,4.0,2.0,1.0,40.0,55.0,2.6,137.5,6008.0,5311.072000000001,132.77680000000004,107.56029818181818,1.0,3.0,1.0,0.0,2,,,,3.0,10.0,20.0,7.0,4.0,4.0,4.333333333333333,3.0,5.0,3.6,4.0,3.6666666666666665,4.0,5.333333333333333,4.0,1.0,3.3333333333333335,10.0
1,1,2.0,59.0,1.0,1.0,4.0,13.0,1.0,40.0,40.0,1.0,100.0,1860.0,1644.2399999999998,41.105999999999995,41.105999999999995,1.0,2.0,1.0,0.0,2,,,,10.0,10.0,10.0,10.0,3.5,5.0,2.8333333333333335,1.5,4.333333333333333,2.4,5.0,3.0,1.6666666666666665,3.6666666666666665,4.75,1.0,2.0,10.0
1,1,2.0,42.0,1.0,1.0,4.0,1.0,1.0,30.0,30.0,1.0,100.0,3500.0,3094.0,103.13333333333334,103.13333333333334,1.0,2.0,1.0,0.0,2,,,,20.0,5.0,0.0,5.0,3.3333333333333335,4.0,4.666666666666667,2.75,4.0,4.6,5.75,1.3333333333333333,4.333333333333333,5.333333333333333,4.25,1.0,4.666666666666667,10.0
1,1,1.0,42.0,1.0,2.0,4.0,8.0,1.0,40.0,40.0,1.0,100.0,3500.0,3094.0,77.35,77.35,1.0,5.0,5.0,3.0,2,,,,25.0,5.0,0.0,10.0,3.5,1.0,4.666666666666667,3.75,4.333333333333333,3.0,5.75,2.6666666666666665,5.0,4.666666666666667,4.75,1.0,2.3333333333333335,10.0
1,1,2.0,51.0,1.0,2.0,4.0,3.0,1.0,40.0,40.0,1.0,100.0,5600.0,4950.4,123.75999999999999,123.75999999999999,3.0,1.0,1.0,0.0,2,,,,10.0,10.0,20.0,0.0,4.833333333333333,4.0,5.0,4.5,5.0,4.2,5.5,1.3333333333333333,3.0,5.333333333333333,4.25,1.0,2.6666666666666665,10.0
1,1,2.0,54.0,2.0,2.0,4.0,1.0,1.0,40.0,40.0,1.0,100.0,5000.0,4420.0,110.5,110.5,2.0,2.0,1.0,0.0,2,,,,10.0,5.0,15.0,10.0,2.8333333333333335,4.0,3.5,2.0,4.333333333333333,3.0,5.0,2.6666666666666665,5.333333333333333,5.666666666666667,5.0,2.0,2.0,10.0
1,1,2.0,51.0,1.0,1.0,4.0,9.0,1.0,40.0,65.0,3.0,162.5,4780.0,4225.5199999999995,105.638,82.7879393939394,2.0,4.0,5.0,4.0,2,,,,35.0,0.0,0.0,30.0,4.0,3.0,3.6666666666666665,2.25,4.666666666666667,3.6,6.75,2.3333333333333335,4.666666666666667,5.666666666666667,4.75,1.0,2.0,10.0
1,1,1.0,40.0,1.0,2.0,4.0,9.0,1.0,40.0,40.0,1.0,100.0,4530.0,4004.5200000000004,100.11300000000001,100.11300000000001,2.0,3.0,5.0,10.0,2,,,,30.0,1.0,1.0,8.0,2.2,4.0,3.8333333333333335,4.25,4.666666666666667,4.4,4.0,2.0,2.6666666666666665,5.666666666666667,4.75,1.0,2.0,10.0
1,1,2.0,39.0,2.0,1.0,6.0,6.0,1.0,40.0,48.0,3.0,120.0,4815.4,4256.8136,109.36700666666665,86.02373656565656,3.0,3.0,1.0,0.0,2,,,,5.0,16.0,16.0,3.0,3.6666666666666665,3.0,4.5,3.6666666666666665,4.333333333333333,4.4,7.0,4.666666666666667,5.333333333333333,6.0,5.75,1.0,6.0,10.0
1,1,2.0,41.0,1.0,2.0,4.0,2.0,1.0,32.0,40.0,3.0,125.0,2913.2,2575.2688000000003,77.00229333333334,66.33872761904762,3.0,2.0,1.0,0.0,2,,,,17.5,5.0,5.0,15.0,3.6,4.0,2.0,3.5,1.0,2.2,5.25,4.0,5.333333333333333,5.333333333333333,4.75,2.0,5.333333333333333,10.0
1,1,1.0,34.0,1.0,2.0,4.0,2.0,3.0,40.0,40.0,1.0,100.0,3000.0,2652.0,66.3,66.3,1.0,5.0,1.0,0.0,2,,,,8.0,16.0,8.0,8.0,3.3333333333333335,5.0,3.5,4.75,3.6666666666666665,2.4,5.75,4.333333333333333,6.0,6.0,6.0,1.0,5.333333333333333,10.0
1,1,2.0,56.0,1.0,1.0,6.0,5.0,6.0,40.0,40.0,1.0,100.0,5500.0,4862.0,121.54999999999998,121.55,1.0,2.0,5.0,10.0,2,,,,25.0,5.0,0.0,10.0,3.0,4.0,2.5,1.25,2.6666666666666665,2.2,4.25,2.3333333333333335,6.0,5.333333333333333,4.5,2.6666666666666665,4.0,10.0
1,1,3.0,42.0,1.0,2.0,6.0,2.0,1.0,30.0,30.0,1.0,100.0,3480.0,3076.32,85.48012121212122,85.48012121212122,1.0,2.0,1.0,0.0,2,,,,20.0,0.0,5.0,5.0,2.5,5.0,1.8333333333333333,3.0,4.333333333333333,2.8,5.0,2.6666666666666665,5.666666666666667,5.333333333333333,3.75,1.333333333333333,3.3333333333333335,10.0
1,1,2.0,44.0,1.0,2.0,6.0,8.0,1.0,16.0,20.0,3.0,125.0,2093.0,1850.212,115.63825,92.5106,1.0,1.0,1.0,0.0,2,,,,20.0,0.0,0.0,0.0,4.0,1.0,4.166666666666667,4.0,5.0,5.0,7.0,2.0,5.333333333333333,6.0,4.75,1.0,3.6666666666666665,10.0
1,1,2.0,42.0,1.0,2.0,4.0,4.0,1.0,30.0,30.0,1.0,100.0,3600.0,3182.4,106.08,106.08,1.0,2.0,5.0,5.0,2,,,,15.0,5.0,1.0,4.0,3.1666666666666665,3.0,3.5,2.5,3.6666666666666665,4.2,3.75,1.6666666666666667,3.3333333333333335,3.6666666666666665,3.25,2.0,5.0,10.0
1,1,1.0,41.0,1.0,2.0,6.0,2.0,1.0,38.5,38.5,1.0,100.0,5700.0,5038.8,130.87792207792208,130.87792207792208,1.0,1.0,1.0,0.0,2,,,,16.5,6.0,1.0,15.0,3.3333333333333335,4.0,3.5,1.75,5.0,3.8,3.25,1.6666666666666667,3.6666666666666665,3.6666666666666665,4.5,1.0,0.9999999999999996,10.0
1,1,2.0,34.0,2.0,1.0,4.0,1.0,2.0,40.0,40.0,1.0,100.0,5600.0,4950.4,123.75999999999999,123.75999999999999,1.0,2.0,1.0,0.0,2,,,,34.0,4.0,0.0,2.0,3.6666666666666665,4.0,3.0,3.5,4.333333333333333,3.0,4.5,4.333333333333333,5.333333333333333,2.3333333333333335,4.75,1.666666666666667,5.666666666666667,10.0
1,1,1.0,48.0,2.0,1.0,6.0,2.0,1.0,40.0,50.0,3.0,125.0,6000.0,5304.0,132.6,106.08,2.0,4.0,1.0,0.0,2,,,,20.0,2.0,2.0,25.0,2.8333333333333335,5.0,1.6666666666666667,1.5,3.3333333333333335,2.6,6.0,3.3333333333333335,5.333333333333333,6.0,4.25,1.666666666666667,4.666666666666667,10.0
1,1,2.0,33.0,2.0,1.0,4.0,1.0,1.0,36.0,36.0,1.0,100.0,4000.0,3536.0,98.22222222222223,98.22222222222223,3.0,2.0,1.0,0.0,2,,,,14.0,17.0,4.0,1.0,4.5,3.0,3.6333333333333333,3.0,4.0,3.8,5.0,2.6666666666666665,5.0,6.0,4.5,1.0,4.666666666666667,10.0
1,1,1.0,47.0,3.0,1.0,4.0,3.0,1.0,40.0,40.0,1.0,100.0,5610.0,4959.24,123.981,123.981,4.0,3.0,1.0,0.0,2,,,,27.0,51.0,8.0,14.0,3.5,4.0,3.5,2.75,3.0,3.4,5.5,2.6666666666666665,3.0,4.666666666666667,3.5,2.3333333333333335,4.0,10.0
1,1,2.0,36.0,1.0,2.0,4.0,2.0,1.0,20.0,20.0,1.0,100.0,2000.0,1768.0,88.4,88.4,1.0,3.0,1.0,0.0,2,,,,15.0,2.0,2.0,1.0,4.0,1.0,4.0,4.25,5.0,4.4,6.25,1.3333333333333333,4.333333333333333,5.333333333333333,3.25,1.0,2.6666666666666665,10.0
1,1,2.0,40.0,2.0,1.0,4.0,5.0,1.0,60.0,70.0,3.0,116.66666666666667,2800.0,2475.2,41.25333333333333,35.36,1.0,2.0,1.0,0.0,2,,,,48.0,0.0,0.0,20.0,3.5,4.0,2.6666666666666665,4.25,3.0,3.2,7.0,2.0,3.3333333333333335,6.0,4.75,1.0,4.0,10.0
1,1,2.0,37.0,2.0,2.0,4.0,5.0,1.0,40.0,40.0,1.0,100.0,4300.0,3801.2,95.03,95.03,3.0,2.0,1.0,0.0,2,,,,7.0,20.0,10.0,3.0,2.5,4.0,1.5,1.25,3.3333333333333335,1.8,4.5,2.0,4.0,5.333333333333333,5.25,2.6666666666666665,0.9999999999999996,10.0
1,1,2.0,47.0,1.0,2.0,4.0,5.0,1.0,30.0,30.0,1.0,100.0,3000.0,2652.0,88.4,88.4,2.0,4.0,3.0,20.0,2,,,,20.0,0.0,0.0,10.0,4.0,4.0,3.8,3.75,4.333333333333333,4.6,6.0,2.3333333333333335,4.333333333333333,5.666666666666667,4.75,1.0,3.0,10.0
1,1,1.0,57.0,1.0,2.0,4.0,2.0,1.0,40.0,44.0,3.0,110.00000000000001,6133.2,5421.748799999999,133.25219555555555,103.926576,3.0,1.0,1.0,0.0,2,,,,22.0,10.0,10.0,2.0,3.5,5.0,3.8333333333333335,4.25,4.666666666666667,3.4,6.25,1.3333333333333333,5.0,5.333333333333333,4.0,1.0,3.3333333333333335,10.0
1,1,1.0,54.0,1.0,1.0,4.0,2.0,1.0,40.0,40.0,1.0,100.0,5500.0,4862.0,121.54999999999998,121.55,1.0,2.0,1.0,0.0,2,,,,20.0,1.0,9.0,10.0,3.8333333333333335,4.0,2.0,1.75,3.3333333333333335,2.8,4.25,2.3333333333333335,3.6666666666666665,5.666666666666667,3.5,2.6666666666666665,2.3333333333333335,10.0
1,1,2.0,43.0,2.0,1.0,6.0,6.0,1.0,40.0,50.0,3.0,125.0,3600.0,3182.4,79.56,63.648,1.0,3.0,6.0,7.5,2,,,,25.0,3.5,0.0,20.0,3.2,5.0,3.3333333333333335,1.25,4.666666666666667,2.2,6.5,2.3333333333333335,6.0,5.666666666666667,4.666666666666667,1.0,4.666666666666667,10.0
1,1,2.0,38.0,2.0,1.0,4.0,5.0,3.0,40.0,60.0,3.0,150.0,4800.0,4243.2,106.08,70.72,3.0,3.0,5.0,2.0,2,,,,0.0,40.0,10.0,10.0,3.6666666666666665,5.0,4.0,3.5,3.0,3.8,5.25,4.333333333333333,4.666666666666667,6.0,5.75,1.333333333333333,3.6666666666666665,13.0
1,1,3.0,26.0,3.0,1.0,4.0,5.0,2.0,8.0,7.9999999999999964,1.0,100.0,540.0000000000002,477.3599999999999,59.67,59.67,1.0,1.0,2.0,15.0,2,,,,1.0,3.0,0.0,4.0,4.4,1.9999999999999998,3.1666666666666665,4.75,4.666666666666667,4.2,6.0,4.0,4.0,4.0,5.5,1.666666666666667,4.666666666666667,13.0
1,1,2.0,27.0,2.0,1.0,4.0,5.0,2.0,10.0,10.0,1.0,100.0,594.9999999999998,525.9800000000002,52.598,52.598,1.0,2.0,1.0,0.0,2,,,,0.0,0.0,10.0,0.0,4.5,1.0,4.666666666666667,5.0,5.0,4.8,4.0,1.3333333333333333,3.3333333333333335,4.666666666666667,4.75,1.0,2.0,13.0
1,1,2.0,26.0,2.0,1.0,4.0,3.0,3.0,8.0,7.9999999999999964,1.0,100.0,475.0,419.9000000000001,52.4875,52.4875,1.0,1.0,1.0,0.0,2,,,,0.0,8.0,0.0,0.0,3.0,1.9999999999999998,2.0,2.75,1.9999999999999998,2.2,3.5,2.6666666666666665,4.333333333333333,5.333333333333333,2.5,5.666666666666667,4.666666666666667,13.0
1,1,2.0,20.0,3.0,1.0,4.0,5.0,2.0,18.0,18.0,1.0,100.0,1100.0,972.4000000000001,54.022222222222226,54.022222222222226,1.0,1.0,1.0,0.0,2,,,,7.0,11.0,0.0,1.0,4.333333333333333,4.0,4.333333333333333,4.5,5.0,4.2,5.25,3.6666666666666665,5.0,4.333333333333333,5.0,1.666666666666667,5.666666666666667,13.0
1,1,2.0,24.0,2.0,1.0,4.0,5.0,2.0,16.0,16.0,1.0,100.0,950.0,839.8,52.4875,52.4875,1.0,1.0,2.0,8.0,2,,,,5.0,5.0,5.0,2.0,3.3333333333333335,4.0,2.8333333333333335,3.25,4.333333333333333,3.0,5.25,4.0,4.333333333333333,5.0,4.75,2.0,4.666666666666667,13.0
1,1,1.0,32.0,1.0,1.0,4.0,5.0,2.0,8.0,7.9999999999999964,1.0,100.0,550.0,486.20000000000005,60.775000000000006,60.775000000000006,1.0,1.0,1.0,0.0,2,,,,0.0,5.0,1.0,2.0,3.3333333333333335,3.0,3.0,4.0,4.666666666666667,3.6,6.0,3.6666666666666665,5.333333333333333,5.666666666666667,4.75,1.0,4.0,13.0
1,1,2.0,51.0,1.0,1.0,4.0,11.0,1.0,40.0,40.0,1.0,100.0,3000.0,2652.0,66.3,66.3,1.0,3.0,1.0,0.0,2,,,,0.0,8.0,8.0,16.0,4.166666666666667,4.0,3.8333333333333335,4.0,5.0,4.2,4.5,2.3333333333333335,4.333333333333333,5.666666666666667,4.5,1.0,3.6666666666666665,13.0
1,1,1.0,52.0,3.0,1.0,4.0,5.0,2.0,45.0,50.0,3.0,111.11111111111111,3000.0,2652.0,58.93333333333333,53.04,3.0,2.0,7.0,5.0,2,,,,8.0,15.0,12.0,5.0,2.5,1.9999999999999998,2.6666666666666665,2.0,3.3333333333333335,1.6000000000000003,3.75,2.3333333333333335,3.0,5.0,5.0,1.0,1.666666666666667,13.0
1,1,1.0,38.0,2.0,1.0,4.0,2.0,3.0,20.0,20.0,1.0,100.0,1800.0,1591.2,79.56,79.56,1.0,3.0,1.0,0.0,2,,,,15.0,2.0,0.0,3.0,3.6666666666666665,1.9999999999999998,4.166666666666667,3.5,4.0,4.4,5.25,3.0,5.333333333333333,4.666666666666667,5.0,1.333333333333333,6.0,13.0
1,1,2.0,45.0,1.0,2.0,4.0,4.0,2.0,40.0,60.0,3.0,150.0,7000.0,6188.0,154.7,103.13333333333334,1.0,1.0,1.0,0.0,2,,,,10.0,30.0,30.0,10.0,2.0,1.0,1.5,1.0,2.6666666666666665,3.2,7.0,4.333333333333333,3.3333333333333335,6.333333333333333,5.75,1.333333333333333,2.3333333333333335,8.0
1,1,2.0,36.0,2.0,1.0,4.0,5.0,3.0,40.0,40.0,1.0,100.0,4500.0,3978.0,99.45,99.45,2.0,2.0,1.0,0.0,2,,,,10.0,5.0,3.0,22.0,1.8333333333333333,1.9999999999999998,1.1666666666666665,1.0,2.3333333333333335,2.2,4.25,3.3333333333333335,2.6666666666666665,5.333333333333333,3.5,4.0,6.333333333333333,8.0
1,1,1.0,44.0,3.0,1.0,4.0,3.0,1.0,40.0,70.0,3.0,175.0,3000.0,2652.0,66.3,37.885714285714286,3.0,1.0,5.0,5.0,2,,,,10.0,10.0,20.0,30.0,2.3333333333333335,3.0,1.0,1.0,3.3333333333333335,1.4000000000000001,6.75,3.0,6.0,6.333333333333333,5.0,1.666666666666667,3.0,8.0
1,1,1.0,31.0,2.0,1.0,4.0,1.0,1.0,40.0,40.0,1.0,100.0,4900.0,4331.6,108.29,108.29,3.0,2.0,1.0,0.0,2,,,,4.0,10.0,20.0,5.0,4.0,4.0,3.8333333333333335,3.5,4.666666666666667,3.8,6.0,1.3333333333333333,4.666666666666667,5.333333333333333,4.0,1.333333333333333,5.333333333333333,8.0
1,1,1.0,56.0,1.0,1.0,4.0,2.0,1.0,40.0,47.5,3.0,118.75,5000.0,4420.0,110.5,93.05263157894737,3.0,2.0,5.0,15.0,2,,,,15.0,15.0,7.0,7.0,3.3333333333333335,3.0,2.0,2.25,2.6666666666666665,2.8,6.5,2.0,3.6666666666666665,5.0,4.0,1.0,3.0,8.0
1,1,2.0,45.0,1.0,2.0,4.0,3.0,1.0,24.0,27.0,3.0,112.5,2690.78,2378.64952,89.74898400000001,77.51384047290641,1.0,1.0,1.0,0.0,2,,,,7.0,4.0,1.0,1.0,4.333333333333333,3.0,3.3333333333333335,3.0,4.666666666666667,4.4,6.25,3.6666666666666665,5.0,5.666666666666667,5.25,1.0,4.666666666666667,8.0
1,1,1.0,36.0,1.0,2.0,4.0,6.0,3.0,40.0,50.0,3.0,125.0,6416.0,5671.744000000001,141.79360000000003,113.43488,1.0,2.0,1.0,0.0,2,,,,10.0,30.0,5.0,5.0,4.166666666666667,4.0,4.333333333333333,3.25,3.3333333333333335,3.2,6.0,2.6666666666666665,5.333333333333333,5.333333333333333,5.5,2.0,3.3333333333333335,8.0
1,1,2.0,34.0,1.0,2.0,4.0,3.0,3.0,40.0,44.0,3.0,110.00000000000001,5000.0,4420.0,110.5,100.45454545454545,1.0,1.0,1.0,0.0,2,,,,1.0,38.0,2.0,3.0,3.0,5.0,2.1666666666666665,2.0,3.6666666666666665,2.8,4.0,4.0,5.333333333333333,6.0,4.0,2.3333333333333335,3.3333333333333335,8.0
1,1,1.0,37.0,1.0,1.0,5.0,5.0,3.0,40.0,40.0,1.0,100.0,5434.0,4803.656,120.0914,120.0914,1.0,3.0,1.0,0.0,2,,,,0.0,20.0,10.0,10.0,4.166666666666667,4.0,4.666666666666667,4.5,4.666666666666667,4.0,4.75,2.6666666666666665,3.3333333333333335,5.0,4.5,1.0,4.0,8.0
1,1,1.0,55.0,3.0,1.0,4.0,4.0,3.0,40.0,80.0,3.0,200.0,5568.15,4922.2446,123.056115,61.5280575,3.0,1.0,1.0,0.0,2,,,,0.0,75.0,4.0,1.0,2.1666666666666665,1.0,3.0,2.0,3.0,1.8,4.5,2.0,1.0,5.333333333333333,4.25,1.0,0.9999999999999996,8.0
1,1,1.0,34.0,3.0,1.0,4.0,1.0,3.0,40.0,50.0,3.0,125.0,5000.0,4420.0,110.5,88.4,2.0,2.0,1.0,0.0,2,,,,10.0,30.0,5.0,5.0,3.3333333333333335,1.9999999999999998,3.6666666666666665,3.5,4.666666666666667,2.0,3.0,2.3333333333333335,5.0,5.0,4.0,3.0,1.666666666666667,8.0
1,1,1.0,52.0,3.0,1.0,5.0,4.0,1.0,40.0,40.0,1.0,100.0,5510.0,4870.84,121.771,121.771,1.0,2.0,1.0,0.0,2,,,,10.0,20.0,3.0,7.0,3.1666666666666665,4.0,3.8333333333333335,4.5,4.666666666666667,4.0,6.0,2.3333333333333335,4.333333333333333,5.0,4.25,1.0,4.333333333333333,8.0
1,1,2.0,37.0,2.0,1.0,5.0,4.0,1.0,40.0,40.0,1.0,100.0,4500.0,3978.0,99.45,99.45,1.0,1.0,1.0,0.0,2,,,,16.0,4.0,1.0,19.0,1.6666666666666667,1.0,1.6666666666666667,1.25,1.6666666666666665,2.6,5.0,3.6666666666666665,5.666666666666667,4.666666666666667,4.0,6.333333333333333,3.3333333333333335,8.0
1,1,1.0,36.0,1.0,2.0,4.0,4.0,3.0,20.0,20.0,1.0,100.0,2000.0,1768.0,88.4,88.4,1.0,1.0,1.0,0.0,2,,,,0.0,18.0,0.0,2.0,3.8333333333333335,4.0,3.6666666666666665,2.0,4.333333333333333,4.2,4.0,3.0,5.0,5.333333333333333,4.25,1.333333333333333,3.3333333333333335,8.0
1,1,2.0,29.0,3.0,1.0,4.0,1.0,3.0,40.0,48.0,3.0,120.0,4500.0,3978.0,99.45,82.875,1.0,2.0,1.0,0.0,2,,,,8.0,20.0,10.0,10.0,2.1666666666666665,1.0,2.6666666666666665,2.0,5.0,3.0,5.5,2.0,4.333333333333333,5.666666666666667,4.0,1.333333333333333,3.3333333333333335,8.0
1,1,2.0,39.0,4.0,2.0,4.0,4.0,1.0,27.0,27.0,1.0,100.0,2850.0,2519.4,93.31111111111112,93.31111111111112,1.0,2.0,1.0,0.0,2,,,,0.0,5.0,20.0,2.0,4.166666666666667,5.0,2.8333333333333335,3.0,4.333333333333333,3.6,4.75,3.6666666666666665,3.3333333333333335,5.0,4.75,1.0,5.333333333333333,8.0
1,1,1.0,33.0,3.0,1.0,4.0,2.0,3.0,40.0,40.0,1.0,100.0,5000.0,4420.0,110.5,110.5,1.0,1.0,1.0,0.0,2,,,,15.0,22.0,1.0,2.0,4.166666666666667,3.0,3.6666666666666665,4.25,4.666666666666667,4.0,6.0,3.3333333333333335,4.666666666666667,5.333333333333333,4.5,2.0,4.333333333333333,8.0
1,1,1.0,38.0,2.0,2.0,4.0,2.0,3.0,30.0,30.0,1.0,100.0,4000.0,3536.0,117.86666666666667,117.86666666666666,1.0,1.0,5.0,0.0,2,,,,22.0,3.0,0.0,5.0,4.5,1.9999999999999998,3.8333333333333335,4.0,5.0,3.4,3.0,1.0,4.333333333333333,2.3333333333333335,4.0,1.0,5.0,8.0
1,1,2.0,41.0,2.0,2.0,4.0,9.0,1.0,30.0,30.0,1.0,100.0,3300.0,2917.2,97.24,97.24,2.0,3.0,1.0,0.0,2,,,,0.0,5.0,1.0,24.0,2.5,3.0,3.3333333333333335,3.25,4.333333333333333,4.4,3.0,2.0,5.0,5.666666666666667,4.5,1.0,5.666666666666667,8.0
1,1,2.0,52.0,1.0,1.0,4.0,4.0,1.0,40.0,48.0,3.0,120.0,6400.0,5657.6,141.44,117.86666666666667,3.0,1.0,1.0,0.0,2,,,,12.0,10.0,20.0,6.0,4.666666666666667,3.0,3.8333333333333335,2.5,3.6666666666666665,3.6,7.0,2.0,4.333333333333333,6.0,4.75,1.0,1.666666666666667,8.0
1,1,2.0,36.0,2.0,2.0,4.0,2.0,3.0,20.0,25.0,3.0,125.0,1633.0,1443.5720000000001,72.1786,57.74288000000001,1.0,3.0,5.0,7.5,2,,,,20.0,3.0,0.5,2.0,2.5,3.0,2.8333333333333335,1.0,4.666666666666667,2.6,4.75,2.0,5.333333333333333,5.333333333333333,4.75,1.333333333333333,5.0,8.0
1,1,1.0,39.0,2.0,2.0,4.0,2.0,3.0,40.0,46.0,3.0,114.99999999999999,4000.0,3536.0,88.4,76.8695652173913,3.0,2.0,1.0,0.0,2,,,,12.0,14.0,4.0,16.0,2.8333333333333335,4.0,2.6666666666666665,1.25,3.3333333333333335,2.4,4.5,3.0,5.0,4.666666666666667,3.75,3.0,2.6666666666666665,8.0
1,1,1.0,35.0,2.0,1.0,5.0,5.0,2.0,40.0,40.0,1.0,100.0,5000.0,4420.0,110.5,110.5,1.0,1.0,1.0,0.0,2,,,,16.0,16.0,4.0,4.0,3.8333333333333335,1.9999999999999998,2.8333333333333335,4.25,3.6666666666666665,3.6,5.0,3.6666666666666665,4.0,5.0,4.25,1.333333333333333,2.6666666666666665,8.0
1,1,2.0,30.0,2.0,1.0,4.0,1.0,2.0,40.0,40.0,1.0,100.0,5000.0,4420.0,110.5,110.5,1.0,1.0,1.0,0.0,2,,,,5.0,34.0,1.0,0.0,3.6666666666666665,3.0,4.333333333333333,3.5,4.666666666666667,4.2,5.75,3.0,4.666666666666667,4.333333333333333,4.75,1.666666666666667,5.333333333333333,8.0
1,1,1.0,40.0,1.0,2.0,4.0,1.0,2.0,40.0,40.0,1.0,100.0,3700.0,3270.8,81.77000000000001,81.77000000000001,3.0,4.0,1.0,0.0,2,,,,3.0,20.0,10.0,7.0,4.0,4.0,4.166666666666667,4.25,3.6666666666666665,3.4,4.333333333333333,3.3333333333333335,5.0,5.0,5.25,1.0,4.0,8.0
1,1,2.0,39.0,2.0,2.0,4.0,1.0,1.0,40.0,47.0,3.0,117.5,5000.0,4420.0,110.5,94.04255319148936,3.0,2.0,1.0,0.0,2,,,,3.0,14.0,20.0,10.0,2.5,3.0,2.6666666666666665,2.75,5.0,2.4,3.5,2.0,4.0,4.666666666666667,4.25,1.0,0.9999999999999996,8.0
1,1,2.0,33.0,2.0,1.0,4.0,1.0,2.0,40.0,40.0,1.0,100.0,3826.6,3382.7144,87.21132718146717,87.21132718146718,3.0,2.0,1.0,0.0,2,,,,2.0,15.0,10.0,13.0,4.166666666666667,3.0,4.0,3.25,4.333333333333333,4.8,6.25,2.0,5.0,5.666666666666667,4.5,1.666666666666667,1.666666666666667,8.0
1,1,1.0,45.0,1.0,2.0,4.0,2.0,1.0,40.0,50.0,3.0,125.0,5000.0,4420.0,110.5,88.4,2.0,2.0,1.0,0.0,2,,,,5.0,5.0,20.0,10.0,3.2,5.0,3.3333333333333335,4.0,5.0,2.6,4.75,3.3333333333333335,4.666666666666667,6.0,5.0,1.0,1.666666666666667,8.0
1,1,2.0,33.0,2.0,1.0,4.0,1.0,3.0,40.0,45.0,3.0,112.5,5000.0,4420.0,110.5,98.22222222222223,1.0,2.0,5.0,8.0,2,,,,8.0,27.0,4.0,6.0,3.5,5.0,3.1666666666666665,3.0,4.666666666666667,3.2,5.75,2.0,5.0,5.333333333333333,4.25,1.333333333333333,4.666666666666667,8.0
1,1,2.0,37.0,2.0,1.0,4.0,5.0,2.0,45.0,45.0,1.0,100.0,3990.3799999999997,3527.4959200000003,85.50560024719101,84.27211187509799,1.0,2.0,1.0,0.0,2,,,,0.0,35.0,5.0,5.0,2.1666666666666665,5.0,2.0,2.25,4.666666666666667,2.8,7.0,5.666666666666667,6.333333333333333,6.333333333333333,6.0,1.0,6.333333333333333,8.0
1,1,2.0,46.0,1.0,2.0,4.0,6.0,3.0,40.0,45.0,3.0,112.5,5000.0,4420.0,110.5,98.22222222222223,1.0,2.0,1.0,0.0,2,,,,25.0,8.0,5.0,7.0,3.0,5.0,3.0,3.75,3.3333333333333335,3.0,6.0,4.333333333333333,5.666666666666667,6.0,4.5,1.666666666666667,5.666666666666667,8.0
1,1,1.0,38.0,1.0,2.0,4.0,3.0,1.0,40.0,50.0,3.0,125.0,4351.0,3846.2840000000006,96.15710000000001,76.92568000000001,2.0,2.0,1.0,0.0,2,,,,10.0,20.0,10.0,10.0,4.666666666666667,3.0,4.333333333333333,4.0,5.0,4.4,5.25,2.6666666666666665,4.0,5.666666666666667,4.75,1.0,2.3333333333333335,8.0
1,1,2.0,29.0,2.0,1.0,4.0,2.0,2.0,40.0,40.0,1.0,100.0,3277.0,2896.8680000000004,72.42170000000002,72.42170000000002,1.0,3.0,1.0,0.0,2,,,,3.0,33.0,1.0,3.0,4.833333333333333,4.0,4.0,4.75,4.0,4.8,4.75,1.6666666666666667,2.6666666666666665,5.666666666666667,4.5,1.0,0.9999999999999996,8.0
1,1,2.0,29.0,2.0,1.0,4.0,2.0,2.0,40.0,55.0,3.0,137.5,4351.9,3847.0796,96.17699,69.94690181818181,2.0,3.0,1.0,0.0,2,,,,20.0,20.0,5.0,5.0,3.3333333333333335,5.0,3.1666666666666665,3.75,3.3333333333333335,4.2,6.25,3.0,4.666666666666667,5.666666666666667,5.5,1.333333333333333,3.0,8.0
1,1,1.0,39.0,1.0,2.0,4.0,1.0,2.0,28.0,31.0,3.0,110.71428571428572,3040.0,2687.36,95.97714285714287,86.68903225806451,1.0,1.0,1.0,0.0,2,,,,0.0,27.0,2.0,2.0,3.5,3.0,3.3333333333333335,3.5,4.0,3.0,4.0,3.0,4.333333333333333,3.3333333333333335,4.5,2.0,3.0,8.0
1,1,2.0,33.0,1.0,1.0,4.0,4.0,5.0,40.0,43.0,3.0,107.5,5077.0,4488.068,112.2017,104.37367441860465,1.0,1.0,1.0,0.0,2,,,,1.0,33.0,8.0,2.0,4.0,5.0,4.0,4.5,5.0,3.4,6.25,4.333333333333333,5.666666666666667,5.666666666666667,5.75,1.0,2.3333333333333335,8.0
1,1,1.0,33.0,3.0,1.0,4.0,5.0,3.0,40.0,70.0,3.0,175.0,5000.0,4420.0,110.5,63.142857142857146,1.0,2.0,1.0,0.0,2,,,,20.0,40.0,0.0,10.0,2.8333333333333335,5.0,3.5,3.25,4.0,3.4,5.0,3.6666666666666665,5.333333333333333,6.0,5.25,1.0,4.333333333333333,8.0
1,1,1.0,40.0,3.0,1.0,4.0,4.0,1.0,40.0,60.0,3.0,150.0,5800.0,5127.2,128.18,85.45333333333333,3.0,1.0,5.0,1.0,2,,,,5.0,20.0,25.0,10.0,3.3333333333333335,3.0,2.3333333333333335,2.25,4.0,2.8,5.75,2.6666666666666665,4.333333333333333,5.666666666666667,4.25,1.333333333333333,4.333333333333333,8.0
1,1,1.0,33.0,2.0,1.0,4.0,1.0,2.0,40.0,40.0,1.0,100.0,4350.0,3845.3999999999996,96.13499999999999,96.13499999999999,3.0,2.0,1.0,0.0,2,,,,5.0,20.0,5.0,10.0,3.0,4.0,3.1666666666666665,3.25,4.333333333333333,3.8,5.25,4.333333333333333,4.666666666666667,5.0,4.25,2.0,4.0,8.0
1,1,1.0,48.0,3.0,1.0,4.0,5.0,2.0,30.0,50.0,3.0,166.66666666666669,4475.2,3956.0768,108.21744311688312,66.00474891740265,1.0,1.0,1.0,0.0,2,,,,15.0,25.0,5.0,5.0,3.3333333333333335,5.0,2.3333333333333335,2.75,4.666666666666667,3.4,5.5,2.3333333333333335,5.0,5.666666666666667,4.75,1.0,6.0,8.0
1,1,1.0,57.0,2.0,3.0,4.0,5.0,3.0,45.0,50.0,3.0,111.11111111111111,4666.0,4124.744000000001,91.66097777777779,82.49488000000001,3.0,3.0,5.0,10.0,2,,,,15.0,25.0,4.0,5.0,3.5,5.0,3.8333333333333335,5.0,4.666666666666667,4.0,6.333333333333333,3.0,5.333333333333333,6.0,5.0,1.0,4.0,8.0
1,1,1.0,33.0,2.0,1.0,4.0,1.0,3.0,40.0,40.0,1.0,100.0,5000.0,4420.0,110.5,110.5,1.0,1.0,1.0,0.0,2,,,,20.0,5.0,5.0,10.0,3.3333333333333335,5.0,2.5,3.25,2.6666666666666665,2.2,4.5,3.3333333333333335,3.6666666666666665,6.0,3.25,1.333333333333333,3.0,8.0
1,1,2.0,34.0,2.0,1.0,4.0,5.0,3.0,30.0,40.0,3.0,133.33333333333331,3549.0,3137.3160000000003,104.5772,78.4329,1.0,3.0,1.0,0.0,2,,,,16.0,16.0,0.0,8.0,4.0,3.0,3.8333333333333335,4.0,4.666666666666667,3.4,4.5,3.6666666666666665,3.6666666666666665,6.0,5.75,1.0,3.6666666666666665,8.0
1,1,2.0,56.0,1.0,1.0,4.0,5.0,1.0,35.0,35.0,1.0,100.0,4084.448,3610.652032,94.6863008,94.6863008,1.0,1.0,1.0,0.0,2,,,,10.0,15.0,10.0,2.0,3.8333333333333335,4.0,4.333333333333333,4.25,4.0,4.6,5.75,2.0,4.333333333333333,5.666666666666667,4.5,1.0,1.666666666666667,8.0
1,1,1.0,49.0,2.0,1.0,4.0,5.0,2.0,40.0,40.0,1.0,100.0,4800.0,4243.2,106.08,106.08,1.0,2.0,1.0,0.0,2,,,,7.0,30.0,2.0,2.0,3.8333333333333335,3.0,4.666666666666667,2.0,2.6666666666666665,3.4,4.25,2.0,4.666666666666667,3.5,4.0,1.0,3.3333333333333335,8.0
1,1,1.0,39.0,1.0,1.0,4.0,5.0,3.0,40.0,47.5,3.0,118.75,4700.0,4154.8,103.87,87.46947368421053,3.0,2.0,1.0,0.0,2,,,,2.5,22.5,7.5,2.0,4.0,4.0,4.666666666666667,4.5,4.666666666666667,3.6,5.5,2.3333333333333335,4.333333333333333,4.333333333333333,4.75,1.0,4.333333333333333,8.0
1,1,2.0,31.0,3.0,1.0,4.0,8.0,3.0,30.0,30.0,1.0,100.0,2600.0,2298.4,76.61333333333333,76.61333333333333,1.0,1.0,1.0,0.0,2,,,,10.0,10.0,4.0,6.0,4.833333333333333,3.0,3.6666666666666665,3.25,4.0,3.8,4.5,3.3333333333333335,4.333333333333333,5.0,5.0,1.0,4.0,8.0
1,1,1.0,34.0,2.0,1.0,4.0,3.0,2.0,40.0,40.0,1.0,100.0,5000.0,4420.0,110.5,110.5,1.0,1.0,5.0,10.0,2,,,,10.0,10.0,15.0,5.0,2.8333333333333335,4.0,4.166666666666667,3.25,3.3333333333333335,3.0,5.5,4.333333333333333,5.666666666666667,6.0,5.0,1.0,5.0,8.0
1,1,1.0,41.0,1.0,2.0,4.0,3.0,2.0,40.0,42.0,3.0,105.0,4380.0,3871.92,96.798,82.20626645401383,3.0,2.0,4.0,4.0,2,,,,13.0,10.0,18.0,1.0,3.6666666666666665,4.0,4.333333333333333,4.75,5.0,4.4,5.25,3.6666666666666665,3.6666666666666665,5.0,5.0,1.0,3.6666666666666665,8.0
1,1,1.0,32.0,1.0,1.0,4.0,6.0,3.0,40.0,55.0,3.0,137.5,4700.0,4154.8,103.87,75.54181818181819,1.0,1.0,1.0,0.0,2,,,,12.0,29.0,4.0,10.0,2.8333333333333335,1.9999999999999998,2.1666666666666665,4.0,3.6666666666666665,3.2,4.25,2.3333333333333335,3.0,5.0,5.75,1.333333333333333,1.666666666666667,8.0
1,1,1.0,30.0,2.0,1.0,4.0,4.0,2.0,40.0,45.0,3.0,112.5,2450.0,2165.8,54.145,48.128888888888895,1.0,1.0,1.0,0.0,2,,,,0.0,30.0,5.0,5.0,3.6666666666666665,4.0,3.0,3.25,4.0,3.0,5.0,4.666666666666667,4.666666666666667,5.0,4.0,1.666666666666667,5.666666666666667,8.0
1,1,2.0,39.0,2.0,2.0,4.0,4.0,2.0,25.0,30.0,3.0,120.0,1950.0,1723.8000000000002,68.95200000000001,57.46000000000001,1.0,2.0,1.0,0.0,2,,,,0.0,25.0,3.0,2.0,3.5,4.0,3.5,3.75,4.0,2.8,4.0,3.0,4.666666666666667,4.333333333333333,4.5,1.333333333333333,5.0,8.0
1,1,2.0,46.0,1.0,2.0,4.0,8.0,3.0,40.0,40.0,1.0,100.0,4340.0,3836.5600000000004,96.55116883116884,96.55116883116884,1.0,1.0,1.0,0.0,2,,,,10.0,20.0,5.0,5.0,3.1666666666666665,5.0,2.5,2.0,3.6666666666666665,3.4,4.5,3.6666666666666665,5.0,5.666666666666667,5.25,1.0,4.666666666666667,8.0
1,1,1.0,43.0,1.0,2.0,4.0,5.0,3.0,40.0,40.0,1.0,100.0,5000.0,4420.0,110.5,110.5,1.0,1.0,1.0,0.0,2,,,,10.0,20.0,10.0,10.0,3.5,1.0,2.966666666666667,2.75,2.3333333333333335,2.4,2.5,2.3333333333333335,2.3333333333333335,2.3333333333333335,3.75,2.6666666666666665,3.3333333333333335,8.0
1,1,2.0,34.0,2.0,2.0,4.0,8.0,3.0,20.0,26.0,3.0,130.0,2300.0,2033.1999999999998,101.66,78.19999999999999,1.0,1.0,1.0,0.0,2,,,,5.0,5.0,5.0,5.0,3.6666666666666665,5.0,2.3333333333333335,2.75,5.0,3.2,5.75,4.666666666666667,5.333333333333333,5.0,4.5,1.0,6.0,8.0
1,1,2.0,42.0,2.0,2.0,4.0,5.0,3.0,40.0,40.0,1.0,100.0,4500.0,3978.0,99.45,99.45000000000002,1.0,1.0,1.0,0.0,2,,,,20.0,16.0,1.0,3.0,3.8333333333333335,4.0,3.5,3.75,4.333333333333333,3.2,4.25,2.0,3.6666666666666665,5.0,4.25,1.666666666666667,2.3333333333333335,8.0
1,1,2.0,38.0,1.0,2.0,4.0,5.0,3.0,40.0,40.0,1.0,100.0,4500.0,3978.0,99.45,99.45,1.0,3.0,1.0,0.0,2,,,,15.0,25.0,0.0,10.0,2.6666666666666665,4.0,2.3333333333333335,1.0,3.6666666666666665,3.2,5.5,2.3333333333333335,4.333333333333333,6.0,4.75,1.0,1.666666666666667,8.0
1,1,1.0,32.0,2.0,1.0,4.0,8.0,3.0,40.0,50.0,3.0,125.0,4300.0,3801.2,95.03,76.024,1.0,2.0,1.0,0.0,2,,,,10.0,5.0,30.0,5.0,3.5,5.0,1.8333333333333333,1.5,5.0,3.0,6.0,1.6666666666666667,5.0,5.333333333333333,4.0,1.666666666666667,1.3333333333333335,8.0
1,1,2.0,30.0,2.0,1.0,4.0,7.0,2.0,30.0,40.0,3.0,133.33333333333331,5000.0,4420.0,147.33333333333337,110.5,3.0,4.0,1.0,0.0,2,,,,15.0,15.0,10.0,5.0,2.6666666666666665,4.0,4.333333333333333,3.5,5.0,3.8,5.0,5.333333333333333,6.0,6.0,5.5,1.0,3.0,8.0
1,1,2.0,35.0,2.0,1.0,4.0,5.0,3.0,40.0,55.0,3.0,137.5,4700.0,4154.8,103.87,75.54181818181819,1.0,2.0,1.0,0.0,2,,,,10.0,35.0,5.0,5.0,3.8333333333333335,4.0,2.8333333333333335,3.75,4.666666666666667,2.8,4.25,2.0,4.0,5.333333333333333,4.0,2.0,4.0,8.0
1,1,1.0,40.0,1.0,2.0,4.0,1.0,3.0,32.0,15.0,2.0,46.875,3900.0,3447.6000000000004,107.73750000000001,229.84000000000003,1.0,1.0,1.0,0.0,2,,,,0.0,5.0,5.0,5.0,3.3333333333333335,4.0,2.3333333333333335,4.5,2.3333333333333335,2.0,1.5,2.0,1.6666666666666665,2.6666666666666665,2.5,4.666666666666667,2.6666666666666665,8.0
1,1,2.0,30.0,2.0,1.0,4.0,1.0,3.0,40.0,50.0,3.0,125.0,4100.0,3624.3999999999996,90.60999999999999,72.488,1.0,2.0,1.0,0.0,2,,,,15.0,25.0,5.0,5.0,3.1666666666666665,5.0,4.0,3.25,5.0,3.6,6.25,4.0,5.666666666666667,5.333333333333333,5.25,1.333333333333333,5.333333333333333,8.0
1,1,2.0,52.0,2.0,2.0,4.0,5.0,3.0,40.0,44.0,3.0,110.00000000000001,4500.0,3978.0,99.45,90.4090909090909,1.0,2.0,1.0,0.0,2,,,,10.0,20.0,10.0,3.0,3.5,3.0,4.833333333333333,3.0,4.0,3.6,4.0,3.0,4.333333333333333,4.666666666666667,4.25,1.0,3.0,8.0
1,1,2.0,33.0,2.0,1.0,4.0,5.0,3.0,40.0,52.5,3.0,131.25,3500.0,3094.0,77.35,58.93333333333333,3.0,1.0,4.0,8.0,2,,,,15.0,20.0,10.0,10.0,3.5,3.0,3.5,2.75,1.9999999999999998,3.4,5.75,4.0,5.0,6.0,4.25,2.3333333333333335,4.666666666666667,8.0
1,1,2.0,42.0,1.0,2.0,4.0,5.0,3.0,40.0,40.0,1.0,100.0,5200.0,4596.8,114.92,114.92,3.0,2.0,1.0,0.0,2,,,,20.0,12.0,5.0,3.0,4.0,5.0,4.5,3.5,3.3333333333333335,3.8,6.0,1.6666666666666667,5.666666666666667,5.333333333333333,4.25,1.0,5.333333333333333,8.0
1,1,2.0,50.0,1.0,2.0,4.0,7.0,1.0,40.0,50.0,3.0,125.0,5600.0,4950.4,123.75999999999999,99.008,1.0,3.0,5.0,5.0,2,,,,5.0,45.0,0.0,1.0,4.25,5.0,3.1666666666666665,3.75,3.3333333333333335,3.4,5.25,2.0,4.333333333333333,6.0,4.666666666666667,2.3333333333333335,4.0,8.0
1,1,1.0,29.0,2.0,1.0,4.0,1.0,3.0,40.0,55.0,3.0,137.5,4350.0,3845.3999999999996,96.13499999999999,69.91636363636363,1.0,1.0,1.0,0.0,2,,,,20.0,20.0,5.0,10.0,2.8333333333333335,5.0,2.5,1.75,3.3333333333333335,1.8,2.5,2.3333333333333335,3.6666666666666665,5.666666666666667,4.25,2.0,0.9999999999999996,8.0
1,1,2.0,47.0,2.0,1.0,4.0,9.0,1.0,40.0,50.0,3.0,125.0,3000.0,2652.0,66.3,53.04,2.0,2.0,1.0,0.0,2,,,,12.0,15.0,5.0,15.0,3.8333333333333335,4.0,2.6666666666666665,1.25,4.666666666666667,3.2,7.0,2.0,3.6666666666666665,6.0,4.75,1.0,1.3333333333333335,8.0
1,1,2.0,34.0,1.0,2.0,4.0,5.0,3.0,29.0,45.0,3.0,155.17241379310346,4300.0,3801.2,131.0758620689655,84.47111111111111,3.0,1.0,1.0,0.0,2,,,,15.0,15.0,5.0,10.0,2.3333333333333335,4.0,2.3333333333333335,4.25,2.3333333333333335,2.6,5.5,4.0,5.0,6.0,5.0,1.333333333333333,2.0,8.0
1,1,2.0,30.0,2.0,1.0,4.0,1.0,3.0,40.0,40.0,1.0,100.0,5100.0,4508.4,112.71,112.71,1.0,1.0,1.0,0.0,2,,,,0.0,30.0,5.0,5.0,2.8333333333333335,5.0,3.3333333333333335,3.5,4.666666666666667,3.2,6.0,3.3333333333333335,5.333333333333333,5.0,5.25,1.0,4.333333333333333,8.0
1,1,1.0,69.0,1.0,1.0,4.0,4.0,2.0,4.0,40.0,3.0,1000.0,500.0,442.0,110.5,11.049999999999997,1.0,1.0,1.0,0.0,2,,,,0.0,0.0,40.0,0.0,4.666666666666667,1.0,3.6666666666666665,1.5,5.0,5.0,5.5,1.0,5.0,5.0,4.0,1.0,5.0,8.0
1,1,2.0,33.0,2.0,1.0,4.0,5.0,3.0,40.0,50.0,3.0,125.0,4111.7,3634.7428,90.86857,72.694856,1.0,4.0,1.0,0.0,2,,,,12.0,30.0,0.0,8.0,3.0,5.0,1.8333333333333333,1.0,3.6666666666666665,2.4,6.25,4.333333333333333,5.0,5.333333333333333,4.75,2.3333333333333335,5.666666666666667,8.0
1,1,1.0,36.0,2.0,2.0,4.0,5.0,3.0,20.0,27.5,3.0,137.5,2917.8,2579.3352,95.00726857142857,75.11695164750958,1.0,3.0,1.0,0.0,2,,,,8.0,8.0,4.0,4.0,3.8333333333333335,3.0,4.166666666666667,4.75,5.0,3.0,5.75,3.0,4.333333333333333,5.333333333333333,5.0,1.0,2.0,8.0
1,1,2.0,40.0,1.0,2.0,6.0,5.0,3.0,40.0,40.0,1.0,100.0,5200.0,4596.8,114.92,114.92,1.0,3.0,1.0,0.0,2,,,,20.0,5.0,5.0,10.0,3.5,4.0,2.0,2.25,2.6666666666666665,2.8,5.75,1.6666666666666667,4.666666666666667,5.666666666666667,4.0,2.6666666666666665,3.0,8.0
1,1,1.0,39.0,1.0,1.0,4.0,6.0,3.0,40.0,45.0,3.0,112.5,5100.0,4508.4,112.71,100.18666666666665,3.0,2.0,1.0,0.0,2,,,,7.0,14.0,12.0,12.0,2.8333333333333335,1.9999999999999998,3.5,2.5,3.6666666666666665,2.4,5.25,2.0,5.0,4.666666666666667,4.25,1.666666666666667,2.0,8.0
1,1,2.0,30.0,1.0,1.0,4.0,8.0,3.0,20.0,25.7,3.0,128.5,2538.0,2243.592,112.1796,87.29929961089495,1.0,1.0,1.0,0.0,2,,,,10.0,10.0,5.0,5.0,3.5,4.0,2.3333333333333335,2.75,1.3333333333333335,3.0,3.5,2.3333333333333335,4.0,2.3333333333333335,3.0,4.0,4.666666666666667,8.0
1,1,2.0,32.0,1.0,1.0,4.0,1.0,3.0,40.0,40.0,1.0,100.0,4200.0,3712.8,92.82000000000001,92.82000000000001,3.0,2.0,1.0,0.0,2,,,,15.0,4.0,0.0,15.0,4.333333333333333,4.0,2.1666666666666665,3.75,4.0,2.4,4.75,4.0,5.0,5.333333333333333,4.0,3.0,3.3333333333333335,8.0
1,1,2.0,41.0,1.0,1.0,4.0,4.0,2.0,40.0,45.0,3.0,112.5,4500.0,3978.0,99.45,88.4,1.0,1.0,1.0,0.0,2,,,,2.0,15.0,5.0,8.0,3.5,4.0,2.8333333333333335,4.25,5.0,3.2,5.75,2.0,3.3333333333333335,5.666666666666667,5.0,1.333333333333333,2.6666666666666665,8.0
1,1,2.0,48.0,1.0,2.0,4.0,5.0,2.0,40.0,40.0,1.0,100.0,3000.0,2652.0,66.3,66.3,4.0,2.0,1.0,0.0,2,,,,14.0,6.0,6.0,14.0,3.3333333333333335,3.0,3.8333333333333335,3.0,4.333333333333333,3.8,4.75,2.3333333333333335,4.666666666666667,3.6666666666666665,4.25,1.666666666666667,4.666666666666667,8.0
1,1,2.0,36.0,1.0,1.0,4.0,5.0,3.0,40.0,40.0,1.0,100.0,4350.0,3845.3999999999996,96.13499999999999,96.13499999999999,1.0,2.0,1.0,0.0,2,,,,8.0,20.0,2.0,10.0,2.3333333333333335,1.0,2.5,1.0,1.3333333333333335,2.4,3.25,2.0,4.0,5.666666666666667,4.75,5.0,2.3333333333333335,8.0
1,1,2.0,29.0,3.0,1.0,4.0,5.0,3.0,40.0,40.0,1.0,100.0,4351.9,3847.0796,96.17699,96.17699,1.0,1.0,1.0,0.0,2,,,,20.0,15.0,2.0,3.0,4.333333333333333,4.0,3.6666666666666665,1.75,5.0,3.6,5.75,2.3333333333333335,5.666666666666667,5.333333333333333,4.75,1.666666666666667,5.333333333333333,8.0
1,1,1.0,39.0,2.0,2.0,4.0,1.0,3.0,30.0,30.0,1.0,100.0,3262.0,2883.6080000000006,96.1202666666667,96.1202666666667,3.0,1.0,4.0,10.0,2,,,,0.0,10.0,16.0,4.0,3.6666666666666665,1.9999999999999998,4.666666666666667,5.0,4.666666666666667,2.6,3.5,2.0,5.333333333333333,3.6666666666666665,4.5,1.0,3.0,8.0
1,1,2.0,27.0,2.0,1.0,4.0,1.0,3.0,40.0,50.0,3.0,125.0,4352.0,3847.1680000000006,96.17920000000001,76.94336000000001,1.0,2.0,1.0,0.0,2,,,,5.0,40.0,0.0,5.0,3.3333333333333335,3.0,4.333333333333333,4.75,4.666666666666667,3.8,6.0,3.3333333333333335,5.666666666666667,5.0,4.75,2.3333333333333335,3.3333333333333335,8.0
1,1,2.0,36.0,2.0,1.0,4.0,2.0,3.0,40.0,40.0,1.0,100.0,4900.0,4331.6,108.29,108.29,3.0,1.0,1.0,0.0,2,,,,3.0,22.0,14.0,1.0,3.5,5.0,3.0,1.75,4.333333333333333,3.2,6.0,4.0,3.6666666666666665,5.666666666666667,4.0,1.666666666666667,6.666666666666667,8.0
1,1,1.0,29.0,3.0,1.0,4.0,1.0,3.0,40.0,50.0,3.0,125.0,4729.0,4180.436,104.51089999999999,83.60871999999999,1.0,2.0,1.0,0.0,2,,,,0.0,35.0,10.0,10.0,3.1666666666666665,4.0,3.5,4.75,5.0,3.8,5.0,2.3333333333333335,4.666666666666667,5.0,5.5,2.3333333333333335,3.3333333333333335,8.0
1,1,2.0,33.0,1.0,1.0,4.0,5.0,3.0,40.0,44.0,3.0,110.00000000000001,5077.0,4488.068,112.2017,102.00154545454546,1.0,2.0,1.0,0.0,2,,,,15.0,15.0,0.5,10.0,4.333333333333333,4.0,3.6666666666666665,3.75,2.6666666666666665,3.8,6.0,3.0,5.333333333333333,5.0,4.75,2.3333333333333335,6.333333333333333,8.0
1,1,1.0,41.0,3.0,1.0,4.0,5.0,3.0,40.0,40.0,1.0,100.0,5000.0,4420.0,110.5,110.5,1.0,2.0,1.0,0.0,2,,,,8.0,30.0,0.0,2.0,4.333333333333333,1.9999999999999998,3.1666666666666665,3.0,3.3333333333333335,3.0,4.25,1.6666666666666667,4.666666666666667,4.333333333333333,2.75,4.0,3.6666666666666665,8.0
1,1,2.0,42.0,3.0,1.0,4.0,5.0,3.0,40.0,47.5,3.0,118.75,3300.0,2917.2,72.92999999999999,61.414736842105256,1.0,1.0,1.0,0.0,2,,,,25.0,10.0,0.0,10.0,4.166666666666667,5.0,3.5,3.75,4.666666666666667,3.2,4.25,4.333333333333333,3.3333333333333335,5.0,5.25,1.333333333333333,6.0,8.0
1,1,1.0,31.0,2.0,1.0,4.0,1.0,3.0,40.0,50.0,3.0,125.0,5000.0,4420.0,110.5,88.4,3.0,1.0,1.0,0.0,2,,,,0.0,20.0,20.0,10.0,3.6666666666666665,1.9999999999999998,4.666666666666667,2.75,4.0,4.4,5.0,2.0,5.333333333333333,6.0,6.25,1.0,2.0,8.0
1,1,1.0,31.0,1.0,1.0,4.0,1.0,2.0,40.0,50.0,3.0,125.0,4350.0,3845.3999999999996,96.13499999999999,76.90799999999999,3.0,2.0,5.0,2.5,2,,,,8.0,12.0,15.0,15.0,4.0,3.0,4.166666666666667,5.0,5.0,3.4,5.5,4.0,5.0,4.666666666666667,4.75,1.0,5.0,8.0
1,1,1.0,40.0,2.0,2.0,4.0,4.0,2.0,40.0,55.0,3.0,137.5,4560.0,4031.04,104.31200000000001,74.80961616161616,1.0,3.0,5.0,4.0,2,,,,4.0,6.0,2.0,10.0,3.6666666666666665,3.0,2.6666666666666665,3.5,3.6666666666666665,3.4,6.0,3.0,5.666666666666667,5.333333333333333,4.0,1.0,4.666666666666667,8.0
1,1,2.0,33.0,2.0,1.0,4.0,5.0,3.0,40.0,40.0,1.0,100.0,5076.0,4487.184,112.1796,112.17960000000001,1.0,2.0,1.0,0.0,2,,,,5.0,25.0,5.0,5.0,4.833333333333333,5.0,5.0,5.0,5.0,4.0,4.0,3.3333333333333335,4.333333333333333,5.0,4.5,1.0,2.3333333333333335,8.0
1,1,2.0,39.0,1.0,2.0,4.0,5.0,3.0,35.0,40.0,3.0,114.28571428571428,4000.0,3536.0,101.02857142857142,88.4,3.0,1.0,1.0,0.0,2,,,,5.0,0.0,30.0,5.0,2.3333333333333335,5.0,3.1666666666666665,1.5,5.0,1.1999999999999997,2.75,3.3333333333333335,4.333333333333333,2.3333333333333335,3.5,4.666666666666667,4.0,8.0
1,1,2.0,38.0,1.0,1.0,4.0,1.0,3.0,24.0,29.0,3.0,120.83333333333333,3340.0,2952.56,123.02333333333333,101.81241379310345,3.0,1.0,5.0,13.5,2,,,,4.0,10.0,10.0,6.0,4.5,4.0,3.6666666666666665,4.25,4.333333333333333,3.6,5.25,3.6666666666666665,4.666666666666667,4.666666666666667,4.25,1.0,4.0,8.0
1,1,2.0,37.0,2.0,2.0,4.0,1.0,3.0,32.0,32.0,1.0,100.0,4061.0,3589.924,112.185125,112.185125,1.0,2.0,1.0,0.0,2,,,,8.0,16.0,4.0,4.0,3.5,3.0,4.0,5.0,3.6666666666666665,2.8,5.5,3.0,3.6666666666666665,5.333333333333333,4.5,1.333333333333333,2.6666666666666665,8.0
1,1,2.0,41.0,1.0,2.0,4.0,5.0,3.0,40.0,40.0,1.0,100.0,3800.0,3359.2,83.97999999999999,83.97999999999999,3.0,1.0,1.0,0.0,2,,,,12.0,8.0,8.0,8.0,3.3333333333333335,4.0,2.6666666666666665,2.0,2.3333333333333335,2.6,4.25,2.0,4.333333333333333,4.666666666666667,4.5,2.3333333333333335,3.0,8.0
1,1,2.0,34.0,2.0,1.0,4.0,1.0,3.0,40.0,40.0,1.0,100.0,4351.9,3847.0796,96.17699,96.17699,1.0,1.0,1.0,0.0,2,,,,0.0,24.0,8.0,8.0,4.5,5.0,4.333333333333333,5.0,5.0,3.6,4.75,2.3333333333333335,6.333333333333333,5.666666666666667,3.75,1.333333333333333,6.333333333333333,8.0
1,1,1.0,33.0,1.0,1.0,4.0,1.0,2.0,40.0,40.0,1.0,100.0,4200.0,3712.8,92.82000000000001,92.82000000000001,1.0,3.0,1.0,0.0,2,,,,0.0,30.0,25.0,5.0,3.8333333333333335,4.0,3.3333333333333335,4.0,4.333333333333333,3.8,6.5,5.666666666666667,5.666666666666667,5.333333333333333,5.75,2.6666666666666665,4.666666666666667,8.0
1,1,1.0,28.0,3.0,1.0,4.0,5.0,3.0,40.0,40.0,1.0,100.0,4351.9,3847.0796,96.17699,96.17699,1.0,1.0,1.0,0.0,2,,,,10.0,25.0,0.0,5.0,3.5,3.0,4.5,3.75,4.666666666666667,4.8,5.75,3.0,4.333333333333333,5.0,5.25,1.0,4.0,8.0
1,1,2.0,42.0,2.0,2.0,4.0,6.0,1.0,40.0,45.0,3.0,112.5,3150.0,3438.76,89.947,63.934247619047625,2.0,3.0,1.0,0.0,2,,,,15.0,10.0,0.0,15.0,3.1666666666666665,4.0,3.0,2.75,3.6666666666666665,2.8,5.25,3.3333333333333335,4.666666666666667,4.666666666666667,4.5,2.0,4.666666666666667,8.0
1,1,1.0,31.0,1.0,1.0,4.0,1.0,3.0,40.0,45.0,3.0,112.5,4000.0,3536.0,88.4,78.57777777777778,1.0,1.0,1.0,0.0,2,,,,0.0,38.0,1.0,2.0,4.5,5.0,2.8333333333333335,3.0,4.0,3.2,5.75,4.333333333333333,5.0,5.333333333333333,6.0,1.0,3.6666666666666665,8.0
1,1,2.0,36.0,3.0,1.0,4.0,1.0,3.0,40.0,40.0,1.0,100.0,2800.0,2475.2,61.879999999999995,61.879999999999995,1.0,1.0,1.0,0.0,2,,,,15.0,15.0,5.0,5.0,4.0,5.0,3.3333333333333335,2.5,3.6666666666666665,3.2,5.5,4.0,3.6666666666666665,6.0,5.0,1.333333333333333,1.5,8.0
1,1,1.0,41.0,2.0,2.0,4.0,3.0,1.0,38.0,38.0,1.0,100.0,3704.0,3274.336,85.54173333333333,85.54173333333333,2.0,3.0,1.0,0.0,2,,,,12.0,8.0,8.0,10.0,2.6666666666666665,4.0,2.8333333333333335,3.75,5.0,3.4,6.0,4.333333333333333,5.333333333333333,5.666666666666667,4.25,1.333333333333333,5.333333333333333,8.0
1,1,1.0,36.0,3.0,1.0,4.0,6.0,3.0,40.0,55.0,3.0,137.5,3235.0,2859.74,71.4935,51.99527272727272,1.0,2.0,1.0,0.0,2,,,,15.0,15.0,13.0,12.0,3.1666666666666665,5.0,1.8333333333333333,3.0,3.6666666666666665,3.0,5.25,5.333333333333333,5.0,5.333333333333333,5.25,1.666666666666667,3.6666666666666665,8.0
1,1,2.0,36.0,2.0,1.0,4.0,5.0,3.0,40.0,47.5,3.0,118.75,5124.0,4529.616,113.2404,95.36033684210527,3.0,2.0,1.0,0.0,2,,,,0.0,25.0,5.0,10.0,3.0,3.0,3.3333333333333335,4.0,5.0,3.4,5.75,3.6666666666666665,4.666666666666667,4.666666666666667,4.75,1.0,5.333333333333333,8.0
1,1,1.0,41.0,2.0,2.0,4.0,5.0,3.0,30.0,30.0,1.0,100.0,3162.0,2795.208,95.12576666666666,95.12576666666666,3.0,1.0,1.0,0.0,2,,,,2.0,22.0,4.0,2.0,4.333333333333333,4.0,3.3333333333333335,3.0,3.3333333333333335,3.0,4.5,3.3333333333333335,5.333333333333333,5.0,5.75,2.0,4.666666666666667,8.0
1,1,1.0,43.0,1.0,2.0,4.0,1.0,3.0,40.0,51.8,3.0,135.91472868217056,3500.0,3094.0,77.35,52.06971977397706,3.0,1.0,1.0,0.0,2,,,,5.0,5.0,10.0,20.0,1.8333333333333333,5.0,1.0,2.0,2.6666666666666665,1.4000000000000001,3.75,3.6666666666666665,4.0,5.0,6.0,6.666666666666667,1.3333333333333335,8.0
1,1,2.0,35.4,1.0,2.0,4.0,6.0,3.0,40.0,44.0,3.0,110.00000000000001,4000.0,3536.0,88.4,80.36363636363636,1.0,3.0,1.0,0.0,2,,,,30.0,10.0,0.0,4.0,4.0,4.0,4.166666666666667,5.0,4.333333333333333,4.0,5.75,2.6666666666666665,4.333333333333333,5.666666666666667,5.0,2.6666666666666665,5.0,8.0
1,1,2.0,37.0,3.0,1.0,4.0,5.0,3.0,40.0,40.0,1.0,100.0,4122.38,3644.18392,93.22586691385769,93.22586691385769,1.0,1.0,1.0,0.0,2,,,,10.0,20.0,3.0,7.0,3.6666666666666665,3.0,2.6666666666666665,2.0,2.6666666666666665,3.8,7.0,5.333333333333333,5.333333333333333,6.0,6.25,1.333333333333333,5.333333333333333,8.0
1,1,1.0,31.0,2.0,1.0,4.0,1.0,3.0,40.0,40.0,1.0,100.0,3600.0,3182.4,79.56,79.56,1.0,1.0,5.0,10.0,2,,,,1.0,35.0,4.0,5.0,4.333333333333333,3.0,4.0,2.25,5.0,4.0,4.25,3.3333333333333335,3.6666666666666665,4.333333333333333,4.25,1.0,2.0,8.0
1,1,1.0,33.0,3.0,1.0,4.0,1.0,3.0,36.0,36.0,1.0,100.0,4448.0,3932.032,109.22311111111111,109.22311111111111,1.0,1.0,1.0,0.0,2,,,,2.0,32.0,0.0,2.0,4.0,1.9999999999999998,4.5,5.0,4.0,4.2,7.0,3.0,4.666666666666667,5.333333333333333,5.0,1.0,7.0,8.0
1,1,2.0,42.0,2.0,2.0,4.0,5.0,3.0,40.0,40.0,1.0,100.0,4351.9,3847.0796,96.17699,96.17699,3.0,2.0,1.0,0.0,2,,,,6.0,15.0,9.0,10.0,3.1666666666666665,3.0,4.0,2.75,3.6666666666666665,2.8,5.0,3.0,4.333333333333333,5.0,4.75,1.0,3.0,8.0
1,1,1.0,33.0,1.0,1.0,4.0,1.0,3.0,40.0,45.0,3.0,112.5,5500.0,4862.0,121.54999999999998,108.04444444444445,1.0,1.0,1.0,0.0,2,,,,17.5,17.5,10.0,0.0,3.8,4.0,4.333333333333333,3.5,5.0,3.8,6.0,4.0,3.3333333333333335,4.666666666666667,5.5,1.0,2.0,8.0
1,1,2.0,32.0,3.0,1.0,4.0,7.0,3.0,40.0,55.0,3.0,137.5,4351.9,3847.0796,96.17699,69.94690181818181,1.0,2.0,5.0,5.0,2,,,,40.0,10.0,0.0,5.0,2.3333333333333335,4.0,3.6666666666666665,2.25,5.0,2.8,6.0,3.3333333333333335,4.666666666666667,5.666666666666667,4.75,1.0,4.0,8.0
1,1,1.0,31.0,1.0,1.0,4.0,9.0,3.0,30.0,40.0,3.0,133.33333333333331,2566.0,2268.344,75.61146666666667,56.708600000000004,1.0,2.0,5.0,10.0,2,,,,8.0,30.0,0.0,4.0,4.0,3.0,3.8333333333333335,4.25,3.3333333333333335,3.6,5.0,2.3333333333333335,4.333333333333333,4.333333333333333,3.5,5.0,5.666666666666667,9.0
1,1,1.0,34.0,2.0,1.0,4.0,5.0,2.0,40.0,40.0,1.0,100.0,4530.0,4004.5200000000004,100.11300000000001,100.11300000000001,1.0,3.0,1.0,0.0,2,,,,5.0,10.0,10.0,15.0,4.333333333333333,3.0,3.6666666666666665,4.75,4.666666666666667,3.8,4.75,4.0,4.333333333333333,5.333333333333333,4.25,2.0,3.6666666666666665,9.0
1,1,2.0,36.0,1.0,2.0,5.0,4.0,2.0,40.0,60.0,3.0,150.0,3500.0,3094.0,77.35,51.56666666666667,1.0,2.0,5.0,7.5,2,,,,10.0,40.0,20.0,2.0,3.6666666666666665,5.0,2.3333333333333335,1.25,3.0,2.2,6.25,5.333333333333333,5.0,5.0,5.75,3.3333333333333335,4.0,9.0
1,1,2.0,35.0,2.0,1.0,4.0,9.0,2.0,30.0,30.0,1.0,100.0,2000.0,1768.0,58.93333333333333,58.93333333333333,2.0,3.0,5.0,10.0,2,,,,6.0,4.0,3.0,5.0,3.0,1.0,3.3333333333333335,4.5,4.333333333333333,3.0,3.75,3.0,4.0,4.666666666666667,4.25,1.333333333333333,3.6666666666666665,9.0
1,1,2.0,30.0,2.0,1.0,4.0,5.0,3.0,30.0,30.0,1.0,100.0,2900.0,2563.6,85.45333333333333,85.45333333333333,1.0,3.0,1.0,0.0,2,,,,10.0,5.0,10.0,5.0,3.8333333333333335,4.0,1.5,2.5,3.3333333333333335,2.8,5.25,3.3333333333333335,3.0,6.0,2.75,2.3333333333333335,2.6666666666666665,9.0
1,1,2.0,26.0,1.0,2.0,5.0,5.0,2.0,40.0,40.0,1.0,100.0,3700.0,3270.8,81.77000000000001,81.77000000000001,1.0,4.0,1.0,0.0,2,,,,5.0,10.0,20.0,3.0,3.6666666666666665,1.9999999999999998,4.5,4.25,5.0,4.4,6.5,2.6666666666666665,5.666666666666667,5.666666666666667,5.25,1.0,5.0,9.0
1,1,1.0,29.0,3.0,1.0,4.0,5.0,2.0,30.0,48.0,3.0,160.0,2457.98,2172.8543200000004,72.42847733333335,45.26779833333334,1.0,1.0,1.0,0.0,2,,,,17.5,5.0,0.0,17.5,3.3333333333333335,1.9999999999999998,2.5,2.25,4.666666666666667,2.2,6.0,5.0,4.666666666666667,6.0,5.0,1.333333333333333,4.0,9.0
1,1,2.0,39.0,2.0,1.0,4.0,9.0,3.0,20.0,35.0,3.0,175.0,1350.0,1193.4,59.67,34.09714285714286,1.0,3.0,5.0,30.0,2,,,,5.0,2.0,4.0,8.0,2.8333333333333335,3.0,2.1666666666666665,2.25,2.6666666666666665,2.4,4.0,1.3333333333333333,1.0,4.0,2.5,2.0,0.9999999999999996,9.0
1,1,2.0,40.0,2.0,1.0,5.0,5.0,3.0,30.0,40.0,3.0,133.33333333333331,2400.0,2121.6,70.72,53.04,1.0,1.0,5.0,10.0,2,,,,14.0,24.0,2.0,2.0,4.5,4.0,3.7666666666666666,4.0,5.0,3.0,6.75,2.3333333333333335,6.333333333333333,6.333333333333333,5.75,1.0,5.333333333333333,9.0
1,1,2.0,29.0,2.0,1.0,4.0,1.0,3.0,30.0,43.0,3.0,143.33333333333334,2300.0,2033.1999999999998,67.77333333333333,47.283720930232555,1.0,1.0,1.0,0.0,2,,,,0.0,40.0,0.0,3.0,4.0,4.0,3.0,2.5,5.0,2.4,5.0,3.6666666666666665,5.0,5.0,4.75,2.0,6.0,9.0
1,1,1.0,26.0,3.0,1.0,4.0,2.0,2.0,36.75,36.75,1.0,100.0,3025.0,2674.1,72.76462585034014,72.76462585034014,1.0,1.0,1.0,0.0,2,,,,16.0,14.5,0.25,6.0,2.1666666666666665,3.0,1.8333333333333333,1.75,3.3333333333333335,2.8,6.0,2.6666666666666665,4.666666666666667,5.333333333333333,5.25,4.666666666666667,3.0,9.0
1,1,1.0,33.0,2.0,1.0,4.0,5.0,3.0,30.0,45.0,3.0,150.0,2913.0,2575.092,85.8364,57.22426666666667,1.0,1.0,1.0,0.0,2,,,,8.0,24.0,8.0,5.0,2.6666666666666665,3.0,2.3333333333333335,2.15,1.9999999999999998,3.0,5.5,2.6666666666666665,4.333333333333333,6.0,5.25,1.0,2.6666666666666665,9.0
1,1,2.0,25.0,3.0,1.0,4.0,2.0,3.0,33.0,48.0,3.0,145.45454545454547,2700.0,2386.8,72.32727272727273,49.725,1.0,4.0,1.0,0.0,2,,,,18.0,30.0,0.0,0.0,3.0,5.0,2.8333333333333335,3.0,4.666666666666667,3.6,5.25,2.3333333333333335,5.666666666666667,5.333333333333333,4.25,1.0,6.333333333333333,9.0
1,1,2.0,43.0,2.0,1.0,4.0,9.0,2.0,30.0,30.0,1.0,100.0,2500.0,2210.0,73.66666666666667,73.66666666666667,1.0,2.0,1.0,0.0,2,,,,15.0,1.0,0.0,14.0,4.0,3.0,2.8333333333333335,4.25,4.333333333333333,3.25,4.95,2.5,3.5,4.5,4.5,1.0,4.0,9.0
1,1,2.0,33.0,1.0,2.0,4.0,9.0,3.0,24.0,30.0,3.0,125.0,2850.0,2519.4,104.97500000000001,83.98,1.0,2.0,2.0,20.0,2,,,,14.0,10.0,0.0,6.0,4.0,4.0,3.0,3.0,5.0,3.6,4.25,3.3333333333333335,4.333333333333333,5.333333333333333,4.5,1.0,6.333333333333333,9.0
1,1,2.0,38.0,2.0,2.0,4.0,5.0,3.0,30.0,40.5,3.0,148.33333333333334,2100.0,1856.4,61.88,54.30382660894661,1.0,1.0,1.0,0.0,2,,,,20.0,40.0,5.0,10.0,2.5,5.0,1.6666666666666667,1.0,3.6666666666666665,2.6,5.75,6.333333333333332,4.666666666666667,5.666666666666667,3.0,2.0,3.6666666666666665,9.0
1,1,1.0,25.0,3.0,1.0,4.0,2.0,3.0,40.0,45.0,3.0,112.5,3820.0,3376.88,84.422,75.04177777777778,1.0,1.0,1.0,0.0,2,,,,12.0,30.0,2.0,1.0,3.8333333333333335,4.0,3.5,4.0,5.0,4.2,4.75,2.0,3.3333333333333335,4.333333333333333,5.25,1.333333333333333,2.0,9.0
1,1,1.0,34.0,2.0,1.0,4.0,2.0,3.0,40.0,45.0,3.0,112.5,4560.0,4031.04,100.776,85.16660972828775,4.0,4.0,1.0,0.0,2,,,,2.5,17.5,15.0,15.0,2.1666666666666665,3.0,2.1666666666666665,2.5,2.6666666666666665,1.4000000000000001,3.0,3.3333333333333335,4.0,4.333333333333333,3.0,2.6666666666666665,2.0,9.0
1,1,1.0,30.0,2.0,1.0,4.0,2.0,3.0,40.0,40.0,1.0,100.0,4500.0,3978.0,99.45,99.45,1.0,3.0,1.0,0.0,2,,,,0.0,35.0,0.0,5.0,4.333333333333333,4.0,4.0,3.75,3.6666666666666665,3.8,4.25,1.3333333333333333,4.666666666666667,4.333333333333333,2.75,1.333333333333333,3.6666666666666665,9.0
1,1,2.0,29.0,1.0,1.0,4.0,2.0,1.0,40.0,55.0,3.0,137.5,3700.0,3270.8,81.77000000000001,59.469090909090916,1.0,1.0,1.0,0.0,2,,,,8.0,10.0,20.0,10.0,2.3333333333333335,5.0,1.6666666666666667,1.0,1.0,1.6000000000000003,4.0,4.0,6.333333333333333,5.666666666666667,3.0,1.333333333333333,2.3333333333333335,9.0
1,1,2.0,28.0,3.0,1.0,4.0,1.0,2.0,40.0,45.0,3.0,112.5,4149.82,3668.44088,91.711022,81.52090844444444,1.0,2.0,1.0,0.0,2,,,,7.0,35.0,1.0,2.0,5.0,4.0,2.0,5.0,5.0,4.0,5.5,2.0,1.6666666666666665,5.666666666666667,4.25,1.333333333333333,4.333333333333333,9.0
1,1,2.0,31.0,2.0,1.0,4.0,2.0,3.0,30.0,35.0,3.0,116.66666666666667,2866.0,2533.5440000000003,84.45146666666668,72.38697142857144,1.0,1.0,1.0,0.0,2,,,,0.0,25.0,0.0,10.0,3.1666666666666665,5.0,2.1666666666666665,2.5,2.3333333333333335,2.8,5.25,5.333333333333333,5.0,5.333333333333333,3.75,3.3333333333333335,6.0,9.0
1,1,1.0,37.0,2.0,2.0,5.0,5.0,3.0,40.0,40.0,1.0,100.0,3000.0,2652.0,66.3,66.3,1.0,2.0,6.0,10.0,2,,,,10.0,8.0,3.0,15.0,4.666666666666667,4.0,3.0,2.75,2.6666666666666665,3.6,6.5,4.0,6.0,6.333333333333333,4.75,1.666666666666667,3.6666666666666665,9.0
1,1,1.0,28.0,2.0,1.0,4.0,2.0,2.0,40.0,47.5,3.0,118.75,3700.0,3270.8,81.77000000000001,68.85894736842106,1.0,3.0,1.0,0.0,2,,,,2.0,35.0,5.0,4.0,4.333333333333333,3.0,4.666666666666667,4.5,5.0,4.6,5.0,3.0,4.666666666666667,5.666666666666667,4.75,1.0,4.0,9.0
1,1,3.0,32.0,2.0,1.0,4.0,6.0,2.0,30.0,30.0,1.0,100.0,2333.0,2062.3720000000003,68.74573333333335,68.74573333333335,1.0,1.0,5.0,5.0,2,,,,15.0,10.0,4.0,1.0,4.0,3.0,2.5,3.5,4.666666666666667,3.8,5.25,3.3333333333333335,5.333333333333333,4.666666666666667,4.5,2.0,4.0,9.0
1,1,3.0,24.0,3.0,1.0,4.0,6.0,2.0,20.0,20.0,1.0,100.0,1100.0,972.4000000000001,48.620000000000005,48.620000000000005,1.0,1.0,1.0,0.0,2,,,,15.0,0.0,0.0,5.0,4.166666666666667,3.0,2.6666666666666665,4.25,3.6666666666666665,3.0,4.75,5.666666666666667,5.666666666666667,3.6666666666666665,4.75,1.666666666666667,6.0,9.0
1,1,1.0,29.0,2.0,1.0,4.0,2.0,3.0,40.0,40.0,1.0,100.0,3850.0,3403.3999999999996,85.085,85.085,1.0,1.0,1.0,0.0,2,,,,5.0,10.0,20.0,5.0,2.8333333333333335,4.0,2.6666666666666665,3.0,2.3333333333333335,2.4,4.75,2.6666666666666665,4.333333333333333,4.333333333333333,4.25,1.333333333333333,4.333333333333333,9.0
1,1,2.0,33.0,2.0,1.0,4.0,6.0,3.0,30.0,35.0,3.0,116.66666666666667,3400.0,3005.6,100.18666666666667,85.8742857142857,1.0,2.0,1.0,0.0,2,,,,12.0,10.0,5.0,8.0,4.666666666666667,5.0,3.1666666666666665,4.5,4.0,3.8,6.75,2.3333333333333335,5.0,5.666666666666667,4.5,1.0,4.666666666666667,9.0
1,1,2.0,31.0,3.0,1.0,4.0,9.0,3.0,35.0,35.0,1.0,100.0,3350.0,2961.4,84.61142857142858,84.61142857142858,1.0,3.0,1.0,0.0,2,,,,10.0,10.0,0.0,15.0,3.1666666666666665,4.0,3.3333333333333335,4.0,1.6666666666666665,2.6,4.5,5.0,4.666666666666667,5.666666666666667,3.75,2.5,5.0,9.0
1,1,1.0,35.0,1.0,1.0,4.0,9.0,3.0,30.0,30.0,1.0,100.0,2900.0,2563.6,85.45333333333333,85.45333333333333,1.0,2.0,1.0,0.0,2,,,,10.0,10.0,0.0,10.0,3.5,3.0,2.5,2.0,2.6666666666666665,2.4,4.75,3.0,3.3333333333333335,4.333333333333333,3.75,5.0,5.0,9.0
1,1,2.0,27.0,3.0,1.0,4.0,5.0,3.0,30.0,30.0,1.0,100.0,2868.0,2535.312,84.51039999999999,84.51039999999999,1.0,2.0,1.0,0.0,2,,,,5.0,20.0,2.0,3.0,2.8333333333333335,1.9999999999999998,2.8333333333333335,2.5,3.6666666666666665,3.4,5.0,3.3333333333333335,4.333333333333333,5.333333333333333,3.75,1.666666666666667,4.333333333333333,9.0
1,1,2.0,39.0,2.0,1.0,4.0,6.0,3.0,40.0,40.0,1.0,100.0,1938.2186302282953,1867.546242292951,46.68865605732377,46.688656057323776,1.0,1.0,1.0,0.0,2,,,,5.0,20.0,10.0,5.0,2.1666666666666665,4.0,2.1666666666666665,2.5,1.0,1.6000000000000003,5.666666666666667,4.333333333333333,4.0,3.3333333333333335,3.75,1.0,6.0,9.0
1,1,1.0,26.0,3.0,1.0,4.0,5.0,3.0,30.0,50.0,3.0,166.66666666666669,2867.6,2534.9584,84.49861333333334,50.699168,1.0,1.0,1.0,0.0,2,,,,9.0,35.0,0.0,6.0,2.8333333333333335,1.9999999999999998,2.5,4.0,1.3333333333333335,3.0,4.75,2.0,4.666666666666667,5.666666666666667,4.25,1.333333333333333,5.0,9.0
1,1,1.0,26.0,3.0,1.0,4.0,1.0,2.0,30.0,45.0,3.0,150.0,2400.0,2121.6,70.72,47.14666666666666,1.0,1.0,1.0,0.0,2,,,,4.0,31.0,2.0,8.0,3.0,4.0,3.8333333333333335,4.75,4.333333333333333,3.6,6.75,2.6666666666666665,6.0,6.0,5.0,1.333333333333333,3.6666666666666665,9.0
1,1,2.0,30.0,2.0,1.0,4.0,8.0,3.0,20.0,25.0,3.0,125.0,1638.7,1448.6108000000004,72.43054000000001,57.944432000000006,1.0,1.0,1.0,0.0,2,,,,5.0,8.0,0.0,7.0,4.5,5.0,4.333333333333333,4.5,5.0,4.6,4.5,3.6666666666666665,4.0,4.666666666666667,5.5,1.0,4.0,9.0
1,1,1.0,25.0,3.0,1.0,4.0,1.0,3.0,30.0,30.0,1.0,100.0,2860.0,2528.24,84.27466666666666,84.27466666666666,1.0,1.0,1.0,0.0,2,,,,3.0,27.0,0.0,1.0,4.166666666666667,3.0,4.5,3.55,5.0,3.6,3.75,1.3333333333333333,4.0,4.666666666666667,4.75,1.0,1.3333333333333335,9.0
1,1,1.0,31.0,2.0,1.0,4.0,2.0,3.0,40.0,55.0,3.0,137.5,3782.3199999999997,3343.57088,83.589272,71.73497736058258,1.0,1.0,1.0,0.0,2,,,,15.0,25.0,2.0,8.0,3.8333333333333335,4.0,3.8333333333333335,4.75,5.0,3.2,6.25,3.3333333333333335,5.666666666666667,5.666666666666667,5.0,3.6666666666666665,5.333333333333333,9.0
1,1,2.0,28.0,2.0,1.0,4.0,4.0,2.0,30.0,30.0,1.0,100.0,2900.0,2563.6,85.45333333333333,85.45333333333333,2.0,2.0,1.0,0.0,2,,,,2.0,15.0,5.0,8.0,2.3333333333333335,5.0,1.6666666666666667,2.0,2.3333333333333335,2.2,2.0,4.333333333333333,3.0,3.0,3.0,6.333333333333333,5.333333333333333,9.0
1,1,1.0,37.0,2.0,2.0,4.0,5.0,3.0,30.0,40.0,3.0,133.33333333333331,3400.0,3005.6,100.18666666666667,75.14,1.0,2.0,2.0,15.0,2,,,,24.0,8.0,0.0,8.0,3.3333333333333335,3.0,2.6666666666666665,1.75,4.666666666666667,3.4,5.0,1.6666666666666667,2.0,3.6666666666666665,4.0,1.0,2.0,9.0
1,1,1.0,29.0,2.0,1.0,4.0,2.0,3.0,40.0,55.0,3.0,137.5,3950.0,3491.8,87.295,63.48727272727273,1.0,2.0,1.0,0.0,2,,,,5.0,29.0,20.0,1.0,4.666666666666667,4.0,3.1666666666666665,3.25,5.0,4.2,5.75,4.666666666666667,5.666666666666667,5.666666666666667,4.0,1.333333333333333,4.666666666666667,9.0
1,1,2.0,28.0,3.0,1.0,4.0,1.0,3.0,30.0,40.0,3.0,133.33333333333331,2400.0,2121.6,70.72,53.04,1.0,2.0,1.0,0.0,2,,,,3.0,30.0,3.0,4.0,2.5,3.0,3.6666666666666665,4.0,5.0,3.2,5.75,2.0,4.0,4.333333333333333,4.0,1.666666666666667,2.3333333333333335,9.0
1,1,1.0,31.0,3.0,1.0,4.0,1.0,3.0,40.0,40.0,1.0,100.0,3700.0,3270.8,81.77000000000001,81.77000000000001,1.0,1.0,1.0,0.0,2,,,,15.0,20.0,0.0,5.0,3.6666666666666665,1.9999999999999998,3.1666666666666665,2.5,3.0,2.2,5.25,3.6666666666666665,4.0,5.0,3.5,3.0,5.0,9.0
1,1,2.0,25.0,2.0,1.0,4.0,6.0,3.0,30.0,42.5,3.0,141.66666666666669,2800.0,2475.2,82.50666666666666,58.239999999999995,1.0,3.0,1.0,0.0,2,,,,20.0,5.0,0.0,15.0,4.166666666666667,5.0,2.8333333333333335,3.0,4.333333333333333,2.8,6.25,3.0,6.0,6.0,4.0,1.0,6.0,9.0
1,1,2.0,33.0,2.0,1.0,4.0,5.0,3.0,35.0,40.0,3.0,114.28571428571428,3613.8,3194.5992,100.15130666666667,75.37757021645022,1.0,2.0,1.0,0.0,2,,,,8.0,16.0,0.0,8.0,3.8333333333333335,3.0,4.166666666666667,4.5,4.666666666666667,2.6,4.25,2.0,3.3333333333333335,4.333333333333333,3.75,1.0,2.0,9.0
1,1,1.0,30.0,2.0,1.0,4.0,5.0,3.0,30.0,45.0,3.0,150.0,2800.0,2475.2,82.50666666666666,55.00444444444444,1.0,1.0,1.0,0.0,2,,,,6.0,35.0,0.0,0.5,3.8333333333333335,3.0,4.166666666666667,4.75,4.666666666666667,3.4,5.75,2.0,4.666666666666667,6.0,5.5,1.0,3.0,9.0
1,1,1.0,31.0,2.0,1.0,4.0,5.0,3.0,40.0,40.0,1.0,100.0,3882.0,3431.688,90.00593333333333,90.00593333333333,1.0,1.0,6.0,7.5,2,,,,9.0,17.5,2.5,2.5,4.5,4.0,4.666666666666667,2.0,4.333333333333333,4.0,5.25,2.0,3.6666666666666665,3.6666666666666665,4.75,1.0,2.0,9.0
1,1,2.0,27.0,3.0,1.0,4.0,5.0,3.0,30.0,30.0,1.0,100.0,2867.0,2534.428,84.48093333333333,84.48093333333333,1.0,1.0,1.0,0.0,2,,,,0.0,28.0,0.0,2.0,4.0,5.0,2.6666666666666665,4.333333333333333,4.0,3.4,6.75,4.0,4.666666666666667,6.0,6.25,1.0,3.6666666666666665,9.0
1,1,1.0,32.0,2.0,1.0,4.0,5.0,3.0,40.0,40.0,1.0,100.0,3000.0,2652.0,66.3,66.3,1.0,3.0,1.0,0.0,2,,,,10.0,20.0,0.0,10.0,2.6666666666666665,1.9999999999999998,3.8333333333333335,3.75,3.6666666666666665,3.6,5.25,3.0,4.0,3.6666666666666665,4.5,2.6666666666666665,1.666666666666667,9.0
1,1,2.0,27.0,2.0,1.0,4.0,2.0,3.0,40.0,44.0,3.0,110.00000000000001,3100.0,2740.4,68.51,62.28181818181818,1.0,1.0,1.0,0.0,2,,,,0.0,43.0,0.0,2.0,2.0,5.0,1.8333333333333333,2.0,4.0,2.6,2.75,3.3333333333333335,4.333333333333333,4.333333333333333,4.25,2.6666666666666665,3.0,9.0
1,1,2.0,31.0,2.0,1.0,4.0,5.0,3.0,30.0,40.0,3.0,133.33333333333331,2726.2,2409.9608000000003,76.40362251082252,61.568544186046516,1.0,2.0,1.0,0.0,2,,,,0.0,35.0,0.0,5.0,3.6666666666666665,4.0,4.333333333333333,3.5,5.0,3.0,4.75,4.0,4.333333333333333,5.0,5.5,1.0,6.0,9.0
1,1,1.0,28.0,3.0,1.0,4.0,5.0,2.0,30.0,30.0,1.0,100.0,1700.0,1502.8,50.093333333333334,50.093333333333334,1.0,2.0,1.0,0.0,2,,,,6.0,20.0,0.0,4.0,3.1666666666666665,3.0,3.1666666666666665,4.5,3.0,2.8,3.75,2.6666666666666665,3.6666666666666665,3.0,3.25,3.3333333333333335,2.3333333333333335,9.0
1,1,1.0,31.0,1.0,1.0,4.0,5.0,3.0,30.0,40.0,3.0,133.33333333333331,2500.0,2210.0,73.66666666666667,55.25,1.0,2.0,1.0,0.0,2,,,,5.0,15.0,0.0,20.0,3.6666666666666665,4.0,3.5,3.5,5.0,2.8,5.75,3.3333333333333335,5.0,5.333333333333333,4.0,1.666666666666667,4.666666666666667,9.0
1,1,2.0,27.0,1.0,1.0,4.0,1.0,2.0,30.0,42.5,3.0,141.66666666666669,2500.0,2210.0,73.66666666666667,52.0,1.0,1.0,1.0,0.0,2,,,,8.0,30.0,0.0,3.0,4.666666666666667,4.0,4.0,4.75,4.666666666666667,4.4,6.5,2.6666666666666665,4.0,5.666666666666667,4.5,1.0,4.0,9.0
1,1,2.0,27.0,3.0,1.0,4.0,8.0,3.0,30.0,40.0,3.0,133.33333333333331,1800.0,1591.2,53.04,39.78,1.0,2.0,4.0,5.0,2,,,,5.0,25.0,2.0,2.0,2.8333333333333335,5.0,3.0,2.0,5.0,2.6,6.25,3.0,5.333333333333333,5.666666666666667,5.0,1.666666666666667,4.333333333333333,9.0
1,1,2.0,27.0,3.0,1.0,4.0,6.0,3.0,40.0,40.0,1.0,100.0,3500.0,3094.0,77.35,77.35,1.0,5.0,1.0,0.0,2,,,,7.5,32.5,0.0,3.0,4.833333333333333,3.0,5.0,3.5,4.0,4.6,6.5,4.0,5.666666666666667,4.333333333333333,4.25,1.0,5.0,9.0
1,1,2.0,30.0,2.0,1.0,4.0,1.0,3.0,30.0,40.0,3.0,133.33333333333331,2300.0,2033.1999999999998,67.77333333333333,50.83,1.0,1.0,1.0,0.0,2,,,,10.0,25.0,0.0,5.0,4.166666666666667,5.0,3.6666666666666665,3.0,4.333333333333333,3.2,5.5,3.3333333333333335,4.666666666666667,5.0,4.25,1.0,3.6666666666666665,9.0
1,1,1.0,25.0,3.0,1.0,4.0,7.0,3.0,40.0,40.0,1.0,100.0,3600.0,3182.4,79.56,79.56,1.0,1.0,1.0,0.0,2,,,,4.0,16.0,4.0,16.0,3.6666666666666665,3.0,4.666666666666667,4.5,5.0,4.2,4.0,3.0,5.0,4.0,4.25,1.666666666666667,4.333333333333333,9.0
1,1,2.0,38.0,2.0,2.0,4.0,5.0,2.0,30.0,50.0,3.0,166.66666666666669,3440.0,3040.96,101.36533333333334,60.8192,1.0,4.0,1.0,0.0,2,,,,10.0,30.0,2.0,8.0,3.6666666666666665,5.0,1.8333333333333333,1.0,3.3333333333333335,2.0,5.5,2.3333333333333335,4.333333333333333,4.666666666666667,3.5,3.6666666666666665,2.3333333333333335,9.0
1,1,1.0,37.0,1.0,1.0,4.0,8.0,3.0,30.0,30.0,1.0,100.0,3400.0,3005.6,100.18666666666667,100.18666666666667,1.0,4.0,1.0,0.0,2,,,,8.0,15.0,2.0,5.0,4.0,5.0,4.166666666666667,5.0,5.0,4.0,4.75,2.3333333333333335,3.6666666666666665,4.666666666666667,4.5,1.0,3.0,9.0
1,1,2.0,30.0,3.0,1.0,4.0,9.0,3.0,30.0,30.0,1.0,100.0,2868.0,2535.312,84.51039999999999,84.51039999999999,1.0,2.0,6.0,7.0,2,,,,10.0,15.0,0.0,5.0,3.0,3.0,3.1666666666666665,1.5,1.9999999999999998,3.0,5.0,1.6666666666666667,4.666666666666667,6.0,3.5,1.0,1.3333333333333335,9.0
1,1,2.0,27.0,2.0,1.0,4.0,1.0,2.0,30.0,40.0,3.0,133.33333333333331,2400.0,2121.6,70.72,53.04,1.0,2.0,1.0,0.0,2,,,,0.0,25.0,5.0,10.0,2.6666666666666665,5.0,2.5,2.0,4.666666666666667,3.0,4.25,4.0,3.6666666666666665,5.333333333333333,4.75,1.0,2.0,9.0
1,1,2.0,37.0,4.0,2.0,4.0,13.0,3.0,30.0,40.0,3.0,133.33333333333331,2676.0,2365.5840000000003,78.85280000000002,59.13960000000001,1.0,2.0,1.0,0.0,2,,,,9.0,11.0,4.0,6.0,4.166666666666667,5.0,2.6666666666666665,2.5,5.0,4.0,6.0,2.6666666666666665,4.666666666666667,5.333333333333333,4.5,1.0,5.333333333333333,9.0
1,1,2.0,29.0,2.0,1.0,4.0,5.0,3.0,30.0,40.0,3.0,133.33333333333331,3375.0,2983.5,99.45,74.5875,1.0,2.0,1.0,0.0,2,,,,8.0,28.0,0.0,4.0,2.8333333333333335,3.0,2.8333333333333335,1.0,1.9999999999999998,2.8,5.75,3.3333333333333335,4.333333333333333,4.666666666666667,5.25,1.666666666666667,3.0,9.0
1,1,1.0,34.0,2.0,1.0,4.0,2.0,3.0,40.0,40.0,1.0,100.0,4532.0,4006.2880000000005,100.15720000000002,100.15720000000002,1.0,2.0,1.0,0.0,2,,,,6.0,18.0,11.0,5.0,4.0,3.0,4.166666666666667,4.0,5.0,3.6,6.5,3.3333333333333335,5.333333333333333,4.0,4.5,2.3333333333333335,5.666666666666667,9.0
1,1,2.0,27.0,3.0,1.0,4.0,1.0,3.0,26.0,26.0,1.0,100.0,1600.0,1414.4,54.400000000000006,54.400000000000006,1.0,1.0,1.0,0.0,2,,,,0.0,20.0,6.0,0.0,3.1666666666666665,4.0,3.5,3.25,4.0,4.2,6.75,3.0,5.0,6.0,5.5,1.0,5.666666666666667,9.0
1,1,2.0,29.0,2.0,1.0,4.0,2.0,3.0,30.0,45.0,3.0,150.0,2460.0,2174.64,70.88072727272727,54.358984126984126,1.0,4.0,1.0,0.0,2,,,,12.0,25.0,5.0,3.0,3.3333333333333335,4.0,3.5,4.25,5.0,2.8,5.75,4.0,5.333333333333333,5.666666666666667,4.0,3.3333333333333335,4.666666666666667,9.0
1,1,2.0,26.0,2.0,1.0,4.0,10.0,3.0,30.0,30.0,1.0,100.0,2500.0,2210.0,73.66666666666667,73.66666666666667,1.0,1.0,7.0,4.0,2,,,,6.0,20.0,0.0,4.0,3.0,3.0,3.8333333333333335,4.25,4.333333333333333,3.4,5.5,4.333333333333333,4.0,5.333333333333333,4.25,1.0,5.666666666666667,9.0
1,1,2.0,30.0,2.0,1.0,4.0,1.0,3.0,30.0,50.0,3.0,166.66666666666669,2300.0,2033.1999999999998,67.77333333333333,40.663999999999994,1.0,1.0,1.0,0.0,2,,,,3.0,35.0,2.0,5.0,3.5,5.0,2.6666666666666665,1.25,4.0,3.0,6.0,2.6666666666666665,5.0,5.333333333333333,4.0,1.333333333333333,2.0,9.0
1,1,2.0,32.0,2.0,1.0,4.0,9.0,3.0,30.0,30.0,1.0,100.0,2913.9,2575.8876000000005,85.86292000000002,85.86292000000002,1.0,1.0,4.0,5.0,2,,,,5.0,22.0,0.0,3.0,3.6666666666666665,3.0,4.333333333333333,4.5,3.6666666666666665,3.6,6.0,1.6666666666666667,5.0,5.666666666666667,3.75,3.3333333333333335,2.0,9.0
1,1,2.0,29.0,1.0,1.0,4.0,1.0,3.0,30.0,42.0,3.0,140.0,2200.0,1944.8000000000002,64.82666666666667,46.30476190476191,1.0,2.0,1.0,0.0,2,,,,15.0,21.0,1.0,5.0,3.5,3.0,3.1666666666666665,2.5,4.0,3.0,6.0,2.3333333333333335,5.666666666666667,5.666666666666667,4.5,2.6666666666666665,3.3333333333333335,9.0
1,1,2.0,25.0,2.0,1.0,4.0,13.0,2.0,30.0,30.0,1.0,100.0,2500.0,2210.0,73.66666666666667,73.66666666666667,1.0,1.0,1.0,0.0,2,,,,1.0,25.0,3.0,1.0,3.1666666666666665,4.0,2.5,4.75,3.6666666666666665,2.8,4.75,5.0,6.0,5.333333333333333,4.75,3.0,5.666666666666667,9.0
1,1,1.0,32.0,3.0,1.0,4.0,1.0,2.0,30.0,40.0,3.0,133.33333333333331,3350.0,2961.4,98.71333333333334,74.035,1.0,2.0,1.0,0.0,2,,,,10.0,20.0,8.0,4.0,3.0,4.0,2.1666666666666665,2.75,3.3333333333333335,2.4,5.0,3.0,4.333333333333333,5.666666666666667,4.25,1.0,2.0,9.0
1,1,1.0,33.0,3.0,1.0,4.0,5.0,3.0,30.0,30.0,1.0,100.0,2900.0,2563.6,85.45333333333333,85.45333333333333,1.0,2.0,1.0,0.0,2,,,,10.0,18.0,0.0,2.0,4.5,5.0,4.5,5.0,5.0,4.4,4.0,1.6666666666666667,4.333333333333333,5.333333333333333,4.25,1.0,3.3333333333333335,9.0
1,1,1.0,28.0,3.0,1.0,4.0,5.0,2.0,37.0,37.0,1.0,100.0,3500.0,3094.0,83.62162162162163,83.62162162162163,1.0,2.0,1.0,0.0,2,,,,15.0,15.0,0.0,7.0,4.166666666666667,1.9999999999999998,4.666666666666667,3.5,4.0,4.0,5.75,2.0,4.333333333333333,4.666666666666667,4.5,2.6666666666666665,2.6666666666666665,9.0
1,1,2.0,33.0,1.0,3.0,4.0,5.0,3.0,30.0,50.0,3.0,166.66666666666669,2900.0,2563.6,85.45333333333333,51.272,1.0,1.0,5.0,5.0,2,,,,10.0,20.0,10.0,20.0,1.6666666666666667,5.0,1.5,1.5,2.3333333333333335,1.4000000000000001,3.5,5.666666666666667,3.6666666666666665,5.666666666666667,5.75,2.0,2.6666666666666665,9.0
1,1,1.0,32.0,3.0,1.0,4.0,2.0,3.0,40.0,42.0,3.0,105.0,4532.0,4006.2880000000005,100.15720000000002,95.38780952380954,1.0,1.0,1.0,0.0,2,,,,2.0,8.0,20.0,10.0,2.0,1.0,2.0,1.25,3.3333333333333335,2.0,5.25,2.0,4.666666666666667,5.333333333333333,3.5,5.333333333333333,4.333333333333333,9.0
1,1,2.0,28.0,2.0,1.0,4.0,1.0,3.0,30.0,30.0,1.0,100.0,2867.0,2534.428,84.48093333333333,84.48093333333333,1.0,2.0,1.0,0.0,2,,,,12.0,13.0,1.0,4.0,3.3333333333333335,4.0,4.166666666666667,3.5,4.666666666666667,3.8,6.0,2.6666666666666665,5.0,5.333333333333333,4.0,2.3333333333333335,5.333333333333333,9.0
1,1,2.0,30.0,2.0,1.0,4.0,1.0,2.0,30.0,45.0,3.0,150.0,2400.0,2121.6,70.72,47.14666666666666,1.0,2.0,1.0,0.0,2,,,,20.0,20.0,1.0,5.0,3.6666666666666665,3.0,2.8333333333333335,2.0,4.666666666666667,3.4,6.25,4.0,5.0,5.666666666666667,4.25,1.666666666666667,4.666666666666667,9.0
1,1,1.0,34.0,2.0,1.0,4.0,9.0,3.0,20.0,50.0,3.0,250.0,1600.0,1414.4,70.72,28.287999999999997,1.0,2.0,2.0,10.0,2,,,,15.0,20.0,2.0,10.0,4.166666666666667,5.0,4.5,4.0,3.0,3.4,5.5,3.6666666666666665,4.5,5.333333333333333,5.25,1.0,3.3333333333333335,9.0
1,1,1.0,28.0,2.0,1.0,4.0,2.0,3.0,40.0,40.0,1.0,100.0,3800.0,3359.2,83.97999999999999,83.97999999999999,3.0,1.0,5.0,3.5,2,,,,12.5,20.0,7.5,5.0,3.8333333333333335,5.0,2.3333333333333335,2.75,3.6666666666666665,3.2,4.0,2.0,4.333333333333333,3.6666666666666665,4.0,2.3333333333333335,6.333333333333333,9.0
1,1,2.0,27.0,2.0,1.0,4.0,1.0,3.0,40.0,55.0,3.0,137.5,2400.0,2121.6,53.04,38.57454545454545,1.0,1.0,1.0,0.0,2,,,,0.0,40.0,15.0,0.0,3.6666666666666665,5.0,2.3333333333333335,3.5,4.0,3.2,6.5,4.333333333333333,5.666666666666667,6.333333333333333,3.3333333333333335,1.0,4.0,9.0
1,1,2.0,26.0,2.0,1.0,4.0,10.0,3.0,30.0,40.0,3.0,133.33333333333331,2867.64,2534.9937600000003,84.49979200000001,63.37484400000001,1.0,2.0,1.0,0.0,2,,,,20.0,20.0,0.0,0.0,4.0,1.9999999999999998,4.166666666666667,4.5,5.0,3.4,5.25,3.0,4.333333333333333,4.333333333333333,4.0,2.0,4.333333333333333,9.0
1,1,2.0,34.0,2.0,1.0,4.0,10.0,3.0,30.0,45.0,3.0,150.0,2300.0,2033.1999999999998,67.77333333333333,45.182222222222215,1.0,1.0,5.0,10.0,2,,,,10.0,25.0,5.0,5.0,2.8333333333333335,1.9999999999999998,3.1666666666666665,3.5,4.0,2.8,4.75,2.0,3.6666666666666665,5.333333333333333,4.75,1.0,1.666666666666667,9.0
1,1,2.0,28.0,2.0,1.0,4.0,1.0,3.0,30.0,35.0,3.0,116.66666666666667,2500.0,2210.0,73.66666666666667,63.142857142857146,1.0,1.0,1.0,0.0,2,,,,2.0,15.0,10.0,9.0,2.3333333333333335,1.9999999999999998,1.6666666666666667,4.5,1.6666666666666665,2.4,4.75,2.0,3.6666666666666665,5.666666666666667,4.25,2.0,0.9999999999999996,9.0
1,1,1.0,36.0,2.0,1.0,4.0,10.0,2.0,30.0,45.0,3.0,150.0,2400.0,2121.6,70.72,47.14666666666666,1.0,2.0,2.0,5.0,2,,,,15.0,22.0,2.0,5.0,3.8333333333333335,3.0,4.333333333333333,4.75,5.0,4.0,7.0,2.6666666666666665,5.666666666666667,5.666666666666667,5.0,1.0,4.333333333333333,9.0
1,1,2.0,38.0,4.0,1.0,4.0,4.0,2.0,32.0,45.0,3.0,140.625,3556.6000000000004,3144.0344,98.7322761904762,74.18086,1.0,1.0,1.0,0.0,2,,,,2.0,15.0,2.0,5.0,3.3333333333333335,5.0,3.6666666666666665,3.0,4.333333333333333,3.2,3.0,4.666666666666667,5.0,5.0,5.0,1.0,2.3333333333333335,9.0
1,1,2.0,33.0,2.0,1.0,4.0,1.0,3.0,30.0,30.0,1.0,100.0,2900.0,2563.6,85.45333333333333,85.45333333333333,1.0,1.0,1.0,0.0,2,,,,0.0,15.0,5.0,10.0,3.0,4.0,3.6666666666666665,3.75,4.666666666666667,3.2,5.0,3.6666666666666665,4.333333333333333,6.0,4.5,1.0,4.666666666666667,9.0
1,1,1.0,29.0,2.0,1.0,4.0,1.0,3.0,30.0,45.0,3.0,150.0,4200.0,3712.8,123.76,82.50666666666667,1.0,2.0,1.0,0.0,2,,,,5.0,5.0,30.0,5.0,4.0,3.0,4.166666666666667,4.5,5.0,3.2,4.25,2.3333333333333335,3.0,4.333333333333333,3.75,1.333333333333333,5.0,9.0
1,1,1.0,33.0,3.0,1.0,4.0,5.0,3.0,30.0,40.0,3.0,133.33333333333331,2800.0,2475.2,82.50666666666666,61.879999999999995,1.0,1.0,5.0,8.0,2,,,,0.0,15.0,20.0,5.0,2.8333333333333335,4.0,1.5,2.25,5.0,2.4,5.5,3.6666666666666665,1.6666666666666665,5.0,4.5,1.333333333333333,5.666666666666667,9.0
1,1,2.0,29.0,2.0,1.0,4.0,5.0,2.0,30.0,40.0,3.0,133.33333333333331,2200.0,1944.8000000000002,64.82666666666667,48.620000000000005,1.0,1.0,1.0,0.0,2,,,,0.0,30.0,2.0,5.0,3.3333333333333335,4.0,1.8333333333333333,3.0,1.3333333333333335,2.0,5.0,2.6666666666666665,5.0,5.0,3.25,3.3333333333333335,5.0,9.0
1,1,2.0,30.0,1.0,1.0,4.0,5.0,2.0,30.0,35.0,3.0,116.66666666666667,4369.0,3862.196,128.73986666666667,110.34845714285714,1.0,2.0,1.0,0.0,2,,,,7.0,20.0,1.0,2.0,3.8333333333333335,4.0,3.6666666666666665,4.25,3.6666666666666665,3.4,4.5,2.3333333333333335,4.0,5.333333333333333,3.75,1.0,3.6666666666666665,9.0
1,1,1.0,29.0,2.0,1.0,4.0,5.0,3.0,30.0,50.0,3.0,166.66666666666669,2800.0,2475.2,82.50666666666666,49.504,1.0,1.0,1.0,0.0,2,,,,15.0,25.0,0.0,10.0,4.0,4.0,3.1666666666666665,3.75,4.0,3.0,6.5,3.6666666666666665,5.666666666666667,6.333333333333333,4.75,1.0,4.0,9.0
1,1,1.0,24.0,3.0,1.0,4.0,1.0,2.0,10.0,30.0,3.0,300.0,694.0000000000002,613.4960000000001,61.34960000000001,20.449866666666665,1.0,1.0,5.0,2.0,2,,,,1.0,28.0,0.0,1.0,4.2,3.0,3.6666666666666665,3.75,5.0,3.8,4.0,2.3333333333333335,4.666666666666667,4.333333333333333,4.25,1.0,3.6666666666666665,9.0
1,1,1.0,32.0,1.0,2.0,4.0,6.0,3.0,40.0,40.0,1.0,100.0,3600.0,3182.4,79.56,79.56,1.0,1.0,1.0,0.0,2,,,,5.0,15.0,15.0,5.0,4.5,4.0,2.0,3.75,3.6666666666666665,2.4,2.75,2.6666666666666665,2.0,2.0,2.0,7.0,4.0,9.0
1,1,1.0,31.0,3.0,1.0,4.0,2.0,2.0,40.0,50.0,3.0,125.0,3277.3,2897.1332,72.42833,57.94266400000001,3.0,3.0,1.0,0.0,2,,,,3.0,10.0,22.0,15.0,3.6666666666666665,5.0,2.8333333333333335,2.5,4.666666666666667,3.2,5.75,3.0,5.0,4.666666666666667,4.75,1.333333333333333,3.3333333333333335,9.0
1,1,2.0,31.0,2.0,2.0,4.0,5.0,3.0,36.0,36.0,1.0,100.0,3500.0,3094.0,85.94444444444444,85.94444444444444,1.0,1.0,1.0,0.0,2,,,,7.0,24.0,0.0,1.0,4.166666666666667,4.0,4.5,3.5,5.0,4.6,6.25,5.666666666666667,5.333333333333333,5.666666666666667,5.5,1.0,5.666666666666667,9.0
1,1,2.0,29.0,2.0,1.0,4.0,3.0,2.0,30.0,35.0,3.0,116.66666666666667,1700.0,1502.8,50.093333333333334,42.93714285714285,1.0,2.0,1.0,0.0,2,,,,0.0,20.0,10.0,5.0,3.3333333333333335,4.0,3.8333333333333335,4.25,4.333333333333333,2.8,5.75,5.0,4.333333333333333,5.0,4.25,2.0,5.0,9.0
1,1,2.0,33.0,2.0,1.0,4.0,5.0,3.0,30.0,30.0,1.0,100.0,2070.227795367439,1971.9243972671222,58.106322260445175,57.20574726044518,1.0,1.0,1.0,0.0,2,,,,15.0,7.0,7.0,5.0,2.5,5.0,1.5,1.0,4.333333333333333,1.8,2.75,2.6666666666666665,5.333333333333333,5.0,3.0,4.666666666666667,4.333333333333333,9.0
1,1,2.0,31.0,2.0,1.0,4.0,5.0,3.0,30.0,40.0,3.0,133.33333333333331,3000.0,2652.0,88.4,66.3,1.0,2.0,1.0,0.0,2,,,,1.0,35.0,0.0,4.0,3.3333333333333335,3.0,3.3333333333333335,3.5,5.0,3.6,5.5,2.6666666666666665,3.6666666666666665,5.333333333333333,4.25,1.0,3.3333333333333335,9.0
1,1,2.0,29.0,1.0,1.0,4.0,5.0,3.0,30.0,45.0,3.0,150.0,2200.0,1944.8000000000002,64.82666666666667,43.21777777777778,1.0,1.0,1.0,0.0,2,,,,12.0,23.0,0.0,5.0,2.6666666666666665,5.0,2.5,1.5,5.0,1.8,4.75,3.3333333333333335,4.666666666666667,5.666666666666667,5.25,1.0,6.333333333333333,9.0
1,1,3.0,38.0,1.0,2.0,4.0,5.0,3.0,30.0,50.0,3.0,166.66666666666669,2913.9,2575.8876000000005,85.86292000000002,51.51775200000001,1.0,1.0,4.0,5.0,2,,,,15.0,10.0,10.0,15.0,3.0,5.0,2.0,3.5,5.0,2.8,5.0,2.3333333333333335,3.6666666666666665,4.666666666666667,4.75,1.0,2.6666666666666665,9.0
1,1,2.0,32.0,3.0,1.0,4.0,5.0,2.0,40.0,50.0,3.0,125.0,4090.0,3615.5600000000004,94.367,75.40660317460318,1.0,1.0,1.0,0.0,2,,,,20.0,40.0,0.0,0.0,3.0,4.0,2.5,3.5,3.0,2.2,6.0,3.3333333333333335,4.0,6.0,4.75,1.333333333333333,5.333333333333333,9.0
1,1,2.0,27.0,2.0,1.0,4.0,1.0,3.0,30.0,45.0,3.0,150.0,2900.0,2563.6,85.45333333333333,56.968888888888884,1.0,1.0,1.0,0.0,2,,,,5.0,37.0,0.0,3.0,2.5,5.0,1.6666666666666667,1.25,2.6666666666666665,2.4,4.75,4.333333333333333,4.666666666666667,4.666666666666667,4.75,2.0,5.0,9.0
1,1,2.0,25.0,2.0,1.0,4.0,6.0,3.0,35.0,40.0,3.0,114.28571428571428,1800.0,1591.2,45.462857142857146,39.78,1.0,2.0,1.0,0.0,2,,,,15.0,15.0,0.0,5.0,4.333333333333333,4.0,2.5,4.25,5.0,3.0,4.75,2.0,1.6666666666666665,5.333333333333333,2.5,1.333333333333333,1.3333333333333335,9.0
1,1,2.0,33.0,3.0,1.0,4.0,6.0,3.0,30.0,33.0,3.0,110.00000000000001,2867.0,2534.428,84.48093333333333,76.80084848484849,1.0,2.0,5.0,6.0,2,,,,8.0,10.0,10.0,5.0,3.5,3.0,1.8333333333333333,4.0,3.6666666666666665,2.6,4.0,4.333333333333333,5.0,4.333333333333333,4.75,3.6666666666666665,5.333333333333333,9.0
1,1,2.0,31.0,2.0,1.0,4.0,3.0,2.0,30.0,30.0,1.0,100.0,2450.0,2165.8,72.19333333333334,72.19333333333334,1.0,1.0,1.0,0.0,2,,,,5.0,15.0,2.0,8.0,3.6666666666666665,5.0,3.0,1.75,2.6666666666666665,3.0,5.25,3.3333333333333335,4.333333333333333,5.666666666666667,5.5,1.0,3.0,9.0
1,1,2.0,30.0,2.0,1.0,4.0,5.0,3.0,30.0,40.0,3.0,133.33333333333331,3000.0,2652.0,88.4,66.3,1.0,2.0,1.0,0.0,2,,,,12.0,10.0,1.0,3.0,3.5,4.0,2.8333333333333335,4.0,4.333333333333333,3.2,5.5,2.6666666666666665,4.666666666666667,5.0,5.25,1.333333333333333,5.0,9.0
1,1,2.0,36.0,2.0,1.0,4.0,5.0,3.0,30.0,50.0,3.0,166.66666666666669,4500.0,3978.0,132.6,79.56,1.0,2.0,1.0,0.0,2,,,,10.0,30.0,5.0,5.0,4.333333333333333,4.0,4.333333333333333,5.0,5.0,4.2,5.0,4.0,5.333333333333333,5.0,4.0,1.333333333333333,5.333333333333333,9.0
1,1,2.0,30.0,2.0,1.0,4.0,1.0,3.0,30.0,40.0,3.0,133.33333333333331,2500.0,2210.0,73.66666666666667,55.25,1.0,2.0,1.0,0.0,2,,,,8.0,20.0,4.0,8.0,2.8333333333333335,4.0,2.6666666666666665,2.75,4.0,3.8,1.75,2.6666666666666665,2.3333333333333335,2.3333333333333335,3.0,2.3333333333333335,2.0,9.0
1,1,1.0,48.0,1.0,2.0,4.0,5.0,3.0,30.0,30.0,1.0,100.0,2478.0,2190.552,73.0184,73.0184,1.0,1.0,1.0,0.0,2,,,,1.5,20.0,0.0,8.5,3.8333333333333335,3.0,3.3333333333333335,2.5,3.0,3.2,4.75,2.0,5.333333333333333,5.333333333333333,4.25,2.6666666666666665,4.0,9.0
1,1,2.0,29.0,4.0,2.0,4.0,1.0,3.0,30.0,45.0,3.0,134.16666666666666,2600.0,2298.4,76.61333333333333,59.198808355555556,1.0,1.0,1.0,0.0,2,,,,5.0,30.0,0.0,1.0,4.166666666666667,5.0,3.3333333333333335,1.75,4.666666666666667,3.5,6.5,3.6666666666666665,5.666666666666667,5.666666666666667,6.0,1.666666666666667,4.333333333333333,9.0
1,1,1.0,30.0,2.0,1.0,4.0,3.0,2.0,20.0,30.0,3.0,150.0,1942.6,1717.2584000000002,85.86292,57.24194666666667,1.0,1.0,1.0,0.0,2,,,,2.0,25.0,3.0,5.0,3.6666666666666665,5.0,3.1666666666666665,3.0,5.0,3.5,6.25,5.666666666666667,4.666666666666667,6.333333333333333,5.25,1.0,5.666666666666667,9.0
1,1,2.0,35.0,3.0,3.0,4.0,9.0,3.0,20.0,40.0,3.0,200.0,1800.0,1591.2,79.56,39.78,1.0,2.0,1.0,0.0,2,,,,30.0,0.0,0.0,10.0,1.5,1.0,1.8333333333333333,1.0,1.6666666666666665,1.6000000000000003,2.5,2.0,2.6666666666666665,4.0,2.0,5.666666666666667,2.0,13.0
1,1,2.0,49.0,2.0,1.0,5.0,9.0,6.0,18.5,30.0,3.0,162.16216216216216,5000.0,4420.0,238.9189189189189,147.33333333333334,2.0,4.0,6.0,30.0,2,,,,6.0,3.0,0.0,21.0,3.3333333333333335,3.0,3.8333333333333335,4.25,4.333333333333333,4.2,5.5,1.3333333333333333,4.333333333333333,5.0,3.25,1.0,5.0,2.0
1,1,1.0,52.0,2.0,2.0,4.0,5.0,3.0,40.0,60.0,3.0,150.0,6000.0,5304.0,132.6,88.4,2.0,3.0,1.0,0.0,2,,,,20.0,15.0,15.0,10.0,3.1666666666666665,4.0,3.6666666666666665,2.75,4.666666666666667,4.0,7.0,3.0,4.666666666666667,6.0,4.5,1.333333333333333,6.0,2.0
1,1,1.0,58.0,3.0,1.0,4.0,5.0,6.0,40.0,58.0,3.0,145.0,6500.0,5746.0,143.65,96.20866666666666,2.0,1.0,1.0,0.0,2,,,,15.0,20.0,0.0,15.0,2.8333333333333335,4.0,2.3333333333333335,3.0,4.0,2.6,5.25,2.6666666666666665,3.0,5.0,3.75,1.333333333333333,4.0,2.0
1,1,2.0,50.0,2.0,3.0,5.0,6.0,1.0,35.0,50.0,3.0,142.85714285714286,4500.0,3978.0,113.65714285714286,79.56,3.0,3.0,1.0,0.0,2,,,,15.0,10.0,10.0,10.0,2.6666666666666665,3.0,2.1666666666666665,1.75,3.6666666666666665,2.8,3.0,2.0,5.0,6.0,4.75,1.0,1.666666666666667,2.0
1,1,1.0,46.0,1.0,1.0,4.0,1.0,1.0,40.0,48.0,3.0,120.0,7000.0,6188.0,154.7,128.91666666666666,2.0,5.0,1.0,0.0,2,,,,15.0,28.0,10.0,5.0,3.6666666666666665,4.2,3.6666666666666665,3.25,4.0,4.2,5.25,2.0,4.0,5.666666666666667,4.25,1.0,2.0,2.0
1,1,1.0,65.0,4.0,1.0,4.0,9.0,4.0,2.0,2.0,1.0,100.0,600.0,530.4000000000001,265.2,265.2,1.0,1.0,1.0,0.0,2,,,,2.0,0.0,0.0,2.0,3.8333333333333335,3.0,5.0,4.75,5.0,5.0,7.0,1.6666666666666667,2.3333333333333335,5.0,4.25,1.0,0.9999999999999996,2.0
1,1,1.0,46.0,1.0,2.0,5.0,9.0,1.0,35.0,50.0,3.0,142.85714285714286,4500.0,3978.0,113.65714285714286,79.56,2.0,4.0,1.0,0.0,2,,,,25.0,10.0,2.0,13.0,3.1666666666666665,4.0,3.5,2.5,4.333333333333333,4.0,5.5,2.6666666666666665,5.666666666666667,6.0,4.75,1.0,4.333333333333333,2.0
1,1,1.0,59.0,1.0,1.0,4.0,9.0,6.0,40.0,60.0,3.0,150.0,7000.0,6188.0,154.7,103.13333333333334,2.0,2.0,1.0,0.0,2,,,,30.0,5.0,0.0,20.0,4.166666666666667,4.0,4.0,4.5,4.666666666666667,4.4,4.5,1.3333333333333333,2.0,4.666666666666667,3.75,1.0,0.9999999999999996,2.0
1,1,2.0,63.0,1.0,1.0,4.0,7.0,1.0,40.0,80.0,3.0,200.0,5436.46,4805.83064,120.145766,76.17170377142857,2.0,4.0,1.0,0.0,2,,,,40.0,30.0,5.0,5.0,2.3333333333333335,5.0,3.5,2.25,4.333333333333333,3.0,5.25,3.0,4.666666666666667,6.0,4.75,1.0,2.3333333333333335,2.0
1,1,1.0,44.0,2.0,1.0,4.0,7.0,1.0,40.0,90.0,3.0,225.0,4500.0,3978.0,99.45,80.13926708074534,2.0,4.0,2.0,30.0,2,,,,12.0,25.0,20.0,20.0,2.8333333333333335,4.0,3.3333333333333335,4.25,4.0,3.8,6.5,2.3333333333333335,3.3333333333333335,5.666666666666667,4.75,1.0,2.0,2.0
1,1,1.0,72.0,1.0,1.0,5.0,1.0,1.0,40.0,55.0,3.0,137.5,5613.2,4962.0688,124.05171999999999,93.11627393939395,2.0,4.0,1.0,0.0,2,,,,12.0,8.0,15.0,20.0,4.0,4.0,4.0,3.5,5.0,4.4,5.75,1.3333333333333333,4.666666666666667,5.333333333333333,4.5,1.0,4.333333333333333,2.0
1,1,2.0,39.0,1.0,2.0,5.0,5.0,1.0,40.0,48.2,3.0,121.2987012987013,4000.0,3536.0,88.4,79.86859636363637,4.0,3.0,1.0,0.0,2,,,,4.0,15.0,15.0,10.0,2.3333333333333335,4.0,4.666666666666667,3.25,5.0,4.0,5.0,3.3333333333333335,5.333333333333333,5.333333333333333,5.75,1.666666666666667,2.3333333333333335,2.0
1,1,2.0,53.0,3.0,2.0,5.0,5.0,1.0,40.0,55.0,3.0,137.5,5140.0,4543.76,113.594,91.13236363636364,2.0,5.0,1.0,0.0,2,,,,10.0,20.0,10.0,10.0,2.6666666666666665,3.0,3.6666666666666665,3.5,4.333333333333333,3.6,3.75,1.6666666666666667,3.3333333333333335,3.3333333333333335,4.25,1.0,2.6666666666666665,2.0
1,1,2.0,40.0,2.0,1.0,5.0,9.0,2.0,22.0,22.0,1.0,100.0,6600.0,5834.4,265.2,265.2,1.0,2.0,5.0,5.0,2,,,,24.0,0.0,0.0,2.0,4.0,3.0,4.666666666666667,4.75,5.0,4.6,4.0,1.3333333333333333,2.6666666666666665,5.333333333333333,4.5,1.0,3.3333333333333335,2.0
1,1,1.0,45.0,2.0,2.0,4.0,9.0,1.0,40.0,52.6,3.0,131.5,7000.0,6188.0,154.7,123.74660606060607,1.0,3.0,1.0,0.0,2,,,,36.0,4.0,4.0,8.0,2.5,3.0,4.0,1.75,3.6666666666666665,3.2,4.0,1.6666666666666667,3.0,5.333333333333333,4.75,1.333333333333333,1.666666666666667,2.0
1,1,2.0,31.0,1.0,1.0,5.0,9.0,1.0,20.0,30.0,3.0,150.0,1473.2,1302.3088000000002,65.11544,43.41029333333334,2.0,4.0,5.0,10.0,2,,,,20.0,0.0,2.0,0.0,3.0,4.0,4.166666666666667,2.5,4.0,2.4,5.75,2.6666666666666665,3.0,5.333333333333333,4.25,1.333333333333333,2.6666666666666665,2.0
1,1,2.0,46.0,2.0,2.0,4.0,5.0,1.0,40.0,55.0,3.0,137.5,7000.0,6188.0,154.7,112.50909090909093,3.0,3.0,1.0,0.0,2,,,,20.0,10.0,10.0,15.0,2.0,5.0,3.0,1.75,5.0,2.4,4.0,2.0,3.6666666666666665,4.666666666666667,4.25,2.0,4.0,2.0
1,1,1.0,46.0,1.0,2.0,5.0,13.0,1.0,35.0,45.0,3.0,128.57142857142858,5400.0,4773.6,136.38857142857145,106.08000000000001,2.0,3.0,5.0,15.0,2,,,,25.0,2.5,2.5,20.0,2.8333333333333335,5.0,2.6666666666666665,2.5,2.6666666666666665,3.4,5.25,2.3333333333333335,3.6666666666666665,4.0,5.5,1.0,4.333333333333333,2.0
1,1,1.0,61.0,1.0,1.0,5.0,9.0,6.0,16.0,17.5,3.0,109.375,5000.0,4420.0,276.25,252.57142857142858,2.0,3.0,1.0,0.0,2,,,,20.0,2.0,0.0,1.0,2.8333333333333335,4.0,3.6666666666666665,3.75,3.0,3.2,5.75,2.3333333333333335,4.0,5.0,4.5,1.333333333333333,3.3333333333333335,2.0
1,1,1.0,54.0,1.0,2.0,5.0,9.0,2.0,20.0,20.0,1.0,100.0,3200.0,2828.8,141.44,141.44,1.0,4.0,5.0,5.0,2,,,,16.0,8.0,2.0,4.0,4.0,3.0,4.0,4.0,4.0,4.0,6.5,2.3333333333333335,3.6666666666666665,5.666666666666667,4.75,1.0,1.666666666666667,2.0
1,1,1.0,65.0,1.0,1.0,4.0,4.0,2.0,20.0,33.7,3.0,125.5,3500.0,3094.0,154.7,120.56311304347827,1.0,1.0,5.0,20.0,2,,,,0.5,0.0,0.0,6.0,2.8333333333333335,3.0,4.166666666666667,2.5,3.0,4.0,5.5,1.6666666666666667,3.3333333333333335,5.333333333333333,4.25,1.0,2.6666666666666665,2.0
1,1,1.0,58.0,4.0,1.0,4.0,2.0,1.0,40.0,50.0,3.0,125.0,4000.0,3536.0,88.4,70.72,4.0,3.0,7.0,50.0,2,,,,15.0,3.0,2.0,30.0,2.3333333333333335,1.0,2.8333333333333335,4.0,1.9999999999999998,3.4,3.0,2.6666666666666665,2.3333333333333335,2.6666666666666665,4.25,2.0,2.0,2.0
1,1,1.0,52.0,2.0,1.0,4.0,9.0,1.0,40.0,60.0,3.0,150.0,4800.0,4243.2,106.08,70.72,2.0,5.0,5.0,1.0,2,,,,20.0,5.0,5.0,30.0,3.8333333333333335,3.0,3.5,2.0,5.0,4.4,7.0,2.3333333333333335,6.0,5.666666666666667,4.5,1.0,5.0,2.0
1,1,2.0,66.0,1.0,1.0,4.0,1.0,6.0,30.2,31.0,1.0,104.0,50.0,44.19999999999982,136.0591304347826,125.09753043478261,1.0,1.0,1.0,0.0,2,,,,3.0,0.0,0.0,0.0,4.166666666666667,5.0,5.0,3.75,5.0,5.0,6.25,1.0,5.333333333333333,5.0,4.25,1.0,3.0,2.0
1,1,1.0,63.0,1.0,1.0,4.0,10.0,6.0,40.0,40.0,1.0,100.0,5244.599999999999,4636.2264000000005,115.90566,115.90566000000001,3.0,1.0,5.0,1.5,2,,,,8.0,25.0,2.0,5.0,3.1666666666666665,3.0,4.0,2.0,2.6666666666666665,3.4,4.75,2.0,3.6666666666666665,5.666666666666667,4.25,1.0,2.3333333333333335,2.0
1,1,1.0,40.6,1.0,4.0,4.0,5.0,2.0,40.0,50.0,3.0,125.0,3500.0,3094.0,77.35,61.88,2.0,1.0,1.0,0.0,2,,,,20.0,10.0,5.0,15.0,2.0,4.0,2.8333333333333335,2.65,4.0,2.0,4.75,4.0,5.0,5.333333333333333,4.75,1.0,2.6666666666666665,2.0
1,1,1.0,42.0,2.0,2.0,4.0,5.0,2.0,40.0,40.0,1.0,100.0,3800.0,3359.2,83.97999999999999,83.97999999999999,3.0,2.0,1.0,0.0,2,,,,4.0,20.0,20.0,1.0,2.1666666666666665,4.0,3.1666666666666665,3.5,1.6666666666666665,3.6,3.5,5.333333333333333,4.333333333333333,3.6666666666666665,6.0,1.333333333333333,4.333333333333333,2.0
1,1,1.0,54.0,1.0,1.0,4.0,4.0,1.0,40.0,55.0,3.0,137.5,5040.0,4455.360000000001,111.38399999999999,84.98186666666666,2.0,5.0,1.0,0.0,2,,,,10.0,20.0,10.0,15.0,4.333333333333333,4.0,4.0,4.5,5.0,5.0,6.0,2.6666666666666665,4.333333333333333,5.0,4.25,1.0,5.666666666666667,2.0
1,1,1.0,61.0,1.0,2.0,4.0,5.0,1.0,40.0,55.0,3.0,137.5,5591.6,4942.974400000001,123.57436000000001,91.62793939393939,3.0,4.0,1.0,0.0,2,,,,14.0,16.0,16.0,8.0,4.333333333333333,4.0,3.8333333333333335,3.0,4.333333333333333,4.0,5.25,3.3333333333333335,4.666666666666667,5.333333333333333,4.25,1.333333333333333,3.3333333333333335,2.0
1,1,2.0,50.0,2.0,1.0,4.0,5.0,1.0,40.0,60.0,3.0,150.0,5200.0,4596.8,114.92,76.61333333333333,2.0,4.0,1.0,0.0,2,,,,20.0,10.0,15.0,15.0,4.333333333333333,1.9999999999999998,5.0,2.75,3.0,4.8,3.5,1.6666666666666667,2.6666666666666665,4.0,4.25,1.0,2.3333333333333335,2.0
1,1,2.0,48.0,1.0,2.0,5.0,8.0,2.0,5.0,5.0,1.0,100.0,300.0,265.1999999999998,53.04,53.04,1.0,1.0,2.0,22.0,2,,,,5.0,5.0,0.0,1.0,5.0,1.0,5.0,5.0,5.0,5.0,7.0,1.0,5.0,5.0,4.5,1.0,0.9999999999999996,2.0
1,1,1.0,62.0,1.0,1.0,4.0,5.0,1.0,40.0,40.0,1.0,100.0,6000.0,5304.0,132.6,132.6,4.0,5.0,1.0,0.0,2,,,,4.0,10.0,10.0,16.0,4.833333333333333,5.0,3.3333333333333335,3.25,4.333333333333333,5.0,5.5,2.0,4.666666666666667,6.0,4.75,1.0,2.0,2.0
1,1,1.0,64.0,1.0,1.0,4.0,2.0,6.0,40.0,50.0,3.0,125.0,6900.0,6099.6,152.49,121.992,2.0,4.0,1.0,0.0,2,,,,12.0,15.0,2.0,21.0,4.333333333333333,1.9999999999999998,3.3333333333333335,4.25,5.0,4.2,6.25,1.3333333333333333,4.333333333333333,5.333333333333333,3.5,1.0,5.666666666666667,2.0
1,1,2.0,45.0,1.0,2.0,4.0,5.0,1.0,40.0,60.0,3.0,150.0,7000.0,6188.0,154.7,103.13333333333334,2.0,3.0,2.0,6.0,2,,,,20.0,10.0,20.0,10.0,3.5,4.0,4.333333333333333,3.5,5.0,4.6,5.5,1.6666666666666667,5.333333333333333,5.0,4.5,1.0,4.0,2.0
1,1,2.0,46.0,1.0,2.0,4.0,9.0,3.0,45.0,45.0,1.0,100.0,5266.799999999999,4655.851199999999,116.39627999999999,116.39627999999999,2.0,4.0,1.0,0.0,2,,,,20.0,15.0,0.0,10.0,4.6,3.0,5.0,4.55,5.0,4.6,4.75,3.0,4.0,5.0,4.75,1.0,2.6666666666666665,2.0
1,1,1.0,64.0,1.0,1.0,4.0,4.0,6.0,40.0,40.0,1.0,100.0,5000.0,4420.0,110.5,110.5,4.0,3.0,5.0,10.0,2,,,,8.0,8.0,1.0,10.0,3.8333333333333335,4.0,3.5,3.25,4.0,4.0,6.5,3.6666666666666665,4.666666666666667,5.333333333333333,4.25,1.0,4.0,2.0
1,1,2.0,63.0,1.0,1.0,4.0,9.0,3.0,40.0,50.0,3.0,125.0,7000.0,6188.0,154.7,123.76,1.0,5.0,1.0,0.0,2,,,,25.0,10.0,2.0,13.0,4.333333333333333,5.0,4.333333333333333,3.5,4.333333333333333,5.0,3.75,1.6666666666666667,4.666666666666667,5.333333333333333,4.0,1.0,2.0,2.0
1,1,1.0,51.0,1.0,2.0,4.0,5.0,1.0,40.0,80.0,3.0,200.0,7000.0,6188.0,154.7,77.35,4.0,3.0,1.0,0.0,2,,,,20.0,20.0,30.0,10.0,3.3333333333333335,3.0,2.5,3.5,4.0,3.0,4.5,3.0,4.666666666666667,4.333333333333333,3.5,1.666666666666667,2.0,2.0
1,1,2.0,62.0,1.0,1.0,4.0,5.0,6.0,40.0,60.0,3.0,150.0,4060.0,3589.04,89.726,79.9136,2.0,2.0,1.0,0.0,2,,,,18.0,12.0,8.0,32.0,2.6666666666666665,5.0,2.8333333333333335,3.5,4.333333333333333,3.25,7.0,1.5,4.0,4.333333333333333,4.666666666666667,1.0,3.0,2.0
1,1,1.0,47.0,1.0,2.0,4.0,1.0,1.0,40.0,40.0,1.0,100.0,6000.0,5304.0,132.6,132.6,4.0,4.0,1.0,0.0,2,,,,16.0,5.0,5.0,14.0,3.8333333333333335,4.0,2.5,1.5,3.0,4.0,3.75,2.3333333333333335,2.0,3.6666666666666665,4.25,1.0,1.3333333333333335,2.0
1,1,2.0,59.0,1.0,1.0,4.0,5.0,1.0,40.0,50.0,3.0,125.0,6000.0,5304.0,132.6,106.08,2.0,4.0,1.0,0.0,2,,,,15.0,10.0,10.0,15.0,3.6666666666666665,5.0,3.5,3.5,4.0,4.2,4.5,2.0,4.0,4.0,4.0,1.333333333333333,2.6666666666666665,2.0
1,1,1.0,55.0,2.0,1.0,4.0,5.0,1.0,40.0,70.0,3.0,175.0,7000.0,6188.0,154.7,88.4,2.0,2.0,1.0,0.0,2,,,,17.5,17.5,10.0,25.0,3.5,3.0,2.5,2.0,3.3333333333333335,4.0,2.5,1.6666666666666667,1.6666666666666665,2.6666666666666665,3.0,1.0,0.9999999999999996,2.0
1,1,2.0,53.0,1.0,1.0,4.0,5.0,1.0,40.0,60.0,3.0,150.0,7000.0,6188.0,154.7,103.13333333333334,2.0,2.0,1.0,0.0,2,,,,30.0,10.0,5.0,20.0,3.6666666666666665,4.0,2.1666666666666665,2.25,4.666666666666667,3.4,6.5,2.3333333333333335,6.0,6.0,5.0,1.0,6.0,2.0
1,1,1.0,64.0,1.0,1.0,4.0,5.0,6.0,40.0,50.0,3.0,125.0,4560.0,4031.04,101.90555555555555,80.45739393939394,3.0,5.0,1.0,0.0,2,,,,25.0,15.0,5.0,6.5,4.5,4.0,3.8333333333333335,4.666666666666667,4.333333333333333,4.2,6.5,1.6666666666666667,2.6666666666666665,5.333333333333333,4.25,1.333333333333333,3.6666666666666665,2.0
1,1,2.0,54.0,3.0,1.0,4.0,7.0,1.0,40.0,55.0,3.0,137.5,6000.0,5304.0,132.6,96.43636363636364,2.0,4.0,6.0,10.0,2,,,,14.0,26.0,2.0,8.0,4.833333333333333,5.0,4.0,2.25,4.333333333333333,4.2,5.5,2.3333333333333335,5.0,5.666666666666667,4.25,1.0,4.666666666666667,2.0
1,1,2.0,46.0,5.0,2.0,4.0,5.0,1.0,40.0,40.0,1.0,100.0,7000.0,6188.0,154.7,154.7,3.0,2.0,1.0,0.0,2,,,,10.0,5.0,5.0,10.0,2.8333333333333335,3.0,3.1666666666666665,3.0,4.333333333333333,4.0,4.25,2.0,4.666666666666667,4.0,4.25,1.0,4.333333333333333,2.0
1,1,2.0,69.0,1.0,1.0,4.0,5.0,6.0,40.0,60.0,3.0,150.0,5200.0,4596.8,114.92,85.49985964912281,2.0,1.0,1.0,0.0,2,,,,30.0,15.0,0.0,15.0,2.6666666666666665,1.0,2.3333333333333335,2.25,1.0,2.2,5.25,1.0,5.333333333333333,5.0,4.0,1.0,3.0,2.0
1,1,2.0,42.0,3.0,1.0,4.0,5.0,1.0,40.0,52.5,3.0,131.25,5000.0,4420.0,110.5,84.19047619047619,2.0,3.0,1.0,0.0,2,,,,20.0,20.0,10.0,8.0,4.5,4.0,4.0,3.75,5.0,4.8,4.75,2.0,4.0,5.333333333333333,4.5,1.0,2.3333333333333335,2.0
1,1,2.0,39.0,3.0,1.0,5.0,5.0,3.0,40.0,46.0,3.0,133.33333333333334,2700.0,2386.8,59.67,59.88924750514068,2.0,1.0,7.0,6.0,2,,,,22.5,5.0,4.0,15.0,3.1666666666666665,5.0,2.8333333333333335,3.0,1.3333333333333335,3.0,3.5,4.0,5.333333333333333,5.0,5.0,2.6666666666666665,4.666666666666667,13.0
1,1,2.0,54.0,1.0,2.0,4.0,5.0,1.0,40.0,44.8,1.8,112.0,4000.0,3536.0,88.4,83.9532414193594,1.0,2.0,4.0,5.0,2,,,,20.0,2.0,0.0,3.0,3.5,5.0,2.3333333333333335,4.5,4.0,3.0,4.75,4.333333333333333,4.666666666666667,5.333333333333333,4.75,2.6666666666666665,4.0,11.0
1,1,1.0,30.0,3.0,1.0,4.0,1.0,2.0,30.0,50.0,3.0,166.66666666666669,3400.0,3005.6,100.18666666666667,60.111999999999995,1.0,3.0,1.0,0.0,2,,,,5.0,34.0,10.0,1.0,3.6666666666666665,3.0,3.6666666666666665,4.25,5.0,3.0,6.75,5.666666666666667,5.333333333333333,6.0,6.0,1.0,6.333333333333333,11.0
1,1,1.0,47.0,1.0,2.0,4.0,4.0,2.0,32.0,32.0,1.0,100.0,2700.0,2386.8,74.5875,74.5875,4.0,2.0,6.0,5.0,2,,,,5.0,10.0,15.0,7.0,4.5,4.0,3.3333333333333335,3.25,4.333333333333333,3.2,5.0,3.0,4.666666666666667,5.333333333333333,4.5,1.333333333333333,3.3333333333333335,11.0
1,1,2.0,47.0,1.0,4.0,4.0,4.0,3.0,20.0,37.5,3.0,187.5,2200.0,1944.8000000000002,97.24000000000001,51.86133333333334,1.0,1.0,1.0,0.0,2,,,,0.0,25.0,5.0,5.0,2.3333333333333335,5.0,1.6666666666666667,1.5,4.666666666666667,1.4000000000000001,5.75,5.333333333333333,5.5,5.666666666666667,4.666666666666667,2.0,6.0,11.0
1,1,2.0,28.0,2.0,1.0,4.0,2.0,3.0,40.0,40.0,1.0,100.0,3750.0,3315.0,82.875,82.875,1.0,3.0,1.0,0.0,2,,,,3.0,34.0,0.0,1.0,4.666666666666667,3.0,4.0,2.25,4.0,3.2,5.5,4.0,4.0,4.333333333333333,3.25,2.6666666666666665,3.0,11.0
1,1,2.0,39.0,2.0,2.0,4.0,5.0,1.0,30.0,30.0,1.0,100.0,4600.0,4066.3999999999996,135.54666666666665,135.54666666666665,4.0,2.0,1.0,0.0,2,,,,5.0,15.0,5.0,5.0,4.166666666666667,4.0,3.5,3.5,3.6666666666666665,3.0,6.0,3.6666666666666665,4.0,4.666666666666667,4.5,2.3333333333333335,5.0,11.0
1,1,2.0,44.0,3.0,1.0,4.0,3.0,1.0,40.0,70.0,3.0,175.0,4800.0,4243.2,106.08,60.61714285714285,4.0,1.0,1.0,0.0,2,,,,10.0,20.0,10.0,30.0,3.8333333333333335,5.0,3.1666666666666665,1.75,4.0,3.0,6.5,3.3333333333333335,6.0,6.0,4.5,1.0,4.0,11.0
1,1,2.0,45.0,2.0,1.0,4.0,1.0,3.0,20.0,40.0,3.0,200.0,2219.238893517747,1999.1342940176637,72.15444225073598,51.22642816715732,1.0,1.0,2.0,20.0,2,,,,5.0,10.0,10.0,15.0,2.1666666666666665,3.0,1.6666666666666667,1.5,1.9999999999999998,1.8,6.0,2.3333333333333335,4.333333333333333,5.666666666666667,4.75,3.0,2.3333333333333335,11.0
1,1,2.0,43.0,2.0,1.0,4.0,2.0,1.0,38.5,44.0,3.0,114.28571428571428,4500.0,3978.0,103.32467532467533,90.4090909090909,3.0,2.0,1.0,0.0,2,,,,8.0,20.0,8.0,8.0,2.3333333333333335,5.0,2.8333333333333335,3.75,4.0,3.6,5.25,4.333333333333333,4.666666666666667,5.333333333333333,5.5,1.333333333333333,5.666666666666667,11.0
1,1,2.0,44.0,1.0,2.0,4.0,9.0,3.0,40.0,60.0,3.0,150.0,3200.0,2828.8,70.72,47.14666666666667,3.0,2.0,5.0,5.0,2,,,,15.0,25.0,10.0,10.0,3.0,3.0,3.6666666666666665,1.0,3.3333333333333335,2.8,2.5,2.3333333333333335,2.0,3.3333333333333335,5.25,1.0,0.9999999999999996,11.0
1,1,2.0,38.0,2.0,1.0,4.0,8.0,3.0,30.0,30.0,1.0,100.0,2400.0,2121.6,70.72,70.72,1.0,1.0,3.0,10.0,2,,,,0.0,10.0,0.0,20.0,3.0,5.0,3.6666666666666665,4.5,4.0,2.8,6.25,4.0,4.666666666666667,5.666666666666667,4.75,1.0,6.333333333333333,11.0
1,1,2.0,35.0,2.0,1.0,4.0,4.0,2.0,40.0,100.0,3.0,250.0,4000.0,3536.0,88.4,35.36,1.0,2.0,1.0,0.0,2,,,,2.0,4.0,2.0,1.0,4.0,1.9999999999999998,2.5,1.75,4.666666666666667,3.4,4.0,2.0,3.6666666666666665,5.0,4.75,1.333333333333333,2.6666666666666665,11.0
1,1,2.0,40.0,1.0,2.0,4.0,1.0,2.0,20.0,20.0,1.0,100.0,1940.0,1714.96,85.748,85.748,1.0,1.0,1.0,0.0,2,,,,0.0,17.0,1.0,2.0,4.0,1.9999999999999998,4.166666666666667,4.25,4.333333333333333,4.2,5.25,2.5,4.666666666666667,5.333333333333333,5.75,1.0,7.0,11.0
1,1,2.0,25.0,3.0,1.0,4.0,9.0,2.0,10.0,10.0,1.0,100.0,579.9999999999998,512.72,51.272000000000006,51.272000000000006,1.0,1.0,2.0,6.0,2,,,,0.0,10.0,0.0,0.0,3.3333333333333335,3.0,4.5,3.25,4.666666666666667,3.8,5.0,4.0,5.333333333333333,5.0,4.0,1.0,5.666666666666667,11.0
1,1,1.0,29.0,3.0,1.0,4.0,1.0,2.0,40.0,50.0,3.0,125.0,3824.0,3380.416,84.5104,67.60832,1.0,1.0,5.0,4.0,2,,,,3.0,46.0,0.0,1.0,4.5,4.0,4.833333333333333,5.0,5.0,4.6,4.25,1.3333333333333333,4.0,5.0,4.0,1.0,1.666666666666667,11.0
1,1,1.0,28.0,3.0,1.0,4.0,2.0,2.0,40.0,45.0,3.0,112.5,3800.0,3359.2,83.97999999999999,74.64888888888889,1.0,1.0,1.0,0.0,2,,,,4.0,35.0,2.0,4.0,3.5,4.0,3.8333333333333335,4.5,4.666666666666667,3.6,5.75,2.0,4.666666666666667,4.666666666666667,4.25,1.0,4.666666666666667,11.0
1,1,1.0,29.0,1.0,1.0,4.0,1.0,3.0,40.0,40.0,1.0,100.0,5000.0,4420.0,110.5,110.5,1.0,2.0,1.0,0.0,2,,,,5.0,25.0,0.0,10.0,3.6666666666666665,4.0,3.1666666666666665,3.75,4.333333333333333,3.4,5.0,2.0,4.333333333333333,5.0,3.75,4.0,4.333333333333333,11.0
1,1,2.0,33.0,3.0,1.0,4.0,4.0,2.0,30.0,30.0,1.0,100.0,3200.0,2828.8,94.29333333333334,94.29333333333334,1.0,1.0,5.0,1.0,2,,,,7.0,16.0,3.0,4.0,3.6666666666666665,3.0,3.3333333333333335,3.25,5.0,2.6,4.5,3.0,5.333333333333333,4.666666666666667,4.0,3.3333333333333335,5.666666666666667,11.0
1,1,2.0,29.0,3.0,1.0,4.0,2.0,2.0,40.0,40.0,1.0,100.0,4940.13,4367.07492,109.176873,109.176873,1.0,2.0,3.0,8.0,2,,,,0.0,39.0,1.0,0.0,4.333333333333333,3.0,4.333333333333333,4.75,5.0,3.4,6.75,2.6666666666666665,5.333333333333333,5.333333333333333,3.75,1.666666666666667,7.0,11.0
1,1,2.0,42.0,2.0,2.0,4.0,4.0,2.0,10.0,10.0,1.0,100.0,1181.6000000000001,1044.5344,65.98323333333335,65.98323333333335,1.0,1.0,2.0,30.0,2,,,,1.0,7.0,1.0,1.0,2.3333333333333335,5.0,3.1666666666666665,1.25,5.0,2.0,6.0,4.666666666666667,4.666666666666667,6.0,5.5,1.666666666666667,5.0,11.0
1,1,1.0,28.0,2.0,1.0,4.0,2.0,2.0,40.0,40.0,1.0,100.0,3800.0,3359.2,83.97999999999999,83.97999999999999,1.0,2.0,1.0,0.0,2,,,,2.0,20.0,8.0,10.0,4.333333333333333,3.0,4.5,5.0,4.666666666666667,3.6,5.25,2.0,5.0,5.0,4.5,2.0,4.666666666666667,11.0
1,1,1.0,41.0,2.0,1.0,4.0,5.0,2.0,30.0,30.0,1.0,100.0,2300.0,2033.1999999999998,67.77333333333333,67.77333333333333,1.0,1.0,1.0,0.0,2,,,,0.0,20.0,10.0,0.0,3.8333333333333335,3.0,3.5,3.0,4.666666666666667,3.8,3.75,2.3333333333333335,4.333333333333333,3.6666666666666665,4.0,1.0,2.0,11.0
1,1,2.0,26.0,2.0,1.0,4.0,3.0,3.0,30.0,55.0,3.0,183.33333333333331,2867.66,2535.01144,84.50038133333334,46.091117090909094,1.0,1.0,1.0,0.0,2,,,,0.0,50.0,3.0,2.0,3.0,4.0,2.0,1.5,3.6666666666666665,2.6,6.0,2.0,4.333333333333333,6.0,3.25,1.333333333333333,5.333333333333333,11.0
1,1,2.0,34.0,3.0,2.0,4.0,5.0,2.0,25.0,25.0,1.0,100.0,2500.0,2210.0,88.4,88.4,1.0,1.0,2.0,15.0,2,,,,0.0,10.0,25.0,5.0,1.8333333333333333,1.9999999999999998,1.8333333333333333,1.25,1.0,2.6,2.25,2.3333333333333335,3.3333333333333335,4.333333333333333,2.25,4.666666666666667,3.6666666666666665,11.0
1,1,2.0,58.0,1.0,3.0,4.0,1.0,1.0,40.0,40.0,1.0,100.0,3500.0,3094.0,77.35,77.35,1.0,2.0,1.0,0.0,2,,,,5.0,30.0,0.0,5.0,4.166666666666667,1.9999999999999998,4.166666666666667,3.75,5.0,4.6,4.0,2.6666666666666665,5.666666666666667,4.666666666666667,4.75,1.0,3.0,11.0
1,1,1.0,25.0,3.0,1.0,4.0,2.0,3.0,30.0,40.0,3.0,133.33333333333331,2400.0,2121.6,70.72,53.04,1.0,1.0,1.0,0.0,2,,,,0.0,36.0,0.0,2.0,4.166666666666667,5.0,4.833333333333333,5.0,5.0,4.6,4.0,2.0,4.0,6.0,4.75,1.0,2.6666666666666665,11.0
1,1,2.0,28.0,2.0,1.0,4.0,2.0,2.0,40.0,47.5,3.0,118.75,3800.0,3359.2,83.97999999999999,70.72,1.0,3.0,1.0,0.0,2,,,,4.0,28.0,3.0,10.0,4.333333333333333,4.0,3.6666666666666665,4.0,5.0,4.0,5.5,2.3333333333333335,5.666666666666667,5.666666666666667,4.0,1.0,4.333333333333333,11.0
1,1,2.0,26.0,2.0,1.0,4.0,1.0,3.0,30.0,35.0,3.0,116.66666666666667,2913.9,2575.8876000000005,85.86292000000002,73.59678857142859,1.0,2.0,1.0,0.0,2,,,,0.5,26.0,0.0,4.0,3.5,3.0,3.3333333333333335,3.0,5.0,3.4,5.75,3.6666666666666665,4.0,5.333333333333333,4.75,1.333333333333333,4.333333333333333,11.0
1,1,1.0,40.0,1.0,1.0,4.0,1.0,3.0,40.0,40.0,1.0,100.0,3600.0,3182.4,79.56,79.56,1.0,1.0,1.0,0.0,2,,,,0.0,35.0,0.0,5.0,4.833333333333333,4.0,3.8333333333333335,4.5,4.666666666666667,4.2,6.0,5.0,5.0,5.333333333333333,5.5,1.0,5.333333333333333,11.0
1,1,1.0,27.0,3.0,1.0,4.0,2.0,3.0,40.0,45.0,3.0,112.5,3964.535833,3504.6496763719997,87.61624190929999,77.88110391937776,1.0,2.0,1.0,0.0,2,,,,12.5,15.0,5.0,12.5,4.0,4.0,2.0,4.25,3.0,3.6,5.0,5.0,5.666666666666667,6.0,3.5,1.666666666666667,5.333333333333333,11.0
1,1,2.0,35.0,2.0,1.0,4.0,1.0,1.0,40.0,40.0,1.0,100.0,4900.0,4331.6,108.29,108.29,1.0,1.0,1.0,0.0,2,,,,0.0,5.0,30.0,5.0,4.666666666666667,3.0,4.166666666666667,3.75,4.333333333333333,4.0,4.0,1.6666666666666667,3.6666666666666665,5.666666666666667,4.5,1.0,2.0,11.0
1,1,1.0,28.0,3.0,1.0,5.0,2.0,1.0,40.0,45.0,3.0,112.5,4083.0,3609.3720000000003,90.2343,80.20826666666667,1.0,1.0,1.0,0.0,2,,,,20.0,10.0,5.0,10.0,3.5,5.0,3.1666666666666665,3.25,3.6666666666666665,3.0,4.25,2.3333333333333335,5.333333333333333,3.6666666666666665,3.5,4.0,5.0,11.0
1,1,1.0,29.0,3.0,1.0,5.0,5.0,1.0,32.0,32.0,1.0,100.0,2900.0,2563.6,80.1125,80.1125,1.0,5.0,1.0,0.0,2,,,,6.0,2.0,0.0,24.0,3.1666666666666665,3.0,4.166666666666667,3.25,4.333333333333333,4.0,5.0,3.6666666666666665,3.6666666666666665,4.333333333333333,4.0,1.666666666666667,4.333333333333333,11.0
1,1,1.0,32.0,3.0,1.0,4.0,1.0,2.0,30.0,40.0,3.0,133.33333333333331,2593.6,2292.7424,74.45775099567099,59.74956,1.0,1.0,1.0,0.0,2,,,,0.0,32.0,0.0,8.0,3.8,4.0,4.166666666666667,4.0,4.666666666666667,3.6,6.0,3.3333333333333335,5.333333333333333,5.0,4.75,1.0,5.333333333333333,11.0
1,1,2.0,29.0,3.0,1.0,6.0,4.0,2.0,40.0,40.0,1.0,100.0,3850.0,3403.3999999999996,85.085,85.085,1.0,2.0,4.0,2.0,2,,,,1.0,30.0,1.0,1.0,3.5,4.0,2.5,3.25,4.0,3.2,4.5,2.3333333333333335,4.333333333333333,4.0,4.0,4.333333333333333,3.3333333333333335,11.0
1,1,2.0,32.0,2.0,1.0,6.0,1.0,2.0,40.0,40.0,1.0,100.0,2800.0,2475.2,61.879999999999995,61.879999999999995,1.0,2.0,1.0,0.0,2,,,,5.0,6.0,0.0,15.0,3.6666666666666665,3.0,4.166666666666667,3.75,5.0,3.6,6.25,2.0,4.333333333333333,5.0,4.0,1.0,3.6666666666666665,11.0
1,1,2.0,46.0,2.0,1.0,4.0,5.0,1.0,30.0,30.0,1.0,100.0,3000.0,2652.0,88.4,88.4,3.0,2.0,1.0,0.0,2,,,,0.0,26.0,2.0,2.0,3.8333333333333335,3.0,3.6666666666666665,4.25,4.0,3.8,6.25,2.6666666666666665,4.666666666666667,5.0,4.5,1.0,4.0,11.0
1,1,2.0,35.0,2.0,1.0,4.0,9.0,1.0,40.0,40.0,1.0,100.0,4450.0,3933.8,98.345,98.345,1.0,1.0,1.0,0.0,2,,,,15.0,10.0,1.0,15.0,3.1666666666666665,1.0,2.6666666666666665,1.0,2.6666666666666665,3.2,5.0,1.6666666666666667,3.0,5.0,3.5,1.333333333333333,4.0,11.0
1,1,2.0,58.0,1.0,1.0,6.0,1.0,1.0,30.0,31.5,3.0,105.0,2200.0,1944.8000000000002,64.82666666666667,61.73968253968255,1.0,3.0,1.0,0.0,2,,,,2.0,2.0,0.0,26.0,4.0,5.0,3.8333333333333335,3.75,5.0,4.0,7.0,4.333333333333333,5.666666666666667,5.666666666666667,4.75,1.0,0.9999999999999996,11.0
1,1,1.0,31.0,3.0,1.0,4.0,9.0,3.0,30.0,45.0,3.0,150.0,2400.0,2121.6,70.72,47.14666666666666,1.0,3.0,5.0,1.0,2,,,,4.0,25.0,2.0,2.0,4.0,4.0,3.1666666666666665,4.0,3.6666666666666665,3.4,5.75,3.0,4.666666666666667,5.0,4.0,1.666666666666667,5.333333333333333,11.0
1,1,1.0,32.0,2.0,1.0,4.0,1.0,2.0,30.0,35.0,3.0,116.66666666666667,2875.0,2541.5,84.71666666666667,72.61428571428571,1.0,2.0,1.0,0.0,2,,,,0.0,35.0,0.0,0.0,3.6666666666666665,3.0,4.666666666666667,5.0,4.333333333333333,3.0,6.5,3.3333333333333335,5.666666666666667,4.666666666666667,6.0,1.0,4.0,11.0
1,1,2.0,33.0,3.0,1.0,4.0,5.0,3.0,30.0,20.0,2.0,66.66666666666666,1700.0,1502.8,50.093333333333334,75.14,1.0,1.0,1.0,0.0,2,,,,0.0,15.0,5.0,0.0,3.6666666666666665,4.0,2.3333333333333335,3.0,5.0,2.6,3.5,3.3333333333333335,2.6666666666666665,4.333333333333333,3.25,2.0,3.3333333333333335,11.0
1,1,2.0,35.0,2.0,1.0,4.0,3.0,3.0,30.0,30.0,1.0,100.0,2800.0,2475.2,82.50666666666666,82.50666666666666,1.0,2.0,1.0,0.0,2,,,,0.0,25.0,1.0,4.0,3.1666666666666665,1.9999999999999998,4.0,3.0,2.6666666666666665,3.6,6.25,3.6666666666666665,6.0,5.333333333333333,5.75,1.0,5.333333333333333,11.0
1,1,2.0,28.0,2.0,2.0,4.0,8.0,2.0,20.0,16.8,1.4,105.0,1100.0,972.4000000000001,48.620000000000005,56.1561,1.0,1.0,1.0,0.0,2,,,,6.0,4.0,12.0,2.0,3.6666666666666665,4.0,3.3333333333333335,3.75,3.6666666666666665,3.8,6.0,4.666666666666667,5.666666666666667,5.666666666666667,4.75,1.333333333333333,4.333333333333333,11.0
1,1,1.0,37.0,1.0,1.0,4.0,2.0,3.0,40.0,60.0,3.0,150.0,3575.28,3160.54752,79.013688,52.675792,1.0,2.0,1.0,0.0,2,,,,3.0,46.0,10.0,1.0,2.0,5.0,2.5,1.25,5.0,3.2,6.5,2.0,3.6666666666666665,6.0,4.75,3.6666666666666665,0.9999999999999996,11.0
1,1,1.0,26.0,2.0,1.0,4.0,13.0,2.0,20.0,20.0,1.0,100.0,1700.0,1502.8,75.14,75.14,1.0,2.0,6.0,12.0,2,,,,0.0,18.0,0.0,2.0,3.8333333333333335,1.9999999999999998,3.8333333333333335,3.5,4.333333333333333,3.6,5.25,2.0,3.6666666666666665,5.0,4.0,1.333333333333333,4.0,11.0
1,1,2.0,39.0,2.0,1.0,4.0,5.0,2.0,40.0,44.5,1.8,111.25,5000.0,4420.0,110.5,108.77409523809524,1.0,2.0,1.0,0.0,2,,,,15.0,20.0,0.0,5.0,4.2,4.0,3.5,3.0,3.6666666666666665,4.4,5.0,2.3333333333333335,2.6666666666666665,4.333333333333333,4.5,1.0,2.3333333333333335,11.0
1,1,1.0,23.0,2.0,1.0,4.0,7.0,4.0,10.0,10.0,1.0,100.0,700.0,618.8,61.879999999999995,61.879999999999995,1.0,1.0,1.0,0.0,2,,,,0.0,4.0,0.5,5.5,4.0,1.9999999999999998,4.0,4.25,4.333333333333333,4.2,5.25,2.3333333333333335,3.6666666666666665,4.666666666666667,4.0,1.0,5.0,11.0
1,1,2.0,35.0,1.0,2.0,4.0,5.0,2.0,40.0,40.0,1.0,100.0,4300.0,3801.2,95.03,95.03,1.0,1.0,1.0,0.0,2,,,,0.0,36.0,2.0,2.0,3.3333333333333335,4.0,3.3333333333333335,2.0,3.6666666666666665,2.6,5.0,2.6666666666666665,5.0,5.333333333333333,4.75,2.3333333333333335,6.0,11.0
1,1,2.0,25.0,3.0,1.0,4.0,3.0,2.0,30.0,55.0,3.0,183.33333333333331,2880.0,2545.92,84.864,46.28945454545455,1.0,1.0,1.0,0.0,2,,,,0.0,53.0,1.0,1.0,4.166666666666667,5.0,3.6666666666666665,3.75,4.666666666666667,3.8,5.0,3.3333333333333335,4.666666666666667,5.666666666666667,4.75,1.0,3.3333333333333335,11.0
1,1,1.0,31.0,2.0,1.0,4.0,5.0,2.0,20.0,20.0,1.0,100.0,1300.0,1149.2,57.46,57.46,1.0,1.0,3.0,20.0,2,,,,3.0,2.0,3.0,7.0,2.3333333333333335,5.0,1.3333333333333333,3.5,5.0,1.4000000000000001,5.0,3.3333333333333335,4.0,4.0,3.75,1.666666666666667,5.333333333333333,11.0
1,1,2.0,43.0,3.0,1.0,4.0,5.0,3.0,40.0,40.0,1.0,100.0,3531.0,3121.4040000000005,78.03510000000001,78.03510000000001,1.0,1.0,1.0,0.0,2,,,,0.0,45.0,0.0,0.0,2.8333333333333335,3.0,3.1666666666666665,2.0,3.6666666666666665,2.6,4.25,3.3333333333333335,3.0,3.6666666666666665,5.25,1.333333333333333,1.666666666666667,11.0
1,1,2.0,27.0,2.0,1.0,4.0,5.0,3.0,20.0,20.0,1.0,100.0,800.0,707.2,35.36,35.36,1.0,1.0,1.0,0.0,2,,,,6.0,16.0,0.0,0.0,3.1666666666666665,5.0,1.6666666666666667,2.25,3.6666666666666665,2.0,3.0,4.666666666666667,5.333333333333333,5.0,3.75,4.333333333333333,6.333333333333333,11.0
1,1,2.0,28.0,2.0,1.0,4.0,5.0,3.0,30.0,40.0,3.0,133.33333333333331,2400.0,2121.6,70.72,53.04,1.0,1.0,1.0,0.0,2,,,,0.0,15.0,15.0,10.0,2.0,4.0,2.1666666666666665,5.0,5.0,2.0,3.75,2.6666666666666665,4.0,4.333333333333333,4.0,2.6666666666666665,4.0,11.0
1,1,1.0,30.0,2.0,1.0,6.0,2.0,1.0,20.0,27.5,3.0,137.5,1250.0,1105.0,55.25,40.18181818181818,1.0,1.0,1.0,0.0,2,,,,6.0,10.0,2.0,7.0,2.8333333333333335,1.9999999999999998,3.3333333333333335,4.25,5.0,2.8,4.75,2.0,2.6666666666666665,3.3333333333333335,4.25,2.6666666666666665,2.0,11.0
1,1,2.0,57.0,2.0,2.0,4.0,4.0,1.0,40.0,40.0,1.0,100.0,1754.884752541243,1795.8107058156972,44.89526764539244,44.89526764539244,1.0,1.0,1.0,0.0,2,,,,0.0,40.0,0.0,0.0,2.4,5.0,1.5,1.75,2.6666666666666665,2.0,1.0,2.6666666666666665,2.0,2.6666666666666665,2.75,4.666666666666667,3.0,11.0
1,1,2.0,25.0,2.0,1.0,4.0,5.0,3.0,30.0,44.4,3.0,152.0,200.0,176.80000000000018,62.8651296,44.3485517991342,1.0,1.0,2.0,20.0,2,,,,6.0,0.0,0.0,0.0,3.1666666666666665,4.0,2.3333333333333335,1.0,3.3333333333333335,2.8,6.75,2.0,6.0,6.0,4.25,1.0,5.0,11.0
1,1,2.0,25.0,2.0,1.0,6.0,6.0,2.0,40.0,45.0,3.0,112.5,3500.0,3094.0,77.35,68.75555555555556,1.0,1.0,1.0,0.0,2,,,,2.0,0.0,25.0,18.0,3.8333333333333335,4.0,4.0,4.25,5.0,3.2,6.0,3.3333333333333335,4.333333333333333,5.333333333333333,4.0,1.0,5.0,11.0
1,1,2.0,42.0,3.0,1.0,4.0,5.0,3.0,20.0,32.5,3.0,162.5,1300.0,1149.2,57.46,35.36,1.0,2.0,5.0,15.0,2,,,,12.0,5.0,12.5,7.5,2.5,3.0,3.0,3.75,3.0,2.4,6.0,2.0,3.3333333333333335,6.0,5.0,1.0,3.0,11.0
1,1,1.0,35.0,2.0,1.0,6.0,5.0,2.0,30.0,40.0,3.0,133.33333333333331,2600.0,2298.4,76.61333333333333,57.46,1.0,1.0,1.0,0.0,2,,,,0.0,40.0,35.0,5.0,3.5,1.9999999999999998,3.8333333333333335,3.5,5.0,3.8,4.0,3.0,3.0,4.0,4.75,1.0,1.666666666666667,11.0
1,1,2.0,26.0,2.0,1.0,4.0,5.0,3.0,30.0,30.0,1.0,100.0,2673.6,2363.4624,76.84569904761905,76.84569904761904,1.0,1.0,5.0,5.0,2,,,,0.0,28.0,2.0,0.0,4.333333333333333,4.0,3.1666666666666665,5.0,5.0,3.4,4.25,3.0,4.333333333333333,3.6666666666666665,4.25,1.333333333333333,1.666666666666667,11.0
1,1,2.0,48.0,2.0,2.0,4.0,8.0,3.0,40.0,40.0,1.0,100.0,3270.0,2890.68,72.267,72.267,1.0,2.0,1.0,0.0,2,,,,0.0,10.0,20.0,10.0,3.0,4.0,3.3333333333333335,4.25,5.0,3.4,5.75,3.3333333333333335,5.0,5.333333333333333,5.0,1.0,3.6666666666666665,11.0
1,1,2.0,55.0,1.0,1.0,4.0,5.0,2.0,35.0,55.0,3.0,157.14285714285714,4750.0,4199.0,119.97142857142858,76.34545454545454,1.0,1.0,1.0,0.0,2,,,,4.0,50.0,5.5,0.0,3.0,5.0,2.6666666666666665,3.0,2.6666666666666665,2.2,7.0,5.333333333333333,6.333333333333333,6.333333333333333,6.25,1.0,6.0,11.0
1,1,2.0,30.0,2.0,2.0,4.0,1.0,6.0,35.0,35.0,1.0,100.0,2200.0,1944.8000000000002,55.56571428571429,55.56571428571429,1.0,1.0,1.0,0.0,2,,,,0.0,8.0,2.0,25.0,4.666666666666667,1.9999999999999998,3.8333333333333335,5.0,4.333333333333333,4.8,7.0,1.3333333333333333,5.333333333333333,5.333333333333333,4.5,1.0,0.9999999999999996,11.0
1,1,1.0,43.0,1.0,2.0,4.0,5.0,2.0,40.0,40.0,1.0,100.0,5000.0,4420.0,110.5,110.5,1.0,5.0,1.0,0.0,2,,,,0.0,10.0,20.0,10.0,4.0,3.0,4.333333333333333,5.0,4.666666666666667,4.0,4.0,1.6666666666666667,1.6666666666666665,1.666666666666667,4.75,1.0,0.9999999999999996,11.0
1,1,2.0,35.0,2.0,1.0,4.0,1.0,1.0,40.0,40.0,1.0,100.0,3300.0,2917.2,72.92999999999999,72.92999999999999,1.0,2.0,1.0,0.0,2,,,,0.0,30.0,4.0,8.0,3.6666666666666665,5.0,3.0,3.75,4.0,3.2,5.75,3.6666666666666665,5.0,5.333333333333333,4.75,1.0,5.666666666666667,11.0
1,1,2.0,38.0,3.0,1.0,4.0,5.0,2.0,41.0,45.0,3.0,109.75609756097562,5702.0,5040.568,122.94068292682927,112.01262222222223,1.0,2.0,1.0,0.0,2,,,,0.0,20.0,5.0,16.0,2.6666666666666665,5.0,2.3333333333333335,1.25,4.333333333333333,3.0,5.25,3.3333333333333335,4.666666666666667,4.666666666666667,3.5,3.0,5.0,11.0
1,1,2.0,31.0,3.0,1.0,4.0,1.0,1.0,40.0,60.0,3.0,150.0,2700.0,2386.8,59.67,39.78,1.0,1.0,1.0,0.0,2,,,,10.0,30.0,10.0,0.0,2.5,3.0,2.5,3.75,5.0,2.6,7.0,2.3333333333333335,5.666666666666667,6.333333333333333,5.0,1.0,5.0,11.0
1,1,2.0,45.8,2.0,1.0,4.0,1.0,3.0,34.0,36.0,3.0,105.88235294117648,2785.7,2462.5588000000002,72.4282,68.40441111111112,1.0,1.0,1.0,0.0,2,,,,0.5,35.5,0.0,0.0,2.3333333333333335,1.9999999999999998,3.3333333333333335,2.0,3.0,2.8,5.75,2.3333333333333335,4.666666666666667,5.0,4.25,1.0,6.0,11.0
1,1,1.0,32.0,2.0,1.0,4.0,5.0,3.0,27.0,36.0,3.0,133.33333333333331,1900.0,1679.6,62.2074074074074,46.65555555555555,1.0,5.0,1.0,0.0,2,,,,0.0,18.0,8.0,10.0,3.0,3.0,2.1666666666666665,3.25,2.3333333333333335,3.2,2.75,2.6666666666666665,4.666666666666667,4.0,3.75,3.6666666666666665,1.3333333333333335,11.0
1,1,1.0,22.0,2.0,1.0,4.0,5.0,3.0,20.0,20.0,1.0,100.0,1388.45,1227.3898000000002,61.369490000000006,61.369490000000006,1.0,1.0,1.0,0.0,2,,,,0.0,20.0,0.0,0.0,4.0,1.9999999999999998,3.8333333333333335,4.25,5.0,3.8,5.0,2.0,3.6666666666666665,4.666666666666667,4.25,1.666666666666667,2.0,11.0
1,1,2.0,43.0,1.0,2.0,4.0,5.0,3.0,11.0,25.0,3.0,227.2727272727273,1200.0,1060.8,96.43636363636364,42.431999999999995,3.0,1.0,5.0,20.0,2,,,,6.0,15.0,5.0,10.0,3.5,5.0,3.6666666666666665,1.0,3.3333333333333335,2.0,5.5,3.3333333333333335,4.666666666666667,4.666666666666667,4.5,1.666666666666667,4.333333333333333,11.0
1,1,2.0,25.0,2.0,1.0,4.0,5.0,3.0,20.0,20.0,1.0,100.0,1225.0,1082.9,54.145,54.145,1.0,2.0,1.0,0.0,2,,,,0.0,19.0,0.0,1.0,3.8333333333333335,4.0,3.6666666666666665,3.75,4.0,3.2,5.25,3.6666666666666665,4.666666666666667,5.333333333333333,5.0,2.0,5.333333333333333,11.0
1,1,3.0,25.0,2.0,1.0,4.0,5.0,3.0,20.0,30.0,3.0,150.0,1350.0,1193.4,59.67,39.78,1.0,1.0,7.0,5.0,2,,,,8.0,10.0,5.0,7.0,3.1666666666666665,5.0,3.3333333333333335,4.25,3.0,2.4,5.0,4.0,3.6666666666666665,4.666666666666667,5.25,1.666666666666667,1.666666666666667,11.0
1,1,2.0,35.0,3.0,1.0,4.0,4.0,2.0,40.0,40.0,1.0,100.0,2380.0,2103.92,52.598,52.598,1.0,1.0,3.0,10.0,2,,,,0.0,30.0,0.0,10.0,3.0,4.0,3.1666666666666665,4.25,3.6666666666666665,3.2,6.25,4.666666666666667,5.333333333333333,5.333333333333333,5.25,1.0,4.666666666666667,11.0
1,1,2.0,32.0,2.0,1.0,6.0,2.0,1.0,32.0,32.0,1.0,100.0,3600.0,3182.4,99.45,99.45,1.0,2.0,1.0,0.0,2,,,,5.0,20.0,5.0,2.0,4.5,3.0,3.1666666666666665,4.5,3.6666666666666665,3.5,5.5,2.0,3.6666666666666665,4.666666666666667,3.25,4.333333333333333,4.0,11.0
1,1,1.0,37.0,2.0,2.0,4.0,5.0,3.0,20.0,20.0,1.0,100.0,2000.0,1768.0,88.4,88.4,3.0,2.0,5.0,2.0,2,,,,0.0,5.0,10.0,0.0,3.5,1.9999999999999998,3.6666666666666665,2.0,4.0,2.4,3.75,2.3333333333333335,3.6666666666666665,4.333333333333333,5.0,1.666666666666667,3.0,11.0
1,1,2.0,30.0,2.0,1.0,4.0,5.0,3.0,28.0,32.0,3.0,114.28571428571428,2200.0,1944.8000000000002,69.45714285714287,60.775000000000006,1.0,2.0,1.0,0.0,2,,,,0.0,28.0,2.0,3.0,4.0,4.0,4.166666666666667,4.5,4.666666666666667,3.4,5.0,3.6666666666666665,5.333333333333333,5.666666666666667,4.75,1.333333333333333,4.333333333333333,11.0
1,1,2.0,27.0,2.0,1.0,4.0,1.0,2.0,20.0,30.0,3.0,150.0,1600.0,1414.4,70.72,47.14666666666667,1.0,1.0,1.0,0.0,2,,,,0.0,22.5,1.0,2.5,4.333333333333333,4.0,3.8333333333333335,5.0,5.0,3.6,5.75,2.6666666666666665,5.0,5.333333333333333,4.5,1.0,6.0,11.0
1,1,2.0,30.0,3.0,1.0,4.0,3.0,3.0,40.0,60.0,3.0,150.0,3500.0,3094.0,77.35,51.56666666666667,1.0,1.0,1.0,0.0,2,,,,3.0,2.0,0.0,2.0,4.5,4.0,4.0,3.0,3.6666666666666665,4.8,6.25,3.0,4.666666666666667,6.0,5.0,1.0,2.6666666666666665,11.0
1,1,2.0,46.0,1.0,2.0,4.0,5.0,3.0,28.0,28.0,1.0,100.0,2230.0,1971.3200000000002,70.40428571428572,70.40428571428572,1.0,1.0,1.0,0.0,2,,,,0.0,18.0,4.0,6.0,3.6666666666666665,5.0,2.3333333333333335,4.25,4.666666666666667,2.4,5.5,2.6666666666666665,3.6666666666666665,5.333333333333333,4.0,1.666666666666667,5.333333333333333,11.0
1,1,1.0,33.0,2.0,1.0,4.0,1.0,2.0,25.0,50.0,3.0,200.0,2823.0,2495.532,99.82128,49.91064,1.0,1.0,1.0,0.0,2,,,,0.0,50.0,0.0,0.0,3.1666666666666665,5.0,2.1666666666666665,1.25,2.3333333333333335,1.8,4.25,2.3333333333333335,3.3333333333333335,5.666666666666667,4.25,5.333333333333333,1.3333333333333335,11.0
1,1,2.0,36.0,2.0,2.0,4.0,5.0,3.0,35.0,35.0,1.0,100.0,2300.0,2033.1999999999998,58.091428571428565,58.091428571428565,3.0,3.0,2.0,15.0,2,,,,10.0,20.0,10.0,5.0,3.8333333333333335,5.0,4.333333333333333,3.25,4.666666666666667,3.0,6.5,2.0,5.666666666666667,6.0,4.75,1.0,3.6666666666666665,11.0
1,1,2.0,31.0,2.0,2.0,4.0,2.0,2.0,40.0,43.0,3.0,107.5,3700.0,3270.8,81.77000000000001,76.06511627906977,3.0,2.0,1.0,0.0,2,,,,3.0,10.0,25.0,5.0,3.1666666666666665,4.0,2.3333333333333335,1.75,4.0,2.6,4.25,2.6666666666666665,5.0,4.666666666666667,4.25,2.0,2.3333333333333335,11.0
1,1,1.0,24.0,3.0,1.0,4.0,5.0,3.0,20.0,25.0,3.0,125.0,1190.1,1052.0484000000001,52.60242000000001,42.081936000000006,1.0,2.0,1.0,0.0,2,,,,0.0,20.0,0.0,5.0,3.1666666666666665,4.0,1.8333333333333333,3.75,5.0,2.8,4.75,3.3333333333333335,4.0,4.666666666666667,4.75,1.0,2.0,11.0
1,1,2.0,29.0,3.0,1.0,4.0,1.0,2.0,20.0,20.0,1.0,100.0,1500.0,1326.0,66.3,66.3,3.0,1.0,1.0,0.0,2,,,,0.0,5.0,5.0,10.0,3.3333333333333335,3.0,3.5,3.75,4.5,3.4,2.5,2.6666666666666665,6.0,3.6666666666666665,3.0,1.333333333333333,3.3333333333333335,11.0
1,1,1.0,29.0,2.0,1.0,4.0,3.0,3.0,30.0,40.0,3.0,133.33333333333331,2600.0,2298.4,76.61333333333333,57.46,1.0,2.0,1.0,0.0,2,,,,0.5,34.0,3.5,2.0,2.5,4.0,3.8333333333333335,4.5,4.666666666666667,3.0,4.5,2.0,3.6666666666666665,4.666666666666667,4.75,1.0,2.0,11.0
1,1,2.0,44.0,1.0,2.0,6.0,2.0,1.0,40.0,43.0,3.0,107.5,3800.0,3359.2,83.97999999999999,78.12093023255814,4.0,2.0,1.0,0.0,2,,,,10.0,2.0,6.0,20.5,2.1666666666666665,3.0,1.5,4.25,3.0,1.8,3.75,4.0,4.333333333333333,5.0,3.0,3.0,2.6666666666666665,11.0
1,1,2.0,26.0,2.0,1.0,4.0,4.0,2.0,40.0,40.0,1.0,100.0,3200.0,2828.8,70.72,70.72,1.0,1.0,1.0,0.0,2,,,,0.0,2.0,20.0,18.0,3.1666666666666665,3.0,3.0,4.0,4.0,2.2,4.75,2.0,3.0,4.0,3.75,2.0,3.0,11.0
1,1,2.0,27.0,2.0,1.0,4.0,1.0,2.0,30.0,30.0,1.0,100.0,2800.0,2475.2,82.50666666666666,82.50666666666666,1.0,1.0,1.0,0.0,2,,,,0.0,27.0,0.0,3.0,4.333333333333333,3.0,3.8333333333333335,5.0,4.0,3.8,5.75,3.0,4.666666666666667,5.666666666666667,4.25,1.666666666666667,4.666666666666667,11.0
1,1,2.0,41.0,3.0,1.0,4.0,1.0,2.0,40.0,45.0,3.0,112.5,4773.0,4219.332,105.48330000000001,93.76293333333334,3.0,1.0,1.0,0.0,2,,,,5.0,25.0,10.0,5.0,4.0,3.0,3.5,2.5,4.0,3.2,4.75,2.3333333333333335,5.0,5.0,4.75,1.333333333333333,2.6666666666666665,11.0
1,1,2.0,32.0,2.0,1.0,4.0,3.0,3.0,40.0,40.0,1.0,100.0,4000.0,3536.0,88.4,88.4,3.0,2.0,5.0,3.0,2,,,,0.5,20.0,15.0,4.5,3.8333333333333335,4.0,3.8333333333333335,3.75,4.333333333333333,3.4,3.5,1.6666666666666667,4.333333333333333,5.0,4.25,1.666666666666667,1.3333333333333335,11.0
1,1,2.0,23.0,3.0,1.0,4.0,1.0,2.0,8.0,47.5,3.0,593.75,626.1399999999999,553.50776,69.18847,11.65279494736842,1.0,1.0,1.0,0.0,2,,,,4.0,37.0,0.0,7.0,2.5,4.0,3.6666666666666665,3.5,4.666666666666667,3.6,6.25,3.3333333333333335,6.0,5.666666666666667,5.0,1.0,5.333333333333333,11.0
1,1,1.0,28.0,3.0,1.0,4.0,1.0,3.0,33.0,40.0,3.0,121.21212121212122,2400.0,2121.6,64.29090909090908,53.04,1.0,2.0,1.0,0.0,2,,,,7.0,24.0,1.0,8.0,4.0,4.0,4.166666666666667,3.5,5.0,4.6,6.5,2.3333333333333335,5.0,5.333333333333333,4.5,1.333333333333333,5.666666666666667,11.0
1,1,2.0,30.0,2.0,1.0,4.0,9.0,4.0,16.0,16.0,1.0,100.0,1320.0,1166.88,72.93,72.93,1.0,2.0,2.0,18.0,2,,,,0.0,13.0,3.0,0.0,3.5,4.0,2.8333333333333335,2.25,3.0,2.6,5.5,1.6666666666666667,4.0,5.333333333333333,4.25,1.0,4.666666666666667,11.0
1,1,2.0,27.0,2.0,1.0,4.0,4.0,2.0,40.0,40.0,1.0,100.0,3583.0,3167.3720000000003,79.18430000000001,79.18430000000001,1.0,1.0,1.0,0.0,2,,,,4.0,26.0,4.0,6.0,3.4,5.0,3.6666666666666665,4.0,4.333333333333333,4.4,6.25,3.6666666666666665,5.333333333333333,6.0,5.75,1.0,4.0,11.0
1,1,2.0,22.0,3.0,1.0,4.0,5.0,2.0,8.0,7.9999999999999964,1.0,100.0,500.0,442.0,55.25,55.25,1.0,1.0,1.0,0.0,2,,,,0.0,6.0,0.0,2.0,4.0,4.0,3.5,4.25,4.0,4.0,4.5,3.6666666666666665,4.666666666666667,4.666666666666667,4.5,1.0,4.666666666666667,11.0
1,1,1.0,54.0,1.0,1.0,4.0,1.0,1.0,40.0,55.0,3.0,137.5,5054.6,4468.2664,111.70666,89.88512,3.0,3.0,1.0,0.0,2,,,,15.0,20.0,10.0,10.0,3.1666666666666665,3.0,3.0,1.5,4.0,3.4,5.25,2.3333333333333335,4.0,5.0,4.25,1.0,2.3333333333333335,11.0
1,1,2.0,32.0,2.0,1.0,4.0,5.0,2.0,33.0,40.0,3.0,121.21212121212122,3000.0,2652.0,80.36363636363636,66.3,1.0,2.0,1.0,0.0,2,,,,7.0,33.0,4.0,2.0,3.5,3.0,4.0,4.0,5.0,3.4,6.0,3.3333333333333335,5.666666666666667,6.0,4.75,1.666666666666667,4.0,11.0
1,1,2.0,23.0,2.0,1.0,4.0,5.0,3.0,19.0,19.0,1.0,100.0,740.0000000000002,654.1599999999999,34.42947368421053,34.42947368421053,1.0,1.0,1.0,0.0,2,,,,0.0,17.0,2.0,0.0,3.8,4.0,2.1666666666666665,4.5,4.666666666666667,2.8,6.25,3.3333333333333335,4.666666666666667,5.666666666666667,5.0,2.6666666666666665,5.333333333333333,11.0
1,1,2.0,39.0,2.0,2.0,4.0,5.0,3.0,30.0,30.0,1.0,100.0,3800.0,3359.2,111.97333333333333,111.97333333333333,1.0,2.0,1.0,0.0,2,,,,0.0,27.0,3.0,0.0,3.8333333333333335,5.0,2.5,4.0,3.3333333333333335,3.4,4.75,3.3333333333333335,4.333333333333333,5.666666666666667,4.5,2.0,5.333333333333333,11.0
1,1,1.0,30.0,3.0,1.0,4.0,1.0,2.0,30.0,40.0,3.0,133.33333333333331,2300.0,2033.1999999999998,67.77333333333333,50.83,1.0,3.0,1.0,0.0,2,,,,0.0,40.0,0.0,5.0,4.0,3.0,3.3333333333333335,4.5,3.6666666666666665,3.2,5.25,3.0,4.333333333333333,5.0,3.75,1.333333333333333,4.0,11.0
1,1,2.0,23.0,3.0,1.0,4.0,2.0,2.0,16.0,16.0,1.0,100.0,950.0,839.8,52.4875,52.4875,1.0,1.0,1.0,0.0,2,,,,0.0,8.0,8.0,0.0,2.6666666666666665,1.9999999999999998,3.5,2.0,4.0,3.2,5.5,3.3333333333333335,4.0,4.666666666666667,4.5,1.666666666666667,3.0,11.0
1,1,2.0,40.0,1.0,2.0,4.0,3.0,2.0,25.0,25.0,1.0,100.0,2630.0,2324.92,92.99680000000001,92.99680000000001,1.0,2.0,2.0,10.0,2,,,,0.0,2.0,18.0,5.0,4.166666666666667,4.0,3.5,3.5,3.3333333333333335,3.0,5.75,2.0,4.666666666666667,5.0,3.75,1.333333333333333,2.3333333333333335,11.0
1,1,2.0,33.0,3.0,1.0,4.0,3.0,3.0,30.0,42.0,3.0,140.0,2700.0,2386.8,79.56,56.828571428571436,1.0,3.0,1.0,0.0,2,,,,4.0,20.0,12.0,6.0,3.0,4.0,3.0,3.25,3.6666666666666665,3.2,5.75,3.3333333333333335,4.666666666666667,5.0,4.25,1.333333333333333,4.666666666666667,11.0
1,1,2.0,24.0,2.0,1.0,6.0,4.0,3.0,40.0,40.0,1.0,100.0,2700.0,2386.8,59.67,59.67,1.0,1.0,1.0,0.0,2,,,,0.0,20.0,15.0,5.0,2.6666666666666665,3.0,3.3333333333333335,5.0,3.6666666666666665,2.6,4.5,3.6666666666666665,4.666666666666667,4.333333333333333,3.5,3.0,3.3333333333333335,11.0
1,1,2.0,39.0,2.0,2.0,4.0,13.0,2.0,40.0,40.0,1.0,100.0,4128.4,3649.5056000000004,95.33350666666666,95.33350666666666,1.0,2.0,1.0,0.0,2,,,,5.0,15.0,17.0,3.0,4.166666666666667,3.0,4.0,5.0,5.0,3.8,4.5,3.0,5.333333333333333,5.0,4.0,1.333333333333333,4.333333333333333,11.0
1,1,2.0,36.0,1.0,1.0,4.0,1.0,3.0,30.0,30.0,1.0,100.0,3100.0,2740.4,91.34666666666666,91.34666666666666,1.0,1.0,1.0,0.0,2,,,,0.0,25.0,3.0,3.0,4.5,4.0,2.5,3.75,4.0,3.2,3.25,2.6666666666666665,4.333333333333333,4.333333333333333,3.5,3.3333333333333335,4.0,11.0
1,1,2.0,43.0,1.0,1.0,4.0,5.0,3.0,40.0,40.0,1.0,100.0,4700.0,4154.8,103.87,103.87,3.0,1.0,1.0,0.0,2,,,,2.0,10.0,10.0,20.0,3.5,5.0,2.5,2.5,3.0,2.6,5.0,4.0,4.0,5.333333333333333,4.75,3.6666666666666665,2.3333333333333335,11.0
1,1,1.0,39.0,1.0,2.0,4.0,5.0,2.0,25.0,30.0,3.0,120.0,2700.0,2386.8,95.47200000000001,79.56,1.0,1.0,2.0,5.0,2,,,,0.0,25.0,5.0,2.0,3.3333333333333335,3.0,3.8333333333333335,5.0,5.0,4.0,5.5,3.6666666666666665,5.333333333333333,5.333333333333333,6.0,1.0,4.333333333333333,11.0
1,1,1.0,36.0,2.0,1.0,6.0,6.0,1.0,40.0,40.0,1.0,100.0,5100.0,4508.4,112.71,112.71,1.0,4.0,5.0,5.0,2,,,,10.0,15.0,10.0,5.0,3.1666666666666665,3.0,2.6666666666666665,2.5,1.9999999999999998,4.4,6.0,4.0,6.0,6.333333333333333,2.75,1.333333333333333,5.666666666666667,11.0
1,1,2.0,27.0,2.0,1.0,6.0,2.0,2.0,35.0,35.0,1.0,100.0,2780.0,2457.52,70.21485714285714,70.21485714285714,1.0,1.0,5.0,4.0,2,,,,2.0,33.0,0.0,0.0,4.5,3.0,2.0,4.25,5.0,2.6,6.0,4.333333333333333,3.6666666666666665,4.666666666666667,4.0,3.6666666666666665,5.333333333333333,11.0
1,1,2.0,58.0,1.0,1.0,6.0,5.0,1.0,40.0,40.0,1.0,100.0,5000.0,4420.0,110.5,110.5,1.0,3.0,1.0,0.0,2,,,,15.0,15.0,3.0,7.0,3.5,4.0,3.0,2.75,4.0,4.0,6.333333333333333,3.6666666666666665,5.0,5.666666666666667,4.5,1.0,3.3333333333333335,11.0
1,1,2.0,27.0,2.0,1.0,4.0,5.0,4.0,4.0,6.0,3.0,150.0,200.0,176.80000000000018,44.2,29.46666666666667,1.0,1.0,2.0,20.0,2,,,,5.0,0.0,0.0,2.0,2.6666666666666665,1.9999999999999998,3.3333333333333335,3.75,2.6666666666666665,3.2,4.75,2.6666666666666665,4.333333333333333,4.666666666666667,3.5,1.0,5.0,11.0
1,1,2.0,31.0,2.0,1.0,4.0,5.0,2.0,35.0,35.0,1.0,100.0,2300.0,2033.1999999999998,58.091428571428565,58.091428571428565,1.0,1.0,1.0,0.0,2,,,,10.0,15.0,3.0,7.0,4.0,4.0,3.6666666666666665,5.0,4.333333333333333,3.6,3.25,2.3333333333333335,4.333333333333333,3.6666666666666665,4.25,2.3333333333333335,3.6666666666666665,11.0
1,1,2.0,38.0,2.0,2.0,4.0,4.0,1.0,40.0,43.0,3.0,107.5,4000.0,3536.0,88.4,82.23255813953489,1.0,1.0,5.0,1.0,2,,,,0.0,15.0,25.0,3.0,2.3333333333333335,5.0,3.1666666666666665,2.25,4.333333333333333,2.4,6.5,5.666666666666667,5.666666666666667,5.0,5.5,1.0,3.6666666666666665,11.0
1,1,2.0,31.0,2.0,1.0,4.0,5.0,2.0,30.0,40.0,3.0,133.33333333333331,2765.6,2444.7904,78.52723315315315,59.094648888888884,1.0,1.0,1.0,0.0,2,,,,0.0,35.0,0.0,5.0,4.333333333333333,3.0,4.166666666666667,3.25,4.333333333333333,3.8,6.0,2.3333333333333335,4.0,6.0,4.5,1.0,3.6666666666666665,11.0
1,1,1.0,52.0,5.0,1.0,5.0,2.0,1.0,30.0,30.0,1.0,100.0,2500.0,2210.0,73.66666666666667,73.66666666666667,1.0,1.0,1.0,0.0,2,,,,0.0,5.0,24.0,1.0,2.8333333333333335,3.0,2.6666666666666665,1.5,4.0,3.0,5.25,3.0,4.666666666666667,2.6666666666666665,4.25,3.3333333333333335,4.0,11.0
1,1,1.0,29.0,3.0,1.0,4.0,5.0,3.0,40.0,50.0,3.0,125.0,3700.0,3270.8,81.77000000000001,65.416,1.0,3.0,1.0,0.0,2,,,,10.0,30.0,5.0,5.0,3.0,4.0,2.3333333333333335,3.5,4.0,3.4,4.75,3.0,4.333333333333333,4.0,4.0,2.6666666666666665,5.666666666666667,11.0
1,1,1.0,24.0,3.0,1.0,4.0,1.0,3.0,8.0,20.0,3.0,250.0,500.0,442.0,55.25,22.1,1.0,1.0,1.0,0.0,2,,,,0.0,15.0,0.0,0.0,3.1666666666666665,1.0,2.3333333333333335,3.5,4.333333333333333,2.4,2.0,1.6666666666666667,2.0,3.0,2.0,6.666666666666667,2.6666666666666665,13.0
1,1,1.0,27.0,2.0,1.0,4.0,1.0,3.0,30.0,35.0,3.0,116.66666666666667,2457.975,2172.8499,72.42833,62.08142571428572,1.0,2.0,1.0,0.0,2,,,,0.0,25.0,1.0,4.0,4.333333333333333,5.0,1.6666666666666667,1.75,1.9999999999999998,2.6,4.75,3.6666666666666665,5.0,4.0,3.75,2.6666666666666665,3.0,9.0
1,1,2.0,27.0,3.0,1.0,4.0,3.0,3.0,30.0,30.0,1.0,100.0,2868.0,2535.312,84.51039999999999,84.51039999999999,1.0,1.0,1.0,0.0,2,,,,0.0,25.0,0.0,5.0,3.5,3.0,4.166666666666667,3.75,4.333333333333333,3.0,5.0,1.6666666666666667,2.6666666666666665,5.666666666666667,4.5,1.0,0.9999999999999996,9.0
1,1,2.0,28.0,3.0,1.0,4.0,1.0,3.0,36.0,42.0,3.0,116.66666666666667,2100.0,1856.4,51.56666666666667,44.2,4.0,1.0,1.0,0.0,2,,,,2.0,40.0,0.0,0.0,2.3333333333333335,5.0,1.5,1.5,3.0,1.6000000000000003,5.5,2.3333333333333335,5.666666666666667,5.333333333333333,3.25,2.3333333333333335,6.0,9.0
1,1,2.0,31.0,2.0,1.0,5.0,4.0,1.0,40.0,40.0,1.0,100.0,2240.0,1980.1599999999999,49.504,49.504,3.0,2.0,1.0,0.0,2,,,,0.0,25.0,5.0,3.0,4.333333333333333,4.0,4.166666666666667,4.25,5.0,4.6,6.0,2.6666666666666665,4.666666666666667,6.0,5.0,1.0,4.333333333333333,9.0
1,3,2.0,39.0,1.0,2.0,6.0,3.0,2.0,30.0,30.0,1.0,100.0,1900.0,1679.6,55.986666666666665,55.986666666666665,1.0,1.0,1.0,0.0,1,2.0,7.0,2.0,,,,,4.033333333333333,3.0,4.666666666666667,4.5,4.666666666666667,4.6,3.0,1.0,3.3333333333333335,3.0,6.25,6.666666666666667,5.666666666666667,1.0
1,3,2.0,34.0,4.0,1.0,5.0,5.0,3.0,40.0,50.0,3.0,125.0,3000.0,2652.0,66.3,53.04,1.0,3.0,1.0,0.0,1,10.0,7.0,1.0,,,,,3.533333333333333,1.9999999999999998,3.5,3.0,3.3333333333333335,3.0,4.0,3.0,2.0,2.0,4.0,5.333333333333333,4.0,1.0
1,3,2.0,37.0,1.0,4.0,5.0,5.0,6.0,40.0,47.5,3.0,118.75,2200.0,1944.8000000000002,48.620000000000005,40.94315789473685,1.0,3.0,1.0,0.0,1,6.0,7.0,3.0,,,,,3.4,3.0,4.166666666666667,4.5,4.666666666666667,3.6,3.25,1.0,3.6666666666666665,2.0,7.0,7.0,5.666666666666667,1.0
1,3,2.0,26.0,1.0,1.0,4.0,1.0,3.0,26.0,30.0,3.0,115.38461538461537,2030.0,1794.52,69.02,59.81733333333333,1.0,1.0,1.0,0.0,1,2.0,7.0,0.0,,,,,3.7333333333333334,4.0,4.0,3.75,3.3333333333333335,4.0,3.75,2.3333333333333335,3.6666666666666665,1.666666666666667,3.75,5.333333333333333,4.333333333333333,1.0
1,3,2.0,33.0,2.0,1.0,4.0,6.0,3.0,30.0,45.0,3.0,150.0,2400.0,2121.6,70.72,47.14666666666666,1.0,1.0,3.0,5.0,1,10.0,8.0,5.0,,,,,2.9,1.0,3.3333333333333335,1.5,3.6666666666666665,2.0,4.0,1.0,2.3333333333333335,2.0,4.25,7.0,7.0,1.0
1,3,1.0,31.0,3.0,1.0,6.0,6.0,6.0,32.0,32.0,1.0,100.0,1622.339610064989,1649.712287952008,43.32652148451448,43.32652148451448,1.0,2.0,1.0,0.0,1,8.0,7.0,4.0,,,,,3.9333333333333336,4.0,3.0,3.75,5.0,4.0,3.0,1.3333333333333333,5.333333333333333,3.0,7.0,7.0,5.666666666666667,1.0
1,3,2.0,31.0,3.0,1.0,4.0,4.0,3.0,40.0,58.0,3.0,145.0,4200.0,3712.8,92.82000000000001,64.01379310344828,1.0,1.0,1.0,0.0,1,14.0,6.0,3.0,,,,,3.966666666666667,3.0,4.0,1.75,4.333333333333333,3.8,3.25,2.0,1.6666666666666665,1.666666666666667,4.0,6.333333333333333,6.0,1.0
1,3,2.0,34.0,2.0,1.0,4.0,11.0,1.0,30.0,30.0,1.0,100.0,2600.0,2298.4,76.61333333333333,76.61333333333333,1.0,2.0,1.0,0.0,1,13.0,7.0,4.0,,,,,3.833333333333333,3.0,4.0,4.75,5.0,3.4,1.5,1.0,4.666666666666667,3.3333333333333335,5.25,5.333333333333333,6.0,1.0
2,4,1.0,36.0,2.0,2.0,1.0,5.0,3.0,40.0,55.0,3.0,137.5,1666.38893517747,1846.3589401766371,46.158973504415926,33.57016254866613,1.0,1.0,1.0,0.0,1,5.0,7.0,8.0,,,,,3.0,4.0,1.5,4.0,3.6666666666666665,2.2,4.0,4.333333333333333,6.0,5.0,5.75,6.333333333333333,4.0,2.0
2,4,2.0,28.0,2.0,2.0,2.0,6.0,1.0,40.0,40.0,1.0,100.0,2124.6458923512746,2354.107648725212,58.8526912181303,58.8526912181303,2.0,3.0,1.0,0.0,1,12.0,7.0,3.0,,,,,3.2666666666666666,4.0,2.6666666666666665,2.5,3.3333333333333335,3.2,2.0,2.3333333333333335,4.333333333333333,3.6666666666666665,5.5,6.666666666666667,4.0,2.0
2,2,2.0,28.0,3.0,1.0,1.0,5.0,1.0,40.0,50.0,3.0,125.0,1083.1528078653557,1200.1333111148142,30.003332777870355,24.002666222296284,1.0,3.0,1.0,0.0,1,1.0,7.0,6.0,,,,,3.2333333333333334,4.0,2.1666666666666665,4.0,4.666666666666667,1.8,3.25,4.333333333333333,4.0,3.6666666666666665,5.25,5.333333333333333,3.3333333333333335,1.0
2,2,2.0,47.0,4.0,2.0,1.0,11.0,1.0,40.0,40.0,1.0,100.0,1874.6875520746541,2077.1538076987167,51.92884519246792,51.92884519246792,2.0,3.0,6.0,15.0,1,3.0,8.0,23.0,,,,,4.0,4.0,3.5,4.5,3.6666666666666665,4.2,3.75,1.0,4.666666666666667,7.0,5.0,7.0,6.666666666666667,1.0
2,2,1.0,51.0,1.0,3.0,1.0,5.0,1.0,40.0,40.0,1.0,100.0,2291.2847858690216,2538.743542742876,63.468588568571896,63.468588568571896,2.0,4.0,1.0,0.0,1,7.0,7.0,3.0,,,,,2.6333333333333333,1.9999999999999998,1.5,4.0,1.6666666666666665,2.6,4.25,2.0,1.3333333333333335,1.333333333333333,5.5,6.666666666666667,5.333333333333333,1.0
2,2,2.0,24.0,3.0,1.0,1.0,8.0,2.0,40.0,30.0,2.0,75.0,1208.131978003666,1338.610231628062,33.46525579070155,44.62034105426873,1.0,2.0,1.0,0.0,1,11.0,6.0,0.0,,,,,3.486666666666667,1.9999999999999998,3.3333333333333335,3.0,4.333333333333333,3.4,2.0,1.0,5.666666666666667,5.0,5.5,4.666666666666667,4.666666666666667,1.0
2,2,1.0,43.0,1.0,2.0,1.0,5.0,1.0,40.0,40.0,1.0,100.0,1666.38893517747,1846.3589401766371,46.158973504415926,46.158973504415926,1.0,1.0,1.0,0.0,1,1.0,4.0,23.0,,,,,2.8333333333333335,1.9999999999999998,2.1666666666666665,4.0,4.666666666666667,2.8,3.75,1.3333333333333333,1.3333333333333335,2.0,5.5,6.333333333333333,6.0,1.0
2,2,2.0,58.0,1.0,1.0,1.0,8.0,1.0,40.0,50.0,3.0,125.0,1374.770871521413,1523.2461256457257,38.08115314114314,30.464922512914512,1.0,1.0,5.0,10.0,1,6.0,7.0,10.0,,,,,2.9000000000000004,4.0,2.1666666666666665,3.0,4.333333333333333,2.2,4.0,2.6666666666666665,3.3333333333333335,5.0,2.0,4.333333333333333,4.0,1.0
2,2,2.0,69.0,2.0,1.0,1.0,8.0,1.0,40.0,41.0,3.0,102.49999999999999,1874.6875520746541,2077.1538076987167,51.92884519246792,50.66228799265163,2.0,3.0,1.0,0.0,1,7.0,7.0,13.0,,,,,3.5933333333333333,1.9999999999999998,3.1666666666666665,4.0,3.3333333333333335,3.4,4.0,1.0,2.3333333333333335,2.0,4.5,5.333333333333333,4.666666666666667,1.0
2,2,2.0,45.0,1.0,2.0,3.0,8.0,1.0,40.0,40.0,1.0,100.0,1124.8125312447926,1246.29228461923,31.157307115480748,31.15730711548075,1.0,1.0,1.0,0.0,1,2.0,4.0,23.0,,,,,3.2333333333333334,3.0,4.166666666666667,2.5,4.333333333333333,3.0,3.0,1.0,7.0,7.0,6.25,7.0,6.0,1.0
2,2,2.0,40.0,1.0,2.0,1.0,4.0,2.0,24.0,36.0,3.0,150.0,833.1944675887353,923.1794700883186,38.46581125367994,25.64387416911996,1.0,1.0,1.0,0.0,1,2.0,4.0,12.0,,,,,3.12,3.0,1.3333333333333333,2.75,1.3333333333333335,1.1999999999999997,4.75,2.6666666666666665,5.333333333333333,6.666666666666667,5.25,4.333333333333333,2.3333333333333335,1.0
2,2,2.0,39.0,2.0,2.0,1.0,6.0,2.0,20.0,15.0,2.0,75.0,501.9996667222131,556.2156307282121,27.8107815364106,37.08104204854747,1.0,2.0,1.0,0.0,1,1.0,7.0,2.0,,,,,2.833333333333333,3.0,4.0,4.75,4.333333333333333,2.2,1.75,3.0,2.3333333333333335,2.5,3.0,4.0,3.0,1.0
2,2,2.0,54.0,1.0,1.0,1.0,5.0,1.0,40.0,40.0,1.0,100.0,1458.0903182802863,1615.5640726545573,40.38910181636393,40.38910181636393,1.0,2.0,1.0,0.0,1,1.0,4.0,15.0,,,,,3.1,1.0,4.333333333333333,4.5,5.0,3.6,2.25,1.0,1.3333333333333335,3.3333333333333335,5.5,6.666666666666667,6.0,1.0
2,2,2.0,39.0,2.0,1.0,1.0,5.0,1.0,40.0,40.0,1.0,100.0,1749.7083819363438,1938.6768871854688,48.46692217963672,48.46692217963672,1.0,2.0,1.0,0.0,1,12.0,7.0,10.0,,,,,3.0533333333333332,1.9999999999999998,3.0,4.5,5.0,2.8,4.0,1.0,4.0,4.0,4.0,6.0,4.0,1.0
2,2,2.0,29.0,1.0,1.0,1.0,5.0,1.0,40.0,65.0,3.0,162.5,1666.38893517747,1846.3589401766371,46.158973504415926,28.40552215656365,1.0,3.0,1.0,0.0,1,9.0,6.0,5.0,,,,,3.666666666666667,3.0,4.5,3.0,5.0,3.8,4.5,1.0,1.6666666666666665,1.0,3.5,7.0,6.333333333333333,1.0
2,2,1.0,41.0,3.0,1.0,1.0,8.0,2.0,40.0,45.0,3.0,112.5,1583.0694884185968,1754.0409931678053,43.85102482919514,38.97868873706234,1.0,3.0,1.0,0.0,1,6.0,4.0,5.0,,,,,2.7,3.0,2.5,3.5,4.0,2.0,3.5,2.0,1.3333333333333335,1.333333333333333,5.5,5.333333333333333,4.0,1.0
2,2,2.0,57.0,1.0,1.0,1.0,5.0,1.0,40.0,55.0,3.0,137.5,1666.38893517747,1846.3589401766371,46.158973504415926,33.57016254866613,1.0,4.0,1.0,0.0,1,1.0,7.0,24.0,,,,,2.9,5.0,3.5,3.0,3.6666666666666665,2.4,4.5,1.0,5.0,6.0,6.75,7.0,6.333333333333333,1.0
2,2,2.0,32.0,3.0,1.0,1.0,5.0,2.0,40.0,40.0,1.0,100.0,1458.0903182802863,1615.5640726545573,40.38910181636393,40.38910181636393,1.0,4.0,1.0,0.0,1,1.0,7.0,6.0,,,,,3.2333333333333334,4.0,2.6666666666666665,4.75,3.6666666666666665,2.4,5.0,1.0,4.0,2.3333333333333335,5.75,6.666666666666667,4.0,1.0
2,2,2.0,45.0,1.0,2.0,1.0,5.0,1.0,40.0,40.0,1.0,100.0,1583.0694884185968,1754.0409931678053,43.85102482919514,43.85102482919513,2.0,3.0,1.0,0.0,1,12.0,8.0,5.0,,,,,3.1333333333333333,5.0,1.8333333333333333,2.25,5.0,2.4,4.0,3.0,5.0,5.0,4.75,5.333333333333333,4.666666666666667,1.0
2,2,1.0,70.0,1.0,1.0,1.0,4.0,1.0,40.0,30.0,2.0,75.0,1041.4930844859189,1153.974337610398,28.849358440259948,38.46581125367993,1.0,2.0,2.0,30.0,1,1.0,8.0,20.0,,,,,3.0266666666666664,1.9999999999999998,3.0,2.25,4.333333333333333,2.8,3.25,1.0,1.6666666666666665,1.0,4.0,6.333333333333333,5.333333333333333,1.0
2,2,2.0,41.0,1.0,2.0,1.0,5.0,1.0,20.0,25.0,3.0,125.0,583.2361273121146,646.2256290618229,32.31128145309115,25.849025162472913,1.0,3.0,1.0,0.0,1,1.0,4.0,6.0,,,,,2.7600000000000002,3.0,3.6666666666666665,4.5,4.666666666666667,1.6000000000000003,4.5,1.6666666666666667,3.0,1.333333333333333,2.0,5.666666666666667,3.0,1.0
2,2,2.0,36.0,1.0,2.0,1.0,5.0,1.0,40.0,40.0,1.0,100.0,1749.7083819363438,1938.6768871854688,48.46692217963672,48.46692217963672,1.0,3.0,1.0,0.0,1,9.0,7.0,1.0,,,,,3.3333333333333335,5.0,3.5,1.5,4.0,3.2,4.0,1.0,1.3333333333333335,1.0,3.75,6.0,5.0,1.0
2,2,1.0,51.0,3.0,1.0,1.0,4.0,1.0,8.0,11.999999999999996,3.0,150.0,104.14930844859191,115.39743376103979,14.424679220129974,9.616452813419983,1.0,2.0,6.0,40.0,1,11.0,7.0,4.0,,,,,3.1666666666666665,4.0,3.1666666666666665,4.0,4.333333333333333,2.2,4.0,1.6666666666666667,3.3333333333333335,2.3333333333333335,3.75,6.0,6.0,1.0
2,2,2.0,56.0,1.0,2.0,1.0,11.0,1.0,40.0,40.0,1.0,100.0,3124.479253457757,3461.9230128311947,86.54807532077987,86.54807532077987,2.0,4.0,1.0,0.0,1,9.0,7.0,32.0,,,,,3.7866666666666666,4.0,4.333333333333333,3.5,4.666666666666667,4.4,4.0,1.0,2.3333333333333335,4.333333333333333,4.75,6.0,6.333333333333333,1.0
2,2,2.0,42.0,1.0,1.0,1.0,1.0,1.0,40.0,40.0,1.0,100.0,1999.6667222129645,2215.630728211964,55.3907682052991,55.3907682052991,1.0,2.0,1.0,0.0,1,8.0,7.0,6.0,,,,,3.6333333333333333,4.0,3.6666666666666665,3.75,5.0,3.6,3.75,2.0,1.6666666666666665,1.666666666666667,2.5,6.333333333333333,5.0,1.0
2,2,1.0,45.0,1.0,2.0,1.0,1.0,1.0,40.0,40.0,1.0,100.0,2041.3264455924011,2261.7897017163805,56.54474254290951,56.54474254290951,2.0,4.0,1.0,0.0,1,3.0,7.0,18.0,,,,,3.5,3.0,4.333333333333333,3.5,4.0,3.4,1.5,1.0,3.0,3.3333333333333335,3.0,4.666666666666667,4.333333333333333,1.0
2,2,2.0,45.0,1.0,1.0,1.0,1.0,1.0,40.0,41.4,1.4000000000000001,103.5,1458.0903182802863,1615.5640726545573,40.38910181636393,42.20108705286707,1.0,1.0,1.0,0.0,1,6.0,7.0,3.0,,,,,2.433333333333333,3.0,1.0,1.75,3.6666666666666665,2.2,4.25,2.0,2.0,3.0,2.5,6.333333333333333,5.333333333333333,1.0
2,2,2.0,30.0,2.0,1.0,1.0,1.0,2.0,32.0,39.6,3.0,156.9047619047619,1083.1528078653557,1200.1333111148142,37.504165972337944,30.867517028066274,1.0,1.0,7.0,12.0,1,14.0,7.0,2.0,,,,,3.1333333333333333,4.0,2.8333333333333335,2.25,5.0,2.8,3.5,1.0,2.3333333333333335,5.333333333333333,5.5,6.333333333333333,5.666666666666667,1.0
2,2,2.0,45.0,2.0,2.0,1.0,6.0,1.0,40.0,40.0,1.0,100.0,1249.7917013831027,1384.7692051324777,34.61923012831194,34.61923012831194,1.0,1.0,1.0,0.0,1,1.0,5.0,14.0,,,,,3.32,3.0,3.8333333333333335,4.0,5.0,3.8,3.0,1.0,5.0,5.0,5.5,5.333333333333333,5.0,1.0
2,2,2.0,37.0,2.0,1.0,1.0,1.0,2.0,40.0,40.0,1.0,100.0,1166.4722546242292,1292.4512581236459,32.31128145309115,32.31128145309115,1.0,1.0,1.0,0.0,1,2.0,7.0,9.0,,,,,3.6666666666666665,4.0,4.333333333333333,3.75,4.333333333333333,3.0,3.5,1.6666666666666667,2.6666666666666665,4.666666666666667,5.5,7.0,7.0,1.0
2,2,2.0,47.0,1.0,2.0,3.0,3.0,1.0,20.0,20.0,1.0,100.0,520.7465422429593,576.987168805199,28.849358440259948,28.849358440259948,1.0,3.0,4.0,100.0,1,1.0,8.0,11.0,,,,,3.566666666666667,4.0,4.5,4.5,5.0,4.0,1.5,1.3333333333333333,1.0,1.333333333333333,1.25,5.333333333333333,6.0,1.0
2,2,1.0,44.0,1.0,4.0,1.0,1.0,1.0,40.0,53.0,3.0,132.5,2082.9861689718377,2307.948675220796,57.698716880519896,41.05550950743418,1.0,2.0,6.0,40.0,1,7.0,8.0,20.0,,,,,2.7,3.0,2.8333333333333335,5.0,4.0,2.4,5.0,2.6666666666666665,1.6666666666666665,2.6666666666666665,3.25,6.333333333333333,4.666666666666667,1.0
2,2,2.0,64.0,1.0,1.0,1.0,1.0,1.0,40.0,40.0,1.0,100.0,1041.4930844859189,1153.974337610398,28.849358440259948,28.849358440259948,1.0,1.0,1.0,0.0,1,3.0,7.0,0.0,,,,,3.0666666666666664,3.0,3.5,3.0,3.0,2.4,3.25,3.6666666666666665,2.0,2.3333333333333335,2.25,2.6666666666666665,4.0,1.0
2,2,2.0,29.0,3.0,1.0,1.0,11.0,2.0,40.0,40.0,1.0,100.0,1124.8125312447926,1246.29228461923,31.157307115480748,31.15730711548075,1.0,2.0,1.0,0.0,1,3.0,7.0,3.0,,,,,3.22,3.0,3.3333333333333335,3.25,3.6666666666666665,3.6,3.0,1.3333333333333333,3.3333333333333335,4.0,6.0,7.0,6.333333333333333,1.0
2,2,2.0,27.0,2.0,1.0,1.0,1.0,2.0,40.0,40.0,1.0,100.0,1249.7917013831027,1384.7692051324777,34.61923012831194,34.61923012831194,1.0,2.0,1.0,0.0,1,2.0,7.0,3.0,,,,,3.42,3.0,4.5,4.75,5.0,2.8,2.75,1.0,5.333333333333333,2.3333333333333335,5.0,6.333333333333333,6.0,1.0
2,2,2.0,40.0,1.0,2.0,1.0,11.0,1.0,25.0,25.0,1.0,100.0,624.8958506915515,692.3846025662385,27.695384102649562,27.695384102649555,1.0,1.0,1.0,0.0,1,3.0,6.0,5.0,,,,,2.8,1.9999999999999998,2.0,1.5,5.0,3.2,2.75,1.6666666666666667,4.666666666666667,2.5,5.5,7.0,6.666666666666667,1.0
2,2,2.0,50.0,1.0,2.0,1.0,11.0,2.0,40.0,40.0,1.0,100.0,1291.4514247625395,1430.9281786368938,35.77320446592235,35.77320446592235,1.0,1.0,1.0,0.0,1,7.0,4.0,2.0,,,,,2.5,1.9999999999999998,3.0,1.0,3.0,2.8,3.75,1.6666666666666667,4.333333333333333,4.333333333333333,5.0,4.666666666666667,5.0,1.0
2,2,1.0,39.0,3.0,1.0,1.0,11.0,1.0,40.0,40.0,1.0,100.0,1333.1111481419762,1477.0871521413096,36.92717880353274,36.92717880353274,1.0,1.0,1.0,0.0,1,5.0,5.0,7.0,,,,,3.566666666666667,3.0,3.3333333333333335,4.5,5.0,3.4,3.75,4.0,5.666666666666667,3.0,5.5,5.666666666666667,5.666666666666667,1.0
2,2,2.0,47.0,5.0,2.0,1.0,11.0,1.0,30.0,30.0,1.0,100.0,958.1736377270454,1061.6563906015663,35.38854635338554,35.38854635338554,1.0,1.0,1.0,0.0,1,11.0,7.0,22.0,,,,,3.2,3.0,3.5,2.5,5.0,2.8,2.75,3.3333333333333335,3.6666666666666665,4.0,3.5,4.0,4.0,1.0
2,2,1.0,39.0,1.0,2.0,1.0,11.0,1.0,40.0,50.0,3.0,125.0,3332.7778703549407,3692.7178803532743,92.31794700883185,73.85435760706548,2.0,4.0,5.0,10.0,1,5.0,6.0,10.0,,,,,3.6333333333333333,1.0,3.6666666666666665,2.75,3.3333333333333335,3.8,4.0,1.3333333333333333,2.3333333333333335,3.3333333333333335,5.25,5.666666666666667,4.333333333333333,1.0
2,2,2.0,40.0,2.0,1.0,1.0,1.0,1.0,40.0,40.0,1.0,100.0,1958.0069988335276,2169.4717547075484,54.23679386768871,54.23679386768871,1.0,1.0,3.0,12.0,1,10.0,6.0,9.0,,,,,3.1466666666666665,5.0,2.1666666666666665,4.75,4.333333333333333,3.6,4.0,1.3333333333333333,1.0,2.6666666666666665,2.0,6.0,5.666666666666667,1.0
2,2,2.0,41.0,1.0,2.0,1.0,6.0,1.0,40.0,40.0,1.0,100.0,1333.1111481419762,1477.0871521413096,36.92717880353274,36.92717880353274,1.0,3.0,1.0,0.0,1,6.0,7.0,12.0,,,,,2.833333333333333,4.0,2.6666666666666665,2.25,3.3333333333333335,2.8,3.0,3.0,5.333333333333333,4.666666666666667,5.0,4.333333333333333,3.6666666666666665,1.0
2,2,2.0,35.0,1.0,1.0,1.0,8.0,1.0,40.0,40.0,1.0,100.0,1499.7500416597236,1661.7230461589734,41.54307615397433,41.54307615397433,1.0,2.0,5.0,20.0,1,7.0,5.0,4.0,,,,,2.8333333333333335,3.0,3.1666666666666665,1.25,5.0,2.8,2.75,1.3333333333333333,2.3333333333333335,2.0,4.25,4.0,3.6666666666666665,1.0
2,2,2.0,60.0,1.0,1.0,1.0,11.0,1.0,40.0,40.0,1.0,100.0,1874.6875520746541,2077.1538076987167,51.92884519246792,51.92884519246792,1.0,2.0,1.0,0.0,1,5.0,7.0,31.0,,,,,3.4,3.0,3.8333333333333335,4.0,3.6666666666666665,3.8,1.0,2.3333333333333335,4.333333333333333,1.666666666666667,2.666666666666667,3.3333333333333335,3.0,1.0
2,2,2.0,36.0,2.0,1.0,1.0,5.0,1.0,40.0,40.0,1.0,100.0,1458.0903182802863,1615.5640726545573,40.38910181636393,40.38910181636393,1.0,3.0,3.0,20.0,1,8.0,8.0,12.0,,,,,3.7666666666666666,3.0,3.8333333333333335,5.0,5.0,2.8,4.0,2.6666666666666665,3.3333333333333335,3.0,3.75,4.333333333333333,3.3333333333333335,1.0
2,2,2.0,42.0,1.0,2.0,1.0,8.0,1.0,40.0,40.0,1.0,100.0,1374.770871521413,1523.2461256457257,38.08115314114314,38.08115314114314,1.0,1.0,1.0,0.0,1,8.0,7.0,2.0,,,,,3.3,3.0,3.1666666666666665,2.25,4.0,2.2,2.25,1.6666666666666667,5.333333333333333,5.333333333333333,5.5,4.333333333333333,3.3333333333333335,1.0
2,2,1.0,43.0,2.0,2.0,1.0,8.0,1.0,40.0,40.0,1.0,100.0,1595.567405432428,1767.8886852191301,44.19721713047825,44.19721713047825,1.0,1.0,1.0,0.0,1,5.0,7.0,5.0,,,,,2.6,1.0,3.6666666666666665,3.0,3.0,2.2,2.75,4.0,4.0,4.0,4.0,4.0,4.0,1.0
2,2,2.0,47.0,1.0,2.0,1.0,4.0,2.0,40.0,40.0,1.0,100.0,1041.4930844859189,1153.974337610398,28.849358440259948,28.849358440259948,1.0,1.0,1.0,0.0,1,7.0,4.0,6.0,,,,,2.9333333333333336,3.0,2.3333333333333335,1.5,3.6666666666666665,2.6,4.0,3.6666666666666665,2.0,3.6666666666666665,4.25,4.333333333333333,3.6666666666666665,1.0
2,2,2.0,44.0,1.0,2.0,1.0,4.0,1.0,40.0,40.0,1.0,100.0,958.1736377270454,1061.6563906015663,26.541409765039155,26.541409765039155,1.0,1.0,1.0,0.0,1,7.0,4.0,4.0,,,,,2.7,3.0,1.6666666666666667,2.5,4.0,1.4000000000000001,3.25,5.0,2.0,2.3333333333333335,1.0,3.0,2.0,1.0
2,2,2.0,50.0,2.0,1.0,1.0,11.0,2.0,40.0,40.0,1.0,100.0,1374.770871521413,1523.2461256457257,38.08115314114314,38.08115314114314,1.0,1.0,1.0,0.0,1,8.0,4.0,2.0,,,,,3.2333333333333334,5.0,3.8333333333333335,5.0,5.0,4.2,2.75,1.0,5.333333333333333,7.0,7.0,6.333333333333333,5.0,1.0
2,2,1.0,59.0,1.0,1.0,1.0,5.0,1.0,40.0,55.0,3.0,137.5,1333.1111481419762,1477.0871521413096,36.92717880353274,26.856130038932903,1.0,3.0,3.0,20.0,1,4.0,5.0,3.5,,,,,2.993333333333333,5.0,3.6666666666666665,3.5,4.333333333333333,2.8,3.75,1.3333333333333333,3.3333333333333335,3.0,5.0,6.333333333333333,6.333333333333333,1.0
2,2,2.0,45.0,1.0,2.0,1.0,5.0,1.0,30.0,30.0,1.0,100.0,770.70488251958,853.9410098316944,28.46470032772315,28.46470032772315,1.0,2.0,3.0,10.0,1,1.0,5.0,9.0,,,,,2.9333333333333336,4.0,2.8333333333333335,3.5,3.6666666666666665,3.0,4.0,2.3333333333333335,4.333333333333333,2.3333333333333335,4.75,5.333333333333333,3.6666666666666665,1.0
2,2,1.0,46.0,1.0,2.0,3.0,3.0,2.0,40.0,40.0,1.0,100.0,1208.131978003666,1338.610231628062,33.46525579070155,33.46525579070155,1.0,2.0,1.0,0.0,1,2.0,7.0,14.0,,,,,2.9333333333333336,3.0,2.8333333333333335,2.5,2.6666666666666665,2.8,3.0,3.0,2.6666666666666665,2.3333333333333335,3.0,4.666666666666667,5.333333333333333,1.0
2,2,2.0,52.0,1.0,2.0,1.0,4.0,1.0,40.0,40.0,1.0,100.0,1287.2854524245959,1426.3122812864522,35.6578070321613,35.6578070321613,1.0,1.0,1.0,0.0,1,11.0,8.0,12.0,,,,,3.6,4.0,3.5,4.0,5.0,3.6,2.25,1.0,4.333333333333333,5.0,5.0,5.333333333333333,5.333333333333333,1.0
2,2,2.0,43.0,1.0,2.0,1.0,3.0,2.0,40.0,40.0,1.0,100.0,1458.0903182802863,1615.5640726545573,40.38910181636393,40.38910181636393,1.0,2.0,1.0,0.0,1,12.0,7.0,0.0,,,,,3.0666666666666664,1.9999999999999998,3.3333333333333335,3.75,4.0,3.2,2.75,1.0,1.0,2.0,6.0,7.0,5.333333333333333,1.0
2,2,2.0,36.0,1.0,2.0,1.0,3.0,1.0,40.0,50.0,3.0,125.0,1999.6667222129645,2215.630728211964,55.3907682052991,44.31261456423928,2.0,4.0,1.0,0.0,1,14.0,4.0,14.0,,,,,3.3333333333333335,3.0,2.3333333333333335,3.5,3.3333333333333335,3.2,5.0,4.333333333333333,4.0,2.6666666666666665,5.0,6.333333333333333,3.0,1.0
2,2,2.0,25.0,3.0,1.0,1.0,11.0,2.0,40.0,50.0,3.0,125.0,1666.38893517747,1846.3589401766371,46.158973504415926,36.92717880353274,2.0,2.0,3.0,20.0,1,7.0,7.0,3.0,,,,,2.8333333333333335,5.0,1.1666666666666665,1.0,3.0,2.2,5.0,2.0,5.333333333333333,6.0,5.5,5.333333333333333,5.0,1.0
2,2,2.0,61.0,4.0,3.0,1.0,11.0,1.0,40.0,40.0,1.0,100.0,1041.4930844859189,1153.974337610398,28.849358440259948,28.849358440259948,1.0,3.0,1.0,0.0,1,3.0,7.0,13.0,,,,,3.166666666666667,3.0,2.5,2.25,4.666666666666667,3.2,2.75,1.0,3.6666666666666665,4.666666666666667,4.0,6.333333333333333,5.666666666666667,1.0
2,2,2.0,40.0,1.0,2.0,1.0,3.0,2.0,40.0,40.0,1.0,100.0,1333.1111481419762,1477.0871521413096,36.92717880353274,36.92717880353274,1.0,1.0,1.0,0.0,1,1.0,6.0,3.0,,,,,3.1666666666666665,1.9999999999999998,3.1666666666666665,4.25,4.333333333333333,3.6,3.25,3.0,4.0,3.6666666666666665,5.25,3.6666666666666665,3.0,1.0
2,2,1.0,40.0,2.0,2.0,1.0,1.0,3.0,40.0,40.0,1.0,100.0,1249.7917013831027,1384.7692051324777,34.61923012831194,34.61923012831194,1.0,1.0,5.0,0.0,1,10.0,6.0,3.0,,,,,2.4,1.9999999999999998,1.1666666666666665,1.0,1.0,1.1999999999999997,4.0,6.666666666666666,2.0,1.333333333333333,1.0,1.333333333333333,1.666666666666667,1.0
2,2,2.0,30.0,1.0,1.0,1.0,5.0,1.0,40.0,40.0,1.0,100.0,1291.4514247625395,1430.9281786368938,35.77320446592235,35.77320446592235,1.0,3.0,5.0,6.0,1,1.0,7.0,3.0,,,,,3.2,4.0,4.0,2.75,4.333333333333333,3.0,2.75,2.6666666666666665,3.6666666666666665,3.0,3.5,5.666666666666667,4.0,1.0
2,2,1.0,30.0,1.0,1.0,1.0,11.0,1.0,40.0,40.0,1.0,100.0,1958.0069988335276,2169.471754707549,54.23679386768872,54.23679386768872,1.0,4.0,1.0,0.0,1,8.0,7.0,5.0,,,,,3.6866666666666665,3.0,4.0,3.0,4.333333333333333,3.2,4.0,1.3333333333333333,4.666666666666667,2.6666666666666665,5.25,5.0,4.666666666666667,1.0
2,2,2.0,49.0,1.0,2.0,3.0,11.0,1.0,40.0,40.0,1.0,100.0,1083.1528078653557,1200.1333111148142,30.003332777870355,30.003332777870355,1.0,2.0,5.0,1.0,1,13.0,7.0,15.0,,,,,2.7666666666666666,3.0,3.3333333333333335,3.0,2.6666666666666665,2.8,2.25,2.0,3.3333333333333335,5.0,5.0,6.333333333333333,5.0,1.0
2,2,2.0,33.0,1.0,2.0,1.0,11.0,1.0,40.0,50.0,3.0,125.0,1249.7917013831027,1384.7692051324777,34.61923012831194,27.695384102649555,1.0,3.0,3.0,0.0,1,12.0,7.0,0.0,,,,,3.8,4.0,3.0,4.25,4.666666666666667,4.0,3.0,1.0,1.0,2.3333333333333335,5.75,7.0,7.0,1.0
2,2,2.0,42.0,1.0,2.0,1.0,5.0,1.0,40.0,40.0,1.0,100.0,1499.7500416597236,1661.7230461589734,41.54307615397433,41.54307615397433,1.0,1.0,1.0,0.0,1,8.0,7.0,1.0,,,,,2.5,3.0,2.1666666666666665,3.5,4.0,2.4,4.0,3.6666666666666665,3.6666666666666665,3.0,4.0,4.0,3.6666666666666665,1.0
2,2,2.0,63.0,4.0,1.0,1.0,3.0,1.0,38.4,44.0,1.8,114.6875,1083.1528078653557,1200.1333111148142,33.0613647725379,27.27575707079123,1.0,2.0,1.0,0.0,1,12.0,5.0,16.0,,,,,3.2,5.0,3.1666666666666665,3.75,4.333333333333333,3.6,1.25,1.0,2.3333333333333335,1.333333333333333,4.75,6.666666666666667,6.0,1.0
2,2,2.0,50.0,1.0,2.0,1.0,11.0,1.0,40.0,40.0,1.0,100.0,1458.0903182802863,1615.5640726545573,40.38910181636393,40.38910181636393,1.0,1.0,1.0,0.0,1,8.0,4.0,12.0,,,,,3.5666666666666664,4.0,2.8333333333333335,4.0,4.666666666666667,3.8,3.5,1.6666666666666667,4.0,4.333333333333333,5.0,4.666666666666667,4.333333333333333,1.0
2,2,2.0,39.0,1.0,2.0,1.0,11.0,1.0,40.0,35.0,2.0,87.5,1333.1111481419762,1477.0871521413096,36.92717880353274,42.20249006118028,1.0,2.0,1.0,0.0,1,12.0,7.0,2.0,,,,,3.4,1.9999999999999998,3.5,4.75,5.0,3.4,2.0,1.0,2.3333333333333335,2.6666666666666665,5.333333333333333,6.0,5.333333333333333,1.0
2,2,1.0,30.0,2.0,1.0,1.0,11.0,2.0,40.0,40.0,1.0,100.0,1166.4722546242292,1292.4512581236459,32.31128145309115,32.31128145309115,2.0,2.0,7.0,40.0,1,3.0,7.0,1.5,,,,,2.8,1.9999999999999998,3.0,3.75,4.0,3.0,2.75,3.3333333333333335,3.6666666666666665,5.666666666666667,4.5,4.333333333333333,3.6666666666666665,1.0
2,2,2.0,42.0,1.0,2.0,1.0,1.0,1.0,40.0,45.0,3.0,112.5,1458.0903182802863,1615.5640726545573,40.38910181636393,35.90142383676794,1.0,2.0,1.0,0.0,1,6.0,7.0,2.0,,,,,2.5999999999999996,3.0,2.6666666666666665,2.5,4.0,2.8,3.5,1.3333333333333333,1.6666666666666665,1.0,5.5,5.0,5.666666666666667,1.0
2,2,2.0,59.0,2.0,3.0,1.0,11.0,1.0,40.0,40.0,1.0,100.0,2416.263956007332,2677.220463256124,66.9305115814031,66.9305115814031,2.0,2.0,1.0,0.0,1,14.0,7.0,6.0,,,,,3.566666666666667,3.0,4.166666666666667,3.5,4.666666666666667,3.6,3.0,1.0,1.0,1.333333333333333,6.0,6.666666666666667,6.0,1.0
2,2,2.0,33.0,2.0,1.0,1.0,11.0,1.0,40.0,40.0,1.0,100.0,1666.38893517747,1846.3589401766371,46.158973504415926,46.158973504415926,2.0,3.0,1.0,0.0,1,14.0,7.0,4.0,,,,,3.8333333333333335,3.0,4.666666666666667,5.0,5.0,4.6,3.0,1.0,4.333333333333333,4.333333333333333,6.0,6.333333333333333,6.333333333333333,1.0
2,2,2.0,34.0,2.0,1.0,1.0,1.0,1.0,40.0,40.0,1.0,100.0,1166.4722546242292,1292.4512581236459,32.31128145309115,32.31128145309115,1.0,1.0,1.0,0.0,1,12.0,7.0,4.0,,,,,3.1,3.0,3.3333333333333335,2.0,4.0,3.2,3.0,2.0,4.0,4.0,4.0,5.0,4.666666666666667,1.0
2,2,2.0,52.0,1.0,1.0,1.0,4.0,1.0,40.0,40.0,1.0,100.0,1958.0069988335276,2169.4717547075484,56.833236127312105,56.833236127312105,1.0,1.0,1.0,0.0,1,7.0,4.0,3.0,,,,,3.3333333333333335,3.0,3.1666666666666665,4.25,5.0,2.8,2.75,2.6666666666666665,3.0,3.0,4.5,4.333333333333333,4.666666666666667,1.0
2,2,2.0,32.0,3.0,1.0,1.0,6.0,1.0,40.0,40.0,1.0,100.0,2082.9861689718377,2307.948675220796,57.698716880519896,57.698716880519896,1.0,4.0,1.0,0.0,1,8.0,4.0,1.0,,,,,3.4833333333333334,3.0,4.166666666666667,2.5,3.3333333333333335,3.8,5.0,1.3333333333333333,4.0,3.0,6.0,6.333333333333333,6.0,1.0
2,2,2.0,35.0,3.0,1.0,1.0,6.0,1.0,40.0,40.0,1.0,100.0,1458.0903182802863,1615.5640726545573,40.38910181636393,40.38910181636393,1.0,3.0,1.0,0.0,1,6.0,7.0,7.0,,,,,3.6333333333333333,3.0,3.0,4.75,4.333333333333333,3.6,3.5,2.6666666666666665,6.0,6.333333333333333,2.25,2.6666666666666665,3.6666666666666665,1.0
2,2,1.0,34.8,1.0,2.0,3.0,1.0,1.0,40.0,40.0,1.0,100.0,1666.38893517747,1846.3589401766371,46.158973504415926,46.158973504415926,1.0,4.0,1.0,0.0,1,4.0,7.0,2.0,,,,,2.7666666666666666,4.0,2.1666666666666665,3.0,3.6666666666666665,2.6,3.75,3.3333333333333335,6.0,5.333333333333333,4.75,4.0,3.3333333333333335,1.0
2,2,1.0,30.0,3.0,1.0,1.0,1.0,1.0,40.0,30.0,2.0,75.0,854.0243292784535,946.2589568405265,23.65647392101316,31.54196522801755,1.0,1.0,5.0,25.0,1,2.0,4.0,5.0,,,,,2.6333333333333333,1.9999999999999998,2.6666666666666665,3.0,4.666666666666667,1.6000000000000003,2.5,4.666666666666667,4.0,2.6666666666666665,3.25,1.666666666666667,0.9999999999999996,1.0
2,2,2.0,44.0,4.0,2.0,1.0,1.0,2.0,40.0,40.0,1.0,100.0,1749.7083819363438,1938.6768871854688,48.46692217963672,48.46692217963672,1.0,2.0,1.0,0.0,1,11.0,8.0,10.0,,,,,2.716666666666667,1.9999999999999998,3.1666666666666665,3.0,2.6666666666666665,2.6,3.25,2.0,2.3333333333333335,4.0,4.25,6.0,6.333333333333333,1.0
2,2,1.0,40.0,1.0,2.0,1.0,6.0,1.0,40.0,40.0,1.0,100.0,2499.5834027662054,2769.5384102649555,69.23846025662388,69.23846025662388,2.0,4.0,1.0,0.0,1,13.0,7.0,13.0,,,,,3.2666666666666666,4.0,2.3333333333333335,4.75,4.0,2.8,4.25,1.3333333333333333,6.0,7.0,3.5,5.0,3.0,1.0
2,2,1.0,37.0,2.0,1.0,1.0,3.0,2.0,40.0,45.0,3.0,112.5,1674.9041826362272,1855.7938343609396,46.3948458590235,37.51509026273398,1.0,1.0,1.0,0.0,1,2.0,4.0,4.5,,,,,3.666666666666667,5.0,3.6666666666666665,4.25,4.333333333333333,3.6,4.25,1.0,5.666666666666667,5.666666666666667,6.5,7.0,6.0,1.0
2,2,1.0,40.0,3.0,1.0,1.0,11.0,1.0,40.0,40.0,1.0,100.0,958.1736377270454,1061.6563906015663,26.541409765039155,26.541409765039155,1.0,2.0,1.0,0.0,1,5.0,5.0,12.0,,,,,2.166666666666667,1.0,1.8333333333333333,1.75,1.9999999999999998,1.1999999999999997,5.0,2.6666666666666665,1.0,1.0,1.0,1.0,2.0,1.0
2,2,2.0,29.0,3.0,1.0,1.0,1.0,3.0,40.0,40.0,1.0,100.0,1291.4514247625395,1430.9281786368938,35.77320446592235,35.77320446592235,1.0,4.0,1.0,0.0,1,12.0,7.0,3.5,,,,,3.12,3.0,4.0,2.0,4.333333333333333,2.8,2.25,2.3333333333333335,4.333333333333333,3.0,5.0,5.0,4.0,1.0
2,2,1.0,45.0,2.0,1.0,1.0,11.0,1.0,40.0,40.0,1.0,100.0,2916.180636560573,3231.1281453091146,80.77820363272787,80.77820363272787,2.0,2.0,3.0,0.0,1,4.0,5.0,6.0,,,,,3.3333333333333335,3.0,3.1666666666666665,3.25,4.0,4.2,3.5,1.3333333333333333,4.333333333333333,4.666666666666667,6.0,6.0,5.0,1.0
2,2,2.0,32.0,3.0,1.0,1.0,6.0,1.0,40.0,40.0,1.0,100.0,1458.0903182802863,1615.5640726545573,40.38910181636393,40.38910181636393,1.0,2.0,1.0,0.0,1,4.0,7.0,4.0,,,,,3.066666666666667,3.0,3.1666666666666665,4.25,3.3333333333333335,3.4,2.25,2.0,4.0,4.0,3.25,4.0,4.0,1.0
2,2,1.0,35.0,1.0,2.0,3.0,4.0,1.0,40.0,40.0,1.0,100.0,1166.4722546242292,1292.4512581236459,32.31128145309115,32.31128145309115,1.0,4.0,1.0,0.0,1,13.0,4.0,17.0,,,,,2.6666666666666665,3.0,3.1666666666666665,3.5,3.3333333333333335,2.8,3.5,3.3333333333333335,4.666666666666667,5.0,5.0,4.333333333333333,4.0,1.0
2,2,1.0,43.0,3.0,1.0,3.0,11.0,1.0,40.0,40.0,1.0,100.0,1475.1708048658556,1634.4892517913681,40.8622312947842,40.8622312947842,1.0,1.0,1.0,0.0,1,10.0,4.0,25.0,,,,,3.1,3.0,4.333333333333333,3.75,5.0,3.0,1.0,1.0,2.0,1.333333333333333,5.25,5.666666666666667,6.666666666666667,1.0
2,2,2.0,43.0,4.0,1.0,3.0,4.0,1.0,40.0,40.0,1.0,100.0,1666.38893517747,1846.3589401766371,46.158973504415926,46.158973504415926,1.0,2.0,2.0,40.0,1,11.0,7.0,17.0,,,,,3.7,4.0,3.3333333333333335,3.0,5.0,4.0,2.25,1.3333333333333333,2.0,2.3333333333333335,6.5,6.666666666666667,7.0,1.0
2,2,1.0,38.0,1.0,2.0,3.0,11.0,1.0,40.0,40.0,1.0,100.0,2291.2847858690216,2538.743542742876,63.468588568571896,63.468588568571896,2.0,3.0,1.0,0.0,1,7.0,6.0,9.0,,,,,4.233333333333333,3.0,3.1666666666666665,5.0,4.333333333333333,4.6,2.5,1.3333333333333333,4.0,5.333333333333333,7.0,6.333333333333333,6.0,1.0
2,2,2.0,33.0,2.0,1.0,3.0,11.0,1.0,40.0,50.0,3.0,125.0,1541.40976503916,1707.8820196633892,42.69705049158473,34.15764039326778,1.0,2.0,1.0,0.0,1,9.0,7.0,6.0,,,,,2.333333333333333,3.0,1.3333333333333333,1.0,1.0,2.6,4.0,1.6666666666666667,5.333333333333333,5.333333333333333,5.5,6.0,6.333333333333333,1.0
2,2,1.0,39.0,1.0,1.0,3.0,11.0,2.0,40.0,40.0,1.0,100.0,2082.9861689718377,2307.948675220796,57.698716880519896,57.698716880519896,1.0,2.0,1.0,0.0,1,6.0,4.0,18.0,,,,,3.6,1.9999999999999998,3.5,3.25,5.0,4.6,3.75,1.0,6.666666666666668,4.666666666666667,6.25,6.333333333333333,6.0,1.0
2,2,1.0,49.0,1.0,2.0,3.0,11.0,1.0,40.0,40.0,1.0,100.0,1874.6875520746541,2077.1538076987167,51.92884519246792,51.92884519246792,3.0,1.0,7.0,2.0,1,5.0,6.0,22.0,,,,,3.433333333333333,3.0,3.1666666666666665,3.25,4.666666666666667,3.8,2.75,1.6666666666666667,3.0,4.0,4.25,3.3333333333333335,5.0,1.0
2,2,1.0,36.0,3.0,1.0,3.0,11.0,1.0,40.0,40.0,1.0,100.0,2082.9861689718377,2307.948675220796,57.698716880519896,57.698716880519896,2.0,1.0,1.0,0.0,1,5.0,6.0,9.0,,,,,3.6666666666666665,3.0,3.6666666666666665,4.0,4.666666666666667,3.8,1.5,3.0,4.0,3.3333333333333335,5.5,5.333333333333333,6.333333333333333,1.0
2,2,1.0,38.6,1.0,3.0,3.0,12.0,1.0,40.0,40.0,1.0,100.0,1874.6875520746541,2077.1538076987167,51.92884519246792,51.92884519246792,1.0,1.0,1.0,0.0,1,8.0,7.0,5.0,,,,,3.2,1.9999999999999998,2.1666666666666665,3.0,4.0,3.6,2.75,1.6666666666666667,4.666666666666667,3.3333333333333335,6.0,5.666666666666667,5.333333333333333,1.0
2,2,2.0,38.0,2.0,2.0,3.0,4.0,2.0,40.0,40.0,1.0,100.0,1249.7917013831027,1384.7692051324777,34.61923012831194,34.61923012831194,1.0,3.0,1.0,0.0,1,6.0,7.0,1.0,,,,,3.3666666666666667,3.0,3.3333333333333335,4.0,4.0,4.0,2.25,3.0,4.0,5.0,6.0,5.5,5.666666666666667,1.0
2,2,1.0,45.0,4.0,2.0,3.0,11.0,2.0,40.0,40.0,1.0,100.0,1812.197967005499,2007.9153474420928,50.19788368605232,50.19788368605232,1.0,2.0,1.0,0.0,1,4.0,4.0,7.0,,,,,3.1666666666666665,4.0,2.1666666666666665,3.75,3.6666666666666665,3.2,4.0,1.0,4.333333333333333,5.666666666666667,6.75,7.0,6.666666666666667,1.0
2,2,2.0,43.0,1.0,2.0,3.0,4.0,1.0,40.0,40.0,1.0,100.0,1291.4514247625395,1430.9281786368938,35.77320446592235,35.77320446592235,1.0,2.0,1.0,0.0,1,2.0,4.0,24.0,,,,,4.1,4.0,3.5,3.5,5.0,4.2,2.0,1.3333333333333333,1.6666666666666665,2.6666666666666665,5.0,6.0,6.0,1.0
2,2,1.0,63.0,1.0,1.0,3.0,2.0,1.0,40.0,40.0,1.0,100.0,1666.38893517747,1846.3589401766371,46.158973504415926,46.158973504415926,1.0,3.0,1.0,0.0,1,2.0,8.0,26.0,,,,,3.8666666666666667,5.0,3.5,5.0,5.0,4.6,3.0,1.0,5.333333333333333,4.333333333333333,3.5,6.0,5.333333333333333,1.0
2,2,2.0,53.0,1.0,2.0,1.0,2.0,1.0,40.0,55.0,3.0,137.5,1666.38893517747,1846.3589401766371,46.158973504415926,33.57016254866613,1.0,4.0,1.0,0.0,1,6.0,7.0,16.0,,,,,3.6333333333333333,5.0,3.5,4.0,4.0,4.0,3.0,1.0,2.0,4.333333333333333,1.0,5.333333333333333,4.666666666666667,1.0
2,2,1.0,37.0,2.0,1.0,1.0,1.0,1.0,40.0,55.0,3.0,137.5,2707.882019663389,3000.3332777870355,75.00833194467589,54.551514141582466,2.0,5.0,1.0,0.0,1,12.0,6.0,8.0,,,,,3.2333333333333334,4.0,3.5,4.5,5.0,2.8,5.0,1.0,4.0,4.333333333333333,7.0,7.0,6.666666666666667,1.0
2,2,2.0,47.0,2.0,2.0,1.0,1.0,1.0,40.0,40.0,1.0,100.0,1583.0694884185968,1754.0409931678053,43.85102482919514,43.85102482919513,1.0,3.0,2.0,5.0,1,7.0,7.0,16.0,,,,,3.4,1.9999999999999998,2.3333333333333335,4.5,4.333333333333333,3.8,3.75,1.3333333333333333,1.6666666666666665,2.3333333333333335,4.25,6.0,4.0,1.0
2,2,2.0,36.0,1.0,2.0,1.0,11.0,1.0,40.0,40.0,1.0,100.0,1333.1111481419762,1477.0871521413096,36.92717880353274,36.92717880353274,1.0,1.0,3.0,12.0,1,10.0,7.0,3.0,,,,,3.3333333333333335,1.9999999999999998,4.0,3.5,2.6666666666666665,2.6,3.5,1.6666666666666667,4.666666666666667,5.666666666666667,5.75,5.666666666666667,5.666666666666667,1.0
2,2,2.0,59.0,4.0,1.0,3.0,11.0,1.0,40.0,40.0,1.0,100.0,1499.7500416597236,1661.7230461589734,41.54307615397433,41.54307615397433,1.0,1.0,3.0,50.0,1,1.0,7.0,25.0,,,,,3.466666666666667,4.0,2.6666666666666665,4.5,5.0,3.6,4.5,1.0,2.6666666666666665,4.0,7.0,7.0,5.666666666666667,1.0
2,2,2.0,40.0,1.0,2.0,3.0,11.0,1.0,30.0,30.0,1.0,100.0,1458.0903182802863,1615.5640726545573,53.85213575515191,53.85213575515191,1.0,2.0,1.0,0.0,1,11.0,7.0,15.0,,,,,3.3333333333333335,4.0,3.0,1.75,1.9999999999999998,3.0,2.5,3.0,2.6666666666666665,2.0,3.25,3.6666666666666665,3.0,1.0
2,2,2.0,49.0,2.0,2.0,1.0,11.0,1.0,40.0,40.0,1.0,100.0,2291.2847858690216,2538.743542742876,63.468588568571896,63.468588568571896,1.0,4.0,1.0,0.0,1,10.0,8.0,22.0,,,,,3.2,1.9999999999999998,4.166666666666667,2.0,5.0,3.2,4.25,1.0,1.0,1.0,5.0,7.0,7.0,1.0
2,2,1.0,31.0,2.0,1.0,1.0,3.0,2.0,20.0,30.0,3.0,150.0,520.7465422429593,576.987168805199,28.849358440259948,19.232905626839965,1.0,2.0,1.0,5.0,1,2.0,7.0,5.0,,,,,3.5,4.0,3.3333333333333335,2.75,4.0,3.2,3.5,1.0,1.0,2.0,4.75,7.0,5.666666666666667,1.0
2,2,2.0,28.0,3.0,1.0,1.0,2.0,2.0,40.0,40.0,1.0,100.0,1249.7917013831027,1384.7692051324777,34.61923012831194,34.61923012831194,1.0,2.0,1.0,0.0,1,2.0,4.0,3.0,,,,,3.5666666666666664,1.9999999999999998,3.8333333333333335,2.25,4.0,3.0,2.5,3.6666666666666665,5.333333333333333,5.333333333333333,4.5,5.333333333333333,5.666666666666667,1.0
2,2,1.0,60.0,4.0,1.0,3.0,11.0,1.0,40.0,40.0,1.0,100.0,1958.0069988335276,2169.471754707549,54.23679386768872,54.23679386768872,1.0,5.0,1.0,0.0,1,9.0,8.0,22.0,,,,,3.1333333333333333,1.0,4.166666666666667,3.0,3.0,3.8,2.5,1.0,2.6666666666666665,5.0,7.0,7.0,6.0,1.0
2,2,1.0,43.0,2.0,1.0,3.0,11.0,1.0,40.0,40.0,1.0,100.0,1424.762539576737,1578.6368938510245,40.67759540076652,40.677595400766535,1.0,1.0,1.0,0.0,1,5.0,4.0,7.0,,,,,3.0,5.0,1.5,2.5,4.0,3.6,4.75,2.3333333333333335,1.6666666666666665,2.3333333333333335,3.75,5.0,5.0,1.0
2,2,2.0,44.0,1.0,2.0,3.0,11.0,2.0,40.0,40.0,1.0,100.0,1766.3722712881186,1957.1404765872353,48.92851191468088,49.851691384769204,1.0,1.0,1.0,0.0,1,6.0,6.0,3.0,,,,,2.8333333333333335,1.9999999999999998,2.0,4.25,3.6666666666666665,2.2,3.0,2.3333333333333335,2.6666666666666665,3.3333333333333335,5.25,5.0,2.6666666666666665,1.0
2,2,2.0,48.0,1.0,2.0,1.0,11.0,1.0,40.0,40.0,1.0,100.0,1499.7500416597236,1661.7230461589734,41.54307615397433,41.54307615397433,2.0,4.0,5.0,5.0,1,12.0,7.0,14.0,,,,,3.7199999999999998,3.0,4.0,2.75,4.666666666666667,4.4,3.75,1.0,5.333333333333333,2.6666666666666665,5.5,5.333333333333333,5.666666666666667,1.0
2,2,2.0,60.0,4.0,2.0,1.0,11.0,1.0,40.0,40.0,1.0,100.0,1749.7083819363438,1938.6768871854688,48.46692217963672,44.75112481253124,1.0,2.0,7.0,0.0,1,11.0,7.0,20.0,,,,,4.133333333333334,4.0,3.6666666666666665,4.0,4.666666666666667,4.2,3.0,1.0,3.6666666666666665,4.0,5.0,6.0,4.666666666666667,1.0
2,2,1.0,60.0,1.0,3.0,1.0,6.0,1.0,40.0,40.0,1.0,100.0,2499.5834027662054,2769.5384102649555,69.23846025662388,69.23846025662388,2.0,1.0,1.0,0.0,1,7.0,7.0,7.0,,,,,2.966666666666667,4.0,2.8333333333333335,3.5,3.6666666666666665,3.4,2.75,2.0,4.0,4.333333333333333,4.5,4.333333333333333,4.0,1.0
2,2,2.0,58.0,1.0,1.0,1.0,11.0,1.0,40.0,40.0,1.0,100.0,1666.38893517747,1846.3589401766371,46.158973504415926,46.158973504415926,1.0,1.0,1.0,0.0,1,7.0,4.0,21.0,,,,,2.966666666666667,4.0,1.6666666666666667,1.25,3.6666666666666665,2.2,4.0,1.6666666666666667,4.666666666666667,2.6666666666666665,5.25,6.666666666666667,5.0,1.0
2,2,2.0,35.0,1.0,2.0,1.0,11.0,3.0,20.0,20.0,1.0,100.0,758.2069655057487,840.09331778037,42.00466588901849,42.00466588901849,1.0,2.0,1.0,0.0,1,12.0,7.0,2.0,,,,,3.6666666666666665,1.9999999999999998,3.8333333333333335,2.0,4.333333333333333,3.6,1.75,1.0,5.666666666666667,4.666666666666667,5.0,6.0,6.0,1.0
2,2,2.0,51.0,1.0,2.0,1.0,1.0,2.0,40.0,40.0,1.0,100.0,1958.0069988335276,2169.471754707549,54.23679386768872,54.23679386768872,1.0,3.0,3.0,5.0,1,6.0,7.0,0.0,,,,,3.32,3.0,4.333333333333333,4.75,5.0,3.2,1.75,1.0,4.0,2.0,6.75,6.333333333333333,5.0,1.0
2,2,2.0,53.0,1.0,2.0,1.0,1.0,2.0,40.0,45.0,3.0,112.5,1458.0903182802863,1615.5640726545573,40.38910181636393,35.90142383676794,1.0,1.0,5.0,10.0,1,11.0,7.0,6.0,,,,,2.7,5.0,2.1666666666666665,1.5,3.0,2.0,3.5,1.3333333333333333,3.6666666666666665,6.666666666666667,5.75,5.666666666666667,5.666666666666667,1.0
2,2,2.0,50.0,1.0,4.0,1.0,1.0,1.0,40.0,40.0,1.0,100.0,1874.6875520746541,2077.1538076987167,51.92884519246792,51.92884519246792,1.0,4.0,1.0,0.0,1,7.0,7.0,8.0,,,,,3.7,3.0,4.166666666666667,3.5,5.0,3.8,3.25,1.3333333333333333,1.0,1.0,2.3333333333333335,6.333333333333333,5.0,1.0
2,2,1.0,39.0,3.0,1.0,1.0,2.0,1.0,40.0,40.0,1.0,100.0,1666.38893517747,1846.3589401766371,46.158973504415926,46.158973504415926,1.0,1.0,1.0,0.0,1,2.0,4.0,19.0,,,,,3.466666666666667,3.0,3.1666666666666665,2.75,4.666666666666667,3.6,2.75,1.3333333333333333,3.0,5.333333333333333,2.5,4.666666666666667,4.0,1.0
2,2,1.0,54.0,2.0,3.0,1.0,11.0,1.0,40.0,40.0,1.0,100.0,1249.7917013831027,1384.7692051324777,34.61923012831194,34.61923012831194,1.0,2.0,5.0,8.0,1,5.0,4.0,20.0,,,,,3.0,3.0,2.3333333333333335,1.75,3.3333333333333335,2.4,2.75,3.6666666666666665,3.3333333333333335,2.6666666666666665,4.0,3.0,3.0,1.0
2,2,2.0,45.0,2.0,2.0,1.0,1.0,1.0,40.0,44.0,3.0,110.00000000000001,1791.3681053157807,1984.8358606898848,49.62089651724712,45.10990592477011,1.0,2.0,1.0,0.0,1,13.0,8.0,4.0,,,,,2.7,5.0,1.8333333333333333,1.0,1.9999999999999998,2.6,4.5,2.3333333333333335,3.0,3.0,5.0,6.0,2.6666666666666665,1.0
2,2,2.0,40.0,1.0,2.0,1.0,11.0,1.0,40.0,40.0,1.0,100.0,2082.9861689718377,2307.948675220796,57.698716880519896,57.698716880519896,1.0,3.0,6.0,8.0,1,9.0,8.0,2.0,,,,,3.2333333333333334,3.0,2.1666666666666665,2.25,4.333333333333333,4.0,4.0,1.0,4.666666666666667,3.6666666666666665,6.75,7.0,6.333333333333333,1.0
2,2,2.0,46.0,1.0,2.0,1.0,2.0,1.0,40.0,40.0,1.0,100.0,1249.7917013831027,1384.7692051324777,34.61923012831194,34.61923012831194,1.0,2.0,4.0,3.0,1,2.0,4.0,5.0,,,,,3.2,5.0,2.3333333333333335,3.75,3.6666666666666665,2.8,3.0,1.3333333333333333,4.0,4.0,5.25,5.666666666666667,5.0,1.0
2,2,2.0,42.0,1.0,2.0,1.0,1.0,1.0,40.0,40.0,1.0,100.0,1666.38893517747,1846.3589401766371,46.158973504415926,46.158973504415926,1.0,1.0,1.0,0.0,1,13.0,4.0,13.0,,,,,3.3333333333333335,1.9999999999999998,4.0,4.75,4.333333333333333,2.6,1.25,1.6666666666666667,3.3333333333333335,5.5,5.0,4.666666666666667,4.0,1.0
2,2,2.0,47.0,1.0,2.0,1.0,11.0,1.0,40.0,40.0,1.0,100.0,1249.7917013831027,1384.7692051324777,34.61923012831194,34.61923012831194,1.0,4.0,6.0,12.0,1,11.0,8.0,20.0,,,,,2.1666666666666665,3.0,1.5,1.5,2.6666666666666665,1.0,4.0,2.0,1.0,1.0,1.75,6.333333333333333,5.0,1.0
2,2,1.0,49.0,2.0,1.0,1.0,2.0,1.0,40.0,50.0,3.0,125.0,3332.7778703549407,3692.7178803532743,92.31794700883185,73.85435760706548,2.0,5.0,2.0,1.0,1,5.0,7.0,22.0,,,,,4.066666666666666,3.0,3.1666666666666665,3.5,5.0,4.4,3.5,1.6666666666666667,1.0,3.0,4.0,6.0,6.0,1.0
2,2,1.0,49.0,1.0,2.0,1.0,5.0,1.0,40.0,40.0,1.0,100.0,1666.38893517747,1846.3589401766371,46.158973504415926,46.158973504415926,1.0,1.0,1.0,0.0,1,10.0,7.0,12.0,,,,,2.7933333333333334,1.0,3.1666666666666665,4.25,2.6666666666666665,2.8,1.75,2.0,1.3333333333333335,1.666666666666667,5.0,6.0,4.666666666666667,1.0
2,2,1.0,50.0,1.0,2.0,1.0,7.0,1.0,40.0,40.0,1.0,100.0,1950.9248458590234,2161.624729211798,54.04061823029494,45.46658890184969,2.0,3.0,1.0,0.0,1,4.0,7.0,22.0,,,,,3.6,3.0,3.5,4.5,4.0,3.2,2.0,2.0,1.6666666666666665,2.3333333333333335,3.75,5.333333333333333,4.333333333333333,1.0
2,2,2.0,47.0,1.0,2.0,1.0,7.0,1.0,40.0,40.0,1.0,100.0,1561.3231128145308,1729.9460089984998,43.24865022496249,43.248650224962496,1.0,2.0,1.0,0.0,1,1.0,4.0,11.0,,,,,3.1533333333333333,3.0,2.8333333333333335,4.5,4.333333333333333,3.2,3.25,1.0,4.333333333333333,4.0,5.75,7.0,5.333333333333333,1.0
2,2,2.0,66.0,4.0,1.0,1.0,11.0,1.0,40.0,40.0,1.0,100.0,1249.7917013831027,1384.7692051324777,34.61923012831194,34.61923012831194,1.0,2.0,1.0,0.0,1,3.0,7.0,30.0,,,,,3.3866666666666667,3.0,2.6666666666666665,2.0,4.0,3.4,1.5,1.0,1.6666666666666665,1.666666666666667,4.75,6.666666666666667,6.333333333333333,1.0
2,2,2.0,55.0,1.0,2.0,1.0,7.0,1.0,40.0,40.0,1.0,100.0,2707.882019663389,3000.3332777870355,75.00833194467589,75.00833194467589,2.0,4.0,1.0,0.0,1,3.0,7.0,24.0,,,,,3.5,3.0,2.8333333333333335,2.0,5.0,2.8,3.25,1.0,1.6666666666666665,3.0,5.75,6.666666666666667,6.666666666666667,1.0
2,2,2.0,31.0,2.0,1.0,1.0,7.0,1.0,40.0,43.0,3.0,107.5,1166.4722546242292,1292.4512581236459,32.31128145309115,30.057006002875482,1.0,3.0,1.0,0.0,1,3.0,5.0,6.0,,,,,3.533333333333333,3.0,3.5,4.0,5.0,4.2,2.5,1.0,2.6666666666666665,3.6666666666666665,6.75,7.0,6.333333333333333,1.0
2,2,2.0,45.0,1.0,2.0,1.0,4.0,1.0,40.0,40.0,1.0,100.0,1958.0069988335276,2169.471754707549,54.23679386768872,54.23679386768872,1.0,2.0,1.0,0.0,1,8.0,4.0,5.0,,,,,4.166666666666667,3.0,3.8333333333333335,5.0,5.0,4.6,2.5,1.0,1.0,1.333333333333333,3.5,5.0,5.666666666666667,1.0
2,2,2.0,40.0,2.0,2.0,1.0,8.0,1.0,35.0,35.0,1.0,100.0,1166.4722546242292,1292.4512581236459,36.92717880353274,36.92717880353274,1.0,2.0,1.0,0.0,1,3.0,5.0,21.0,,,,,3.466666666666667,1.0,5.0,5.0,4.333333333333333,4.4,2.0,1.0,3.3333333333333335,2.3333333333333335,6.5,7.0,6.333333333333333,1.0
2,2,2.0,39.0,1.0,2.0,1.0,7.0,1.0,30.0,30.0,1.0,100.0,1083.1528078653557,1200.1333111148142,40.00444370382715,40.00444370382714,1.0,1.0,1.0,0.0,1,12.0,8.0,11.0,,,,,2.7,5.0,1.3333333333333333,1.5,2.3333333333333335,1.4000000000000001,4.25,2.6666666666666665,4.0,5.333333333333333,6.5,6.0,6.0,1.0
2,2,2.0,25.0,2.0,1.0,1.0,4.0,2.0,40.0,40.0,1.0,100.0,1291.4514247625395,1430.9281786368938,35.77320446592235,35.77320446592235,1.0,1.0,1.0,0.0,1,13.0,7.0,0.0,,,,,2.7666666666666666,5.0,1.8333333333333333,1.75,1.6666666666666665,3.8,4.0,1.0,4.666666666666667,5.0,5.5,5.0,5.333333333333333,1.0
2,2,2.0,52.0,1.0,2.0,1.0,4.0,2.0,40.0,40.0,1.0,100.0,1999.6667222129645,2215.630728211964,55.3907682052991,55.3907682052991,1.0,2.0,5.0,20.0,1,11.0,7.0,5.0,,,,,3.4533333333333336,1.9999999999999998,4.0,4.75,5.0,3.8,3.0,1.0,3.6666666666666665,2.6666666666666665,6.25,6.666666666666667,6.666666666666667,1.0
2,2,2.0,33.0,3.0,1.0,1.0,4.0,3.0,40.0,55.0,3.0,137.5,1666.38893517747,1846.3589401766371,46.158973504415926,33.57016254866613,1.0,1.0,1.0,0.0,1,2.0,8.0,8.0,,,,,3.3333333333333335,5.0,1.6666666666666667,1.5,4.0,2.6,4.75,1.0,2.6666666666666665,6.333333333333333,6.25,5.666666666666667,5.333333333333333,1.0
2,2,1.0,32.0,3.0,1.0,1.0,4.0,2.0,40.0,40.0,1.0,100.0,1874.6875520746541,2077.1538076987167,51.92884519246792,51.92884519246792,1.0,2.0,1.0,0.0,1,8.0,7.0,0.0,,,,,3.0666666666666664,3.0,2.1666666666666665,3.5,3.0,2.8,4.0,4.0,4.333333333333333,4.333333333333333,4.0,4.0,3.3333333333333335,1.0
2,2,2.0,61.0,1.0,1.0,1.0,11.0,1.0,40.0,40.0,1.0,100.0,1249.7917013831027,1384.7692051324777,34.61923012831194,34.61923012831194,1.0,1.0,1.0,0.0,1,7.0,4.0,15.0,,,,,2.9,3.0,4.0,4.75,4.666666666666667,3.2,1.5,3.3333333333333335,4.0,3.6666666666666665,5.0,4.333333333333333,3.6666666666666665,1.0
2,2,2.0,32.0,2.0,1.0,1.0,9.0,1.0,40.0,40.0,1.0,100.0,916.5139143476085,1015.4974170971502,25.387435427428755,25.387435427428755,1.0,5.0,4.0,5.0,1,3.0,7.0,6.0,,,,,2.8533333333333335,1.9999999999999998,2.8333333333333335,4.5,5.0,1.6000000000000003,4.0,1.0,1.0,2.6666666666666665,2.5,7.0,7.0,1.0
2,2,2.0,39.0,4.0,2.0,1.0,1.0,2.0,40.0,50.0,3.0,125.0,2082.9861689718377,2307.948675220796,57.698716880519896,46.15897350441592,1.0,2.0,1.0,0.0,1,10.0,7.0,4.0,,,,,2.2333333333333334,4.0,1.3333333333333333,1.5,3.0,1.4000000000000001,4.25,1.3333333333333333,4.333333333333333,3.3333333333333335,6.0,6.666666666666667,4.666666666666667,1.0
2,2,2.0,44.0,1.0,2.0,1.0,1.0,2.0,40.0,40.0,1.0,100.0,2291.2847858690216,2538.743542742876,63.468588568571896,63.468588568571896,1.0,2.0,1.0,0.0,1,4.0,8.0,10.0,,,,,4.033333333333333,5.0,4.333333333333333,5.0,5.0,4.2,3.0,1.0,1.0,5.666666666666667,5.25,7.0,6.0,1.0
2,2,2.0,25.0,1.0,1.0,1.0,1.0,2.0,40.0,40.0,1.0,100.0,1291.4514247625395,1430.9281786368938,35.77320446592235,35.77320446592235,1.0,1.0,1.0,0.0,1,2.0,7.0,1.25,,,,,3.566666666666667,4.0,4.166666666666667,4.75,5.0,4.0,2.25,1.6666666666666667,4.666666666666667,4.0,3.75,4.333333333333333,5.666666666666667,1.0
2,2,2.0,46.0,1.0,2.0,1.0,1.0,2.0,40.0,40.0,1.0,100.0,1791.3681053157807,1984.8358606898848,49.62089651724712,49.62089651724712,1.0,1.0,7.0,37.5,1,8.0,7.0,1.0,,,,,3.2666666666666666,3.0,3.1666666666666665,3.0,4.333333333333333,2.6,2.25,2.3333333333333335,1.6666666666666665,4.333333333333333,6.25,5.333333333333333,4.333333333333333,1.0
2,2,1.0,35.0,1.0,2.0,1.0,1.0,1.0,40.0,45.0,3.0,112.5,1749.7083819363438,1938.6768871854688,48.46692217963672,43.08170860412153,1.0,1.0,1.0,0.0,1,2.0,6.0,11.0,,,,,2.966666666666667,4.0,2.8333333333333335,3.25,3.6666666666666665,2.8,4.5,3.0,3.3333333333333335,1.666666666666667,7.0,6.0,5.0,1.0
2,2,2.0,41.0,1.0,2.0,1.0,1.0,1.0,30.0,30.0,1.0,100.0,833.1944675887353,923.1794700883186,30.77264900294395,30.77264900294395,1.0,2.0,1.0,0.0,1,2.0,6.0,0.0,,,,,3.566666666666667,1.9999999999999998,4.333333333333333,5.0,4.333333333333333,4.2,3.0,1.0,2.6666666666666665,5.0,6.0,6.0,5.666666666666667,1.0
2,2,2.0,32.0,1.0,2.0,1.0,4.0,1.0,40.0,40.0,1.0,100.0,1666.38893517747,1846.3589401766371,46.158973504415926,46.158973504415926,1.0,2.0,1.0,0.0,1,14.0,6.0,12.0,,,,,3.1666666666666665,1.9999999999999998,2.1666666666666665,2.25,3.3333333333333335,3.0,3.5,1.3333333333333333,4.333333333333333,4.333333333333333,5.25,6.0,7.0,1.0
2,2,2.0,29.0,3.0,1.0,1.0,1.0,2.0,40.0,52.5,3.0,131.25,1874.6875520746541,2077.1538076987167,51.92884519246792,39.564834432356506,1.0,4.0,6.0,10.0,1,8.0,7.0,5.0,,,,,3.2666666666666666,5.0,2.1666666666666665,3.75,4.666666666666667,2.2,4.0,1.3333333333333333,6.666666666666668,3.3333333333333335,7.0,5.333333333333333,4.333333333333333,1.0
2,2,1.0,39.0,1.0,2.0,1.0,4.0,1.0,40.0,40.0,1.0,100.0,1491.4180969838358,1652.4912514580901,42.261104630709696,42.261104630709696,1.0,4.0,5.0,10.0,1,10.0,7.0,2.0,,,,,4.033333333333333,4.0,3.6666666666666665,4.75,4.666666666666667,4.2,3.0,1.3333333333333333,2.6666666666666665,3.0,4.0,6.0,6.0,1.0
2,2,2.0,32.0,1.0,1.0,1.0,9.0,1.0,40.0,36.0,2.0,90.0,1499.7500416597236,1661.7230461589734,41.54307615397433,46.158973504415926,1.0,2.0,1.0,0.0,1,1.0,7.0,9.0,,,,,2.966666666666667,3.0,2.5,3.75,3.6666666666666665,2.6,3.25,2.0,2.0,2.6666666666666665,4.0,3.0,2.6666666666666665,1.0
2,2,2.0,36.0,3.0,1.0,1.0,9.0,2.0,40.0,60.0,3.0,150.0,1499.7500416597236,1661.7230461589734,41.54307615397433,27.695384102649555,2.0,3.0,5.0,10.0,1,14.0,4.0,5.0,,,,,2.9,4.0,2.6666666666666665,4.5,5.0,2.8,4.5,1.3333333333333333,3.3333333333333335,3.3333333333333335,5.25,5.0,5.333333333333333,1.0
2,2,1.0,42.0,1.0,2.0,1.0,9.0,2.0,40.0,40.0,1.0,100.0,1583.0694884185968,1754.0409931678053,43.85102482919514,43.85102482919513,1.0,3.0,1.0,0.0,1,8.0,7.0,6.5,,,,,2.6333333333333333,4.0,2.8333333333333335,2.0,4.333333333333333,2.4,3.0,2.6666666666666665,4.666666666666667,4.0,6.5,6.666666666666667,3.6666666666666665,1.0
2,2,2.0,26.0,2.0,1.0,1.0,9.0,2.0,36.0,36.0,1.0,100.0,1158.5569071821362,1283.681053157807,35.6578070321613,35.6578070321613,1.0,2.0,1.0,0.0,1,10.0,7.0,1.0,,,,,2.8666666666666667,3.0,3.0,5.0,3.6666666666666665,2.2,3.0,4.0,4.0,4.0,4.0,4.0,4.0,1.0
2,2,1.0,34.0,1.0,1.0,1.0,9.0,2.0,40.0,40.0,1.0,100.0,1249.7917013831027,1384.7692051324777,34.61923012831194,34.61923012831194,1.0,2.0,3.0,40.0,1,10.0,5.0,1.0,,,,,3.12,1.9999999999999998,3.0,4.5,4.333333333333333,2.4,3.5,1.3333333333333333,4.0,2.0,4.75,7.0,6.0,1.0
2,2,2.0,33.0,2.0,1.0,1.0,9.0,1.0,40.0,40.0,1.0,100.0,1458.0903182802863,1615.5640726545573,40.38910181636393,40.38910181636393,2.0,2.0,5.0,50.0,1,10.0,7.0,9.0,,,,,3.2666666666666666,5.0,2.5,3.25,2.6666666666666665,2.4,4.0,1.6666666666666667,5.666666666666667,5.666666666666667,4.5,6.0,5.0,1.0
2,2,2.0,31.0,1.0,1.0,1.0,9.0,1.0,40.0,50.0,3.0,125.0,1249.7917013831027,1384.7692051324777,34.61923012831194,27.695384102649555,1.0,1.0,1.0,0.0,1,10.0,7.0,3.0,,,,,3.1333333333333333,5.0,2.6666666666666665,4.25,3.6666666666666665,2.8,4.25,1.0,3.6666666666666665,5.0,5.75,7.0,6.666666666666667,1.0
2,2,2.0,50.0,1.0,2.0,1.0,4.0,1.0,40.0,40.0,1.0,100.0,1866.3556073987666,2067.9220129978335,51.69805032494584,51.69805032494584,1.0,2.0,1.0,0.0,1,12.0,7.0,15.0,,,,,2.966666666666667,1.9999999999999998,3.0,2.25,4.0,2.8,3.0,1.6666666666666667,1.6666666666666665,1.666666666666667,3.0,4.0,5.0,1.0
2,2,1.0,44.0,4.0,2.0,1.0,1.0,2.0,40.0,40.0,1.0,100.0,1908.0153307782036,2114.0809865022493,52.85202466255623,52.85202466255623,3.0,4.0,1.0,0.0,1,8.0,8.0,16.0,,,,,3.7,4.0,3.3333333333333335,4.0,3.0,3.6,3.0,1.0,1.3333333333333335,3.3333333333333335,1.25,7.0,7.0,1.0
2,2,2.0,41.0,2.0,2.0,1.0,9.0,1.0,40.0,47.5,3.0,118.75,1874.6875520746541,2077.1538076987167,51.92884519246792,43.72955384628877,2.0,2.0,1.0,0.0,1,8.0,7.0,16.0,,,,,3.5133333333333336,5.0,2.6666666666666665,5.0,4.333333333333333,4.0,3.75,1.0,2.0,2.6666666666666665,5.5,7.0,6.0,1.0
2,2,1.0,62.0,1.0,1.0,1.0,9.0,1.0,40.0,40.0,1.0,100.0,3499.4167638726876,3877.3537743709376,96.93384435927344,96.93384435927344,2.0,5.0,1.0,0.0,1,5.0,7.0,28.0,,,,,3.433333333333333,1.9999999999999998,2.8333333333333335,5.0,4.333333333333333,4.4,4.25,1.0,3.0,3.0,5.5,7.0,5.666666666666667,1.0
2,2,3.0,28.0,2.0,1.0,1.0,9.0,7.0,40.0,40.0,1.0,100.0,2082.9861689718377,2307.948675220796,57.698716880519896,57.698716880519896,1.0,2.0,5.0,35.0,1,14.0,6.0,2.0,,,,,3.3333333333333335,4.0,2.6666666666666665,3.75,4.666666666666667,3.0,3.75,2.6666666666666665,3.3333333333333335,4.333333333333333,5.0,4.666666666666667,5.333333333333333,1.0
2,2,2.0,29.0,2.0,1.0,1.0,9.0,2.0,28.0,33.0,3.0,117.85714285714286,1166.4722546242292,1292.4512581236459,46.158973504415926,39.16518964011048,3.0,2.0,6.0,35.0,1,14.0,7.0,2.5,,,,,3.1666666666666665,4.0,4.0,2.5,4.333333333333333,3.4,4.0,1.6666666666666667,2.0,3.3333333333333335,5.25,6.333333333333333,6.0,1.0
2,2,2.0,26.0,2.0,1.0,1.0,1.0,1.0,40.0,40.0,1.0,100.0,1541.40976503916,1707.8820196633892,42.69705049158473,42.69705049158473,1.0,3.0,1.0,0.0,1,3.0,7.0,2.0,,,,,2.8666666666666667,1.0,2.8333333333333335,2.5,4.333333333333333,2.6,1.5,2.3333333333333335,1.3333333333333335,1.0,6.0,4.666666666666667,1.666666666666667,1.0
2,2,1.0,69.0,1.0,2.0,1.0,9.0,1.0,37.5,37.5,1.0,100.0,833.1944675887353,923.1794700883186,24.61811920235516,24.61811920235516,1.0,1.0,1.0,0.0,1,4.0,8.0,5.0,,,,,2.92,3.0,3.3333333333333335,3.25,4.0,3.4,3.0,2.6666666666666665,3.6666666666666665,4.333333333333333,4.75,7.0,5.666666666666667,1.0
2,2,2.0,45.0,1.0,2.0,1.0,2.0,1.0,40.0,40.0,1.0,100.0,1416.4305949008499,1569.4050991501413,39.23512747875354,39.23512747875354,1.0,2.0,1.0,0.0,1,6.0,7.0,11.0,,,,,2.8533333333333335,1.0,2.1666666666666665,3.0,5.0,2.0,3.75,2.0,1.6666666666666665,1.0,6.0,7.0,6.666666666666667,1.0
2,2,2.0,42.0,1.0,2.0,1.0,11.0,2.0,40.0,40.0,1.0,100.0,1666.38893517747,1846.3589401766371,46.158973504415926,46.158973504415926,1.0,1.0,1.0,0.0,1,8.0,7.0,15.0,,,,,3.166666666666667,4.0,4.166666666666667,2.25,4.666666666666667,3.0,3.5,1.0,4.0,1.666666666666667,4.0,5.333333333333333,6.0,1.0
2,2,2.0,30.0,2.0,1.0,1.0,1.0,2.0,32.0,36.0,3.0,112.5,1208.131978003666,1338.610231628062,41.831569738376935,37.18361754522394,1.0,3.0,1.0,8.0,1,8.0,7.0,4.0,,,,,2.7333333333333334,5.0,1.5,1.25,3.0,1.6000000000000003,5.0,5.666666666666667,2.5,2.6666666666666665,1.75,4.0,1.666666666666667,1.0
2,2,2.0,34.0,1.0,2.0,1.0,11.0,3.0,36.0,36.0,1.0,100.0,1541.40976503916,1707.8820196633892,47.441167212871925,47.441167212871925,1.0,2.0,1.0,0.0,1,11.0,8.0,7.0,,,,,4.1,4.0,4.333333333333333,5.0,4.666666666666667,4.6,3.0,1.0,4.333333333333333,3.0,4.25,6.333333333333333,5.666666666666667,1.0
2,2,2.0,29.0,2.0,1.0,1.0,1.0,2.0,20.0,40.0,3.0,200.0,1291.4514247625395,1430.9281786368938,71.5464089318447,35.77320446592235,1.0,1.0,1.0,0.0,1,11.0,7.0,3.0,,,,,3.5,4.0,3.0,3.25,5.0,3.6,4.0,1.3333333333333333,5.333333333333333,5.666666666666667,6.5,6.666666666666667,7.0,1.0
2,2,2.0,30.0,3.0,1.0,1.0,1.0,2.0,40.0,40.0,1.0,100.0,1666.38893517747,1846.3589401766371,46.158973504415926,46.158973504415926,1.0,3.0,1.0,0.0,1,11.0,7.0,1.5,,,,,3.2666666666666666,3.0,3.0,2.5,4.0,3.4,3.25,1.6666666666666667,6.333333333333333,6.666666666666667,6.5,6.0,6.0,1.0
2,2,1.0,42.0,3.0,2.0,1.0,6.0,1.0,40.0,40.0,1.0,100.0,1633.0611564739206,1809.431761373104,45.23579403432761,45.235794034327604,1.0,3.0,1.0,0.0,1,5.0,4.0,8.0,,,,,2.8,4.0,3.1666666666666665,3.25,4.666666666666667,2.4,3.0,2.3333333333333335,4.0,3.0,4.0,4.666666666666667,4.333333333333333,1.0
2,2,2.0,44.0,2.0,2.0,1.0,2.0,2.0,40.0,55.0,3.0,137.5,1458.0903182802863,1615.5640726545573,40.38910181636393,29.37389223008286,1.0,3.0,1.0,0.0,1,8.0,7.0,3.0,,,,,2.5999999999999996,4.0,2.8333333333333335,2.25,4.0,2.0,4.25,1.3333333333333333,3.0,3.6666666666666665,5.0,5.333333333333333,4.666666666666667,1.0
2,2,1.0,33.0,1.0,2.0,1.0,1.0,2.0,40.0,40.0,1.0,100.0,1333.1111481419762,1477.0871521413096,36.92717880353274,36.92717880353274,1.0,4.0,1.0,0.0,1,10.0,7.0,0.0,,,,,3.586666666666667,3.0,3.8333333333333335,5.0,5.0,3.8,2.25,1.3333333333333333,5.0,3.0,6.5,6.0,6.0,1.0
2,2,2.0,41.0,1.0,1.0,1.0,1.0,2.0,40.0,40.0,1.0,100.0,1187.3021163139476,1315.530744875854,32.88826862189635,32.88826862189635,1.0,2.0,3.0,2.0,1,2.0,6.0,17.0,,,,,3.533333333333333,4.0,3.3333333333333335,2.0,3.3333333333333335,3.4,3.0,1.0,1.6666666666666665,5.0,2.25,5.333333333333333,5.666666666666667,1.0
2,2,2.0,61.0,1.0,1.0,1.0,2.0,1.0,40.0,40.0,1.0,100.0,958.1736377270454,1061.6563906015663,26.541409765039155,26.541409765039155,1.0,1.0,1.0,0.0,1,6.0,4.0,27.0,,,,,2.966666666666667,5.0,2.6666666666666665,3.25,3.0,3.0,2.0,1.3333333333333333,2.0,2.3333333333333335,2.0,4.0,5.0,1.0
2,2,1.0,48.0,1.0,2.0,1.0,2.0,1.0,40.0,40.0,1.0,100.0,999.8333611064822,1107.815364105982,27.695384102649562,27.695384102649555,1.0,1.0,1.0,0.0,1,5.0,4.0,25.0,,,,,2.86,3.0,3.1666666666666665,2.0,4.333333333333333,2.8,3.5,2.3333333333333335,3.6666666666666665,3.6666666666666665,5.25,6.333333333333333,6.666666666666667,1.0
2,2,2.0,55.0,2.0,1.0,1.0,11.0,1.0,40.0,40.0,1.0,100.0,2291.2847858690216,2538.743542742876,63.468588568571896,63.468588568571896,2.0,5.0,1.0,0.0,1,10.0,7.0,5.0,,,,,3.533333333333333,1.9999999999999998,3.5,2.25,5.0,3.2,4.0,1.0,1.6666666666666665,1.333333333333333,7.0,7.0,7.0,1.0
2,2,2.0,51.0,2.0,1.0,1.0,11.0,1.0,40.0,40.0,1.0,100.0,1083.1528078653557,1200.1333111148142,30.003332777870355,30.003332777870355,2.0,3.0,1.0,0.0,1,4.0,4.0,11.0,,,,,2.7666666666666666,5.0,1.6666666666666667,1.0,4.0,2.2,4.5,3.6666666666666665,3.6666666666666665,4.0,4.25,6.0,4.0,1.0
2,2,2.0,27.0,2.0,1.0,1.0,1.0,2.0,40.0,30.0,2.0,75.0,1370.6048991834693,1518.630228295284,37.9657557073821,50.6210076098428,1.0,1.0,1.0,0.0,1,2.0,7.0,0.0,,,,,2.6,4.0,1.6666666666666667,3.75,3.0,2.2,4.0,5.0,5.0,5.666666666666667,5.25,2.0,1.666666666666667,1.0
2,2,2.0,29.0,2.0,1.0,1.0,11.0,2.0,40.0,40.0,1.0,100.0,1608.065322446259,1781.7363772704548,44.54340943176136,41.08148641893017,1.0,2.0,1.0,0.0,1,5.0,7.0,3.0,,,,,3.5,1.9999999999999998,4.0,4.75,4.666666666666667,3.4,3.0,2.0,1.3333333333333335,4.0,4.25,4.666666666666667,4.333333333333333,1.0
2,2,2.0,47.0,1.0,1.0,1.0,11.0,1.0,40.0,40.0,1.0,100.0,1124.8125312447926,1246.29228461923,31.157307115480748,31.15730711548075,1.0,2.0,1.0,0.0,1,7.0,4.0,0.0,,,,,3.2,3.0,3.1666666666666665,2.5,4.0,2.8,4.0,1.6666666666666667,2.6666666666666665,6.333333333333333,2.75,5.333333333333333,4.0,1.0
2,2,2.0,52.0,2.0,3.0,1.0,11.0,1.0,40.0,50.0,3.0,125.0,2499.5834027662054,2769.5384102649555,69.23846025662388,55.39076820529911,2.0,5.0,1.0,0.0,1,8.0,7.0,21.0,,,,,3.8,3.0,3.3333333333333335,3.75,5.0,4.4,4.0,1.0,2.0,4.333333333333333,6.5,6.333333333333333,6.333333333333333,1.0
2,2,2.0,40.0,1.0,2.0,1.0,5.0,1.0,40.0,40.0,1.0,100.0,2166.3056157307115,2400.2666222296284,60.00666555574071,60.00666555574071,1.0,3.0,1.0,0.0,1,8.0,7.0,8.0,,,,,3.0666666666666664,4.0,3.1666666666666665,1.25,4.0,2.6,4.5,1.6666666666666667,2.3333333333333335,2.6666666666666665,4.75,5.666666666666667,5.333333333333333,1.0
2,2,1.0,69.0,1.0,1.0,1.0,11.0,1.0,40.0,40.0,1.0,100.0,1374.770871521413,1523.2461256457257,38.08115314114314,38.08115314114314,1.0,1.0,1.0,0.0,1,7.0,4.0,38.0,,,,,3.6866666666666665,5.0,3.0,5.0,5.0,4.2,1.0,1.0,7.0,7.0,7.0,7.0,5.0,1.0
2,2,2.0,45.0,1.0,1.0,1.0,2.0,1.0,40.0,42.0,3.0,105.0,1333.1111481419762,1477.0871521413096,36.92717880353274,35.16874171765023,1.0,1.0,3.0,2.0,1,6.0,5.0,14.0,,,,,3.1,3.0,3.0,2.75,4.0,3.0,3.25,1.3333333333333333,2.3333333333333335,3.0,5.0,4.666666666666667,4.666666666666667,1.0
2,2,2.0,46.0,1.0,1.0,1.0,11.0,1.0,40.0,40.0,1.0,100.0,1437.260456590568,1592.4845859023494,39.81211464755874,39.81211464755874,1.0,1.0,1.0,0.0,1,8.0,6.0,4.0,,,,,3.1333333333333333,4.0,2.3333333333333335,4.75,4.666666666666667,3.0,3.3333333333333335,1.0,2.6666666666666665,3.6666666666666665,6.5,6.0,4.333333333333333,1.0
2,2,2.0,26.0,1.0,1.0,1.0,1.0,2.0,40.0,40.0,1.0,100.0,1666.38893517747,1846.3589401766371,46.158973504415926,46.158973504415926,1.0,3.0,1.0,0.0,1,13.0,7.0,5.0,,,,,3.7533333333333334,3.0,3.6666666666666665,3.75,4.0,3.6,1.75,1.0,2.3333333333333335,2.3333333333333335,5.25,5.666666666666667,5.0,1.0
2,2,1.0,28.0,2.0,1.0,1.0,11.0,1.0,40.0,40.0,1.0,100.0,1944.8008665222462,2154.839360106649,53.870984002666226,53.870984002666226,1.0,2.0,2.0,5.0,1,4.0,7.0,5.0,,,,,3.4333333333333336,4.0,4.166666666666667,3.75,4.333333333333333,3.8,4.25,1.3333333333333333,6.333333333333333,5.0,6.75,6.333333333333333,6.333333333333333,1.0
2,2,2.0,58.0,1.0,1.0,1.0,11.0,2.0,40.0,40.0,1.0,100.0,1458.0903182802863,1615.5640726545573,40.38910181636393,40.38910181636393,2.0,4.0,1.0,0.0,1,6.0,7.0,10.0,,,,,3.3333333333333335,3.0,4.0,4.25,3.6666666666666665,3.4,2.75,1.0,2.3333333333333335,2.6666666666666665,3.25,5.0,5.0,1.0
2,2,2.0,42.0,1.0,2.0,1.0,11.0,1.0,40.0,40.0,1.0,100.0,2499.5834027662054,2769.5384102649555,69.23846025662388,69.23846025662388,2.0,3.0,1.0,0.0,1,8.0,7.0,11.0,,,,,3.4333333333333336,4.0,2.6666666666666665,1.75,2.6666666666666665,4.0,4.75,3.6666666666666665,4.333333333333333,4.333333333333333,6.75,6.333333333333333,4.666666666666667,1.0
2,2,1.0,29.0,2.0,1.0,1.0,1.0,1.0,40.0,40.0,1.0,100.0,1458.0903182802863,1615.5640726545573,40.38910181636393,40.38910181636393,1.0,3.0,1.0,0.0,1,3.0,7.0,2.5,,,,,3.7666666666666666,1.0,3.8333333333333335,4.0,5.0,4.0,2.75,1.0,2.6666666666666665,3.3333333333333335,3.75,7.0,4.666666666666667,1.0
2,2,2.0,43.2,1.0,2.0,1.0,1.0,1.0,40.0,40.0,1.0,100.0,874.8541909681719,969.3384435927344,24.233461089818363,24.233461089818363,1.0,1.0,1.0,0.0,1,2.0,4.0,15.0,,,,,2.36,1.0,2.5,2.25,2.3333333333333335,1.4000000000000001,3.75,1.6666666666666667,4.333333333333333,1.333333333333333,4.75,3.3333333333333335,2.6666666666666665,1.0
2,2,2.0,45.0,1.0,2.0,1.0,11.0,1.0,40.0,40.0,1.0,100.0,1583.0694884185968,1754.0409931678053,43.85102482919514,43.85102482919513,2.0,3.0,1.0,0.0,1,6.0,7.0,19.0,,,,,3.3666666666666667,3.0,3.1666666666666665,3.75,5.0,3.6,3.25,1.6666666666666667,2.3333333333333335,3.3333333333333335,4.5,6.333333333333333,6.666666666666667,1.0
2,2,2.0,31.0,2.0,1.0,1.0,1.0,2.0,40.0,40.0,1.0,100.0,1874.6875520746541,2077.1538076987167,51.92884519246792,51.92884519246792,1.0,1.0,1.0,0.0,1,6.0,7.0,5.0,,,,,2.7,3.0,2.5,3.75,3.3333333333333335,2.8,3.5,2.6666666666666665,4.666666666666667,3.3333333333333335,4.5,3.3333333333333335,2.3333333333333335,1.0
2,2,2.0,45.0,4.0,2.0,1.0,11.0,1.0,40.0,40.0,1.0,100.0,1916.3472754540908,2123.3127812031325,53.08281953007831,53.08281953007831,1.0,2.0,1.0,0.0,1,7.0,7.0,3.0,,,,,3.7,3.0,4.0,4.25,5.0,3.4,3.25,1.0,1.6666666666666665,1.666666666666667,1.5,7.0,4.0,1.0
2,2,2.0,42.0,3.0,1.0,1.0,6.0,1.0,40.0,45.0,3.0,112.5,1874.6875520746541,2077.1538076987167,51.92884519246792,46.158973504415926,1.0,1.0,5.0,10.0,1,7.0,7.0,5.0,,,,,3.1333333333333333,5.0,3.0,2.75,1.0,3.2,5.0,2.0,2.3333333333333335,1.333333333333333,3.25,4.666666666666667,6.0,1.0
2,2,2.0,49.0,2.0,2.0,1.0,5.0,2.0,40.0,51.6,3.0,129.0,1999.6667222129645,2215.630728211964,55.3907682052991,39.927512081319776,1.0,1.0,1.0,0.0,1,8.0,7.0,2.0,,,,,3.3333333333333335,5.0,2.8333333333333335,3.0,2.6666666666666665,3.2,5.0,1.0,3.6666666666666665,5.666666666666667,6.5,5.0,6.333333333333333,1.0
2,2,2.0,49.0,1.0,1.0,1.0,2.0,1.0,40.0,40.0,1.0,100.0,2707.882019663389,3000.3332777870355,75.00833194467589,75.00833194467589,2.0,3.0,1.0,0.0,1,12.0,7.0,18.0,,,,,3.466666666666667,3.0,2.3333333333333335,2.5,4.333333333333333,3.6,3.5,1.6666666666666667,5.0,3.6666666666666665,5.25,6.0,5.666666666666667,1.0
2,2,1.0,53.0,1.0,1.0,1.0,11.0,1.0,40.0,50.0,3.0,125.0,1708.0486585569074,1892.517913681053,47.312947842026325,37.85035827362107,1.0,3.0,3.0,15.0,1,9.0,4.0,6.0,,,,,2.6666666666666665,3.0,2.6666666666666665,1.0,1.0,2.0,5.0,1.3333333333333333,3.3333333333333335,2.466666666666667,7.0,7.0,5.666666666666667,1.0
2,2,2.0,27.0,2.0,1.0,1.0,6.0,2.0,40.0,40.0,1.0,100.0,1541.40976503916,1707.8820196633892,42.69705049158473,42.69705049158473,1.0,4.0,1.0,0.0,1,3.0,7.0,2.0,,,,,3.1833333333333336,3.0,3.8333333333333335,2.75,3.3333333333333335,3.0,2.5,2.0,3.6666666666666665,3.6666666666666665,4.5,5.333333333333333,4.666666666666667,1.0
2,2,2.0,52.0,2.0,1.0,1.0,8.0,1.0,40.0,40.0,1.0,100.0,1666.38893517747,1846.3589401766371,46.158973504415926,46.158973504415926,1.0,3.0,1.0,0.0,1,11.0,7.0,22.0,,,,,3.7333333333333334,1.9999999999999998,4.166666666666667,4.75,5.0,4.6,2.75,1.0,4.0,2.0,4.25,5.666666666666667,4.333333333333333,1.0
2,2,2.0,46.0,1.0,2.0,1.0,11.0,1.0,40.0,60.0,3.0,150.0,2499.5834027662054,2769.5384102649555,69.23846025662388,46.158973504415926,2.0,3.0,5.0,3.0,1,7.0,7.0,13.0,,,,,3.7,4.0,2.8333333333333335,1.75,4.0,4.0,4.75,1.0,1.3333333333333335,1.666666666666667,4.75,7.0,6.666666666666667,1.0
2,2,1.0,47.0,1.0,2.0,1.0,11.0,1.0,40.0,40.0,1.0,100.0,1291.4514247625395,1430.9281786368938,35.77320446592235,35.77320446592235,1.0,2.0,1.0,0.0,1,11.0,4.0,10.0,,,,,2.9,3.0,2.5,2.75,3.6666666666666665,3.0,3.5,2.6666666666666665,2.3333333333333335,4.666666666666667,2.25,3.0,4.666666666666667,1.0
2,2,2.0,50.0,1.0,2.0,1.0,5.0,4.0,2.0,2.0,1.0,100.0,20.8298616897182,23.07948675220814,11.539743376103985,11.539743376103985,1.0,1.0,1.0,0.0,1,9.0,8.0,10.0,,,,,2.8333333333333335,1.0,4.166666666666667,2.5,3.0,3.0,3.0,3.6666666666666665,3.0,1.0,3.0,6.666666666666667,5.333333333333333,1.0
2,2,2.0,41.0,2.0,2.0,1.0,4.0,1.0,40.0,40.0,1.0,100.0,2294.7625395767373,2347.7168938510245,58.692922346275616,58.692922346275616,1.0,1.0,1.0,0.0,1,8.0,6.0,11.0,,,,,2.3,1.0,2.5,3.25,2.3333333333333335,1.8,3.0,2.3333333333333335,5.0,5.0,6.25,7.0,1.3333333333333335,1.0
2,2,2.0,53.0,1.0,3.0,1.0,8.0,1.0,40.0,40.0,1.0,100.0,1166.4722546242292,1292.4512581236459,32.31128145309115,32.31128145309115,1.0,1.0,1.0,0.0,1,1.0,4.0,28.0,,,,,3.7666666666666666,4.0,3.8333333333333335,4.0,5.0,3.8,2.5,1.0,3.0,5.333333333333333,3.5,6.333333333333333,4.333333333333333,1.0
2,2,1.0,42.0,1.0,2.0,1.0,11.0,1.0,40.0,40.0,1.0,100.0,1958.0069988335276,2169.471754707549,54.23679386768872,54.23679386768872,1.0,4.0,2.0,40.0,1,9.0,7.0,18.0,,,,,3.7333333333333334,3.0,3.533333333333333,5.0,5.0,3.8,3.25,1.3333333333333333,5.333333333333333,4.666666666666667,4.5,6.0,6.0,1.0
2,2,2.0,59.0,2.0,1.0,1.0,11.0,2.0,40.0,40.0,1.0,100.0,1333.1111481419762,1477.0871521413096,36.92717880353274,36.92717880353274,1.0,1.0,1.0,0.0,1,14.0,4.0,5.0,,,,,2.9333333333333336,1.9999999999999998,4.166666666666667,1.75,5.0,3.2,2.75,1.6666666666666667,2.6666666666666665,2.3333333333333335,4.25,6.0,6.333333333333333,1.0
2,2,2.0,25.0,3.0,1.0,1.0,11.0,2.0,30.0,35.0,3.0,116.66666666666667,1124.8125312447926,1246.29228461923,41.54307615397433,35.60835098912086,1.0,3.0,1.0,0.0,1,12.0,4.0,4.0,,,,,3.466666666666667,4.0,2.5,3.25,4.666666666666667,2.6,4.0,1.6666666666666667,4.0,3.3333333333333335,4.5,5.666666666666667,5.666666666666667,1.0
2,2,2.0,27.0,1.0,2.0,1.0,11.0,1.0,40.0,40.0,1.0,100.0,1041.4930844859189,1153.974337610398,28.849358440259948,28.849358440259948,1.0,3.0,1.0,0.0,1,3.0,7.0,5.0,,,,,3.7666666666666666,1.9999999999999998,4.0,5.0,5.0,3.2,1.75,1.0,1.0,2.3333333333333335,5.5,7.0,5.666666666666667,1.0
2,2,2.0,47.0,1.0,1.0,1.0,8.0,1.0,40.0,40.0,1.0,100.0,833.1944675887353,923.1794700883186,23.079486752207956,23.079486752207963,1.0,1.0,1.0,0.0,1,1.0,4.0,23.0,,,,,3.8,1.0,2.8333333333333335,4.25,5.0,4.8,2.0,1.0,1.0,1.0,2.75,7.0,5.333333333333333,1.0
2,2,2.0,39.0,1.0,2.0,1.0,8.0,1.0,30.0,30.0,1.0,100.0,2112.228254624229,2128.499562123646,54.75112150323834,54.75112150323834,1.0,4.0,1.0,0.0,1,3.0,7.0,14.0,,,,,3.65,1.9999999999999998,3.6666666666666665,4.5,3.3333333333333335,3.6,2.75,1.3333333333333333,4.0,4.666666666666667,5.75,5.666666666666667,5.666666666666667,1.0
2,2,2.0,28.0,2.0,1.0,1.0,5.0,2.0,40.0,48.0,3.0,120.0,1562.2396267288782,1730.9615064155973,43.274037660389936,36.06169805032494,1.0,2.0,5.0,12.0,1,3.0,7.0,6.0,,,,,3.8,5.0,2.8333333333333335,3.25,4.333333333333333,3.6,4.5,1.3333333333333333,6.0,4.333333333333333,7.0,6.0,5.333333333333333,1.0
2,2,2.0,44.0,2.0,2.0,1.0,11.0,1.0,40.0,50.0,3.0,125.0,1666.38893517747,1846.3589401766371,46.158973504415926,36.92717880353274,2.0,4.0,1.0,0.0,1,12.0,6.0,6.0,,,,,4.033333333333333,4.0,3.3333333333333335,5.0,4.666666666666667,3.0,4.0,1.3333333333333333,1.6666666666666665,1.666666666666667,3.5,5.333333333333333,5.333333333333333,1.0
2,2,1.0,43.0,1.0,2.0,1.0,8.0,1.0,40.0,40.0,1.0,100.0,2916.180636560573,3231.1281453091146,80.77820363272787,80.77820363272787,2.0,5.0,1.0,0.0,1,6.0,7.0,20.0,,,,,3.966666666666667,3.0,4.333333333333333,4.75,4.333333333333333,4.6,3.0,1.0,2.6666666666666665,2.3333333333333335,5.25,6.0,6.333333333333333,1.0
2,2,2.0,51.0,4.0,2.0,1.0,11.0,1.0,40.0,40.0,1.0,100.0,1874.6875520746541,2077.1538076987167,51.92884519246792,51.92884519246792,1.0,4.0,1.0,0.0,1,7.0,7.0,1.0,,,,,4.066666666666666,3.0,3.8333333333333335,5.0,4.333333333333333,4.4,2.75,1.0,1.0,3.3333333333333335,3.5,5.333333333333333,5.666666666666667,1.0
2,2,2.0,26.0,2.0,1.0,1.0,11.0,2.0,40.0,50.0,3.0,125.0,1499.7500416597236,1661.7230461589734,41.54307615397433,33.23446092317947,1.0,2.0,1.0,0.0,1,10.0,6.0,3.0,,,,,3.4333333333333336,1.9999999999999998,3.3333333333333335,4.75,5.0,3.8,3.5,1.0,3.6666666666666665,2.6666666666666665,5.0,5.666666666666667,5.666666666666667,1.0
2,2,2.0,43.0,4.0,2.0,1.0,9.0,2.0,40.0,40.0,1.0,100.0,1874.6875520746541,2077.1538076987167,51.92884519246792,51.92884519246792,2.0,5.0,1.0,0.0,1,6.0,7.0,3.5,,,,,3.8666666666666667,3.0,4.0,4.0,5.0,4.4,3.75,1.0,3.0,3.6666666666666665,6.25,6.333333333333333,6.333333333333333,1.0
2,2,2.0,34.0,2.0,2.0,1.0,11.0,1.0,40.0,40.0,1.0,100.0,2291.2847858690216,2538.743542742876,63.468588568571896,63.468588568571896,1.0,3.0,1.0,0.0,1,8.0,7.0,14.0,,,,,4.133333333333333,1.9999999999999998,4.5,5.0,5.0,5.0,2.75,1.0,1.0,1.666666666666667,3.25,5.666666666666667,6.0,1.0
2,2,2.0,56.0,1.0,1.0,1.0,11.0,1.0,40.0,42.0,3.0,105.0,2291.2847858690216,2538.743542742876,63.468588568571896,60.44627482721133,2.0,3.0,1.0,0.0,1,13.0,7.0,23.0,,,,,3.2,3.0,2.5,2.25,3.6666666666666665,3.4,4.5,1.0,1.0,1.0,6.25,6.333333333333333,5.666666666666667,1.0
2,2,2.0,27.0,2.0,1.0,1.0,11.0,2.0,40.0,40.0,1.0,100.0,1541.40976503916,1707.8820196633892,42.69705049158473,42.69705049158473,1.0,1.0,1.0,0.0,1,8.0,7.0,4.0,,,,,2.3,3.0,1.0,1.0,4.666666666666667,2.2,3.5,5.0,4.0,2.3333333333333335,3.75,4.666666666666667,3.3333333333333335,1.0
2,2,2.0,30.0,1.0,2.0,1.0,4.0,1.0,40.0,40.0,1.0,100.0,2099.6500583236125,2326.412264622563,58.16030661556407,58.16030661556407,1.0,3.0,1.0,0.0,1,6.0,6.0,6.0,,,,,3.7333333333333334,4.0,2.1666666666666665,3.75,4.666666666666667,3.6,3.75,1.0,5.333333333333333,4.333333333333333,5.75,5.666666666666667,5.666666666666667,1.0
2,2,1.0,30.0,3.0,1.0,1.0,1.0,2.0,40.0,40.0,1.0,100.0,874.8541909681719,969.3384435927344,24.233461089818363,24.233461089818363,1.0,1.0,1.0,0.0,1,2.0,4.0,2.0,,,,,3.3666666666666667,4.0,2.8333333333333335,2.25,4.333333333333333,1.8,4.25,2.0,3.3333333333333335,4.666666666666667,4.75,5.333333333333333,5.333333333333333,1.0
2,2,2.0,48.0,1.0,2.0,1.0,5.0,1.0,40.0,48.0,3.0,120.0,1458.0903182802863,1615.5640726545573,40.38910181636393,33.65758484696995,2.0,4.0,1.0,0.0,1,14.0,7.0,12.0,,,,,3.0,5.0,2.8333333333333335,3.0,4.0,2.8,4.5,2.6666666666666665,3.6666666666666665,2.0,7.0,6.666666666666667,2.6666666666666665,1.0
2,2,1.0,45.0,1.0,2.0,1.0,1.0,1.0,54.0,54.0,1.0,100.0,2082.9861689718377,2307.948675220796,42.73979028186659,42.73979028186659,2.0,2.0,1.0,0.0,1,14.0,7.0,22.0,,,,,3.6,4.0,4.0,3.5,3.3333333333333335,4.6,3.0,1.0,3.0,1.333333333333333,5.0,5.666666666666667,5.666666666666667,1.0
2,2,2.0,33.0,1.0,2.0,1.0,5.0,1.0,12.0,11.999999999999996,1.0,100.0,666.5555740709881,738.5435760706548,61.5452980058879,61.5452980058879,1.0,3.0,1.0,0.0,1,3.0,7.0,5.0,,,,,3.8000000000000003,3.0,4.0,4.5,5.0,3.6,3.25,1.0,2.3333333333333335,1.333333333333333,5.0,5.666666666666667,5.0,1.0
2,2,2.0,42.0,1.0,2.0,1.0,1.0,1.0,40.0,40.0,1.0,100.0,1874.6875520746541,2077.1538076987167,51.92884519246792,51.92884519246792,3.0,3.0,3.0,2.0,1,1.0,7.0,7.0,,,,,3.1666666666666665,3.0,2.6666666666666665,3.25,3.3333333333333335,3.2,3.75,3.3333333333333335,4.333333333333333,4.0,3.75,4.666666666666667,4.666666666666667,1.0
2,2,2.0,35.0,2.0,1.0,1.0,11.0,2.0,40.0,40.0,1.0,100.0,1083.1528078653557,1200.1333111148142,30.003332777870355,30.003332777870355,1.0,5.0,5.0,6.0,1,3.0,8.0,4.0,,,,,3.2,3.0,2.5,1.5,3.6666666666666665,2.4,4.0,2.0,4.0,4.666666666666667,4.75,6.666666666666667,5.333333333333333,1.0
2,2,2.0,46.0,4.0,2.0,1.0,2.0,1.0,40.0,40.0,1.0,100.0,1249.7917013831027,1384.7692051324777,34.61923012831194,34.61923012831194,1.0,1.0,1.0,0.0,1,6.0,4.0,4.0,,,,,3.2,4.0,2.8333333333333335,2.0,3.3333333333333335,3.2,3.25,3.6666666666666665,2.6666666666666665,2.5,4.0,6.5,5.666666666666667,1.0
2,2,2.0,30.0,1.0,1.0,1.0,9.0,2.0,40.0,40.0,1.0,100.0,1583.0694884185968,1754.0409931678053,43.85102482919514,43.85102482919513,1.0,2.0,1.0,0.0,1,9.0,7.0,3.5,,,,,3.3333333333333335,1.9999999999999998,2.1666666666666665,2.25,4.0,3.2,3.5,1.6666666666666667,4.0,4.666666666666667,5.5,6.333333333333333,4.333333333333333,1.0
2,2,1.0,57.0,1.0,1.0,1.0,5.0,1.0,40.0,40.0,1.0,100.0,1145.6423929345108,1269.371771371438,31.73429428428595,31.734294284285948,1.0,1.0,1.0,0.0,1,4.0,4.0,1.0,,,,,3.3866666666666667,3.0,3.0,4.0,3.6666666666666665,3.4,3.0,1.0,4.333333333333333,4.666666666666667,5.0,5.666666666666667,4.333333333333333,1.0
2,2,2.0,40.0,2.0,1.0,1.0,9.0,1.0,40.0,40.0,1.0,100.0,1249.7917013831027,1384.7692051324777,34.61923012831194,34.61923012831194,1.0,1.0,1.0,0.0,1,1.0,4.0,22.0,,,,,2.966666666666667,1.9999999999999998,3.8333333333333335,3.25,3.6666666666666665,3.8,3.0,1.3333333333333333,2.0,3.6666666666666665,5.25,5.0,5.0,1.0
2,2,1.0,44.0,1.0,2.0,1.0,10.0,1.0,40.0,40.0,1.0,100.0,2082.9861689718377,2307.948675220796,57.698716880519896,57.698716880519896,2.0,3.0,7.0,15.0,1,8.0,7.0,15.0,,,,,3.8533333333333335,4.0,3.8333333333333335,4.0,4.666666666666667,3.4,3.75,1.0,4.666666666666667,4.333333333333333,5.5,6.666666666666667,4.666666666666667,1.0
2,2,2.0,53.0,1.0,1.0,1.0,1.0,2.0,40.0,40.0,1.0,100.0,2707.882019663389,3000.3332777870355,75.00833194467589,75.00833194467589,2.0,4.0,5.0,5.0,1,13.0,7.0,2.0,,,,,3.3666666666666667,3.0,2.3333333333333335,3.75,4.0,3.2,3.0,1.0,3.3333333333333335,3.6666666666666665,4.75,5.666666666666667,4.333333333333333,1.0
2,2,1.0,23.0,2.0,1.0,1.0,5.0,2.0,40.0,40.0,1.0,100.0,1708.0486585569074,1892.517913681053,47.312947842026325,47.312947842026325,1.0,2.0,1.0,0.0,1,8.0,6.0,2.0,,,,,3.8000000000000003,1.9999999999999998,3.8333333333333335,5.0,5.0,4.6,2.75,1.3333333333333333,4.333333333333333,3.3333333333333335,4.75,6.666666666666667,6.0,1.0
2,2,2.0,32.0,2.0,1.0,1.0,5.0,1.0,40.0,40.0,1.0,100.0,1249.7917013831027,1384.7692051324777,34.61923012831194,34.61923012831194,1.0,4.0,1.0,0.0,1,7.0,7.0,3.0,,,,,3.2666666666666666,3.0,3.0,3.0,5.0,2.6,5.0,2.6666666666666665,6.333333333333333,6.333333333333333,7.0,7.0,5.0,1.0
2,2,2.0,42.0,1.0,2.0,1.0,11.0,1.0,40.0,40.0,1.0,100.0,2499.750041659723,2545.7230461589734,63.643076153974334,63.643076153974334,1.0,5.0,1.0,0.0,1,12.0,7.0,3.5,,,,,4.1,4.0,4.0,4.5,4.666666666666667,4.0,4.0,1.0,1.6666666666666665,2.0,4.25,6.0,5.666666666666667,1.0
2,2,2.0,40.0,2.0,1.0,1.0,2.0,1.0,40.0,40.0,1.0,100.0,2499.5834027662054,2769.5384102649555,69.23846025662388,69.23846025662388,1.0,2.0,1.0,0.0,1,5.0,8.0,17.0,,,,,4.0,3.0,4.0,4.5,5.0,4.2,2.75,1.0,3.6666666666666665,3.6666666666666665,5.25,5.333333333333333,6.0,1.0
2,2,2.0,43.0,1.0,2.0,1.0,5.0,1.0,40.0,40.0,1.0,100.0,2278.7868688551907,2524.8958506915515,63.122396267288785,63.122396267288785,1.0,2.0,1.0,0.0,1,13.0,8.0,0.0,,,,,3.666666666666667,4.0,4.0,5.0,4.666666666666667,2.6,4.0,3.3333333333333335,5.666666666666667,7.0,5.75,5.0,3.0,1.0
2,2,1.0,49.0,1.0,2.0,1.0,5.0,1.0,40.0,40.0,1.0,100.0,2937.0104982502917,3254.2076320613232,81.35519080153308,81.35519080153308,2.0,4.0,1.0,0.0,1,5.0,7.0,14.0,,,,,3.2333333333333334,3.0,3.3333333333333335,2.25,5.0,3.2,3.0,1.0,1.3333333333333335,1.333333333333333,4.75,6.666666666666667,3.3333333333333335,1.0
2,2,2.0,47.0,1.0,4.0,1.0,1.0,1.0,40.0,40.0,1.0,100.0,1416.4305949008499,1569.4050991501413,39.23512747875354,39.23512747875354,1.0,1.0,1.0,0.0,1,1.0,4.0,14.0,,,,,2.7,4.0,2.1666666666666665,1.75,2.6666666666666665,2.0,3.25,2.6666666666666665,2.6666666666666665,3.0,3.6666666666666665,5.333333333333333,4.666666666666667,1.0
2,2,2.0,28.0,2.0,1.0,1.0,5.0,4.0,40.0,40.0,1.0,100.0,708.2152974504247,784.7025495750709,19.61756373937677,19.61756373937677,1.0,3.0,1.0,0.0,1,6.0,7.0,0.0,,,,,3.8666666666666667,5.0,3.5,5.0,3.0,3.8,3.75,1.6666666666666667,4.666666666666667,3.6666666666666665,5.25,7.0,7.0,1.0
2,2,2.0,36.0,3.0,1.0,1.0,5.0,1.0,40.0,40.0,1.0,100.0,1666.38893517747,1846.3589401766371,46.158973504415926,46.158973504415926,1.0,2.0,1.0,0.0,1,12.0,7.0,10.0,,,,,3.3666666666666667,4.0,2.6666666666666665,5.0,3.6666666666666665,3.4,3.0,1.3333333333333333,5.0,4.333333333333333,4.5,5.0,5.333333333333333,1.0
2,2,1.0,23.0,3.0,1.0,1.0,1.0,3.0,32.0,32.0,1.0,100.0,993.1678053657724,1100.4299283452758,34.38843526078987,34.38843526078987,1.0,2.0,2.0,7.5,1,5.0,4.0,1.0,,,,,2.5666666666666664,4.0,2.3333333333333335,3.0,1.9999999999999998,2.2,4.75,1.6666666666666667,1.6666666666666665,3.6666666666666665,5.0,6.0,3.6666666666666665,1.0
2,2,2.0,34.0,1.0,1.0,1.0,5.0,1.0,40.0,40.0,1.0,100.0,1874.6875520746541,2077.1538076987167,51.92884519246792,51.92884519246792,1.0,2.0,1.0,0.0,1,8.0,7.0,6.0,,,,,3.7,4.0,3.466666666666667,4.25,4.666666666666667,3.2,3.0,1.0,2.6666666666666665,4.333333333333333,3.0,2.6666666666666665,0.9999999999999996,1.0
2,2,2.0,36.0,1.0,2.0,1.0,4.0,1.0,40.0,40.0,1.0,100.0,1124.8125312447926,1246.29228461923,31.157307115480748,31.15730711548075,1.0,2.0,1.0,0.0,1,6.0,7.0,10.0,,,,,3.4333333333333336,3.0,4.166666666666667,5.0,4.666666666666667,2.8,3.25,1.3333333333333333,3.0,3.6666666666666665,5.5,6.0,3.6666666666666665,1.0
2,2,2.0,39.0,3.0,1.0,1.0,11.0,1.0,40.0,40.0,1.0,100.0,1458.0903182802863,1615.5640726545573,40.38910181636393,40.38910181636393,1.0,3.0,1.0,0.0,1,12.0,7.0,14.5,,,,,2.8666666666666667,4.0,3.0,5.0,5.0,2.6,3.0,5.666666666666667,1.3333333333333335,1.333333333333333,2.5,3.6666666666666665,1.666666666666667,1.0
2,2,2.0,49.0,3.0,1.0,1.0,11.0,1.0,40.0,40.0,1.0,100.0,1458.0903182802863,1615.5640726545573,40.38910181636393,40.38910181636393,1.0,2.0,1.0,0.0,1,7.0,7.0,5.0,,,,,3.566666666666667,3.0,2.6666666666666665,2.75,3.0,3.2,2.75,3.6666666666666665,4.666666666666667,3.6666666666666665,2.75,4.333333333333333,3.3333333333333335,1.0
2,2,1.0,39.0,2.0,1.0,1.0,1.0,2.0,40.0,40.0,1.0,100.0,1666.38893517747,1846.3589401766371,46.158973504415926,46.158973504415926,1.0,1.0,1.0,0.0,1,2.0,7.0,5.0,,,,,3.1333333333333333,4.0,2.1666666666666665,3.75,1.6666666666666665,2.6,4.0,3.3333333333333335,4.0,6.333333333333333,3.25,7.0,7.0,1.0
2,2,2.0,37.0,4.0,2.0,1.0,5.0,1.0,40.0,40.0,1.0,100.0,2916.180636560573,3231.1281453091146,80.77820363272787,80.77820363272787,2.0,2.0,1.0,0.0,1,7.0,7.0,12.0,,,,,3.533333333333333,4.0,1.6666666666666667,3.25,1.9999999999999998,4.4,4.0,1.0,5.0,4.333333333333333,6.0,6.0,5.0,1.0
2,2,2.0,39.0,1.0,2.0,1.0,11.0,2.0,20.0,20.0,1.0,100.0,749.8750208298616,830.8615230794867,41.54307615397433,41.54307615397433,1.0,3.0,5.0,20.0,1,7.0,7.0,2.5,,,,,3.333333333333333,4.0,3.5,4.0,4.0,3.8,3.75,1.6666666666666667,2.6666666666666665,3.6666666666666665,3.75,5.666666666666667,4.666666666666667,1.0
2,2,2.0,36.0,3.0,1.0,1.0,2.0,1.0,40.0,40.0,1.0,100.0,1666.38893517747,1846.3589401766371,46.158973504415926,46.158973504415926,1.0,1.0,1.0,0.0,1,5.0,6.0,10.0,,,,,4.033333333333333,5.0,4.0,4.0,5.0,4.0,3.0,1.0,4.0,5.0,6.25,7.0,6.666666666666667,1.0
2,2,1.0,32.0,1.0,1.0,1.0,6.0,1.0,40.0,44.0,3.0,110.00000000000001,1624.7292117980335,1800.199966672221,45.004999166805526,40.913635606186844,1.0,1.0,1.0,0.0,1,10.0,7.0,6.0,,,,,2.9,5.0,3.1666666666666665,3.5,3.3333333333333335,2.8,4.0,1.6666666666666667,4.0,4.0,4.75,5.333333333333333,4.666666666666667,1.0
2,2,1.0,45.0,1.0,2.0,1.0,6.0,1.0,40.0,40.0,1.0,100.0,2491.251458090318,2760.306615564072,69.0076653891018,69.0076653891018,2.0,5.0,1.0,0.0,1,3.0,8.0,20.0,,,,,3.7333333333333334,1.9999999999999998,4.333333333333333,4.0,5.0,4.0,3.25,1.0,3.3333333333333335,1.333333333333333,5.0,6.0,4.666666666666667,1.0
2,2,2.0,39.0,4.0,2.0,1.0,4.0,2.0,40.0,40.0,1.0,100.0,1458.0903182802863,1615.5640726545573,40.38910181636393,40.38910181636393,1.0,4.0,1.0,0.0,1,11.0,7.0,8.0,,,,,2.8,3.0,2.3333333333333335,4.0,4.666666666666667,3.2,3.5,2.6666666666666665,2.0,3.0,2.75,2.3333333333333335,4.0,1.0
2,2,2.0,50.0,1.0,1.0,1.0,5.0,2.0,24.0,24.0,1.0,100.0,1741.3764372604564,1929.4450924845858,57.65292424807505,57.65292424807505,1.0,2.0,5.0,15.0,1,8.0,7.0,14.0,,,,,3.7666666666666666,4.0,3.0,4.5,4.333333333333333,3.6,2.75,2.0,5.0,5.0,5.25,5.0,4.666666666666667,1.0
2,2,2.0,36.0,3.0,1.0,1.0,1.0,2.0,40.0,45.0,2.2,112.5,1416.4305949008499,1569.4050991501413,45.23579403432761,34.875668870003146,1.0,4.0,6.0,50.0,1,13.0,8.0,5.0,,,,,3.1666666666666665,4.0,2.6666666666666665,3.25,4.666666666666667,2.8,4.0,1.3333333333333333,2.0,4.0,4.25,6.333333333333333,6.0,1.0
2,2,2.0,39.0,1.0,2.0,1.0,6.0,1.0,40.0,50.0,3.0,125.0,1458.0903182802863,1615.5640726545573,40.38910181636393,32.31128145309115,1.0,3.0,5.0,2.0,1,12.0,7.0,2.0,,,,,2.8666666666666667,3.0,2.6666666666666665,3.25,5.0,2.8,4.0,1.3333333333333333,3.0,3.6666666666666665,4.75,5.333333333333333,4.333333333333333,1.0
2,2,1.0,36.0,2.0,2.0,1.0,11.0,5.0,40.0,40.0,1.0,100.0,1249.7917013831027,1384.7692051324777,34.61923012831194,34.61923012831194,1.0,4.0,1.0,0.0,1,14.0,7.0,6.0,,,,,3.166666666666667,4.0,3.1666666666666665,1.0,4.333333333333333,1.4000000000000001,3.75,1.6666666666666667,3.0,5.333333333333333,3.5,6.0,4.666666666666667,1.0
2,2,2.0,42.0,1.0,2.0,1.0,1.0,2.0,30.0,30.0,1.0,100.0,1083.1528078653557,1200.1333111148142,40.00444370382715,40.00444370382714,1.0,2.0,5.0,2.0,1,13.0,7.0,4.0,,,,,3.033333333333333,4.0,2.1666666666666665,2.0,5.0,3.8,2.75,1.3333333333333333,3.6666666666666665,3.3333333333333335,5.0,6.0,4.666666666666667,1.0
2,2,2.0,45.0,1.0,1.0,1.0,9.0,2.0,40.0,40.0,1.0,100.0,1666.38893517747,1846.3589401766371,46.158973504415926,46.158973504415926,1.0,4.0,1.0,0.0,1,6.0,8.0,15.0,,,,,3.1533333333333333,1.9999999999999998,2.5,4.5,4.333333333333333,3.4,3.25,1.6666666666666667,2.3333333333333335,2.0,5.0,6.333333333333333,5.333333333333333,1.0
2,2,2.0,47.0,1.0,2.0,1.0,9.0,1.0,40.0,45.0,3.0,112.5,1749.7083819363438,1938.6768871854688,48.46692217963672,43.08170860412153,1.0,3.0,1.0,0.0,1,7.0,7.0,2.0,,,,,4.0,3.0,3.0,3.75,4.0,3.2,3.25,1.3333333333333333,3.0,2.6666666666666665,5.25,5.333333333333333,4.666666666666667,1.0
2,2,2.0,62.0,1.0,1.0,1.0,11.0,1.0,40.0,40.0,1.0,100.0,1596.4005999000167,1768.811864689218,44.22029661723045,44.22029661723046,1.0,1.0,1.0,0.0,1,5.0,7.0,26.0,,,,,2.933333333333333,3.0,2.5,4.0,4.666666666666667,3.0,3.25,4.0,3.0,4.0,3.5,4.0,3.0,1.0
2,2,2.0,33.0,2.0,1.0,1.0,7.0,1.0,40.0,40.0,1.0,100.0,1708.0486585569074,1892.517913681053,47.312947842026325,47.312947842026325,1.0,3.0,3.0,4.0,1,7.0,6.0,5.5,,,,,3.7666666666666666,3.0,3.6666666666666665,4.0,3.6666666666666665,3.8,3.0,1.0,2.0,4.333333333333333,5.25,6.333333333333333,5.0,1.0
2,2,2.0,57.0,4.0,3.0,3.0,5.0,1.0,40.0,40.0,1.0,100.0,2357.9403432761205,2612.5979003499415,65.31494750874853,65.31494750874853,2.0,3.0,1.0,0.0,1,4.0,7.0,10.0,,,,,3.7866666666666666,4.0,3.5,3.25,3.6666666666666665,4.4,2.75,1.0,2.0,2.0,6.5,7.0,6.666666666666667,1.0
2,2,2.0,49.0,1.0,1.0,1.0,8.0,1.0,40.0,40.0,1.0,100.0,1458.0903182802863,1615.5640726545573,40.38910181636393,40.38910181636393,1.0,1.0,1.0,0.0,1,13.0,4.0,7.0,,,,,2.8666666666666667,3.0,3.0,2.5,4.0,3.2,2.5,3.6666666666666665,3.3333333333333335,5.0,4.25,4.0,1.3333333333333335,1.0
2,2,2.0,44.2,4.0,1.0,1.0,5.0,1.0,40.0,40.0,1.0,100.0,1583.0694884185968,1754.0409931678053,43.85102482919514,43.85102482919513,1.0,3.0,1.0,0.0,1,6.0,7.0,17.0,,,,,3.3666666666666667,3.0,1.8333333333333333,2.0,3.3333333333333335,2.6,3.25,2.3333333333333335,2.3333333333333335,3.0,5.0,5.666666666666667,4.0,1.0
2,2,2.0,46.0,2.0,1.0,1.0,1.0,1.0,40.0,40.0,1.0,100.0,1458.0903182802863,1615.5640726545573,40.38910181636393,40.38910181636393,1.0,1.0,1.0,0.0,1,6.0,7.0,6.0,,,,,3.8333333333333335,1.9999999999999998,3.5,4.0,5.0,4.8,1.0,1.0,5.0,3.0,5.0,5.666666666666667,6.666666666666667,1.0
2,2,2.0,53.0,1.0,2.0,1.0,1.0,1.0,40.0,40.0,1.0,100.0,2133.8110314947508,2364.262622896184,59.1065655724046,59.1065655724046,1.0,2.0,1.0,0.0,1,6.0,7.0,28.0,,,,,2.7333333333333334,3.0,3.3333333333333335,2.25,5.0,2.4,2.5,1.0,2.3333333333333335,3.6666666666666665,5.0,7.0,3.6666666666666665,1.0
2,2,2.0,46.0,2.0,2.0,1.0,4.0,1.0,40.0,40.0,1.0,100.0,1833.0278286952173,2030.9948341943007,50.77487085485752,50.77487085485752,1.0,2.0,1.0,0.0,1,6.0,6.0,17.0,,,,,2.966666666666667,1.9999999999999998,3.3333333333333335,2.75,4.0,3.8,3.0,1.3333333333333333,3.0,3.6666666666666665,5.0,5.0,4.333333333333333,1.0
2,2,2.0,68.0,1.0,1.0,1.0,8.0,3.0,32.0,47.5,3.0,148.4375,874.8541909681719,969.3384435927344,30.29182636227295,20.407125128268092,1.0,2.0,1.0,0.0,1,1.0,7.0,40.0,,,,,3.1,4.0,2.8333333333333335,3.75,4.0,4.0,3.75,1.3333333333333333,3.3333333333333335,1.0,5.0,6.666666666666667,5.333333333333333,1.0
2,2,1.0,45.0,2.0,2.0,1.0,4.0,1.0,40.0,40.0,1.0,100.0,1666.38893517747,1846.3589401766371,46.158973504415926,46.158973504415926,1.0,3.0,1.0,0.0,1,2.0,4.0,11.0,,,,,3.2333333333333334,3.0,4.0,4.0,4.666666666666667,3.8,3.25,1.3333333333333333,3.6666666666666665,5.0,5.25,5.333333333333333,5.333333333333333,1.0
2,2,2.0,46.0,1.0,2.0,1.0,4.0,1.0,40.0,40.0,1.0,100.0,1249.7917013831027,1384.7692051324777,34.61923012831194,34.61923012831194,1.0,2.0,1.0,0.0,1,6.0,7.0,8.0,,,,,3.2866666666666666,3.0,4.0,4.0,4.0,2.6,2.75,2.0,4.666666666666667,3.3333333333333335,5.5,5.333333333333333,3.0,1.0
2,2,1.0,66.0,1.0,1.0,1.0,9.0,4.0,5.0,5.0,1.0,100.0,416.59723379436764,461.58973504415917,92.31794700883185,92.31794700883185,1.0,1.0,6.0,50.0,1,9.0,7.0,2.0,,,,,3.433333333333333,3.0,3.8333333333333335,3.5,3.3333333333333335,2.6,1.5,5.333333333333333,3.3333333333333335,2.6666666666666665,3.75,4.666666666666667,2.6666666666666665,1.0
2,2,2.0,32.0,6.0,1.0,1.0,7.0,2.0,40.0,40.0,1.0,100.0,1208.131978003666,1338.610231628062,33.46525579070155,33.46525579070155,1.0,3.0,1.0,0.0,1,6.0,7.0,1.5,,,,,3.586666666666667,1.0,3.6666666666666665,4.75,5.0,3.6,2.0,1.0,5.333333333333333,4.0,6.25,6.666666666666667,5.0,1.0
2,2,2.0,30.0,3.0,1.0,1.0,5.0,2.0,40.0,80.0,3.0,200.0,1874.6875520746541,2077.1538076987167,51.92884519246792,25.96442259623396,1.0,4.0,1.0,0.0,1,8.0,7.0,5.0,,,,,3.066666666666667,5.0,2.0,2.0,1.9999999999999998,3.4,5.0,1.0,5.666666666666667,5.666666666666667,5.25,6.333333333333333,3.6666666666666665,1.0
2,2,1.0,27.0,3.0,1.0,2.0,5.0,1.0,40.0,40.0,1.0,100.0,1749.7083819363438,1938.6768871854688,48.46692217963672,48.46692217963672,1.0,5.0,5.0,1.5,1,8.0,7.0,1.0,,,,,4.066666666666666,4.0,3.6666666666666665,3.0,4.666666666666667,4.0,4.0,2.0,4.0,3.0,4.75,4.666666666666667,4.666666666666667,1.0
2,2,2.0,45.0,1.0,1.0,1.0,5.0,1.0,40.0,40.0,1.0,100.0,1999.6667222129645,2215.630728211964,55.3907682052991,55.3907682052991,1.0,2.0,1.0,0.0,1,7.0,7.0,14.0,,,,,3.533333333333333,3.0,3.5,4.0,4.0,3.8,2.5,2.0,3.0,5.0,5.0,5.666666666666667,5.0,1.0
2,2,1.0,44.0,1.0,2.0,1.0,9.0,1.0,40.0,35.0,2.0,87.5,1666.38893517747,1846.3589401766371,46.158973504415926,52.753112576475345,1.0,2.0,1.0,0.0,1,13.0,8.0,13.0,,,,,3.1666666666666665,3.0,2.5,3.5,4.333333333333333,2.6,3.75,2.0,3.6666666666666665,5.333333333333333,3.75,4.333333333333333,3.6666666666666665,1.0
2,2,2.0,43.0,2.0,1.0,1.0,5.0,2.0,40.0,40.0,1.0,100.0,1458.0903182802863,1615.5640726545573,40.38910181636393,40.38910181636393,1.0,2.0,1.0,0.0,1,1.0,7.0,4.0,,,,,3.3666666666666667,3.0,2.1666666666666665,2.75,4.0,2.4,5.0,1.3333333333333333,4.333333333333333,5.333333333333333,4.75,5.0,4.333333333333333,1.0
2,2,2.0,44.0,1.0,4.0,1.0,9.0,1.0,28.0,31.0,3.0,110.71428571428572,1374.770871521413,1523.2461256457257,54.4016473444902,49.136971795023406,2.0,5.0,2.0,8.0,1,6.0,7.0,5.0,,,,,3.7333333333333334,3.0,4.666666666666667,4.5,4.666666666666667,4.8,1.75,1.0,6.0,4.333333333333333,7.0,7.0,7.0,1.0
2,2,2.0,44.0,2.0,2.0,1.0,9.0,1.0,40.0,49.8,3.0,124.5,2499.5834027662054,2769.5384102649555,69.23846025662388,50.19765055992351,2.0,5.0,1.0,0.0,1,14.0,7.0,4.0,,,,,3.1666666666666665,5.0,2.3333333333333335,3.75,4.333333333333333,2.6,4.0,1.3333333333333333,4.666666666666667,3.6666666666666665,5.75,5.0,4.333333333333333,1.0
2,2,2.0,32.0,2.0,1.0,1.0,9.0,1.0,40.0,40.0,1.0,100.0,2499.5834027662054,2769.5384102649555,69.23846025662388,69.23846025662388,2.0,5.0,1.0,0.0,1,13.0,7.0,3.0,,,,,3.0,1.9999999999999998,3.0,1.75,4.0,2.4,4.5,2.6666666666666665,5.333333333333333,3.0,6.75,4.0,2.0,1.0
2,2,1.0,53.0,4.0,2.0,1.0,9.0,1.0,40.0,40.0,1.0,100.0,1499.7500416597236,1661.7230461589734,41.54307615397433,41.54307615397433,1.0,2.0,5.0,10.0,1,10.0,7.0,10.0,,,,,2.716666666666667,1.9999999999999998,4.666666666666667,1.0,3.3333333333333335,3.4,4.0,1.0,3.0,3.6666666666666665,5.0,6.666666666666667,6.333333333333333,1.0
2,2,2.0,58.0,2.0,1.0,1.0,9.0,1.0,40.0,40.0,1.0,100.0,2207.9653391101483,2446.4255957340442,61.1606398933511,61.1606398933511,2.0,5.0,1.0,0.0,1,13.0,4.0,20.0,,,,,3.2,3.0,3.5,2.75,3.3333333333333335,3.2,4.0,4.0,4.0,3.3333333333333335,5.25,5.666666666666667,5.333333333333333,1.0
2,2,1.0,46.0,1.0,2.0,1.0,9.0,1.0,20.0,11.999999999999996,2.0,60.00000000000001,958.1736377270454,1061.6563906015663,53.08281953007831,88.47136588346386,1.0,5.0,5.0,55.0,1,10.0,6.0,2.0,,,,,3.6,1.9999999999999998,4.833333333333333,4.5,5.0,4.2,2.25,1.0,1.3333333333333335,1.0,5.5,7.0,6.333333333333333,1.0
2,2,1.0,37.0,2.0,1.0,1.0,9.0,2.0,20.0,25.0,3.0,125.0,833.1944675887353,923.1794700883186,46.158973504415926,36.92717880353274,2.0,4.0,1.0,0.0,1,8.0,8.0,1.5,,,,,2.9466666666666668,3.0,3.0,4.25,4.333333333333333,2.6,4.25,1.6666666666666667,2.6666666666666665,2.6666666666666665,2.25,6.0,4.666666666666667,1.0
2,2,2.0,46.0,1.0,2.0,1.0,9.0,2.0,30.0,30.0,1.0,100.0,1166.4722546242292,1292.4512581236459,43.08170860412153,43.08170860412153,1.0,3.0,1.0,0.0,1,12.0,7.0,3.0,,,,,3.066666666666667,1.9999999999999998,4.0,3.25,3.6666666666666665,2.8,3.75,2.6666666666666665,1.3333333333333335,1.0,2.25,4.0,3.0,1.0
2,2,2.0,43.0,2.0,2.0,1.0,9.0,1.0,40.0,40.0,1.0,100.0,1833.0278286952173,2030.9948341943007,50.77487085485752,50.77487085485752,1.0,3.0,1.0,0.0,1,1.0,6.0,6.0,,,,,3.0833333333333335,1.0,2.6666666666666665,2.25,5.0,3.6,3.75,1.0,3.6666666666666665,2.0,5.25,6.333333333333333,4.666666666666667,1.0
2,2,2.0,57.0,1.0,4.0,1.0,5.0,1.0,40.0,40.0,1.0,100.0,833.1944675887353,923.1794700883186,23.079486752207956,23.079486752207963,1.0,1.0,1.0,0.0,1,4.0,4.0,7.0,,,,,3.6333333333333333,5.0,3.3333333333333335,4.5,3.0,3.0,3.25,1.0,3.0,1.0,5.25,6.666666666666667,6.333333333333333,1.0
2,2,2.0,45.0,2.0,2.0,1.0,9.0,1.0,40.0,40.0,1.0,100.0,1583.0694884185968,1754.0409931678053,43.85102482919514,43.85102482919513,1.0,1.0,3.0,20.0,1,7.0,4.0,6.0,,,,,3.7,1.9999999999999998,3.8333333333333335,4.25,4.666666666666667,4.4,3.75,1.0,4.0,3.6,5.55,7.0,6.5,1.0
2,2,2.0,43.0,2.0,1.0,1.0,9.0,1.0,25.0,25.0,1.0,100.0,1041.4930844859189,1153.974337610398,46.15897350441592,46.15897350441592,1.0,1.0,5.0,25.0,1,7.0,6.0,2.0,,,,,2.933333333333333,1.9999999999999998,3.0,1.75,3.0,3.0,2.25,3.6666666666666665,4.0,4.0,4.0,4.0,4.0,1.0
2,2,2.0,44.0,1.0,2.0,1.0,9.0,2.0,36.0,36.0,1.0,100.0,1933.0111648058655,2141.776370604899,53.544409265122475,53.544409265122475,1.0,2.0,1.0,0.0,1,8.0,7.0,3.5,,,,,3.6999999999999997,3.0,3.5,5.0,5.0,4.2,4.0,1.0,2.6666666666666665,4.0,5.75,7.0,6.333333333333333,1.0
2,2,2.0,53.0,1.0,1.0,1.0,3.0,2.0,40.0,40.0,1.0,100.0,1549.7417097150474,1717.1138143642725,42.92784535910681,42.92784535910681,1.0,1.0,5.0,0.0,1,13.0,4.0,10.0,,,,,2.533333333333333,3.0,3.0,1.75,4.666666666666667,2.8,2.75,1.6666666666666667,3.0,1.666666666666667,4.0,5.333333333333333,5.666666666666667,1.0
2,2,2.0,45.0,1.0,3.0,3.0,11.0,2.0,40.0,40.0,1.0,100.0,1916.3472754540908,2123.3127812031325,53.08281953007831,53.08281953007831,1.0,2.0,1.0,0.0,1,13.0,4.0,2.5,,,,,3.9,1.0,4.5,5.0,5.0,4.6,2.25,1.0,1.3333333333333335,1.666666666666667,4.333333333333333,6.0,6.0,1.0
2,2,2.0,49.0,1.0,2.0,3.0,6.0,1.0,32.0,32.0,1.0,100.0,1749.7083819363438,1938.6768871854688,60.5836527245459,60.5836527245459,1.0,2.0,1.0,0.0,1,7.0,7.0,3.0,,,,,4.1,3.0,4.5,4.75,4.333333333333333,4.2,1.5,1.0,1.6666666666666665,3.0,4.25,6.333333333333333,5.0,1.0
2,2,2.0,45.0,2.0,2.0,1.0,9.0,2.0,40.0,40.0,1.0,100.0,1983.0028328611897,2197.167138810198,54.92917847025495,54.92917847025495,2.0,4.0,1.0,0.0,1,8.0,7.0,4.5,,,,,3.3,3.0,3.8333333333333335,2.75,5.0,3.8,3.0,1.0,2.0,3.6666666666666665,4.75,6.0,5.0,1.0
2,2,2.0,47.0,1.0,2.0,1.0,9.0,1.0,40.0,40.0,1.0,100.0,2291.2847858690216,2538.743542742876,63.468588568571896,63.468588568571896,3.0,2.0,6.0,4.0,1,9.0,7.0,3.0,,,,,2.8666666666666667,3.0,3.1666666666666665,3.0,3.0,2.6,4.75,1.3333333333333333,2.0,1.666666666666667,4.0,5.666666666666667,5.0,1.0
1,1,2.0,56.0,2.0,1.0,4.0,9.0,1.0,30.0,30.0,1.0,100.0,3270.0,2890.68,96.356,96.356,1.0,1.0,1.0,0.0,1,9.0,8.0,25.0,,,,,4.033333333333333,4.0,2.6666666666666665,4.25,5.0,2.8,5.5,1.6666666666666667,4.333333333333333,4.333333333333333,3.75,1.333333333333333,5.333333333333333,1.0
1,1,2.0,53.0,1.0,1.0,5.0,13.0,1.0,40.0,44.0,3.0,110.00000000000001,4300.0,3801.2,95.03,86.39090909090909,2.0,3.0,3.0,8.0,1,1.0,6.0,10.0,,,,,2.9066666666666667,5.0,2.5,3.0,4.0,3.0,4.25,3.6666666666666665,4.666666666666667,5.333333333333333,3.75,1.333333333333333,2.0,1.0
1,1,2.0,41.0,3.0,1.0,4.0,11.0,1.0,40.0,40.0,1.0,100.0,3870.0,3421.08,85.527,85.527,1.0,2.0,1.0,0.0,1,6.0,7.0,7.0,,,,,3.1333333333333333,3.0,3.5,2.5,3.0,3.2,4.25,2.3333333333333335,4.0,5.0,4.25,1.666666666666667,3.6666666666666665,1.0
1,1,1.0,62.0,3.0,1.0,5.0,11.0,1.0,40.0,40.0,1.0,100.0,4000.0,3536.0,88.4,88.4,2.0,4.0,1.0,0.0,1,5.0,7.0,3.0,,,,,3.4,5.0,2.1666666666666665,3.25,4.0,2.2,4.75,3.5,4.333333333333333,4.666666666666667,4.5,3.0,3.0,1.0
1,1,2.0,39.0,2.0,2.0,4.0,5.0,1.0,30.0,30.0,1.0,100.0,3036.0,2683.824,82.24146666666667,82.24146666666667,1.0,1.0,1.0,0.0,1,13.0,7.0,6.0,,,,,3.6,1.9999999999999998,3.3333333333333335,4.25,5.0,3.0,4.75,2.0,4.0,5.333333333333333,3.25,1.0,4.333333333333333,1.0
1,1,2.0,30.0,2.0,1.0,4.0,1.0,1.0,30.0,40.0,3.0,133.33333333333331,1790.0,1582.36,52.74533333333333,39.559,1.0,4.0,1.0,0.0,1,1.0,4.0,4.0,,,,,3.466666666666667,3.0,3.6666666666666665,4.75,5.0,3.2,4.25,5.0,6.0,5.333333333333333,4.75,1.333333333333333,2.3333333333333335,1.0
1,1,1.0,53.0,1.0,3.0,4.0,9.0,1.0,40.0,50.0,3.0,125.0,5500.0,4862.0,121.54999999999998,97.24,2.0,4.0,1.0,0.0,1,7.0,7.0,25.0,,,,,3.033333333333333,3.0,2.0,3.25,3.6666666666666665,2.4,4.0,3.3333333333333335,3.6666666666666665,4.333333333333333,3.0,4.0,3.3333333333333335,1.0
1,1,2.0,56.0,2.0,3.0,4.0,1.0,1.0,40.0,40.0,1.0,100.0,4960.0,4384.639999999999,110.30483116883117,101.02283116883117,2.0,2.0,1.0,0.0,1,7.0,8.0,10.0,,,,,2.5666666666666664,1.9999999999999998,2.6666666666666665,2.25,4.0,3.4,5.25,3.6666666666666665,5.0,5.333333333333333,4.5,4.333333333333333,3.6666666666666665,1.0
1,1,2.0,49.0,5.0,1.0,5.0,9.0,1.0,40.0,40.0,1.0,100.0,4606.334,4071.999256,103.31519828647924,103.31519828647924,1.0,1.0,1.0,0.0,1,7.0,4.0,8.0,,,,,3.88,4.0,3.8333333333333335,4.75,4.333333333333333,4.2,6.0,4.0,5.333333333333333,5.666666666666667,4.5,1.0,5.666666666666667,1.0
1,1,1.0,38.0,2.0,1.0,4.0,11.0,2.0,30.0,30.0,1.0,100.0,2000.0,1768.0,58.93333333333333,58.93333333333333,1.0,2.0,1.0,0.0,1,12.0,7.0,6.0,,,,,3.6666666666666665,4.0,2.8333333333333335,3.75,4.333333333333333,2.0,3.0,1.6666666666666667,3.0,3.3333333333333335,3.25,2.0,3.3333333333333335,1.0
1,1,2.0,37.0,3.0,1.0,5.0,4.0,1.0,24.0,24.0,1.0,100.0,2441.6,2158.3744,79.87234666666666,79.87234666666666,1.0,2.0,1.0,0.0,1,6.0,7.0,0.0,,,,,3.8333333333333335,4.0,4.0,4.5,4.0,3.4,3.5,3.6666666666666665,4.0,5.333333333333333,4.25,1.0,4.0,1.0
1,1,2.0,54.0,1.0,1.0,4.0,5.0,1.0,40.0,40.0,1.0,100.0,4040.0,3571.3599999999997,89.28399999999999,89.28399999999999,1.0,1.0,1.0,0.0,1,1.0,4.0,23.0,,,,,3.7666666666666666,5.0,3.8333333333333335,4.25,5.0,4.4,6.0,1.6666666666666667,4.0,5.666666666666667,4.0,1.0,4.333333333333333,1.0
1,1,1.0,56.0,1.0,1.0,5.0,4.0,1.0,40.0,40.0,1.0,100.0,7000.0,6188.0,154.7,154.7,2.0,5.0,1.0,0.0,1,5.0,7.0,12.0,,,,,3.6,3.0,4.666666666666667,3.0,3.0,4.0,4.25,1.6666666666666667,3.3333333333333335,4.333333333333333,4.5,1.0,2.3333333333333335,1.0
1,1,2.0,34.0,2.0,2.0,4.0,9.0,1.0,20.0,25.0,3.0,125.0,1300.0,1149.2,57.46,45.968,1.0,2.0,1.0,0.0,1,13.0,7.0,8.0,,,,,3.2666666666666666,4.0,2.3333333333333335,3.0,3.6666666666666665,3.2,4.333333333333333,3.3333333333333335,3.0,4.333333333333333,3.75,4.333333333333333,4.0,1.0
1,1,2.0,39.0,3.0,1.0,4.0,13.0,1.0,27.0,27.0,1.0,100.0,3009.54,2660.43336,93.24166799999999,93.241668,1.0,1.0,1.0,0.0,1,1.0,4.0,10.0,,,,,3.7066666666666666,3.0,3.6666666666666665,3.75,4.0,4.0,4.5,3.6666666666666665,3.3333333333333335,5.0,5.0,1.0,2.0,1.0
1,1,2.0,30.0,2.0,3.0,7.0,8.0,1.0,40.0,47.5,3.0,118.75,3581.92,3166.41728,82.40176533333333,65.91314980502702,2.0,4.0,1.0,0.0,1,1.0,4.0,10.0,,,,,2.933333333333333,3.0,2.6666666666666665,4.5,3.6666666666666665,1.8,5.25,3.0,6.0,6.0,4.0,1.333333333333333,5.0,1.0
1,1,2.0,33.0,2.0,1.0,5.0,5.0,2.0,40.0,40.0,1.0,100.0,3224.077653724379,2969.718040326612,74.2429510081653,72.4749510081653,1.0,1.0,1.0,0.0,1,8.0,7.0,6.0,,,,,3.4,5.0,2.6666666666666665,2.5,4.666666666666667,2.6,4.5,3.3333333333333335,3.6666666666666665,4.333333333333333,4.0,1.666666666666667,4.0,1.0
1,1,2.0,32.0,2.0,1.0,4.0,1.0,3.0,30.0,30.0,1.0,100.0,3264.0,2885.376,96.17920000000001,96.17920000000001,1.0,2.0,1.0,0.0,1,8.0,8.0,6.5,,,,,3.9,3.0,4.5,4.0,4.666666666666667,4.0,6.0,1.6666666666666667,4.666666666666667,4.666666666666667,4.0,1.333333333333333,4.666666666666667,1.0
1,1,2.0,26.0,2.0,1.0,4.0,4.0,1.0,38.5,38.5,1.0,100.0,2593.0,2292.212,59.53797402597402,59.53797402597402,1.0,2.0,1.0,0.0,1,13.0,4.0,4.0,,,,,3.2,3.0,2.3333333333333335,3.0,3.6666666666666665,3.4,2.5,3.0,3.6666666666666665,2.3333333333333335,3.25,1.666666666666667,4.333333333333333,1.0
1,1,2.0,59.0,4.0,1.0,4.0,5.0,1.0,40.0,40.0,1.0,100.0,2400.0,2121.6,53.04,53.04,1.0,1.0,5.0,2.0,1,1.0,4.0,23.0,,,,,3.1,3.0,1.8333333333333333,1.75,4.666666666666667,2.0,3.0,2.6666666666666665,3.0,5.0,3.5,3.0,2.3333333333333335,1.0
1,1,2.0,40.0,1.0,3.0,5.0,9.0,1.0,25.0,25.0,1.0,100.0,2300.0,2033.1999999999998,81.32799999999999,81.32799999999999,1.0,3.0,5.0,5.0,1,8.0,7.0,1.5,,,,,3.6533333333333333,3.0,2.5,3.5,5.0,3.8,6.0,5.0,5.333333333333333,5.666666666666667,4.5,2.3333333333333335,5.666666666666667,1.0
1,1,2.0,43.0,1.0,2.0,4.0,9.0,1.0,20.0,20.0,1.0,100.0,2590.0,2289.56,101.77786666666667,101.77786666666667,1.0,1.0,1.0,0.0,1,6.0,4.0,5.0,,,,,3.0666666666666664,1.9999999999999998,3.3333333333333335,1.0,4.0,3.0,6.0,2.0,4.0,5.333333333333333,4.0,1.0,4.0,1.0
1,1,1.0,38.0,2.0,1.0,5.0,1.0,1.0,35.0,35.0,1.0,100.0,5000.0,4420.0,126.2857142857143,126.28571428571429,2.0,5.0,1.0,0.0,1,13.0,8.0,13.0,,,,,3.5733333333333333,3.0,5.0,3.5,5.0,4.8,4.5,2.6666666666666665,2.0,6.0,4.75,1.0,0.9999999999999996,1.0
1,1,1.0,52.0,1.0,2.0,5.0,11.0,1.0,40.0,44.0,3.0,110.00000000000001,6200.0,5480.8,137.02,124.56363636363636,2.0,3.0,1.0,0.0,1,13.0,7.0,22.0,,,,,3.6999999999999997,4.0,4.0,3.75,5.0,4.0,4.0,1.0,2.6666666666666665,4.666666666666667,4.0,1.0,0.9999999999999996,1.0
1,1,1.0,55.0,1.0,2.0,4.0,9.0,1.0,40.0,40.0,1.0,100.0,2600.0,2298.4,57.46,57.46,1.0,1.0,1.0,0.0,1,6.0,2.0,9.0,,,,,3.1333333333333333,3.0,4.5,1.5,4.333333333333333,3.0,3.75,2.0,2.0,5.0,5.25,1.0,2.0,1.0
1,1,2.0,52.0,1.0,1.0,4.0,11.0,1.0,30.0,30.0,1.0,100.0,1850.0,1635.4,54.513333333333335,54.513333333333335,1.0,1.0,5.0,5.0,1,4.0,2.0,2.0,,,,,3.5,3.0,2.5,2.0,3.3333333333333335,2.6,6.0,2.3333333333333335,3.3333333333333335,6.0,3.75,1.666666666666667,3.0,1.0
1,1,2.0,40.0,1.0,2.0,4.0,6.0,1.0,20.0,20.0,1.0,100.0,1550.0,1370.1999999999998,68.51,68.51,1.0,1.0,1.0,0.0,1,1.0,2.0,2.5,,,,,3.44,3.0,2.8333333333333335,4.25,3.6666666666666665,2.4,4.5,1.6666666666666667,3.0,5.666666666666667,2.25,2.3333333333333335,2.0,1.0
1,1,2.0,30.0,1.0,2.0,4.0,11.0,1.0,40.0,40.0,1.0,100.0,3000.0,2652.0,66.3,66.3,1.0,2.0,5.0,2.0,1,13.0,6.0,6.0,,,,,2.8,3.0,2.8333333333333335,4.25,3.3333333333333335,2.4,5.5,3.3333333333333335,3.6666666666666665,5.333333333333333,4.0,2.0,3.3333333333333335,1.0
1,1,1.0,58.0,4.0,1.0,4.0,11.0,6.0,40.0,40.0,1.0,100.0,3500.0,3094.0,77.35,77.35,1.0,1.0,1.0,0.0,1,3.0,6.0,18.0,,,,,3.1333333333333333,1.9999999999999998,3.3333333333333335,4.0,4.666666666666667,3.2,5.5,2.0,3.6666666666666665,4.333333333333333,3.5,1.666666666666667,2.0,1.0
1,1,2.0,41.0,3.0,1.0,4.0,9.0,1.0,40.0,45.0,3.0,112.5,3300.0,2917.2,72.92999999999999,64.82666666666667,1.0,1.0,1.0,0.0,1,1.0,8.0,6.0,,,,,2.533333333333333,4.0,1.1666666666666665,2.0,2.6666666666666665,2.0,5.5,3.0,6.333333333333333,6.0,4.25,2.6666666666666665,5.333333333333333,1.0
1,1,1.0,56.0,2.0,1.0,4.0,11.0,1.0,40.0,40.0,1.0,100.0,5120.0,4526.08,113.15199999999999,113.15199999999999,1.0,4.0,1.0,0.0,1,5.0,7.0,22.0,,,,,3.2,3.0,4.0,4.25,5.0,4.2,5.5,2.6666666666666665,4.333333333333333,5.0,5.0,1.0,1.666666666666667,1.0
1,1,2.0,37.0,2.0,1.0,4.0,6.0,1.0,32.0,32.0,1.0,100.0,2272.96,2009.2966400000005,62.790520000000015,62.790520000000015,1.0,2.0,1.0,0.0,1,1.0,7.0,9.0,,,,,3.8,1.9999999999999998,2.3333333333333335,4.5,4.666666666666667,2.8,3.75,4.333333333333333,3.0,4.333333333333333,3.5,4.0,5.333333333333333,1.0
1,1,2.0,52.0,1.0,2.0,4.0,9.0,1.0,32.0,47.4,3.0,118.5,4000.0,3536.0,110.5,86.21463986469345,2.0,2.0,1.0,0.0,1,6.0,4.0,31.0,,,,,2.966666666666667,4.0,2.1666666666666665,4.5,3.6666666666666665,2.8,4.25,2.6666666666666665,5.333333333333333,5.333333333333333,2.75,3.3333333333333335,3.6666666666666665,1.0
1,1,2.0,41.0,1.0,4.0,4.0,5.0,1.0,30.0,30.0,1.0,100.0,2780.0,2457.52,81.91733333333333,81.91733333333333,1.0,3.0,1.0,0.0,1,13.0,4.0,17.0,,,,,3.9333333333333336,1.9999999999999998,3.8333333333333335,5.0,4.333333333333333,3.6,5.0,2.6666666666666665,5.0,5.333333333333333,4.0,1.333333333333333,4.666666666666667,1.0
1,1,1.0,54.0,1.0,2.0,5.0,9.0,1.0,28.0,28.0,1.0,100.0,3500.0,3094.0,110.5,110.5,2.0,2.0,1.0,0.0,1,13.0,7.0,4.0,,,,,3.3333333333333335,3.0,3.3333333333333335,3.75,5.0,4.0,3.75,2.6666666666666665,3.3333333333333335,3.3333333333333335,3.0,1.0,3.6666666666666665,1.0
1,1,2.0,30.0,2.0,1.0,4.0,9.0,1.0,37.0,40.0,3.0,108.10810810810811,2660.0,2351.44,63.55243243243243,58.786,1.0,2.0,1.0,0.0,1,6.0,7.0,26.0,,,,,3.9466666666666663,3.0,3.5,4.5,4.666666666666667,3.8,5.5,3.0,4.666666666666667,5.666666666666667,3.75,2.0,4.666666666666667,1.0
1,1,2.0,60.0,3.0,1.0,4.0,5.0,1.0,20.0,20.0,1.0,100.0,1750.0,1547.0,77.35,77.35,1.0,1.0,5.0,16.5,1,13.0,7.0,32.0,,,,,3.4,4.0,1.3333333333333333,2.5,4.666666666666667,2.8,1.5,2.6666666666666665,2.6666666666666665,2.6666666666666665,2.5,5.333333333333333,4.333333333333333,1.0
1,1,2.0,49.0,1.0,3.0,4.0,9.0,1.0,30.0,40.0,3.0,133.33333333333331,2939.6,2598.6064,81.61088000000001,65.81777991341991,1.0,3.0,1.0,0.0,1,1.0,7.0,18.0,,,,,2.6133333333333333,3.0,3.0,2.75,3.6666666666666665,2.4,5.75,4.333333333333333,4.0,5.666666666666667,4.5,1.333333333333333,6.333333333333333,1.0
1,1,1.0,39.0,1.0,2.0,4.0,6.0,1.0,28.0,28.0,1.0,100.0,2400.0,2121.6,75.77142857142857,75.77142857142857,1.0,1.0,1.0,0.0,1,10.0,7.0,4.0,,,,,3.4,4.0,3.0,2.75,5.0,3.0,5.0,4.0,5.333333333333333,5.333333333333333,3.0,1.0,5.0,1.0
1,1,2.0,59.0,1.0,3.0,4.0,2.0,1.0,18.0,18.0,1.0,100.0,2180.0,1927.12,107.06222222222222,107.06222222222222,1.0,1.0,1.0,0.0,1,1.0,4.0,10.0,,,,,3.3,1.0,3.0,3.75,4.666666666666667,3.0,5.25,1.6666666666666667,4.0,5.0,3.5,1.0,5.666666666666667,1.0
1,1,2.0,37.0,2.0,1.0,4.0,9.0,1.0,40.0,55.0,3.0,137.5,5000.0,4420.0,110.5,80.36363636363636,2.0,2.0,1.0,0.0,1,10.0,7.0,12.0,,,,,3.013333333333333,3.0,2.5,3.5,4.333333333333333,2.4,6.25,5.0,5.0,5.0,5.25,1.333333333333333,4.666666666666667,1.0
1,1,1.0,60.0,2.0,1.0,4.0,2.0,1.0,40.0,40.0,1.0,100.0,4200.0,3712.8,92.82000000000001,92.82000000000001,1.0,1.0,1.0,0.0,1,2.0,4.0,37.0,,,,,3.7666666666666666,3.0,3.8333333333333335,4.25,5.0,4.8,3.75,1.3333333333333333,5.0,5.333333333333333,4.0,1.0,0.9999999999999996,1.0
1,1,3.0,55.0,3.0,1.0,4.0,1.0,1.0,23.0,23.0,1.0,100.0,1600.0,1414.4,61.49565217391305,61.49565217391305,1.0,2.0,3.0,25.0,1,5.0,7.0,5.0,,,,,3.566666666666667,5.0,4.666666666666667,3.5,5.0,3.6,5.5,1.6666666666666667,3.6666666666666665,3.0,4.75,1.0,2.3333333333333335,1.0
1,1,2.0,33.0,3.0,1.0,4.0,11.0,1.0,40.0,40.0,1.0,100.0,2600.0,2298.4,57.46,57.46,1.0,2.0,1.0,0.0,1,7.0,2.0,14.0,,,,,3.3333333333333335,3.0,3.8333333333333335,3.25,4.0,3.6,4.25,2.6666666666666665,3.6666666666666665,4.0,3.25,1.0,4.666666666666667,1.0
1,1,2.0,61.0,1.0,1.0,4.0,11.0,6.0,40.0,40.0,1.0,100.0,3873.277787035494,3498.631788035327,87.46579470088318,87.46579470088318,1.0,1.0,1.0,0.0,1,13.0,3.0,34.0,,,,,2.7666666666666666,3.0,1.8333333333333333,2.25,3.6666666666666665,2.4,5.5,3.3333333333333335,5.666666666666667,6.333333333333333,4.25,2.3333333333333335,3.3333333333333335,1.0
1,1,2.0,23.0,2.0,1.0,4.0,11.0,1.0,40.0,30.0,2.0,75.0,2890.0,2554.76,63.86900000000001,85.15866666666668,1.0,2.0,1.0,0.0,1,6.0,2.0,7.0,,,,,3.9,1.9999999999999998,4.0,2.75,5.0,4.2,4.25,1.0,3.6666666666666665,4.0,4.0,1.0,4.0,1.0
1,1,1.0,30.0,3.0,1.0,4.0,11.0,1.0,40.0,40.0,1.0,100.0,4184.632,3699.214688,92.48036719999999,92.48036719999999,1.0,1.0,1.0,0.0,1,5.0,6.0,3.0,,,,,3.7333333333333334,5.0,3.5,3.75,3.6666666666666665,3.4,6.0,2.6666666666666665,4.333333333333333,5.333333333333333,4.5,1.0,5.333333333333333,1.0
1,1,1.0,42.0,2.0,2.0,4.0,9.0,1.0,40.0,40.0,1.0,100.0,4600.0,4066.3999999999996,101.66,101.66,1.0,2.0,1.0,0.0,1,4.0,1.0,16.0,,,,,3.5,1.9999999999999998,3.5,2.0,3.6666666666666665,2.8,5.5,1.3333333333333333,3.0,4.666666666666667,2.75,2.3333333333333335,0.9999999999999996,1.0
1,1,2.0,48.0,1.0,2.0,4.0,5.0,1.0,40.0,40.0,1.0,100.0,3572.0,3157.6480000000006,78.94120000000001,78.94120000000001,1.0,1.0,1.0,0.0,1,6.0,4.0,17.0,,,,,3.3333333333333335,3.0,4.0,5.0,5.0,3.8,6.0,1.3333333333333333,4.333333333333333,5.0,3.5,1.0,3.0,1.0
1,1,2.0,50.0,1.0,1.0,4.0,2.0,1.0,40.0,40.0,1.0,100.0,3000.0,2652.0,66.3,66.3,1.0,2.0,1.0,0.0,1,1.0,2.0,11.0,,,,,3.5,3.0,2.3333333333333335,3.25,4.333333333333333,3.4,5.5,3.0,4.0,5.666666666666667,3.75,1.0,4.666666666666667,1.0
1,1,2.0,32.0,3.0,3.0,4.0,7.0,1.0,30.0,30.0,1.0,100.0,3605.2,3186.9968,94.41593571428572,94.41593571428572,1.0,1.0,1.0,0.0,1,1.0,7.0,5.0,,,,,3.1,4.0,2.6666666666666665,1.25,5.0,2.8,5.75,3.6666666666666665,4.666666666666667,5.333333333333333,4.25,1.666666666666667,5.333333333333333,1.0
1,1,2.0,29.0,2.0,1.0,4.0,9.0,1.0,32.0,32.0,1.0,100.0,1900.0,1679.6,52.4875,52.4875,1.0,2.0,5.0,5.0,1,6.0,7.0,2.25,,,,,3.6666666666666665,3.0,2.5,4.0,3.6666666666666665,3.8,4.5,2.3333333333333335,4.0,5.0,3.75,1.333333333333333,6.0,1.0
1,1,2.0,55.0,4.0,1.0,4.0,11.0,6.0,20.0,20.0,1.0,100.0,2500.0,2210.0,110.5,110.5,1.0,1.0,1.0,0.0,1,3.0,4.0,25.0,,,,,3.7333333333333334,3.0,2.5,5.0,5.0,2.6,3.0,2.3333333333333335,4.0,3.6666666666666665,2.75,2.0,1.666666666666667,1.0
1,1,2.0,31.0,2.0,1.0,4.0,9.0,1.0,40.0,40.0,1.0,100.0,4000.0,3536.0,88.4,88.4,2.0,1.0,1.0,0.0,1,5.0,7.0,10.0,,,,,3.4,5.0,1.8333333333333333,3.75,4.333333333333333,3.6,4.75,2.0,5.0,5.666666666666667,3.5,3.0,3.3333333333333335,1.0
1,1,1.0,35.0,1.0,1.0,4.0,1.0,1.0,40.0,40.0,1.0,100.0,4200.0,3712.8,92.82000000000001,92.82000000000001,1.0,4.0,1.0,0.0,1,1.0,8.0,5.0,,,,,3.3333333333333335,1.9999999999999998,3.1666666666666665,3.5,2.3333333333333335,2.4,4.75,2.0,4.666666666666667,5.0,4.0,3.0,4.0,1.0
1,1,2.0,50.0,2.0,1.0,4.0,1.0,1.0,40.0,40.0,1.0,100.0,2600.0,2298.4,57.46,57.46,1.0,1.0,1.0,0.0,1,13.0,2.0,5.0,,,,,3.3,1.9999999999999998,3.8333333333333335,4.5,4.666666666666667,3.4,6.75,3.3333333333333335,4.666666666666667,6.0,5.0,1.0,4.0,1.0
1,1,2.0,59.0,2.0,1.0,4.0,9.0,1.0,40.0,40.0,1.0,100.0,4212.0,3723.4080000000004,93.0852,93.0852,2.0,2.0,1.0,0.0,1,7.0,2.0,19.0,,,,,3.8000000000000003,3.0,3.8333333333333335,3.0,5.0,4.2,3.75,1.6666666666666667,4.666666666666667,4.333333333333333,4.25,1.0,0.9999999999999996,1.0
1,1,2.0,27.0,3.0,1.0,4.0,9.0,1.0,40.0,40.0,1.0,100.0,3000.0,2652.0,66.3,66.3,1.0,1.0,1.0,0.0,1,1.0,2.0,10.0,,,,,3.1,3.0,3.0,2.5,4.0,2.0,5.25,4.0,4.666666666666667,4.0,4.25,3.6666666666666665,4.333333333333333,1.0
1,1,2.0,54.0,3.0,1.0,4.0,9.0,1.0,40.0,40.0,1.0,100.0,3349.0,2960.5160000000005,74.01290000000002,74.01290000000002,1.0,1.0,1.0,0.0,1,7.0,7.0,13.0,,,,,3.4333333333333336,3.0,3.1666666666666665,4.75,5.0,3.6,5.75,3.3333333333333335,3.6666666666666665,5.666666666666667,4.75,1.0,5.0,1.0
1,1,2.0,54.0,3.0,1.0,4.0,9.0,1.0,40.0,40.0,1.0,100.0,4774.4,4220.5696,105.51424,105.51424,1.0,3.0,1.0,0.0,1,13.0,4.0,13.0,,,,,3.833333333333333,3.0,4.5,4.75,4.666666666666667,3.4,6.0,1.0,2.6666666666666665,4.0,3.5,1.333333333333333,3.6666666666666665,1.0
1,1,2.0,32.0,3.0,1.0,4.0,9.0,2.0,20.0,20.0,1.0,100.0,2892.0,2556.528,90.11643333333333,90.11643333333333,1.0,4.0,1.0,0.0,1,13.0,7.0,0.0,,,,,3.6333333333333333,3.0,2.3333333333333335,3.0,3.0,3.0,5.75,4.0,3.6666666666666665,4.333333333333333,4.5,4.333333333333333,4.666666666666667,1.0
1,1,2.0,56.0,2.0,1.0,4.0,4.0,1.0,40.0,40.0,1.0,100.0,3535.2,3125.1168,80.27477714285715,80.27477714285715,1.0,1.0,1.0,0.0,1,1.0,4.0,6.0,,,,,3.066666666666667,3.0,2.5,3.25,4.666666666666667,2.4,4.25,2.0,3.0,5.0,4.0,1.0,0.9999999999999996,1.0
1,1,2.0,20.0,2.0,1.0,4.0,9.0,1.0,30.0,30.0,1.0,100.0,1785.15,1578.0726000000002,52.60242000000001,52.60242000000001,1.0,1.0,1.0,0.0,1,6.0,4.0,0.0,,,,,3.7666666666666666,1.9999999999999998,4.166666666666667,3.75,5.0,4.2,4.75,3.0,4.333333333333333,3.0,3.75,1.666666666666667,5.0,1.0
1,1,1.0,37.0,1.0,1.0,5.0,9.0,1.0,30.0,30.0,1.0,100.0,2710.0,2395.64,79.85466666666666,79.85466666666666,1.0,2.0,4.0,25.0,1,1.0,7.0,3.8,,,,,4.066666666666666,3.0,3.8333333333333335,2.75,4.333333333333333,4.0,5.75,2.6666666666666665,4.666666666666667,5.0,4.0,1.0,3.3333333333333335,1.0
1,1,2.0,45.0,2.0,1.0,4.0,6.0,1.0,30.0,30.0,1.0,100.0,3180.0,2811.12,97.09266666666667,97.09266666666667,1.0,1.0,5.0,5.0,1,13.0,4.0,12.0,,,,,3.5833333333333335,3.0,2.8333333333333335,4.5,4.0,3.6,5.0,4.0,4.666666666666667,5.0,3.5,2.0,4.333333333333333,1.0
1,1,2.0,35.0,2.0,1.0,4.0,5.0,1.0,40.0,43.0,3.0,107.5,3050.0,2696.2,67.405,62.70232558139534,1.0,2.0,1.0,0.0,1,1.0,7.0,10.5,,,,,2.6666666666666665,4.0,1.5,3.5,2.6666666666666665,2.4,3.5,3.3333333333333335,4.0,5.333333333333333,3.25,1.333333333333333,5.0,1.0
1,1,2.0,36.0,1.0,1.0,4.0,6.0,1.0,30.0,30.0,1.0,100.0,2000.0,1768.0,58.93333333333333,58.93333333333333,1.0,2.0,1.0,0.0,1,6.0,7.0,9.0,,,,,3.8666666666666667,4.0,3.0,4.5,5.0,2.8,3.25,2.0,4.0,3.0,3.0,1.333333333333333,2.0,1.0
1,1,2.0,38.0,3.0,2.0,4.0,9.0,1.0,23.0,26.0,3.0,113.04347826086956,1200.0,1060.8,46.12173913043478,40.8,1.0,1.0,6.0,32.0,1,1.0,7.0,2.5,,,,,2.916666666666667,3.0,1.8333333333333333,3.75,4.0,2.0,5.75,1.3333333333333333,2.3333333333333335,5.666666666666667,3.75,3.0,2.0,1.0
1,1,1.0,27.0,2.0,1.0,4.0,9.0,2.0,25.0,25.0,1.0,100.0,1465.79,1295.75836,51.8303344,51.8303344,1.0,3.0,5.0,2.0,1,3.0,7.0,6.0,,,,,4.233333333333333,3.0,4.5,5.0,5.0,4.4,7.0,2.0,4.333333333333333,5.333333333333333,4.5,1.0,4.666666666666667,1.0
1,1,1.0,38.0,2.0,1.0,4.0,1.0,1.0,40.0,40.0,1.0,100.0,4600.0,4066.3999999999996,101.66,101.66,1.0,2.0,6.0,5.0,1,9.0,8.0,1.5,,,,,3.7333333333333334,1.9999999999999998,3.5,1.5,4.666666666666667,3.6,3.0,2.6666666666666665,3.6666666666666665,3.3333333333333335,3.75,1.666666666666667,1.666666666666667,1.0
1,1,1.0,59.0,1.0,1.0,4.0,2.0,1.0,40.0,40.0,1.0,100.0,4016.6,3550.6744,88.76686000000001,88.76686000000001,1.0,1.0,1.0,0.0,1,5.0,4.0,33.0,,,,,3.5,1.9999999999999998,4.333333333333333,3.5,4.666666666666667,3.8,6.25,2.3333333333333335,6.333333333333333,6.333333333333333,4.75,2.3333333333333335,1.5,1.0
1,1,2.0,47.0,2.0,1.0,4.0,5.0,1.0,40.0,45.0,3.0,112.5,2200.0,1944.8000000000002,48.620000000000005,43.21777777777778,1.0,2.0,1.0,0.0,1,1.0,4.0,15.0,,,,,2.7533333333333334,4.0,2.6666666666666665,2.0,4.333333333333333,2.8,5.75,4.0,6.333333333333333,6.0,5.0,1.0,4.666666666666667,1.0
1,1,2.0,54.0,1.0,2.0,7.0,8.0,1.0,40.0,40.0,1.0,100.0,3317.0,2932.2280000000005,73.30570000000002,73.30570000000002,2.0,3.0,1.0,0.0,1,7.0,7.0,9.0,,,,,2.6466666666666665,4.0,1.5,1.0,4.0,1.8,1.25,2.0,2.6666666666666665,2.6666666666666665,2.0,4.333333333333333,5.666666666666667,1.0
1,1,2.0,51.0,4.0,1.0,4.0,2.0,1.0,40.0,40.0,1.0,100.0,4354.0,3848.9359999999997,96.2234,96.2234,1.0,4.0,1.0,0.0,1,1.0,4.0,10.0,,,,,3.6333333333333333,5.0,4.333333333333333,4.75,5.0,3.8,5.5,4.5,5.5,7.0,5.666666666666667,1.0,4.333333333333333,1.0
1,1,2.0,36.0,2.0,1.0,4.0,9.0,6.0,30.0,35.0,3.0,116.66666666666667,2800.0,2475.2,82.50666666666666,70.72,1.0,3.0,1.0,0.0,1,1.0,7.0,8.0,,,,,3.4266666666666667,3.0,3.0,3.75,4.0,3.4,4.0,3.0,5.0,5.333333333333333,3.5,1.0,2.6666666666666665,1.0
1,1,2.0,40.0,2.0,2.0,4.0,9.0,1.0,40.0,40.0,1.0,100.0,3823.16,3379.6734400000005,84.491836,84.491836,2.0,5.0,1.0,0.0,1,1.0,4.0,15.0,,,,,3.5666666666666664,4.0,3.1666666666666665,3.5,4.333333333333333,3.6,5.75,2.3333333333333335,5.666666666666667,5.666666666666667,4.25,1.0,5.666666666666667,1.0
1,1,2.0,53.0,3.0,1.0,4.0,9.0,2.0,40.0,40.0,1.0,100.0,4000.0,3536.0,88.4,88.4,2.0,4.0,5.0,2.0,1,7.0,8.0,15.0,,,,,3.6,3.0,4.333333333333333,3.5,5.0,4.4,5.25,2.0,5.0,5.333333333333333,4.5,1.0,5.333333333333333,1.0
1,1,2.0,34.0,1.0,1.0,4.0,11.0,2.0,40.0,40.0,1.0,100.0,3900.0,3447.6000000000004,86.19000000000001,86.19000000000001,1.0,3.0,5.0,3.0,1,6.0,7.0,1.0,,,,,2.833333333333333,1.9999999999999998,3.1666666666666665,3.75,5.0,2.6,4.75,2.3333333333333335,4.333333333333333,5.333333333333333,3.25,1.0,3.6666666666666665,1.0
1,1,2.0,46.0,2.0,2.0,4.0,9.0,1.0,25.0,32.5,3.0,130.0,2578.566,2279.4523440000003,86.02050581378347,79.86597930778166,1.0,3.0,1.0,0.0,1,13.0,7.0,5.0,,,,,2.62,1.9999999999999998,2.6666666666666665,4.5,5.0,2.0,6.0,2.0,4.666666666666667,6.0,3.5,1.333333333333333,2.0,1.0
1,1,2.0,37.0,1.0,2.0,4.0,9.0,1.0,20.0,20.0,1.0,100.0,1550.0,1370.1999999999998,68.51,68.51,1.0,2.0,1.0,0.0,1,3.0,7.0,4.0,,,,,3.7666666666666666,1.0,3.6666666666666665,4.5,5.0,3.6,3.25,1.6666666666666667,2.0,5.666666666666667,4.5,1.0,0.9999999999999996,1.0
1,1,2.0,31.0,1.0,2.0,4.0,9.0,2.0,20.0,20.0,1.0,100.0,1550.0,1370.1999999999998,68.51,68.51,1.0,1.0,1.0,0.0,1,3.0,7.0,3.0,,,,,3.546666666666667,1.0,3.8333333333333335,5.0,4.333333333333333,2.8,4.5,3.0,3.3333333333333335,3.6666666666666665,3.25,1.666666666666667,2.6666666666666665,1.0
1,1,2.0,39.0,2.0,1.0,4.0,9.0,1.0,40.0,40.0,1.0,100.0,3900.0,3447.6000000000004,86.19000000000001,86.19000000000001,1.0,2.0,1.0,0.0,1,5.0,7.0,11.0,,,,,3.6,3.0,3.6666666666666665,3.75,4.0,4.0,6.0,4.0,4.666666666666667,5.0,4.25,1.0,5.333333333333333,1.0
1,1,2.0,42.0,1.0,1.0,6.0,11.0,2.0,40.0,40.0,1.0,100.0,3500.0,3094.0,77.35,77.35,1.0,3.0,5.0,10.0,1,11.0,7.0,13.0,,,,,3.1,1.9999999999999998,3.8333333333333335,2.0,3.6666666666666665,3.0,4.5,2.6666666666666665,3.3333333333333335,5.0,4.0,4.666666666666667,3.6666666666666665,1.0
1,1,2.0,34.0,3.0,1.0,4.0,8.0,2.0,40.0,40.0,1.0,100.0,4076.0,3603.184,90.0796,90.0796,1.0,2.0,1.0,0.0,1,3.0,7.0,7.0,,,,,3.2333333333333334,4.0,3.1666666666666665,3.0,3.3333333333333335,3.0,5.75,3.6666666666666665,5.0,5.333333333333333,5.25,1.333333333333333,5.0,1.0
1,1,2.0,55.0,2.0,1.0,4.0,11.0,1.0,40.0,45.0,3.0,112.5,4614.6,4079.3064,103.11221555555557,86.52592,1.0,1.0,1.0,0.0,1,12.0,7.0,30.0,,,,,3.6,3.0,3.0,1.25,5.0,3.8,5.5,2.3333333333333335,4.0,5.666666666666667,4.25,1.333333333333333,3.0,1.0
1,1,1.0,44.0,3.0,1.0,4.0,11.0,1.0,40.0,40.0,1.0,100.0,3400.0,3005.6,75.14,75.14,2.0,1.0,6.0,5.0,1,5.0,7.0,15.0,,,,,3.1333333333333333,1.0,3.8333333333333335,3.0,4.666666666666667,2.0,4.25,2.3333333333333335,3.0,5.666666666666667,4.0,2.0,1.666666666666667,1.0
1,1,2.0,48.0,2.0,1.0,6.0,11.0,1.0,40.0,45.0,3.0,112.5,5000.0,4420.0,110.5,98.22222222222223,1.0,2.0,1.0,0.0,1,3.0,7.0,21.0,,,,,3.066666666666667,5.0,4.333333333333333,4.5,4.666666666666667,4.2,6.0,4.666666666666667,4.333333333333333,5.666666666666667,5.0,1.0,5.0,1.0
1,1,2.0,36.0,1.0,1.0,4.0,5.0,1.0,20.0,20.0,1.0,100.0,3500.0,3094.0,154.7,154.7,1.0,4.0,2.0,20.0,1,6.0,7.0,13.0,,,,,3.433333333333333,3.0,3.1666666666666665,5.0,4.0,4.4,6.25,4.333333333333333,5.0,6.0,5.25,1.0,4.666666666666667,1.0
1,1,2.0,46.0,1.0,2.0,4.0,5.0,1.0,40.0,50.0,3.0,125.0,3400.0,3005.6,75.14,60.111999999999995,1.0,1.0,1.0,0.0,1,6.0,2.0,15.0,,,,,2.6666666666666665,4.0,2.3333333333333335,3.5,3.3333333333333335,3.0,4.0,5.333333333333333,4.666666666666667,5.0,4.5,2.0,0.9999999999999996,1.0
1,1,2.0,34.0,2.0,2.0,4.0,5.0,1.0,40.0,40.0,1.0,100.0,3241.79,2865.74236,71.64355900000001,71.64355900000001,1.0,1.0,1.0,0.0,1,13.0,3.0,2.0,,,,,3.1666666666666665,3.0,2.5,2.75,4.333333333333333,3.6,6.5,1.6666666666666667,3.3333333333333335,5.333333333333333,4.75,1.333333333333333,2.6666666666666665,1.0
1,1,2.0,56.0,2.0,1.0,4.0,7.0,1.0,30.0,33.0,3.0,110.00000000000001,2040.0,1803.3600000000001,60.112,54.64727272727273,1.0,2.0,1.0,0.0,1,6.0,4.0,6.0,,,,,2.933333333333333,4.0,2.6666666666666665,2.25,3.6666666666666665,2.6,4.5,3.6666666666666665,4.666666666666667,5.333333333333333,3.25,4.0,5.666666666666667,1.0
1,1,2.0,50.0,4.0,1.0,4.0,1.0,1.0,40.0,40.0,1.0,100.0,3490.0,3085.16,77.12899999999999,77.12899999999999,1.0,2.0,1.0,0.0,1,1.0,6.0,6.0,,,,,4.0,4.0,3.5,2.5,4.333333333333333,4.0,6.0,2.6666666666666665,3.6666666666666665,5.0,4.5,1.0,2.6666666666666665,1.0
1,1,1.0,31.0,2.0,2.0,4.0,2.0,3.0,15.0,15.0,1.0,100.0,892.5999999999999,789.0583999999999,52.60389333333333,52.60389333333333,1.0,1.0,1.0,0.0,1,1.0,6.0,0.0,,,,,3.4,4.0,1.3333333333333333,1.5,4.0,2.2,1.0,2.0,1.3333333333333335,2.3333333333333335,2.0,4.333333333333333,1.666666666666667,1.0
1,1,2.0,36.0,1.0,2.0,4.0,11.0,2.0,24.0,24.0,1.0,100.0,2100.0,1856.4,77.35000000000001,77.35000000000001,1.0,2.0,1.0,0.0,1,8.0,7.0,5.0,,,,,3.6666666666666665,4.0,2.5,2.25,4.666666666666667,3.8,6.0,4.0,4.666666666666667,5.0,4.0,1.333333333333333,4.0,1.0
1,1,2.0,52.0,4.0,1.0,4.0,5.0,1.0,30.0,35.0,3.0,116.66666666666667,2300.0,2033.1999999999998,67.77333333333333,58.091428571428565,1.0,1.0,1.0,0.0,1,1.0,4.0,15.0,,,,,2.54,1.9999999999999998,3.1666666666666665,1.5,4.333333333333333,2.4,6.25,2.6666666666666665,5.0,5.666666666666667,3.25,1.333333333333333,6.0,1.0
1,1,2.0,53.0,4.0,3.0,6.0,11.0,1.0,40.0,40.0,1.0,100.0,4465.232,3947.265088,99.19162720000001,99.1916272,1.0,1.0,1.0,0.0,1,7.0,4.0,15.0,,,,,3.2666666666666666,3.0,3.6666666666666665,3.0,3.6666666666666665,3.4,6.75,2.6666666666666665,6.0,6.0,4.25,1.333333333333333,5.333333333333333,1.0
1,1,2.0,28.0,2.0,1.0,6.0,2.0,1.0,40.0,40.0,1.0,100.0,1600.0,1414.4,35.36,35.36,1.0,4.0,2.0,8.0,1,6.0,2.0,3.0,,,,,3.033333333333333,4.0,2.0,4.5,4.666666666666667,2.4,5.75,5.333333333333333,5.666666666666667,5.333333333333333,5.0,2.3333333333333335,6.333333333333333,1.0
1,1,2.0,46.0,2.0,2.0,4.0,11.0,1.0,30.0,30.0,1.0,100.0,4300.0,3801.2,126.70666666666666,126.70666666666666,2.0,4.0,1.0,0.0,1,13.0,7.0,19.0,,,,,3.9,3.0,3.6666666666666665,3.5,5.0,3.8,4.75,3.3333333333333335,4.333333333333333,4.333333333333333,4.25,2.3333333333333335,4.0,1.0
1,1,1.0,55.0,3.0,1.0,7.0,8.0,6.0,40.0,40.0,1.0,100.0,4700.0,4154.8,103.87,103.87,1.0,1.0,1.0,0.0,1,13.0,2.0,8.0,,,,,4.266666666666667,1.9999999999999998,4.666666666666667,4.5,5.0,4.8,5.0,1.0,2.6666666666666665,4.0,3.5,1.0,4.0,1.0
1,1,2.0,51.0,2.0,1.0,5.0,5.0,1.0,40.0,43.0,3.0,107.5,4300.0,3801.2,95.03,88.39999999999999,1.0,2.0,1.0,0.0,1,1.0,4.0,22.0,,,,,3.3,4.0,3.5,2.25,5.0,3.8,6.75,4.666666666666667,5.0,6.0,4.25,1.333333333333333,4.333333333333333,1.0
1,1,2.0,31.0,1.0,1.0,4.0,11.0,1.0,40.0,50.0,3.0,125.0,1800.0,1591.2,39.78,31.824,1.0,1.0,1.0,0.0,1,3.0,7.0,10.0,,,,,3.1,5.0,2.5,1.0,2.6666666666666665,1.6000000000000003,6.5,2.6666666666666665,5.333333333333333,6.0,3.75,1.0,5.666666666666667,1.0
1,1,2.0,43.0,1.0,2.0,4.0,11.0,2.0,30.0,30.0,1.0,100.0,3233.6,2858.5024,84.97008,84.97008,1.0,3.0,1.0,0.0,1,11.0,8.0,0.0,,,,,4.266666666666667,4.0,3.8333333333333335,5.0,5.0,4.6,3.75,1.6666666666666667,4.666666666666667,5.666666666666667,4.5,1.0,3.6666666666666665,1.0
1,1,2.0,33.0,2.0,1.0,4.0,11.0,1.0,30.0,37.0,3.0,123.33333333333334,3000.0,2652.0,88.4,71.67567567567568,1.0,1.0,1.0,0.0,1,6.0,7.0,9.0,,,,,3.433333333333333,5.0,2.6666666666666665,1.5,2.6666666666666665,2.8,3.5,2.0,2.6666666666666665,3.3333333333333335,3.25,1.333333333333333,2.0,1.0
1,1,2.0,40.0,2.0,2.0,4.0,6.0,1.0,25.0,25.0,1.0,100.0,2500.0,2210.0,88.4,88.4,1.0,1.0,1.0,0.0,1,1.0,4.0,19.0,,,,,4.0,4.0,3.0,2.25,3.6666666666666665,3.4,5.25,2.6666666666666665,5.333333333333333,5.333333333333333,4.75,2.6666666666666665,6.0,1.0
1,1,2.0,48.0,1.0,1.0,4.0,5.0,1.0,40.0,40.0,1.0,100.0,2200.0,1944.8000000000002,48.620000000000005,48.620000000000005,1.0,1.0,1.0,0.0,1,1.0,6.0,5.0,,,,,3.1,3.0,1.6666666666666667,3.25,3.6666666666666665,2.6,6.0,3.0,3.0,5.666666666666667,3.5,3.3333333333333335,4.666666666666667,1.0
1,1,2.0,26.0,2.0,1.0,6.0,2.0,1.0,40.0,40.0,1.0,100.0,3050.0,2696.2,67.405,67.405,1.0,3.0,1.0,0.0,1,6.0,7.0,0.0,,,,,3.7333333333333334,4.0,4.0,3.75,5.0,3.8,6.0,3.0,3.6666666666666665,4.333333333333333,4.5,2.3333333333333335,3.3333333333333335,1.0
1,1,2.0,42.0,1.0,2.0,6.0,11.0,1.0,24.0,24.0,1.0,100.0,2300.0,2033.1999999999998,84.71666666666665,84.71666666666665,1.0,2.0,1.0,0.0,1,10.0,7.0,3.0,,,,,3.64,3.0,3.8333333333333335,3.75,4.0,3.6,4.75,3.6666666666666665,3.3333333333333335,5.333333333333333,3.25,1.333333333333333,4.333333333333333,1.0
1,1,2.0,26.0,3.0,1.0,6.0,2.0,1.0,30.0,30.0,1.0,100.0,1811.0,1600.9240000000002,53.36413333333334,53.36413333333334,1.0,2.0,1.0,0.0,1,11.0,4.0,1.5,,,,,3.0,4.0,2.8333333333333335,3.5,4.666666666666667,3.2,3.5,2.3333333333333335,3.6666666666666665,4.666666666666667,3.25,3.0,6.333333333333333,1.0
1,1,2.0,37.0,1.0,1.0,4.0,11.0,2.0,30.0,30.0,1.0,100.0,2760.62,2440.38808,81.34626933333334,81.34626933333334,1.0,3.0,1.0,0.0,1,8.0,7.0,10.0,,,,,3.6,1.0,3.6666666666666665,5.0,5.0,3.2,4.75,2.3333333333333335,3.3333333333333335,5.0,3.75,5.666666666666667,4.0,1.0
1,1,2.0,44.0,1.0,2.0,6.0,11.0,1.0,20.0,20.0,1.0,100.0,2614.558,2311.269272,84.48652021333334,84.48652021333334,1.0,1.0,1.0,0.0,1,12.0,7.0,10.0,,,,,3.8133333333333335,4.0,4.166666666666667,4.25,5.0,4.0,6.25,2.6666666666666665,4.0,5.0,4.75,1.0,6.333333333333333,1.0
1,1,1.0,41.0,2.0,1.0,4.0,5.0,1.0,30.0,32.0,3.0,106.66666666666667,2445.0,2161.38,72.046,67.543125,1.0,1.0,1.0,0.0,1,3.0,6.0,11.0,,,,,3.0,4.0,2.1666666666666665,1.5,3.0,2.0,3.75,3.3333333333333335,5.0,4.666666666666667,3.75,6.0,5.0,1.0
1,1,2.0,58.0,1.0,1.0,4.0,4.0,1.0,20.0,20.0,1.0,100.0,2475.4,2188.2536,92.06270666666667,92.06270666666667,1.0,1.0,1.0,0.0,1,1.0,4.0,8.0,,,,,3.8333333333333335,3.0,2.6666666666666665,3.5,3.6666666666666665,3.2,6.0,1.6666666666666667,3.0,6.0,2.5,1.0,2.0,1.0
1,1,2.0,47.0,1.0,2.0,4.0,11.0,1.0,40.0,40.0,1.0,100.0,4406.358,3895.220472,97.3805118,97.3805118,1.0,1.0,1.0,0.0,1,8.0,7.0,15.0,,,,,3.466666666666667,3.0,2.8333333333333335,2.5,4.0,3.8,6.5,3.0,3.3333333333333335,5.333333333333333,5.0,1.0,2.6666666666666665,1.0
1,1,1.0,35.0,3.0,1.0,4.0,1.0,1.0,40.0,40.0,1.0,100.0,3000.0,2652.0,66.3,66.3,1.0,1.0,1.0,0.0,1,14.0,4.0,9.0,,,,,4.0,4.0,4.0,3.5,5.0,4.2,6.5,1.3333333333333333,5.0,6.0,5.25,1.0,3.3333333333333335,1.0
1,1,2.0,49.0,3.0,1.0,4.0,11.0,1.0,40.0,40.0,1.0,100.0,4000.0,3536.0,88.4,88.4,1.0,2.0,1.0,0.0,1,9.0,7.0,11.0,,,,,2.8666666666666667,4.0,2.6666666666666665,1.0,4.666666666666667,2.8,6.0,4.666666666666667,5.333333333333333,5.333333333333333,4.5,1.0,4.0,1.0
1,1,1.0,28.0,3.0,1.0,6.0,11.0,1.0,40.0,40.0,1.0,100.0,3000.0,2652.0,66.3,66.3,1.0,2.0,1.0,0.0,1,10.0,4.0,6.0,,,,,3.7666666666666666,4.0,4.166666666666667,4.25,5.0,3.2,3.5,1.6666666666666667,3.3333333333333335,2.6666666666666665,3.0,3.0,3.0,1.0
1,1,2.0,44.0,1.0,2.0,4.0,5.0,1.0,20.0,25.0,3.0,125.0,1900.0,1679.6,83.97999999999999,67.184,1.0,2.0,1.0,0.0,1,1.0,7.0,2.0,,,,,3.566666666666667,1.0,4.166666666666667,5.0,5.0,4.0,4.5,3.0,3.3333333333333335,4.333333333333333,4.5,1.0,4.333333333333333,1.0
1,1,2.0,40.0,2.0,2.0,4.0,5.0,1.0,20.0,20.0,1.0,100.0,1320.0,1166.88,58.34400000000001,58.34400000000001,1.0,1.0,1.0,0.0,1,11.0,7.0,4.0,,,,,3.3733333333333335,3.0,2.5,2.75,3.6666666666666665,2.2,3.5,1.6666666666666667,2.0,5.0,2.0,2.3333333333333335,1.666666666666667,1.0
1,1,2.0,41.0,2.0,2.0,4.0,1.0,1.0,30.0,30.0,1.0,100.0,2500.0,2210.0,75.17683333333333,75.17683333333333,1.0,2.0,1.0,0.0,1,1.0,7.0,0.0,,,,,3.966666666666667,5.0,2.3333333333333335,4.25,4.333333333333333,3.6,5.75,2.0,3.6666666666666665,5.0,5.0,1.0,3.0,1.0
1,1,2.0,23.0,3.0,1.0,6.0,11.0,2.0,40.0,40.0,1.0,100.0,3800.0,3359.2,83.97999999999999,83.97999999999999,1.0,3.0,1.0,0.0,1,10.0,7.0,0.0,,,,,4.08,4.0,3.5,4.25,5.0,4.2,5.75,3.0,4.666666666666667,5.0,4.5,1.0,5.333333333333333,1.0
1,1,2.0,37.0,1.0,2.0,4.0,9.0,1.0,40.0,40.0,1.0,100.0,3344.937510414931,3040.9107615397434,76.02276903849358,76.02276903849358,1.0,2.0,1.0,0.0,1,12.0,7.0,5.0,,,,,3.2666666666666666,3.0,3.3333333333333335,1.5,4.0,2.8,3.5,4.0,4.0,4.666666666666667,3.0,2.3333333333333335,4.666666666666667,1.0
1,1,2.0,28.0,2.0,1.0,4.0,11.0,1.0,38.5,41.0,3.0,106.49350649350649,3731.0,3298.2040000000006,85.66763636363638,80.44400000000002,1.0,3.0,1.0,0.0,1,9.0,7.0,2.5,,,,,3.7333333333333334,4.0,4.166666666666667,3.25,5.0,3.2,5.0,3.6666666666666665,3.3333333333333335,5.333333333333333,5.75,1.0,4.333333333333333,1.0
1,1,2.0,21.0,3.0,1.0,4.0,11.0,3.0,12.0,11.999999999999996,1.0,100.0,520.0,459.68000000000006,38.306666666666665,38.306666666666665,1.0,1.0,1.0,0.0,1,6.0,6.0,1.0,,,,,3.1333333333333333,1.9999999999999998,3.5,4.75,3.3333333333333335,1.8,7.0,3.6666666666666665,4.666666666666667,5.666666666666667,3.0,1.0,3.6666666666666665,1.0
1,1,2.0,32.0,2.0,1.0,4.0,5.0,1.0,20.0,20.0,1.0,100.0,1450.0,1281.8,64.09,64.09,1.0,1.0,5.0,5.0,1,1.0,6.0,4.5,,,,,3.033333333333333,4.0,2.6666666666666665,4.25,5.0,2.4,4.75,3.6666666666666665,5.0,4.666666666666667,2.5,2.6666666666666665,4.666666666666667,1.0
1,1,2.0,55.0,1.0,1.0,4.0,5.0,1.0,40.0,40.0,1.0,100.0,4083.8,3610.0792,90.25198,90.25198,1.0,2.0,1.0,0.0,1,1.0,7.0,24.0,,,,,3.1999999999999997,3.0,4.166666666666667,3.25,5.0,3.0,6.5,1.6666666666666667,4.333333333333333,5.0,4.25,1.0,2.6666666666666665,1.0
1,1,1.0,29.0,2.0,1.0,4.0,6.0,1.0,20.0,20.0,1.0,100.0,1151.13,1017.5989200000001,50.879946000000004,50.879946000000004,1.0,3.0,1.0,0.0,1,1.0,7.0,5.0,,,,,3.966666666666667,1.9999999999999998,4.5,5.0,5.0,4.2,6.25,2.0,3.0,5.0,4.75,1.0,3.3333333333333335,1.0
1,1,2.0,35.0,2.0,1.0,4.0,5.0,1.0,20.0,20.0,1.0,100.0,1940.0,1714.96,85.748,85.748,1.0,2.0,5.0,10.0,1,11.0,7.0,6.0,,,,,3.466666666666667,4.0,2.3333333333333335,2.75,3.3333333333333335,3.0,4.5,2.3333333333333335,5.333333333333333,3.0,3.25,4.333333333333333,5.0,1.0
1,1,2.0,34.0,3.0,1.0,4.0,5.0,2.0,25.0,25.0,1.0,100.0,1400.0,1237.6,49.504,49.504,1.0,1.0,1.0,0.0,1,13.0,4.0,0.0,,,,,3.1,1.9999999999999998,1.6666666666666667,2.5,5.0,2.25,1.0,3.3333333333333335,2.6666666666666665,2.0,2.5,4.0,4.333333333333333,1.0
1,1,1.0,58.0,1.0,2.0,4.0,5.0,6.0,40.0,40.0,1.0,100.0,3326.8180636560573,3006.2296145309115,75.15574036327278,75.15574036327278,2.0,1.0,1.0,0.0,1,13.0,4.0,36.0,,,,,3.3333333333333335,3.0,2.8333333333333335,3.0,5.0,3.2,3.5,3.3333333333333335,3.3333333333333335,5.333333333333333,3.75,1.333333333333333,3.0,1.0
1,1,2.0,59.0,4.0,1.0,4.0,7.0,1.0,20.0,20.0,1.0,100.0,2247.0,1986.348,99.31739999999999,99.31739999999999,1.0,2.0,1.0,0.0,1,13.0,4.0,25.0,,,,,3.4,4.0,1.8333333333333333,2.75,2.6666666666666665,3.2,6.0,2.3333333333333335,3.3333333333333335,5.666666666666667,3.25,1.0,3.0,1.0
1,1,3.0,35.0,3.0,1.0,4.0,1.0,1.0,40.0,40.0,1.0,100.0,2400.0,2121.6,53.04,53.04,1.0,2.0,1.0,0.0,1,13.0,4.0,4.0,,,,,3.2666666666666666,4.0,1.8333333333333333,2.25,3.0,2.6,4.25,3.3333333333333335,1.3333333333333335,5.333333333333333,3.0,3.3333333333333335,1.666666666666667,1.0
1,1,2.0,39.0,2.0,1.0,4.0,11.0,1.0,40.0,40.0,1.0,100.0,4100.0,3624.3999999999996,90.60999999999999,90.60999999999999,2.0,4.0,1.0,0.0,1,10.0,8.0,11.0,,,,,3.7466666666666666,3.0,3.5,3.5,5.0,4.4,6.5,3.3333333333333335,3.6666666666666665,5.666666666666667,5.5,1.333333333333333,4.333333333333333,1.0
1,1,2.0,43.0,1.0,1.0,4.0,5.0,1.0,20.0,25.0,3.0,125.0,1920.0,1697.2800000000002,95.61933333333333,75.85880808080807,1.0,1.0,6.0,25.0,1,5.0,7.0,3.0,,,,,2.5500000000000003,1.0,3.1666666666666665,4.0,5.0,2.6,4.25,2.0,2.6666666666666665,5.666666666666667,5.0,1.0,0.9999999999999996,1.0
1,1,1.0,30.0,2.0,1.0,4.0,4.0,1.0,40.0,40.0,1.0,100.0,3500.0,3094.0,77.35,77.35,1.0,4.0,1.0,0.0,1,8.0,7.0,0.0,,,,,3.033333333333333,4.0,2.3333333333333335,2.25,3.0,2.6,4.25,2.0,4.333333333333333,5.0,4.5,1.0,2.6666666666666665,1.0
1,1,2.0,26.0,2.0,1.0,4.0,5.0,3.0,10.0,10.0,1.0,100.0,509.0000000000002,449.95600000000036,44.9956,44.9956,1.0,1.0,1.0,0.0,1,10.0,6.0,1.0,,,,,2.833333333333333,3.0,2.1666666666666665,1.5,3.6666666666666665,2.2,2.25,2.0,2.0,2.0,3.0,4.0,3.0,1.0
1,1,2.0,51.0,2.0,3.0,4.0,5.0,1.0,20.0,20.0,1.0,100.0,1200.0,1060.8,53.04,53.04,1.0,2.0,5.0,10.0,1,1.0,6.0,25.0,,,,,3.0,4.0,2.0,3.0,4.0,1.6000000000000003,5.0,2.0,4.333333333333333,5.333333333333333,3.25,2.0,3.3333333333333335,1.0
1,1,2.0,30.0,2.0,1.0,6.0,2.0,1.0,40.0,40.0,1.0,100.0,3400.0,3005.6,75.14,75.14,1.0,2.0,1.0,0.0,1,1.0,7.0,5.0,,,,,3.78,4.0,3.1666666666666665,4.75,4.666666666666667,4.0,6.25,4.333333333333333,4.666666666666667,6.0,4.5,1.333333333333333,5.333333333333333,1.0
1,1,1.0,49.0,3.0,1.0,6.0,2.0,1.0,40.0,40.0,1.0,100.0,3300.0,2917.2,72.92999999999999,72.92999999999999,1.0,2.0,1.0,0.0,1,11.0,8.0,15.0,,,,,3.5,4.0,4.166666666666667,3.75,5.0,3.6,5.5,2.3333333333333335,3.6666666666666665,5.0,4.25,3.0,3.3333333333333335,1.0
1,1,2.0,46.0,1.0,2.0,6.0,11.0,1.0,40.0,40.0,1.0,100.0,4000.0,3536.0,88.4,88.4,1.0,1.0,5.0,5.0,1,11.0,7.0,10.0,,,,,3.533333333333333,4.0,3.0,4.5,4.333333333333333,3.2,5.5,1.6666666666666667,4.666666666666667,5.333333333333333,5.0,1.0,5.0,1.0
1,1,2.0,49.0,1.0,2.0,4.0,5.0,1.0,20.0,20.0,1.0,100.0,1362.0,1204.0080000000003,60.200400000000016,60.200400000000016,1.0,1.0,1.0,0.0,1,13.0,7.0,2.0,,,,,3.033333333333333,1.9999999999999998,3.4333333333333336,1.25,4.666666666666667,3.0,4.25,4.0,3.6666666666666665,5.333333333333333,4.75,2.6666666666666665,6.0,1.0
1,1,2.0,33.0,3.0,1.0,4.0,5.0,1.0,40.0,45.0,3.0,112.5,3300.0,2917.2,72.92999999999999,64.82666666666667,1.0,2.0,5.0,2.0,1,8.0,7.0,12.0,,,,,3.1,1.9999999999999998,3.0,2.25,3.3333333333333335,3.8,6.5,4.666666666666667,5.333333333333333,5.333333333333333,3.75,2.0,6.333333333333333,1.0
1,1,2.0,49.0,1.0,2.0,4.0,1.0,2.0,40.0,40.0,1.0,100.0,4000.0,3536.0,88.4,88.4,3.0,3.0,1.0,0.0,1,8.0,7.0,8.0,,,,,3.3733333333333335,4.0,3.8333333333333335,4.5,4.666666666666667,4.2,3.5,2.3333333333333335,4.0,5.0,3.75,1.0,3.3333333333333335,1.0
1,1,2.0,62.0,2.0,1.0,4.0,6.0,1.0,40.0,40.0,1.0,100.0,2800.0,2475.2,61.879999999999995,61.879999999999995,1.0,3.0,1.0,0.0,1,13.0,4.0,23.0,,,,,4.066666666666666,5.0,4.333333333333333,4.0,4.666666666666667,4.6,6.5,2.6666666666666665,4.666666666666667,5.666666666666667,4.25,3.0,2.3333333333333335,1.0
1,1,1.0,51.0,1.0,2.0,4.0,1.0,1.0,40.0,40.0,1.0,100.0,3000.0,2652.0,66.3,66.3,1.0,2.0,1.0,0.0,1,8.0,7.0,16.0,,,,,3.7533333333333334,1.9999999999999998,3.6666666666666665,5.0,4.666666666666667,4.4,5.25,3.3333333333333335,3.0,4.333333333333333,4.25,2.0,3.0,1.0
1,1,2.0,31.0,2.0,1.0,4.0,5.0,1.0,36.5,36.5,1.0,100.0,3940.0,3482.96,95.42356164383561,95.42356164383561,2.0,4.0,1.0,0.0,1,13.0,7.0,5.0,,,,,3.6333333333333333,4.0,2.3333333333333335,2.0,2.6666666666666665,2.8,2.75,2.3333333333333335,3.6666666666666665,4.666666666666667,3.0,4.666666666666667,3.6666666666666665,1.0
1,1,2.0,53.0,1.0,2.0,4.0,2.0,3.0,40.0,40.0,1.0,100.0,3950.0,3491.8,87.295,87.295,3.0,1.0,1.0,0.0,1,8.0,7.0,4.0,,,,,2.4333333333333336,3.0,2.0,1.5,3.6666666666666665,2.0,4.5,3.0,4.333333333333333,6.0,5.0,1.333333333333333,2.6666666666666665,1.0
1,1,2.0,30.0,3.0,1.0,6.0,6.0,1.0,40.0,40.0,1.0,100.0,2800.0,2475.2,61.879999999999995,61.879999999999995,1.0,4.0,1.0,0.0,1,12.0,7.0,1.0,,,,,3.5,4.0,3.3333333333333335,4.5,5.0,2.6,5.5,2.0,5.0,5.333333333333333,3.75,1.333333333333333,6.0,1.0
1,1,1.0,32.0,3.0,1.0,4.0,6.0,2.0,40.0,40.0,1.0,100.0,3300.0,2917.2,72.92999999999999,72.92999999999999,1.0,2.0,1.0,0.0,1,7.0,6.0,5.0,,,,,3.433333333333333,3.0,2.8333333333333335,3.25,4.333333333333333,3.8,3.0,2.0,3.6666666666666665,3.0,2.5,3.6666666666666665,3.3333333333333335,1.0
1,1,1.0,40.0,1.0,1.0,8.0,8.0,6.0,40.0,40.0,1.0,100.0,2100.0,1856.4,46.410000000000004,46.410000000000004,1.0,1.0,1.0,0.0,1,3.0,6.0,5.0,,,,,3.833333333333333,3.0,4.0,3.0,2.6666666666666665,3.6,4.75,3.0,4.666666666666667,5.666666666666667,5.5,1.333333333333333,3.6666666666666665,1.0
1,1,2.0,30.0,2.0,1.0,4.0,11.0,1.0,25.0,30.0,3.0,120.0,3600.0,3182.4,127.296,106.08,1.0,4.0,1.0,0.0,1,13.0,7.0,7.0,,,,,4.093333333333334,5.0,3.1666666666666665,3.75,4.0,4.0,5.5,3.3333333333333335,4.666666666666667,5.666666666666667,4.75,1.0,6.0,1.0
1,1,2.0,36.0,2.0,2.0,4.0,11.0,1.0,20.0,20.0,1.0,100.0,1547.7000000000003,1368.1668,68.40834,68.40834,1.0,1.0,1.0,0.0,1,3.0,8.0,9.0,,,,,3.6733333333333333,3.0,3.1666666666666665,3.25,4.333333333333333,3.0,4.25,2.6666666666666665,3.0,4.666666666666667,4.25,1.0,2.3333333333333335,1.0
1,1,2.0,46.0,2.0,3.0,6.0,11.0,1.0,40.0,45.0,3.0,112.5,5204.599999999999,4600.8664,117.86308857142856,96.49547555555556,2.0,3.0,1.0,0.0,1,8.0,7.0,16.0,,,,,3.7333333333333334,3.0,3.6666666666666665,2.25,4.333333333333333,3.8,5.5,3.3333333333333335,4.666666666666667,5.0,4.75,1.0,3.0,1.0
1,1,2.0,56.0,1.0,1.0,4.0,11.0,1.0,40.0,40.0,1.0,100.0,4800.0,4243.2,106.08,106.08,1.0,1.0,5.0,4.0,1,13.0,7.0,32.0,,,,,4.033333333333333,4.0,4.333333333333333,4.5,4.666666666666667,5.0,5.75,2.0,4.333333333333333,5.666666666666667,4.5,1.0,2.6666666666666665,1.0
1,1,2.0,30.0,2.0,1.0,6.0,11.0,1.0,40.0,40.0,1.0,100.0,2900.0,2563.6,64.09,64.09,1.0,1.0,1.0,0.0,1,12.0,7.0,3.0,,,,,3.3666666666666667,1.9999999999999998,2.1666666666666665,2.5,4.0,1.8,5.5,4.0,5.666666666666667,5.333333333333333,4.25,2.0,6.333333333333333,1.0
1,1,2.0,57.0,1.0,1.0,4.0,9.0,1.0,10.0,10.0,1.0,100.0,2539.78,2245.16552,100.18752044444444,100.18752044444443,1.0,1.0,1.0,0.0,1,13.0,3.0,6.0,,,,,2.966666666666667,1.0,3.8333333333333335,4.25,5.0,3.6,6.0,1.6666666666666667,2.6666666666666665,3.0,3.75,2.6666666666666665,3.3333333333333335,1.0
1,1,2.0,32.0,3.0,1.0,4.0,5.0,1.0,40.0,40.0,1.0,100.0,3000.0,2652.0,66.3,66.3,1.0,1.0,1.0,0.0,1,1.0,6.0,6.0,,,,,4.1,1.9999999999999998,4.0,1.0,4.333333333333333,3.8,5.5,3.0,5.333333333333333,5.333333333333333,4.5,1.333333333333333,3.6666666666666665,1.0
1,1,2.0,49.0,1.0,1.0,4.0,9.0,1.0,40.0,45.0,3.0,112.5,5000.0,4420.0,110.5,98.22222222222223,2.0,5.0,1.0,0.0,1,13.0,7.0,16.5,,,,,3.5,4.0,4.0,3.25,3.6666666666666665,4.8,6.75,4.333333333333333,5.0,6.0,5.0,1.0,6.0,1.0
1,1,2.0,54.0,4.0,1.0,4.0,1.0,1.0,40.0,40.0,1.0,100.0,3900.0,3447.6000000000004,86.19000000000001,86.19000000000001,1.0,3.0,1.0,0.0,1,1.0,7.0,13.0,,,,,3.966666666666667,5.0,4.0,4.25,5.0,3.6,5.0,2.0,5.333333333333333,6.333333333333333,4.75,1.0,3.0,1.0
1,1,2.0,46.0,1.0,2.0,4.0,1.0,1.0,25.0,25.0,1.0,100.0,1800.0,1591.2,63.648,63.648,1.0,1.0,1.0,0.0,1,1.0,7.0,8.0,,,,,2.9,3.0,2.5,2.25,3.3333333333333335,3.0,1.75,2.6666666666666665,1.3333333333333335,1.333333333333333,3.0,3.0,3.6666666666666665,1.0
1,1,2.0,34.0,3.0,1.0,6.0,11.0,1.0,40.0,40.0,1.0,100.0,4000.0,3536.0,88.4,88.4,1.0,2.0,1.0,0.0,1,7.0,6.0,5.0,,,,,3.6333333333333333,4.0,3.5,4.0,4.0,4.4,5.75,4.666666666666667,5.333333333333333,4.666666666666667,5.0,1.333333333333333,4.0,1.0
1,1,2.0,29.0,2.0,1.0,4.0,9.0,3.0,28.0,28.0,1.0,100.0,2000.0,1768.0,63.142857142857146,63.142857142857146,1.0,1.0,5.0,5.0,1,6.0,6.0,0.0,,,,,3.3,1.9999999999999998,2.8333333333333335,3.25,5.0,2.2,4.75,1.3333333333333333,4.0,4.0,3.25,1.0,3.6666666666666665,1.0
1,1,2.0,56.0,3.0,1.0,4.0,9.0,1.0,40.0,40.4,1.4000000000000001,105.0,3200.0,2828.8,70.72,72.3333,1.0,2.0,1.0,0.0,1,6.0,7.0,20.0,,,,,3.533333333333333,4.0,3.3333333333333335,3.25,3.6666666666666665,3.6,5.5,2.3333333333333335,3.6666666666666665,4.333333333333333,5.0,1.0,2.3333333333333335,1.0
1,1,2.0,18.0,2.0,1.0,7.0,11.0,3.0,40.0,40.0,1.0,100.0,800.0,707.2,17.68,17.68,1.0,1.0,1.0,0.0,1,1.0,1.0,2.0,,,,,3.1333333333333333,3.0,2.6666666666666665,2.25,3.3333333333333335,3.6,3.25,5.0,5.0,4.333333333333333,4.0,1.0,7.0,1.0
1,1,2.0,35.0,3.0,1.0,4.0,5.0,1.0,40.0,40.0,1.0,100.0,3350.0,2961.4,74.035,74.035,2.0,1.0,1.0,0.0,1,13.0,4.0,15.0,,,,,3.3000000000000003,4.0,3.1666666666666665,4.75,5.0,2.8,5.25,2.3333333333333335,4.0,5.0,4.0,2.3333333333333335,4.333333333333333,1.0
1,1,2.0,57.0,1.0,2.0,4.0,4.0,1.0,36.0,40.0,3.0,111.11111111111111,2300.0,2033.1999999999998,56.477777777777774,50.83,1.0,2.0,4.0,4.0,1,1.0,4.0,12.0,,,,,3.466666666666667,3.0,3.5,3.5,4.333333333333333,3.6,6.0,2.6666666666666665,4.0,5.0,4.0,1.0,4.666666666666667,1.0
1,1,2.0,52.0,1.0,1.0,4.0,4.0,1.0,40.0,40.0,1.0,100.0,3322.24,2936.86016,73.421504,73.421504,1.0,1.0,1.0,0.0,1,6.0,4.0,31.0,,,,,4.066666666666666,4.0,4.166666666666667,5.0,5.0,5.0,5.5,2.3333333333333335,5.666666666666667,5.666666666666667,4.5,1.0,1.666666666666667,1.0
1,1,1.0,56.0,4.0,1.0,4.0,4.0,2.0,40.0,40.0,1.0,100.0,3800.0,3359.2,83.97999999999999,83.97999999999999,1.0,1.0,1.0,0.0,1,8.0,7.0,5.0,,,,,3.1,4.0,2.6666666666666665,3.0,4.0,2.6,4.0,3.3333333333333335,4.333333333333333,4.333333333333333,5.0,2.0,3.0,1.0
1,1,2.0,56.0,2.0,1.0,4.0,3.0,1.0,40.0,40.0,1.0,100.0,3000.0,2652.0,66.3,66.3,1.0,2.0,1.0,0.0,1,3.0,7.0,3.0,,,,,3.533333333333333,1.9999999999999998,3.8333333333333335,3.75,4.666666666666667,3.8,6.25,2.6666666666666665,4.666666666666667,5.666666666666667,4.75,1.0,3.3333333333333335,1.0
1,1,2.0,56.0,1.0,2.0,4.0,8.0,1.0,20.0,20.0,1.0,100.0,3483.3999999999996,3079.3256,166.2396,166.2396,1.0,2.0,1.0,0.0,1,1.0,3.0,15.0,,,,,3.0,3.0,4.833333333333333,5.0,5.0,4.0,2.25,1.3333333333333333,2.6666666666666665,2.6666666666666665,2.75,1.0,0.9999999999999996,1.0
1,1,2.0,49.0,1.0,2.0,4.0,9.0,6.0,40.0,45.0,3.0,112.5,5000.0,4420.0,110.5,98.22222222222223,2.0,3.0,1.0,0.0,1,13.0,7.0,16.0,,,,,3.1666666666666665,5.0,2.3333333333333335,2.0,4.0,2.6,7.0,2.6666666666666665,5.666666666666667,6.333333333333333,4.25,1.0,6.333333333333333,1.0
1,1,2.0,34.0,1.0,1.0,4.0,11.0,2.0,40.0,40.0,1.0,100.0,2380.2,2104.0968000000003,52.60242000000001,52.60242000000001,1.0,2.0,1.0,0.0,1,6.0,7.0,2.0,,,,,3.1333333333333333,4.0,2.8333333333333335,1.25,3.6666666666666665,2.8,3.0,4.666666666666667,2.3333333333333335,1.666666666666667,3.5,3.6666666666666665,5.0,1.0
