Country,Version,Gender,Age,MaritalStatus,CareResponsibilities,HeiType,FacultySubjectArea,EmploymentContractDuration,HeiEmploymentHours,HeiActualWeeklyHours,EffortLevel,EffortPercentage,IncomeEURO,EuroAdjusted,SalaryPerHour,SalaryEffortPerHour,LeadershipPosition,PolicyInfluence,OtherPaidJob,OtherJobWeeklyHours1,AcademicOrNonAcademic,JobCategory,HighestEducationLevel,CareerLengthCZ,TeachingActivityDesc,ResearchActivityDesc,FundedResearchActivityDesc,AdminActivityDesc,TeachingPercentage,ResearchPercentage,FundedResearchPercentage,AdminPercentage,AcademicResources,PerformancePressure,PerceivedAutonomy,QualityOfLeadership,SenseOfCommunity,JobSatisfaction,Burnout,Amotivation,ExtrinsicSocial,ExtrinsicMaterial,Introjected,Identified,Intrinsic,SubjectiveSignificanceOfWork,ProfessionalAmbition,TendencyToExert,StrivingForPerfection,EmotionalDistancing,ResignationTendencies,OffensiveCopingWithProblems,BalanceAndMentalStability,SatisfactionWithWork,SatisfactionWithLife,ExperienceOfSocialSupport,Vulnerability,CurrentPosition
2,4,2.0,28.0,3.0,1.0,1.0,1.0,2.0,40.0,50.0,3.0,125.0,1666.3889351774703,1846.3589401766371,9.613782318331559,7.691025854665247,1.0,1.0,1.0,0.0,2,,,,5.0,29.0,1.0,15.0,10.0,57.99999999999999,2.0,30.0,2.6666666666666665,1.0,2.6666666666666665,3.0,1.6666666666666667,2.4,3.75,1.9999999999999998,1.3333333333333333,4.0,5.75,6.333333333333333,1.0,2.0,3.5,3.75,3.5,3.0,2.0,2.5,2.0,2.25,3.0,3.5,4.0,3.0
2,4,1.0,33.0,2.0,1.0,1.0,3.0,3.0,40.0,50.0,3.0,125.0,750.0,831.0,4.326923076923077,3.4615384615384617,1.0,1.0,5.0,5.0,2,,,,5.0,30.0,5.0,10.0,10.0,60.0,10.0,20.0,3.3333333333333335,1.0,3.3333333333333335,2.0,2.0,2.6,4.0,3.0,3.6666666666666665,5.666666666666667,5.75,5.0,3.0,2.25,4.5,4.25,3.75,3.0,2.5,3.0,2.75,2.0,4.0,3.25,4.0,3.0
2,4,2.0,39.0,3.0,1.0,1.0,8.0,2.0,40.0,40.0,1.0,100.0,1666.3889351774703,1846.3589401766371,9.613782318331559,9.613782318331559,1.0,2.0,1.0,0.0,2,,,,33.0,10.0,6.0,2.5,41.5,25.4,9.5,12.100000000000001,3.5,5.0,2.5,5.0,4.666666666666667,2.4,4.75,1.0,1.3333333333333333,4.666666666666667,6.5,7.0,3.0,4.0,5.0,4.75,4.0,3.0,4.75,2.75,4.75,5.0,2.75,2.5,3.0,4.0
2,4,2.0,44.0,2.0,2.0,1.0,5.0,1.0,40.0,40.0,1.0,100.0,2374.6042326278953,2631.061489751708,13.699639803622475,13.699639803622475,2.0,5.0,1.0,0.0,2,,,,20.0,2.0,5.0,13.0,50.0,5.0,12.5,32.5,3.3333333333333335,4.0,3.0,3.75,5.0,3.0,2.5,4.0,4.333333333333333,4.666666666666667,5.0,5.666666666666667,1.6666666666666667,2.0,2.0,2.25,2.0,3.75,3.5,3.0,3.25,4.75,3.25,3.25,2.0,4.0
2,4,2.0,42.0,1.0,2.0,1.0,1.0,2.0,40.0,40.0,1.0,100.0,3124.479253457757,3461.9230128311947,18.025841846871675,18.025841846871675,3.0,2.0,1.0,0.0,2,,,,8.0,16.0,12.0,4.0,20.0,40.0,30.0,10.0,4.166666666666667,4.0,2.6666666666666665,3.75,4.333333333333333,3.8,3.25,4.666666666666667,5.0,5.333333333333333,5.75,7.0,2.0,2.75,2.5,1.75,2.75,3.25,2.5,3.0,3.0,4.0,3.5,3.0,2.0,4.0
2,4,1.0,33.0,2.0,1.0,1.0,5.0,1.0,40.0,40.0,1.0,100.0,2499.5834027662054,2769.5384102649555,14.420673477497337,14.420673477497337,2.0,3.0,1.0,0.0,2,,,,20.0,20.0,10.0,10.0,35.916305916305916,34.588023088023085,7.505050505050505,19.58152958152958,2.5,1.0,3.6666666666666665,1.25,1.6666666666666667,2.2,4.5,6.0,4.666666666666667,5.666666666666667,5.0,3.3333333333333335,3.6666666666666665,4.75,5.0,4.75,4.0,2.25,2.25,1.0,3.25,2.5,3.5,2.5,3.0,4.0
2,4,1.0,35.0,3.0,1.0,1.0,1.0,1.0,40.0,40.0,1.0,100.0,3749.3751041493083,4154.307615397433,21.631010216246008,21.631010216246008,3.0,1.0,1.0,0.0,2,,,,10.0,10.0,12.0,8.0,25.0,25.0,30.0,20.0,3.6666666666666665,4.0,2.6666666666666665,4.25,4.0,3.4,3.0,3.3333333333333335,5.0,4.333333333333333,5.25,5.0,2.6666666666666665,3.0,2.5,3.5,3.5,3.75,3.25,3.5,2.75,3.5,2.75,3.5,4.0,4.0
2,4,2.0,47.0,3.0,1.0,1.0,5.0,3.0,40.0,60.0,3.0,150.0,1708.0486585569074,1892.517913681053,9.85412687628985,6.569417917526566,1.0,1.0,1.0,0.0,2,,,,30.0,30.0,0.0,0.0,50.0,50.0,0.0,0.0,1.6666666666666667,2.0,2.8333333333333335,1.25,1.6666666666666667,2.6,4.0,1.9999999999999998,1.3333333333333333,4.333333333333333,5.75,3.6666666666666665,4.666666666666667,3.25,4.75,4.25,3.75,3.5,3.5,3.25,3.0,2.75,3.25,2.25,3.0,4.0
2,4,1.0,25.0,1.0,2.0,1.0,6.0,2.0,40.0,40.0,1.0,100.0,2291.2847858690216,2538.743542742876,13.218950687705894,13.218950687705894,1.0,4.0,1.0,0.0,2,,,,11.0,21.0,3.5,2.5,27.500000000000004,52.5,8.75,6.25,3.6666666666666665,5.0,2.1666666666666665,4.0,3.6666666666666665,3.2,1.75,1.3333333333333335,4.333333333333333,3.3333333333333335,5.5,6.666666666666667,1.0,4.75,1.25,2.75,1.0,4.25,3.75,2.75,3.75,4.75,3.0,3.0,1.0,4.0
2,4,2.0,42.0,1.0,2.0,1.0,5.0,1.0,40.0,40.0,1.0,100.0,900.0,997.2,5.192307692307692,5.192307692307692,1.0,2.0,2.0,20.0,2,,,,10.0,20.0,5.0,5.0,25.0,50.0,12.5,12.5,1.1666666666666667,5.0,2.6666666666666665,3.25,2.6666666666666665,1.6,2.5,2.6666666666666665,1.3333333333333333,5.0,5.75,7.0,2.3333333333333335,4.5,4.0,3.0,3.25,3.5,3.5,2.25,3.75,3.75,3.0,2.75,3.0,5.0
2,4,1.0,59.0,3.0,1.0,1.0,1.0,1.0,40.0,80.0,3.0,200.0,1749.7083819363438,1938.6768871854688,10.094471434248138,5.047235717124069,1.0,3.0,1.0,0.0,2,,,,8.0,70.0,5.0,0.0,35.49523809523809,24.666666666666668,5.019047619047621,26.057142857142857,3.0,5.0,3.5,3.25,4.333333333333333,2.2,4.25,1.666666666666667,2.6666666666666665,4.666666666666667,6.25,7.0,1.3333333333333333,3.25,3.75,3.0,3.25,2.75,2.6666666666666665,2.0,2.5,1.75,2.75,3.0,3.2,5.0
2,4,1.0,48.0,1.0,2.0,1.0,1.0,1.0,40.0,55.0,3.0,137.5,3207.7987002166306,3554.2409598400263,18.506530962788254,13.459295245664183,3.0,1.0,1.0,0.0,2,,,,16.0,37.0,1.0,1.0,29.09090909090909,50.0,1.8181818181818183,1.8181818181818201,2.3333333333333335,1.0,3.0,2.25,1.6666666666666667,2.4,3.75,2.3333333333333335,3.3333333333333335,6.0,5.25,4.666666666666667,2.0,4.0,3.75,3.25,3.5,4.0,3.25,2.75,3.25,2.5,3.25,3.5,3.0,5.0
2,4,1.0,48.0,3.0,1.0,1.0,1.0,1.0,40.0,40.0,1.0,100.0,2624.562572904516,2908.015330778204,15.141707151372207,15.141707151372207,1.0,1.0,1.0,0.0,2,,,,8.0,32.0,0.0,0.0,20.0,80.0,0.0,0.0,3.0,3.0,2.5,2.75,2.3333333333333335,3.0,3.0,3.3333333333333335,2.6666666666666665,2.6666666666666665,4.75,5.666666666666667,2.6666666666666665,1.75,3.0,3.0,2.75,3.25,3.0,3.0,2.0,3.25,2.5,3.5,4.0,5.0
2,4,2.0,48.0,2.0,2.0,1.0,5.0,1.0,24.0,24.0,1.0,100.0,624.8958506915515,692.3846025662388,6.0086139489572234,6.008613948957224,1.0,1.0,5.0,7.0,2,,,,15.0,0.0,0.0,1.0,62.5,0.0,0.0,4.166666666666666,3.0,5.0,2.5,5.0,4.0,2.6,3.75,5.666666666666667,1.3333333333333333,5.333333333333333,5.75,5.333333333333333,3.0,1.75,2.0,3.75,2.0,2.5,3.75,2.5,2.75,3.5,3.5,2.0,2.0,2.0
2,4,1.0,38.0,1.0,2.0,1.0,5.0,1.0,40.0,40.0,1.0,100.0,1083.1528078653557,1200.1333111148142,6.248958506915514,6.248958506915514,1.0,3.0,5.0,20.0,2,,,,15.0,40.0,25.0,4.0,31.269230769230766,39.03846153846153,5.423076923076924,12.26923076923077,3.6666666666666665,5.0,2.6666666666666665,4.25,2.0,2.8,3.5,2.6666666666666665,2.6666666666666665,6.333333333333333,5.5,7.0,3.0,4.5,3.5,4.0,3.75,3.25,5.0,3.75,3.75,4.0,3.5,3.25,1.0,2.0
2,4,2.0,28.0,2.0,1.0,1.0,5.0,3.0,21.0,21.0,1.0,100.0,1145.6423929345108,1269.371771371438,12.589476845434184,12.589476845434184,1.0,1.0,1.0,0.0,2,,,,37.5,2.0,1.0,1.0,36.047619047619044,43.738095238095234,3.666666666666666,13.547619047619047,2.8333333333333335,2.0,3.0,2.5,1.6666666666666667,2.2,4.75,4.666666666666667,4.333333333333333,5.666666666666667,6.25,5.333333333333333,3.3333333333333335,4.0,4.0,4.5,3.5,3.0,3.0,2.5,3.0,3.25,3.0,3.75,3.0,2.0
2,4,1.0,53.0,3.0,1.0,1.0,5.0,1.0,40.0,40.0,1.0,100.0,2082.9861689718377,2307.948675220796,12.017227897914449,12.017227897914449,1.0,3.0,1.0,0.0,2,,,,24.0,0.0,0.0,6.0,60.0,0.0,0.0,15.0,3.5,4.0,3.1666666666666665,3.5,3.6666666666666665,2.6,4.25,1.9999999999999998,2.6666666666666665,5.666666666666667,5.5,6.333333333333333,3.0,2.75,3.75,2.5,2.75,3.25,3.75,3.5,3.5,3.5,3.25,3.5,4.0,2.0
2,4,1.0,67.0,1.0,1.0,1.0,1.0,4.0,10.0,20.0,3.0,200.0,41.659723379436855,46.158973504415826,0.9613782318331558,0.4806891159165776,3.0,3.0,6.0,4.0,2,,,,6.0,6.0,4.0,4.0,30.0,30.0,20.0,20.0,3.1666666666666665,4.0,2.8333333333333335,3.5,3.6666666666666665,3.0,3.25,4.0,1.3333333333333333,6.0,5.5,6.0,2.3333333333333335,3.75,4.0,4.0,3.5,3.0,3.75,2.75,3.25,3.25,3.5,2.75,3.0,6.0
2,4,2.0,62.0,4.0,1.0,1.0,5.0,1.0,40.0,60.0,3.0,150.0,4165.9723379436755,4615.897350441592,24.034455795828897,16.0229705305526,2.0,4.0,1.0,0.0,2,,,,12.0,30.0,10.0,8.0,20.0,50.0,16.666666666666664,13.333333333333334,4.166666666666667,4.0,2.6666666666666665,3.0,4.0,3.2,4.25,3.6666666666666665,5.666666666666667,5.333333333333333,6.25,6.0,2.3333333333333335,4.5,5.0,3.0,2.5,3.25,3.75,3.5,4.0,4.25,3.5,3.0,3.0,6.0
2,4,1.0,55.0,1.0,2.0,1.0,5.0,2.0,40.0,60.0,3.0,150.0,3749.3751041493083,4154.307615397433,21.631010216246008,14.420673477497338,3.0,3.0,7.0,15.0,2,,,,20.0,30.0,10.0,10.0,31.333333333333332,23.696969696969695,11.757575757575758,29.15151515151515,3.8333333333333335,3.0,3.0,2.5,3.0,3.0,4.25,1.666666666666667,4.333333333333333,4.0,5.5,5.5,1.6666666666666667,3.75,4.5,2.5,3.0,3.5,3.25,2.75,3.0,3.25,2.5,3.0,3.0,6.0
2,4,1.0,44.0,1.0,2.0,1.0,1.0,5.0,40.0,50.0,3.0,125.0,2416.263956007332,2677.220463256124,13.93998436158076,11.15198748926461,3.0,2.0,1.0,50.0,2,,,,6.0,20.0,12.0,12.0,12.0,50.0,24.0,24.0,3.1666666666666665,4.0,3.0,2.75,2.6666666666666665,2.2,4.0,4.333333333333333,2.6666666666666665,4.0,5.75,5.666666666666667,2.6666666666666665,3.75,4.5,3.5,2.75,3.5,2.5,3.25,2.5,3.5,3.0,3.5,4.0,4.0
2,4,1.0,36.0,3.0,3.0,1.0,1.0,3.0,40.0,70.0,3.0,175.0,1874.6875520746541,2077.1538076987167,10.815505108123004,6.180288633213145,1.0,1.0,1.0,0.0,2,,,,0.0,0.0,0.0,0.0,0.0,0.0,0.0,0.0,3.5,4.0,2.6666666666666665,3.0,1.6666666666666667,2.8,3.25,1.666666666666667,3.3333333333333335,3.6666666666666665,6.5,6.0,2.0,3.0,4.0,3.0,2.75,4.25,4.0,3.75,2.75,2.25,1.6666666666666667,2.6666666666666665,2.8,7.0
2,4,1.0,28.0,3.0,3.0,1.0,1.0,4.0,10.0,20.0,3.0,200.0,41.659723379436855,46.158973504415826,0.9613782318331558,0.4806891159165776,1.0,1.0,1.0,0.0,2,,,,0.0,20.0,0.0,0.0,0.0,100.0,0.0,0.0,2.6666666666666665,4.0,3.3333333333333335,2.5,2.6666666666666665,2.4,2.5,6.0,4.666666666666667,5.333333333333333,5.5,4.666666666666667,3.3333333333333335,1.75,3.0,3.75,2.0,2.75,3.5,3.5,3.0,3.25,3.25,3.5,4.0,7.0
2,4,2.0,24.0,2.0,1.0,1.0,1.0,2.0,40.0,40.0,1.0,100.0,999.8333611064822,1107.815364105982,5.768269390998936,5.768269390998936,1.0,1.0,1.0,0.0,2,,,,2.0,30.0,1.0,1.0,5.0,75.0,2.5,2.5,3.6666666666666665,2.0,3.1666666666666665,2.25,1.3333333333333333,2.4,3.25,3.6666666666666665,2.0,6.333333333333333,6.0,6.333333333333333,3.3333333333333335,3.5,3.0,4.5,1.5,3.5,3.5,3.0,2.5,4.0,3.25,3.75,4.0,7.0
2,4,1.0,31.0,1.0,2.0,1.0,1.0,3.0,40.0,40.0,1.0,100.0,999.8333611064822,1107.815364105982,5.768269390998936,5.768269390998936,1.0,1.0,1.0,0.0,2,,,,0.0,45.0,2.0,4.0,40.0,34.5,9.75,8.75,3.5,4.0,2.6666666666666665,4.25,4.666666666666667,2.6,4.5,1.3333333333333335,4.666666666666667,5.333333333333333,6.0,7.0,3.0,4.75,4.75,5.0,3.75,3.75,4.25,3.0,3.5,3.5,2.75,2.5,3.0,7.0
2,4,1.0,34.0,1.0,1.0,1.0,1.0,2.0,36.0,36.0,1.0,100.0,1249.7917013831027,1384.7692051324777,8.0114852652763,8.0114852652763,1.0,3.0,1.0,0.0,2,,,,0.0,26.0,6.0,4.0,0.0,72.22222222222221,16.666666666666664,11.11111111111111,3.8333333333333335,3.0,2.6666666666666665,3.0,3.6666666666666665,3.0,2.25,2.6666666666666665,2.6666666666666665,4.0,4.5,6.0,1.3333333333333333,2.75,1.75,4.5,2.25,4.25,4.0,4.5,3.5,4.75,3.25,3.25,2.0,7.0
2,4,2.0,41.0,3.0,1.0,1.0,1.0,3.0,40.0,60.0,3.0,150.0,1458.0903182802865,1615.564072654557,8.412059528540114,5.608039685693411,1.0,1.0,1.0,0.0,2,,,,0.0,30.0,15.0,15.0,0.0,50.0,25.0,25.0,3.0,1.0,2.6666666666666665,3.25,2.0,2.2,3.75,1.9999999999999998,4.666666666666667,7.0,5.5,5.0,3.3333333333333335,4.0,4.25,3.0,2.5,3.5,3.0,3.0,3.0,3.0,3.5,3.5,4.0,7.0
2,4,2.0,28.0,2.0,1.0,1.0,2.0,4.0,40.0,50.0,3.0,125.0,833.1944675887353,923.1794700883186,4.8068911591657795,3.8455129273326225,1.0,5.0,3.0,20.0,2,,,,20.0,20.0,20.0,10.0,40.36363636363636,24.909090909090907,14.436363636363637,15.090909090909092,3.5,2.0,3.5,1.5,2.6666666666666665,2.0,3.5,1.666666666666667,5.666666666666667,4.0,5.5,5.333333333333333,3.3333333333333335,3.5,4.0,4.0,3.5,3.0,3.25,2.25,3.75,2.75,3.0,3.5,4.0,7.0
2,4,2.0,33.0,3.0,1.0,1.0,1.0,2.0,40.0,40.0,1.0,100.0,1012.3312781203131,1121.663056157307,5.8403727583864224,5.8403727583864224,1.0,1.0,1.0,0.0,2,,,,2.0,50.0,10.0,2.0,27.5,56.5,9.0,7.0,3.6666666666666665,4.0,2.3333333333333335,4.75,3.3333333333333335,3.0,2.75,2.3333333333333335,2.6666666666666665,5.333333333333333,4.75,4.666666666666667,2.3333333333333335,3.0,2.0,1.75,2.5,3.75,3.0,2.75,3.0,3.5,3.5,3.0,2.0,7.0
2,4,1.0,35.0,1.0,3.0,1.0,7.0,3.0,40.0,40.0,1.0,100.0,1983.0028328611897,2197.167138810198,11.440400958814555,11.440400958814555,1.0,1.0,1.0,0.0,2,,,,0.0,35.0,0.0,5.0,0.0,87.5,0.0,12.5,3.3333333333333335,5.0,3.1666666666666665,3.75,4.666666666666667,3.4,2.75,4.0,6.333333333333332,2.3333333333333335,2.75,3.0,4.0,3.75,1.5,4.0,2.5,3.25,2.5,4.0,2.75,4.0,3.25,3.5,4.0,7.0
2,4,1.0,29.0,2.0,1.0,1.0,1.0,3.0,40.0,40.0,1.0,100.0,1958.0069988335276,2169.471754707549,11.296194224039583,11.296194224039583,1.0,2.0,1.0,0.0,2,,,,1.0,33.0,2.0,4.0,2.5000000000000036,82.5,5.0,10.0,3.1666666666666665,4.0,2.8333333333333335,3.5,4.0,2.8,3.25,1.666666666666667,2.3333333333333335,4.333333333333333,5.25,6.333333333333333,1.6666666666666667,4.75,3.5,3.5,2.75,3.5,4.0,3.5,3.25,4.5,3.25,2.75,1.0,7.0
2,4,1.0,37.0,3.0,1.0,1.0,1.0,3.0,20.0,20.0,1.0,100.0,208.29861689718382,230.79486752207958,2.4034455795828897,2.4034455795828897,1.0,3.0,3.0,40.0,2,,,,1.0,30.0,0.0,0.0,48.83333333333333,31.166666666666668,10.666666666666666,8.333333333333332,2.6666666666666665,5.0,2.5,3.5,2.6666666666666665,1.8,4.0,4.333333333333333,3.6666666666666665,6.666666666666667,6.0,6.666666666666667,2.6666666666666665,4.0,4.5,5.0,4.0,2.75,4.25,3.75,2.75,3.0,3.0,3.5,3.0,7.0
2,4,1.0,26.0,3.0,1.0,1.0,1.0,3.0,18.0,18.0,1.0,100.0,458.2569571738045,507.7487085485752,5.875089194535954,5.8750891945359545,1.0,1.0,1.0,0.0,2,,,,1.0,6.0,1.0,2.0,5.555555555555561,33.33333333333333,5.555555555555555,11.11111111111111,3.8333333333333335,3.0,2.8333333333333335,3.6666666666666665,2.6666666666666665,2.8,3.25,4.666666666666667,5.666666666666667,6.333333333333333,6.0,5.0,3.6666666666666665,4.75,3.0,4.25,3.0,3.25,3.75,4.333333333333333,3.5,3.0,4.0,3.0,2.2,7.0
2,4,2.0,38.0,1.0,1.0,1.0,1.0,1.0,40.0,40.0,1.0,100.0,2082.9861689718377,2307.948675220796,12.017227897914449,12.017227897914449,1.0,2.0,1.0,0.0,2,,,,2.0,30.0,2.0,2.0,5.0,75.0,5.0,5.0,3.0,4.0,3.1666666666666665,2.5,2.0,3.4,3.0,5.333333333333333,5.0,5.666666666666667,4.5,5.0,3.0,2.75,2.75,4.0,2.5,3.0,3.0,3.25,2.75,4.0,3.25,3.25,2.0,7.0
2,4,2.0,30.0,2.0,1.0,1.0,1.0,3.0,40.0,50.0,3.0,125.0,1916.3472754540908,2123.3127812031325,11.055849666081293,8.844679732865036,1.0,1.0,1.0,0.0,2,,,,1.5,45.0,0.0,0.5,3.0,90.0,0.0,1.0000000000000018,3.6666666666666665,1.0,2.1666666666666665,3.0,1.6666666666666667,3.8,3.75,2.3333333333333335,1.0,5.0,6.0,4.0,3.3333333333333335,1.25,5.0,2.75,4.0,3.5,4.5,3.25,3.0,1.75,3.5,3.25,4.0,3.0
2,4,2.0,32.0,2.0,1.0,1.0,1.0,2.0,20.0,35.0,3.0,175.0,541.5764039326775,600.0666555574071,6.248958506915514,3.57083343252315,1.0,1.0,1.0,0.0,2,,,,0.0,33.0,0.0,2.0,0.0,94.28571428571428,0.0,5.714285714285715,3.0,2.0,2.6666666666666665,2.25,1.6666666666666667,2.2,3.75,4.333333333333333,3.6666666666666665,6.0,5.75,6.0,3.3333333333333335,3.5,4.0,3.0,3.5,3.25,3.25,2.75,3.0,3.75,3.25,2.5,3.0,3.0
1,3,1.0,51.0,3.0,1.0,4.0,5.0,3.0,40.0,40.0,1.0,100.0,3500.0,3094.0,20.192307692307693,20.192307692307693,3.0,2.0,1.0,0.0,2,,,,0.0,10.0,10.0,80.0,42.638297872340424,14.794326241134751,15.294326241134751,26.421985815602838,1.1666666666666667,5.0,3.1666666666666665,2.75,3.0,1.6,3.5,2.6666666666666665,2.3333333333333335,4.0,5.75,4.333333333333333,2.0,2.0,3.25,1.25,3.75,2.75,2.0,4.25,2.5,3.5,3.25,2.75,4.0,13.0
1,3,1.0,34.0,2.0,1.0,4.0,7.0,3.0,40.0,50.0,3.0,125.0,3100.0,2740.4,17.884615384615383,14.307692307692307,1.0,3.0,1.0,0.0,2,,,,15.0,30.0,2.0,5.0,11.134920634920636,68.16114561766736,11.047619047619047,10.031746031746032,3.5,4.0,2.6666666666666665,3.75,3.3333333333333335,3.6,2.5,4.333333333333333,3.6666666666666665,4.666666666666667,5.0,6.333333333333333,3.0,3.0,2.0,2.75,2.5,3.25,3.5,2.5,3.25,3.75,3.5,3.0,4.0,8.0
1,3,2.0,29.0,2.0,1.0,4.0,2.0,3.0,35.0,35.0,1.0,100.0,4000.0,3536.0,26.373626373626376,26.373626373626376,1.0,1.0,1.0,0.0,2,,,,1.0,20.0,9.0,5.0,2.8571428571428577,57.14285714285714,25.71428571428571,14.285714285714285,3.6666666666666665,5.0,3.1666666666666665,3.0,3.0,3.0,3.25,3.3333333333333335,2.0,4.666666666666667,5.0,6.0,4.333333333333333,3.25,3.5,4.25,2.75,3.0,4.0,3.25,3.5,4.25,3.25,3.0,1.0,11.0
1,3,1.0,41.0,2.0,1.0,4.0,5.0,6.0,40.0,40.0,1.0,100.0,3800.0,3359.2,21.923076923076923,21.923076923076923,2.0,3.0,1.0,0.0,2,,,,35.0,5.0,0.0,5.0,24.638297872340424,58.794326241134755,8.794326241134751,6.921985815602838,4.166666666666667,5.0,2.6666666666666665,3.0,3.6666666666666665,3.0,4.75,3.3333333333333335,1.3333333333333333,3.3333333333333335,4.5,4.0,3.6666666666666665,1.25,4.25,3.5,3.75,1.75,1.2499999999999998,2.0,2.25,2.0,3.25,3.0,4.0,10.0
1,3,1.0,56.0,2.0,2.0,7.0,9.0,1.0,40.0,40.0,1.0,100.0,1200.0,1060.8,6.9230769230769225,6.923076923076922,1.0,4.0,1.0,0.0,2,,,,6.0,10.0,3.0,2.0,15.0,25.0,7.5,5.0,3.8333333333333335,5.0,2.5,4.75,4.666666666666667,2.75,3.75,3.0,1.6666666666666667,2.6666666666666665,5.666666666666667,7.0,1.3333333333333333,4.25,4.0,4.5,3.75,3.5,4.25,2.5,4.0,3.5,3.5,2.75,3.0,12.0
1,3,2.0,26.0,2.0,1.0,4.0,1.0,3.0,35.0,35.0,1.0,100.0,3300.0,2917.2,21.75824175824176,21.75824175824176,1.0,2.0,1.0,0.0,2,,,,4.0,28.0,1.0,2.0,11.42857142857143,80.0,2.8571428571428577,5.714285714285715,4.0,5.0,2.8333333333333335,4.25,4.333333333333333,4.0,3.25,5.0,3.6666666666666665,6.333333333333333,6.0,6.666666666666667,3.0,3.0,3.25,3.25,2.75,3.0,3.0,4.25,2.5,2.25,3.75,3.25,4.0,9.0
1,3,1.0,36.0,1.0,2.0,4.0,1.0,3.0,40.0,50.0,3.0,125.0,5000.0,4420.0,28.846153846153847,23.076923076923077,1.0,1.0,5.0,10.0,2,,,,10.0,30.0,0.0,20.0,39.532467532467535,36.15584415584416,7.818181818181818,13.766233766233766,3.0,2.0,3.3333333333333335,2.75,3.6666666666666665,2.0,4.5,5.0,4.0,4.666666666666667,6.0,5.666666666666667,2.0,3.0,4.75,4.5,4.0,3.75,3.25,4.0,3.5,2.0,2.75,2.75,3.0,8.0
1,3,2.0,29.0,1.0,1.0,4.0,4.0,3.0,40.0,40.0,1.0,100.0,5000.0,4420.0,28.846153846153847,28.846153846153847,1.0,1.0,1.0,0.0,2,,,,3.0,35.0,0.0,2.0,7.4999999999999964,87.5,0.0,5.0,4.333333333333333,5.0,2.6666666666666665,5.0,3.6666666666666665,3.6,3.25,1.666666666666667,1.0,5.666666666666667,6.0,6.333333333333333,1.6666666666666667,3.5,3.5,3.75,3.5,3.25,3.0,1.75,3.25,4.5,3.25,2.25,3.0,8.0
1,3,2.0,26.0,2.0,1.0,4.0,7.0,2.0,20.0,45.0,3.0,225.0,1100.0,972.4000000000001,12.692307692307692,5.6410256410256405,3.0,1.0,3.0,15.0,2,,,,10.0,15.0,10.0,10.0,22.22222222222222,33.33333333333333,22.22222222222222,22.22222222222222,2.8333333333333335,5.0,2.5,2.25,3.3333333333333335,2.4,4.5,2.3333333333333335,5.333333333333333,5.666666666666667,6.25,7.0,2.3333333333333335,4.75,5.0,4.0,3.5,2.75,4.5,3.0,4.5,3.25,3.75,3.25,3.0,9.0
1,3,1.0,31.0,2.0,1.0,4.0,1.0,3.0,30.0,50.0,3.0,166.66666666666669,2050.0,1812.1999999999998,15.76923076923077,9.461538461538462,1.0,1.0,1.0,0.0,2,,,,2.0,40.0,0.0,8.0,4.0,80.0,0.0,16.0,2.6666666666666665,4.0,3.5,2.0,2.0,2.0,4.25,5.333333333333333,4.333333333333333,4.666666666666667,3.0,1.3333333333333333,5.0,2.0,2.75,3.5,2.75,3.25,3.25,3.25,2.0,1.5,2.25,3.75,4.0,9.0
1,3,1.0,30.0,2.0,1.0,4.0,1.0,3.0,40.0,40.0,1.0,100.0,2800.0,2475.2,16.153846153846153,16.153846153846153,1.0,1.0,1.0,0.0,2,,,,0.0,40.0,0.0,2.0,46.5,33.0,5.499999999999999,15.0,4.0,4.0,2.6666666666666665,4.25,3.3333333333333335,4.0,2.5,5.0,5.0,4.666666666666667,3.5,4.666666666666667,3.3333333333333335,3.25,3.25,4.5,3.0,3.5,3.25,3.5,3.75,4.0,4.25,2.75,1.0,8.0
1,3,1.0,31.0,2.0,1.0,4.0,1.0,3.0,40.0,40.0,1.0,100.0,4728.78,4180.24152,27.28142307692308,27.281423076923083,1.0,2.0,1.0,0.0,2,,,,4.0,28.0,4.0,4.0,10.0,70.0,10.0,10.0,4.166666666666667,4.0,2.5,4.0,4.0,3.2,3.25,4.333333333333333,5.0,5.0,6.0,6.0,2.6666666666666665,3.75,4.0,3.25,2.5,3.5,4.0,3.25,2.5,4.0,3.75,1.75,1.0,8.0
1,3,2.0,55.0,3.0,1.0,6.0,6.0,2.0,2.0,2.0,1.0,100.0,600.0000000000002,530.4000000000001,69.23076923076923,69.23076923076923,1.0,1.0,2.0,40.0,2,,,,4.0,4.0,5.0,1.0,46.81818181818182,15.81818181818182,6.909090909090909,21.909090909090907,4.5,5.0,2.3333333333333335,4.75,4.666666666666667,3.2,1.75,3.3333333333333335,5.333333333333333,6.666666666666667,5.75,7.0,2.6666666666666665,4.0,4.25,3.0,2.5,3.75,4.5,2.6666666666666665,4.0,4.75,3.0,3.3333333333333335,2.6,12.0
1,3,1.0,34.0,1.0,2.0,6.0,2.0,2.0,40.0,40.0,1.0,100.0,3500.0,3094.0,20.192307692307693,20.192307692307693,1.0,3.0,1.0,0.0,2,,,,6.0,20.0,4.0,10.0,15.0,50.0,10.0,25.0,3.1666666666666665,5.0,2.3333333333333335,4.0,3.3333333333333335,3.2,3.25,3.0,3.3333333333333335,3.6666666666666665,5.25,7.0,1.0,2.25,2.0,2.25,2.0,3.5,2.75,2.0,2.5,3.0,3.75,3.25,2.0,11.0
1,3,1.0,30.0,1.0,1.0,4.0,1.0,3.0,30.0,30.0,1.0,100.0,1970.0,1741.48,15.153846153846155,15.153846153846155,1.0,1.0,1.0,0.0,2,,,,9.0,9.0,5.0,7.0,30.0,30.0,16.666666666666664,23.333333333333332,3.1666666666666665,3.0,3.5,1.25,2.6666666666666665,3.4,3.75,5.333333333333333,5.0,7.0,5.75,6.0,3.6666666666666665,4.75,4.75,4.5,3.5,3.0,4.75,3.0,4.0,4.25,3.75,2.0,3.0,9.0
1,3,2.0,31.0,2.0,1.0,4.0,5.0,3.0,40.0,50.0,3.0,125.0,3500.0,3094.0,20.192307692307693,16.153846153846153,1.0,2.0,1.0,0.0,2,,,,15.0,20.0,10.0,5.0,30.0,40.0,20.0,10.0,3.8333333333333335,5.0,3.0,2.5,3.6666666666666665,3.6,3.25,4.0,2.3333333333333335,6.0,3.75,4.0,3.6666666666666665,3.5,4.25,3.5,4.0,2.25,2.25,1.5,3.0,3.75,3.0,3.75,4.0,9.0
1,3,2.0,77.0,5.0,2.0,4.0,5.0,6.0,10.0,10.0,1.0,100.0,250.0,221.0,5.769230769230769,5.769230769230768,3.0,4.0,4.0,10.0,2,,,,3.0,7.0,0.0,3.0,52.5,14.000000000000004,3.0,11.5,4.5,5.0,2.1666666666666665,4.5,4.666666666666667,3.8,2.25,1.666666666666667,1.0,3.0,5.5,6.333333333333333,1.3333333333333333,3.6666666666666665,3.0,2.75,2.5,4.25,3.25,2.5,4.0,4.25,3.0,3.3333333333333335,1.2000000000000002,10.0
1,3,2.0,32.0,2.0,1.0,4.0,5.0,3.0,40.0,50.0,3.0,125.0,4772.0,4218.448,27.53076923076923,22.024615384615387,1.0,1.0,1.0,0.0,2,,,,6.0,45.0,7.0,3.0,33.577167019027485,21.560253699788582,18.027906976744188,15.780126849894291,1.3333333333333333,1.0,3.3333333333333335,1.5,2.3333333333333335,1.8,3.75,2.6666666666666665,3.6666666666666665,5.333333333333333,6.25,5.333333333333333,3.3333333333333335,2.75,3.75,2.75,3.25,3.25,3.25,3.25,3.75,2.75,3.0,3.75,4.0,8.0
1,3,1.0,39.0,1.0,2.0,6.0,6.0,1.0,40.0,40.0,1.0,100.0,4300.0,3801.2,24.807692307692307,24.807692307692307,1.0,3.0,1.0,0.0,2,,,,30.0,6.0,2.0,2.0,75.0,15.0,5.0,5.0,2.8333333333333335,3.0,2.0,3.25,4.333333333333333,3.0,2.5,4.666666666666667,4.666666666666667,5.333333333333333,5.5,5.0,2.3333333333333335,2.75,3.25,4.0,3.5,3.75,3.0,2.5,2.75,4.0,3.25,3.25,4.0,3.0
1,3,1.0,34.0,3.0,1.0,4.0,2.0,3.0,40.0,40.0,1.0,100.0,3000.0,2652.0,17.307692307692307,17.307692307692307,1.0,1.0,1.0,0.0,2,,,,0.0,35.0,5.0,5.0,43.48086124401914,20.165071770334926,12.727272727272727,20.574162679425836,4.0,3.0,3.1666666666666665,2.75,3.3333333333333335,2.8,4.5,3.0,6.333333333333332,4.333333333333333,5.75,5.333333333333333,3.6666666666666665,2.5,4.5,5.0,3.75,3.0,2.25,2.25,3.75,1.5,3.0,3.75,4.0,8.0
1,3,2.0,51.0,1.0,2.0,4.0,5.0,6.0,40.0,40.0,1.0,100.0,5000.0,4420.0,28.846153846153847,28.846153846153847,2.0,1.0,1.0,0.0,2,,,,15.0,5.0,15.0,5.0,37.5,12.5,37.5,12.5,3.6666666666666665,4.0,2.8333333333333335,4.0,5.0,4.0,3.25,3.0,3.0,4.0,5.0,6.333333333333333,2.3333333333333335,3.25,3.75,3.5,3.25,3.25,2.75,2.25,2.75,4.0,3.0,3.5,4.0,10.0
1,3,1.0,30.0,1.0,1.0,6.0,2.0,3.0,30.0,50.0,3.0,166.66666666666669,2600.0,2298.4,20,12.0,1.0,1.0,1.0,0.0,2,,,,5.0,43.0,2.0,5.0,21.866666666666667,31.999999999999996,18.799999999999997,24.0,3.5,3.0,2.8333333333333335,2.25,1.6666666666666667,3.0,4.5,2.3333333333333335,3.6666666666666665,4.0,5.25,6.666666666666667,2.6666666666666665,3.5,4.75,2.5,3.75,2.5,3.0,3.75,3.0,3.75,3.5,3.25,3.0,12.0
1,3,1.0,55.0,1.0,3.0,4.0,1.0,6.0,40.0,70.0,3.0,175.0,4000.0,3536.0,23.076923076923077,13.186813186813188,3.0,3.0,5.0,35.0,2,,,,35.0,20.0,11.0,4.0,50.0,28.57142857142857,15.714285714285714,5.714285714285715,3.0,3.0,3.0,4.0,3.0,2.4,3.5,2.3333333333333335,1.6666666666666667,3.0,5.75,4.0,2.3333333333333335,2.5,4.75,3.0,3.25,4.0,3.75,3.75,2.75,2.5,2.75,2.75,3.0,5.0
1,3,1.0,39.0,1.0,2.0,4.0,5.0,3.0,30.0,30.0,1.0,100.0,2700.0,2386.8,20.76923076923077,20.76923076923077,1.0,1.0,1.0,0.0,2,,,,10.0,15.0,2.0,3.0,33.33333333333333,50.0,6.666666666666667,10.0,4.5,5.0,2.5,4.75,4.0,3.6,2.75,2.3333333333333335,4.666666666666667,4.666666666666667,5.25,7.0,2.6666666666666665,4.25,3.0,2.5,1.25,4.25,3.75,3.0,3.25,3.0,3.5,2.75,1.0,9.0
1,3,1.0,45.0,1.0,2.0,6.0,5.0,6.0,40.0,40.0,1.0,100.0,6800.0,6011.199999999999,39.23076923076923,39.23076923076923,1.0,4.0,1.0,0.0,2,,,,18.0,14.0,6.0,2.0,45.0,35.0,15.0,5.0,4.166666666666667,3.0,2.8333333333333335,2.25,3.3333333333333335,3.2,2.75,2.6666666666666665,5.666666666666667,6.0,3.75,5.0,3.0,2.75,3.5,3.0,3.5,3.75,3.5,4.75,2.5,2.75,3.25,3.25,2.0,10.0
1,3,2.0,28.0,3.0,1.0,4.0,8.0,3.0,40.0,43.0,3.0,107.5,3700.0,3270.8,21.346153846153847,19.856887298747765,1.0,1.0,1.0,0.0,2,,,,10.0,20.0,0.0,10.0,23.25581395348837,46.51162790697674,0.0,23.25581395348837,3.1666666666666665,4.0,2.6666666666666665,2.75,2.0,3.0,2.75,5.0,2.3333333333333335,6.333333333333333,6.0,6.333333333333333,3.0,4.0,2.25,3.75,2.0,3.75,4.25,2.75,2.75,3.75,3.25,2.5,1.0,9.0
1,3,1.0,25.0,3.0,1.0,4.0,1.0,3.0,30.0,45.0,3.0,150.0,2099.0,1855.516,16.146153846153844,10.764102564102563,1.0,1.0,1.0,0.0,2,,,,0.0,35.0,0.0,10.0,0.0,77.77777777777779,0.0,22.22222222222222,4.5,5.0,2.5,3.5,5.0,4.0,2.25,2.3333333333333335,4.666666666666667,4.333333333333333,5.25,6.666666666666667,2.0,3.0,3.25,3.0,2.75,3.25,4.25,4.25,3.75,4.75,3.5,2.5,2.0,9.0
1,3,1.0,27.0,2.0,1.0,4.0,1.0,3.0,30.0,30.0,1.0,100.0,2400.0,2121.6,18.46153846153846,18.46153846153846,1.0,1.0,1.0,0.0,2,,,,0.0,30.0,0.0,0.0,0.0,100.0,0.0,0.0,4.166666666666667,3.0,2.3333333333333335,5.0,3.3333333333333335,3.6,3.75,1.0,4.333333333333333,5.666666666666667,6.25,7.0,2.3333333333333335,4.5,2.0,3.25,1.75,2.5,2.5,2.6666666666666665,4.0,4.75,3.0,3.3333333333333335,2.2,9.0
1,3,2.0,27.0,3.0,1.0,4.0,6.0,3.0,40.0,45.0,3.0,112.5,3800.0,3359.2,21.923076923076923,19.487179487179485,1.0,2.0,1.0,0.0,2,,,,5.0,25.0,0.0,15.0,11.11111111111111,55.55555555555556,0.0,33.33333333333333,3.1666666666666665,2.0,3.5,3.25,3.3333333333333335,2.6,3.5,6.0,1.0,6.0,5.25,3.3333333333333335,4.666666666666667,3.0,3.5,4.25,4.0,3.0,2.0,2.0,3.75,4.0,3.25,2.75,4.0,9.0
1,3,2.0,36.0,2.0,1.0,4.0,3.0,3.0,40.0,40.0,1.0,100.0,5000.0,4420.0,28.846153846153847,28.846153846153847,1.0,1.0,1.0,0.0,2,,,,25.0,10.0,5.0,5.0,32.0,32.25,12.5,22.5,4.0,4.0,2.3333333333333335,2.25,2.6666666666666665,3.6,3.5,2.3333333333333335,4.666666666666667,5.0,5.5,7.0,1.3333333333333333,2.25,2.75,1.5,2.25,3.25,2.5,2.5,3.0,3.75,4.0,3.75,4.0,8.0
1,3,1.0,38.0,1.0,1.0,4.0,2.0,1.0,30.0,40.0,3.0,133.33333333333331,2800.0,2475.2,21.53846153846154,16.153846153846153,1.0,1.0,1.0,0.0,2,,,,0.0,30.0,5.0,5.0,0.0,75.0,12.5,12.5,4.666666666666667,4.0,3.0,1.75,4.0,2.6,3.75,5.0,5.666666666666667,5.666666666666667,3.0,6.333333333333333,2.6666666666666665,1.6666666666666667,3.75,3.0,3.5,3.25,3.0,3.5,4.0,4.75,3.5,3.6666666666666665,3.2,9.0
1,3,1.0,42.0,1.0,2.0,4.0,1.0,6.0,40.0,40.0,1.0,100.0,4000.0,3536.0,23.076923076923077,23.076923076923077,2.0,2.0,1.0,0.0,2,,,,15.0,5.0,5.0,15.0,37.5,12.5,12.5,37.5,2.5,2.0,3.0,4.75,3.6666666666666665,3.0,2.75,3.3333333333333335,2.6666666666666665,2.0,2.0,3.6666666666666665,3.6666666666666665,2.0,2.75,1.0,3.5,3.25,1.5,2.75,2.25,3.25,2.5,3.75,4.0,6.0
1,3,1.0,30.0,1.0,2.0,4.0,1.0,3.0,30.0,35.0,3.0,116.66666666666667,2200.0,1944.8000000000002,16.923076923076923,14.505494505494505,1.0,1.0,1.0,0.0,2,,,,0.0,32.0,0.0,3.0,0.0,91.42857142857143,0.0,8.571428571428571,3.8,4.0,2.6666666666666665,2.75,4.666666666666667,3.6,3.75,1.9999999999999998,1.0,6.333333333333333,5.75,5.0,2.6666666666666665,4.25,4.0,3.25,2.3333333333333335,3.25,3.0,3.0,2.5,4.25,3.25,2.3333333333333335,2.0,11.0
1,3,1.0,35.0,1.0,1.0,4.0,1.0,3.0,40.0,40.0,1.0,100.0,4770.0,4216.68,27.519230769230766,27.519230769230766,3.0,2.0,1.0,0.0,2,,,,2.5,35.0,1.0,2.0,21.700000000000003,47.400000000000006,10.0,20.4,3.8333333333333335,4.0,2.6666666666666665,4.0,5.0,3.6,2.0,1.3333333333333335,1.0,7.0,5.75,7.0,1.6666666666666667,4.25,1.0,1.75,3.0,3.75,3.75,3.25,2.75,4.0,3.6666666666666665,3.6666666666666665,1.6,10.0
1,3,2.0,29.0,3.0,1.0,4.0,1.0,3.0,30.0,30.0,1.0,100.0,2700.0,2386.8,20.76923076923077,20.76923076923077,1.0,1.0,1.0,0.0,2,,,,0.0,29.0,0.0,1.0,0.0,96.66666666666666,0.0,3.333333333333334,3.6666666666666665,3.0,3.0,2.5,3.3333333333333335,3.2,2.5,5.0,1.6666666666666667,4.666666666666667,3.75,3.3333333333333335,4.666666666666667,1.75,2.5,4.25,2.5,2.25,1.5,2.5,2.25,3.25,3.0,3.75,4.0,9.0
1,3,1.0,34.0,1.0,1.0,4.0,1.0,3.0,40.0,65.0,3.0,162.5,3000.0,2652.0,17.307692307692307,10.650887573964496,1.0,1.0,1.0,0.0,2,,,,0.0,60.0,5.0,0.0,0.0,92.3076923076923,7.6923076923076925,0.0,3.3333333333333335,2.0,3.0,3.25,2.6666666666666665,1.8,4.25,2.3333333333333335,2.3333333333333335,5.0,6.25,6.0,2.0,3.75,4.5,4.25,3.5,3.5,4.25,3.0,2.0,2.75,3.25,1.75,3.0,8.0
1,3,2.0,36.0,4.0,1.0,6.0,4.0,6.0,40.0,40.0,1.0,100.0,3500.0,3094.0,20.192307692307693,20.192307692307693,1.0,3.0,1.0,0.0,2,,,,2.0,3.0,0.0,35.0,5.0,7.5,0.0,87.5,2.3333333333333335,3.0,3.3333333333333335,2.25,3.6666666666666665,2.6,3.0,4.666666666666667,4.333333333333333,4.333333333333333,6.0,4.333333333333333,3.0,4.25,3.5,3.25,2.5,3.75,4.25,3.5,3.75,4.25,3.75,2.0,1.0,13.0
1,3,2.0,30.0,3.0,1.0,4.0,5.0,3.0,30.0,45.0,3.0,150.0,2672.3,2362.3132000000005,20.556153846153848,13.704102564102564,1.0,2.0,5.0,6.0,2,,,,12.0,10.0,10.0,5.0,26.666666666666668,22.22222222222222,22.22222222222222,11.11111111111111,4.166666666666667,4.0,3.0,3.0,2.3333333333333335,3.2,3.75,4.666666666666667,6.333333333333332,5.0,3.5,6.0,2.6666666666666665,4.5,4.75,5.0,4.0,2.25,3.0,2.75,3.5,3.25,2.5,2.75,3.0,9.0
1,3,1.0,30.0,1.0,1.0,4.0,1.0,3.0,25.0,50.0,3.0,200.0,2000.0,1768.0,18.461538461538463,9.230769230769234,1.0,1.0,1.0,0.0,2,,,,5.0,40.0,2.0,5.0,39.8,29.5,5.444444444444445,20.255555555555556,1.1666666666666667,2.0,3.5,1.75,1.6666666666666667,2.4,3.25,1.3333333333333335,1.0,3.0,2.25,2.0,4.333333333333333,2.0,3.25,3.0,3.0,4.0,2.5,3.25,1.75,1.5,3.0,3.75,4.0,11.0
1,3,1.0,39.0,1.0,2.0,4.0,1.0,2.0,40.0,50.0,3.0,125.0,3500.0,3094.0,20.192307692307693,16.153846153846153,3.0,2.0,1.0,0.0,2,,,,10.0,30.0,5.0,5.0,20.0,60.0,10.0,10.0,3.8333333333333335,4.0,2.8333333333333335,2.5,3.3333333333333335,2.8,2.75,5.666666666666667,4.666666666666667,3.3333333333333335,5.5,5.666666666666667,2.0,4.0,4.5,1.5,3.0,3.5,2.0,3.5,3.0,3.5,2.75,3.0,4.0,7.0
1,3,2.0,55.0,3.0,1.0,4.0,5.0,3.0,40.0,55.0,3.0,137.5,2700.0,2386.8,15.576923076923077,11.328671328671328,3.0,2.0,6.0,50.0,2,,,,2.0,35.0,5.0,5.0,3.6363636363636367,63.63636363636364,9.090909090909092,9.090909090909093,4.333333333333333,5.0,2.1666666666666665,5.0,3.0,2.4,3.75,4.333333333333333,3.3333333333333335,4.333333333333333,6.0,6.0,1.0,3.75,3.75,2.0,3.0,3.75,3.5,3.0,2.75,3.75,3.0,4.25,4.0,10.0
1,3,2.0,30.0,1.0,1.0,4.0,2.0,3.0,40.0,40.0,1.0,100.0,5000.0,4420.0,28.846153846153847,28.846153846153847,1.0,1.0,1.0,0.0,2,,,,0.0,35.0,1.0,4.0,0.0,87.5,2.5,10.0,4.666666666666667,4.0,2.5,3.5,4.666666666666667,3.6,2.5,1.9999999999999998,2.6666666666666665,6.666666666666667,6.0,6.333333333333333,3.0,2.5,4.25,5.0,2.75,3.5,4.0,3.0,3.5,4.25,3.0,2.5,1.0,8.0
1,3,1.0,44.0,1.0,1.0,4.0,1.0,6.0,40.0,40.0,1.0,100.0,4400.0,3889.6000000000004,25.384615384615383,25.384615384615383,1.0,2.0,1.0,0.0,2,,,,16.0,4.0,8.0,12.0,40.0,10.0,20.0,30.0,3.3333333333333335,3.0,2.5,3.0,2.3333333333333335,3.0,3.5,1.666666666666667,1.0,6.333333333333333,4.5,4.0,2.6666666666666665,1.5,2.0,3.0,2.75,3.25,2.25,3.75,3.75,3.0,3.0,3.75,4.0,10.0
1,3,1.0,28.0,2.0,1.0,4.0,1.0,3.0,30.0,45.0,3.0,150.0,2875.0,2541.5,22.115384615384617,14.743589743589743,1.0,1.0,1.0,0.0,2,,,,0.0,40.0,0.0,2.0,0.0,88.88888888888889,0.0,4.444444444444445,4.166666666666667,3.0,3.0,3.75,4.0,3.4,3.75,1.666666666666667,2.6666666666666665,4.0,4.25,4.666666666666667,5.0,2.25,1.5,1.75,2.75,1.75,2.0,4.0,3.25,3.0,3.0,3.25,2.0,9.0
1,3,2.0,30.0,3.0,1.0,4.0,5.0,3.0,30.0,45.0,3.0,150.0,3885.2,3434.5168000000003,29.886153846153842,19.92410256410256,1.0,1.0,1.0,0.0,2,,,,3.0,28.0,12.0,2.0,6.666666666666668,62.22222222222223,26.666666666666668,4.444444444444445,4.833333333333333,4.0,2.3333333333333335,3.75,4.333333333333333,3.2,2.25,2.6666666666666665,2.3333333333333335,4.0,6.0,7.0,1.6666666666666667,3.5,3.25,4.5,2.25,4.25,3.75,2.5,2.5,4.25,3.25,3.25,1.0,9.0
1,3,2.0,51.0,1.0,2.0,7.0,8.0,1.0,48.0,48.0,1.0,100.0,3500.0,3094.0,16.826923076923077,16.826923076923077,1.0,1.0,1.0,0.0,2,,,,15.0,15.0,15.0,3.0,31.25,31.25,31.25,6.25,1.1666666666666667,2.0,3.0,3.25,3.3333333333333335,3.4,2.5,3.6666666666666665,2.3333333333333335,4.0,4.0,4.666666666666667,2.6666666666666665,3.5,2.75,1.25,2.75,2.25,3.0,2.0,2.75,4.0,3.5,3.75,4.0,4.0
1,3,1.0,30.0,3.0,1.0,4.0,1.0,3.0,40.0,50.0,3.0,125.0,4352.0,3847.1680000000006,25.107692307692307,20.086153846153845,2.0,4.0,1.0,0.0,2,,,,16.0,16.0,6.0,12.0,32.0,32.0,12.0,24.0,4.0,4.0,2.6666666666666665,4.5,3.3333333333333335,3.6,4.5,4.0,4.0,6.0,6.5,7.0,2.3333333333333335,5.0,3.0,3.5,3.25,3.25,4.0,3.0,3.25,3.5,3.5,2.75,1.0,8.0
1,3,2.0,27.0,2.0,1.0,4.0,13.0,3.0,30.0,30.0,1.0,100.0,2050.0,1812.1999999999998,15.76923076923077,15.76923076923077,1.0,1.0,1.0,0.0,2,,,,0.0,5.0,15.0,10.0,0.0,16.666666666666664,50.0,33.33333333333333,4.0,5.0,1.833333333333333,5.0,4.666666666666667,3.4,2.75,3.3333333333333335,1.0,5.0,5.25,6.666666666666667,1.6666666666666667,3.5,2.0,4.5,2.5,4.0,4.0,2.25,3.5,4.75,3.25,3.25,1.0,9.0
1,3,2.0,35.0,2.0,1.0,4.0,1.0,6.0,40.0,40.0,1.0,100.0,5000.0,4420.0,28.846153846153847,28.846153846153847,3.0,1.0,1.0,0.0,2,,,,2.0,25.0,5.0,8.0,5.0,62.5,12.5,20.0,3.5,4.0,2.8333333333333335,4.0,4.333333333333333,3.4,3.75,4.333333333333333,4.0,5.0,4.75,6.333333333333333,3.0,2.5,3.0,1.5,3.5,2.75,1.2499999999999998,2.0,3.75,4.25,2.75,4.0,4.0,10.0
1,3,2.0,31.0,3.0,1.0,4.0,1.0,3.0,40.0,40.0,1.0,100.0,2700.0,2386.8,15.576923076923077,15.576923076923077,1.0,1.0,1.0,0.0,2,,,,3.0,36.0,3.0,3.0,35.523809523809526,43.351473922902485,2.5804988662131496,21.57142857142857,4.833333333333333,3.0,2.3333333333333335,3.25,3.0,3.2,4.5,3.6666666666666665,5.0,6.0,5.25,3.3333333333333335,7.0,2.75,4.75,3.75,2.5,2.5,1.5,1.5,2.25,1.0,3.0,2.75,4.0,8.0
1,3,2.0,32.0,1.0,1.0,4.0,5.0,3.0,30.0,37.0,3.0,123.33333333333334,2762.0,2441.6079999999997,21.246153846153845,17.226611226611226,1.0,1.0,1.0,0.0,2,,,,9.0,25.0,2.0,5.0,24.666666666666664,41.95238095238095,4.0,18.88095238095238,2.8333333333333335,1.0,2.5,3.0,1.6666666666666667,2.8,3.5,4.333333333333333,5.333333333333333,4.666666666666667,4.0,4.333333333333333,4.333333333333333,2.75,3.0,3.0,2.5,2.25,2.5,2.5,2.25,1.75,3.0,3.0,4.0,9.0
1,3,2.0,28.0,2.0,1.0,4.0,5.0,3.0,30.0,38.0,3.0,126.66666666666666,3400.0,3005.6,26.153846153846153,20.647773279352226,1.0,2.0,1.0,0.0,2,,,,14.0,14.0,0.0,10.0,36.84210526315789,36.84210526315789,0.0,26.31578947368421,4.333333333333333,4.0,2.8333333333333335,3.6666666666666665,3.3333333333333335,3.0,3.0,5.0,3.0,6.666666666666667,5.75,6.0,3.0,4.75,4.25,4.25,3.5,3.75,4.0,2.5,3.5,3.75,4.0,3.0,3.0,9.0
1,3,2.0,32.0,1.0,1.0,4.0,1.0,3.0,40.0,60.0,3.0,150.0,5000.0,4420.0,28.846153846153847,19.23076923076923,1.0,1.0,1.0,0.0,2,,,,3.0,40.0,3.0,14.0,5.0,66.66666666666666,5.0,23.333333333333332,4.5,1.0,3.1666666666666665,3.25,3.6666666666666665,3.8,4.0,2.3333333333333335,3.0,5.0,6.5,6.666666666666667,3.6666666666666665,4.75,5.0,4.75,4.0,3.0,3.0,2.5,4.0,1.75,3.0,3.0,3.0,11.0
1,3,2.0,54.0,3.0,1.0,4.0,5.0,6.0,40.0,50.0,3.0,125.0,3800.0,3359.2,21.923076923076923,17.538461538461537,1.0,3.0,1.0,0.0,2,,,,30.0,5.0,1.0,14.0,60.0,10.0,2.0,28.000000000000004,3.3333333333333335,4.0,2.6666666666666665,2.75,4.0,3.0,3.75,4.666666666666667,2.6666666666666665,6.333333333333333,6.25,6.333333333333333,3.0,3.25,5.0,3.0,2.75,3.5,4.0,2.5,3.0,2.25,4.0,2.5,3.0,10.0
1,3,1.0,36.0,3.0,1.0,4.0,1.0,3.0,40.0,40.0,1.0,100.0,4600.0,4066.3999999999996,26.538461538461537,26.538461538461537,1.0,2.0,1.0,0.0,2,,,,4.0,10.0,10.0,16.0,10.0,25.0,25.0,40.0,4.666666666666667,2.0,3.0,2.5,2.6666666666666665,4.0,3.75,4.0,2.3333333333333335,1.0,2.0,4.666666666666667,2.6666666666666665,3.25,5.0,2.75,3.25,4.75,3.25,4.333333333333333,4.0,4.75,2.25,2.0,1.8,10.0
1,3,1.0,34.0,1.0,2.0,4.0,2.0,3.0,40.0,50.0,3.0,125.0,4351.0,3846.2840000000006,25.10192307692308,20.08153846153846,1.0,1.0,1.0,0.0,2,,,,0.0,25.0,10.0,15.0,0.0,50.0,20.0,30.0,3.5,2.0,3.0,3.5,1.6666666666666667,2.4,4.0,3.6666666666666665,4.333333333333333,5.333333333333333,4.75,5.666666666666667,2.0,4.75,4.75,4.0,3.5,3.75,3.25,2.5,3.75,2.5,3.5,2.75,3.0,8.0
2,2,1.0,32.0,3.0,1.0,1.0,8.0,2.0,40.0,40.0,1.0,100.0,1874.6875520746541,2077.1538076987167,10.815505108123004,10.815505108123004,1.0,2.0,1.0,0.0,2,,,,5.0,20.0,5.0,10.0,12.5,50.0,12.5,25.0,3.5,5.0,2.1666666666666665,4.5,3.3333333333333335,3.0,2.25,3.3333333333333335,2.3333333333333335,4.666666666666667,4.5,5.666666666666667,3.0,3.25,1.75,4.0,2.25,3.75,4.0,3.25,2.5,3.5,3.0,2.75,2.0,7.0
2,2,1.0,35.0,1.0,2.0,1.0,5.0,1.0,56.0,30.0,2.0,53.57142857142857,4165.9723379436755,4615.897350441592,17.16746842559207,32.0459410611052,1.0,1.0,1.0,0.0,2,,,,15.0,15.0,0.0,0.0,50.0,50.0,0.0,0.0,3.0,3.0,2.8333333333333335,3.5,3.3333333333333335,3.6,2.0,1.666666666666667,3.0,1.666666666666667,3.5,4.0,2.5,1.5,1.25,1.0,2.25,3.25,1.2499999999999998,3.0,2.75,4.5,3.0,3.25,2.0,9.0
2,2,2.0,37.0,1.0,3.0,1.0,8.0,1.0,40.0,50.0,3.0,125.0,1478.920179970005,1638.6435594067655,8.53223180751926,6.8257854460154075,1.0,4.0,1.0,0.0,2,,,,34.0,9.0,5.0,5.0,35.68888888888889,29.822222222222223,8.488888888888889,13.777777777777777,3.3333333333333335,4.0,2.5,3.0,4.0,3.0,3.0,1.666666666666667,1.6666666666666667,2.6666666666666665,5.75,7.0,2.6666666666666665,3.75,4.0,4.0,3.0,4.25,4.0,2.25,3.25,4.0,3.0,2.5,3.0,4.0
2,2,1.0,70.0,2.0,1.0,1.0,8.0,1.0,40.0,40.0,1.0,100.0,2082.9861689718377,2307.948675220796,12.017227897914449,12.017227897914449,1.0,2.0,1.0,0.0,2,,,,8.0,20.0,4.0,8.0,20.0,50.0,10.0,20.0,2.6,3.0,3.1666666666666665,3.0,3.0,2.4,3.25,3.0,1.3333333333333333,5.0,5.25,4.666666666666667,2.3333333333333335,3.6666666666666665,3.5,4.0,2.75,3.75,2.75,2.25,3.5,3.0,4.0,2.3333333333333335,1.8,6.0
2,2,2.0,55.0,4.0,2.0,1.0,8.0,1.0,40.0,55.0,3.0,137.5,2916.180636560573,3231.1281453091146,16.824119057080228,12.235722950603801,2.0,5.0,1.0,0.0,2,,,,30.0,20.0,10.0,5.0,36.939393939393945,20.424242424242426,8.484848484848484,11.757575757575758,3.6666666666666665,4.0,2.6666666666666665,3.75,4.666666666666667,3.6,3.25,2.6666666666666665,1.0,5.0,6.0,6.333333333333333,2.6666666666666665,4.75,4.75,3.25,3.75,4.5,3.0,2.0,4.0,4.25,3.0,2.75,3.0,6.0
2,2,1.0,34.0,1.0,2.0,1.0,8.0,2.0,40.0,40.0,1.0,100.0,1999.6667222129645,2215.630728211964,11.536538781997873,11.536538781997873,1.0,3.0,1.0,0.0,2,,,,15.0,8.0,2.0,15.0,37.5,20.0,5.0,37.5,3.3333333333333335,5.0,3.1666666666666665,4.75,3.3333333333333335,2.4,3.25,3.0,5.333333333333333,4.666666666666667,6.0,7.0,2.3333333333333335,4.25,5.0,4.0,2.75,4.25,4.0,4.0,3.0,3.0,3.0,3.0,1.0,4.0
2,2,2.0,50.0,2.0,1.0,1.0,7.0,1.0,40.0,40.0,1.0,100.0,1583.0694884185968,1754.0409931678053,9.133093202414981,9.133093202414981,1.0,1.0,5.0,16.0,2,,,,35.0,0.0,0.0,5.0,87.5,0.0,0.0,12.5,3.0,3.0,3.1666666666666665,1.75,2.0,2.4,2.75,1.3333333333333335,2.0,6.0,5.5,4.666666666666667,2.6666666666666665,3.5,4.0,4.75,3.25,3.5,4.0,2.25,3.5,3.0,3.0,2.5,3.0,2.0
2,2,1.0,67.0,4.0,1.0,1.0,5.0,1.0,40.0,40.0,1.0,100.0,2499.5834027662054,2769.5384102649555,14.420673477497337,14.420673477497337,2.0,5.0,1.0,0.0,2,,,,20.0,10.0,5.0,5.0,50.0,25.0,12.5,12.5,4.0,5.0,2.6666666666666665,4.5,5.0,3.4,4.0,3.0,1.0,3.0,6.0,7.0,3.0,4.0,5.0,4.5,4.0,4.5,5.0,4.0,4.0,5.0,3.0,2.0,1.0,6.0
2,2,2.0,43.0,3.0,2.0,1.0,7.0,1.0,40.0,20.0,2.0,50.0,1458.0903182802865,1615.564072654557,8.412059528540114,16.824119057080228,1.0,3.0,5.0,20.0,2,,,,12.0,2.0,0.0,6.0,60.0,10.0,0.0,30.0,3.1666666666666665,2.0,2.8333333333333335,1.75,2.3333333333333335,2.8,3.0,1.666666666666667,2.0,4.333333333333333,5.75,5.666666666666667,2.6666666666666665,2.0,4.0,4.0,2.0,3.75,4.0,2.25,3.25,4.75,2.5,3.25,2.0,2.0
2,2,2.0,45.0,3.0,2.0,1.0,8.0,1.0,40.0,40.0,1.0,100.0,2291.2847858690216,2538.743542742876,13.218950687705894,13.218950687705894,1.0,4.0,1.0,0.0,2,,,,16.0,16.0,4.0,4.0,40.0,40.0,10.0,10.0,4.0,4.0,2.8333333333333335,3.5,3.3333333333333335,3.4,3.0,4.333333333333333,4.0,6.666666666666667,5.75,6.666666666666667,2.3333333333333335,4.75,2.5,3.5,2.5,3.5,3.75,3.0,4.0,3.5,3.25,2.25,1.0,5.0
2,2,1.0,50.0,2.0,3.0,1.0,5.0,2.0,20.0,20.0,1.0,100.0,1249.7917013831027,1384.7692051324777,14.420673477497337,14.420673477497337,1.0,1.0,6.0,10.0,2,,,,15.0,10.0,6.0,5.0,64.35897435897436,15.410256410256409,4.333333333333333,6.4743589743589745,2.5,4.0,2.5,1.75,3.0,2.6,2.75,2.6666666666666665,1.3333333333333333,4.333333333333333,5.25,5.333333333333333,4.333333333333333,3.0,3.0,3.0,3.0,3.25,3.75,3.5,3.5,4.5,3.5,3.75,2.0,4.0
2,2,1.0,32.0,1.0,2.0,1.0,7.0,2.0,40.0,70.0,3.0,175.0,2499.5834027662054,2769.5384102649555,14.420673477497337,8.240384844284193,1.0,3.0,6.0,80.0,2,,,,15.0,40.0,5.0,10.0,21.428571428571423,57.14285714285714,7.142857142857142,14.285714285714285,1.6666666666666667,4.0,2.5,2.75,2.0,2.0,4.5,3.6666666666666665,3.0,5.333333333333333,5.5,6.333333333333333,3.6666666666666665,3.5,4.0,3.5,4.0,2.75,3.5,2.75,2.75,3.25,2.75,3.0,3.0,4.0
2,2,1.0,36.0,1.0,1.0,1.0,5.0,1.0,40.0,50.0,3.0,125.0,1624.7292117980335,1800.199966672221,9.373437760373271,7.498750208298617,1.0,3.0,7.0,7.0,2,,,,30.0,10.0,5.0,5.0,60.0,20.0,10.0,10.0,3.5,4.0,3.0,3.75,3.0,2.2,3.25,1.666666666666667,1.6666666666666667,3.3333333333333335,5.75,6.666666666666667,3.6666666666666665,2.0,3.5,4.0,2.75,4.25,3.0,2.75,3.25,4.0,3.0,3.0,2.0,4.0
2,2,1.0,44.0,4.0,2.0,1.0,5.0,1.0,40.0,40.0,1.0,100.0,1499.7500416597234,1661.7230461589734,8.652404086498404,8.652404086498404,1.0,1.0,1.0,0.0,2,,,,18.0,20.0,1.0,1.0,45.0,50.0,2.5,2.5,2.8333333333333335,3.0,3.6666666666666665,2.25,2.6666666666666665,2.4,3.75,2.6666666666666665,4.0,1.333333333333333,3.25,3.0,4.0,2.25,2.75,3.0,2.0,3.5,3.5,2.0,3.5,2.25,3.25,2.5,4.0,4.0
2,2,1.0,41.0,1.0,2.0,1.0,5.0,1.0,40.0,60.0,3.0,150.0,1499.7500416597234,1661.7230461589734,8.652404086498404,5.768269390998936,3.0,4.0,7.0,3.0,2,,,,25.0,15.0,15.0,5.0,41.66666666666667,25.0,25.0,8.333333333333332,2.3333333333333335,5.0,2.0,5.0,3.6666666666666665,1.6,4.5,6.0,4.666666666666667,6.333333333333333,6.5,7.0,3.0,2.75,5.0,4.25,3.5,2.25,2.75,2.25,2.5,2.75,4.5,2.3333333333333335,3.0,4.0
2,2,2.0,57.0,1.0,1.0,1.0,7.0,1.0,40.0,40.0,1.0,100.0,2291.2847858690216,2538.743542742876,13.218950687705894,13.218950687705894,1.0,3.0,6.0,22.0,2,,,,20.0,20.0,20.0,10.0,35.733333333333334,34.36666666666667,6.366666666666666,23.53333333333333,3.0,3.0,2.6666666666666665,2.75,2.0,2.8,4.25,4.333333333333333,3.3333333333333335,4.333333333333333,5.5,5.666666666666667,3.0,3.5,4.5,4.0,4.0,3.0,3.0,3.0,3.0,2.75,3.0,3.25,3.0,5.0
2,2,1.0,47.0,2.0,2.0,1.0,4.0,1.0,40.0,40.0,1.0,100.0,2314.405932344609,2564.3617730378264,13.352341917372744,13.352341917372744,1.0,2.0,1.0,0.0,2,,,,15.0,15.0,0.0,10.0,37.5,37.5,0.0,25.0,3.8333333333333335,5.0,2.3333333333333335,4.75,4.333333333333333,3.0,3.0,5.333333333333333,4.333333333333333,6.666666666666667,6.0,6.666666666666667,3.3333333333333335,2.5,2.0,4.5,2.75,2.75,2.5,3.75,3.5,4.75,3.75,3.0,2.0,4.0
2,2,2.0,48.0,1.0,2.0,1.0,5.0,2.0,40.0,40.0,1.0,100.0,1916.3472754540908,2123.3127812031325,11.055849666081293,11.055849666081293,2.0,4.0,1.0,0.0,2,,,,20.0,4.0,2.0,14.0,50.0,10.0,5.0,35.0,3.0,4.0,2.8333333333333335,4.0,3.6666666666666665,2.6,3.5,2.3333333333333335,2.0,4.0,6.25,7.0,2.0,2.25,3.0,3.0,3.0,4.0,3.0,3.5,3.25,3.75,3.25,3.0,2.0,4.0
2,2,2.0,45.0,1.0,1.0,1.0,5.0,1.0,40.0,40.0,1.0,100.0,1249.7917013831027,1384.7692051324777,7.210336738748668,7.210336738748668,1.0,3.0,1.0,0.0,2,,,,10.0,20.0,7.0,3.0,25.0,50.0,17.5,7.5,3.8333333333333335,2.0,3.0,2.5,3.6666666666666665,3.2,4.0,6.0,6.0,6.0,6.0,6.0,2.6666666666666665,3.25,4.0,4.25,3.5,2.75,4.0,3.0,3.25,3.5,3.0,2.5,3.0,7.0
2,2,1.0,51.0,1.0,2.0,1.0,5.0,1.0,40.0,50.0,3.0,125.0,2707.882019663389,3000.3332777870355,15.622396267288783,12.497917013831026,2.0,4.0,1.0,0.0,2,,,,6.0,3.0,3.0,38.0,12.0,6.0,6.0,75.99999999999999,3.0,3.0,3.0,3.25,3.0,2.2,4.0,3.3333333333333335,3.6666666666666665,5.0,5.5,5.666666666666667,3.3333333333333335,3.75,3.5,3.5,3.5,2.5,3.0,2.75,3.5,3.5,3.0,3.25,3.0,5.0
2,2,1.0,46.0,1.0,2.0,1.0,5.0,1.0,40.0,65.0,3.0,162.5,2374.6042326278953,2631.061489751708,13.699639803622475,8.430547571459984,2.0,4.0,1.0,0.0,2,,,,17.0,35.0,10.0,10.0,42.235827664399096,23.68526077097506,11.653933368219082,18.966893424036282,3.8333333333333335,5.0,2.3333333333333335,5.0,4.666666666666667,3.4,2.5,1.666666666666667,2.3333333333333335,3.6666666666666665,5.0,6.666666666666667,1.3333333333333333,3.25,3.0,3.0,2.75,3.75,2.75,1.75,3.0,4.75,3.0,2.5,1.0,5.0
2,2,1.0,36.0,2.0,2.0,1.0,5.0,2.0,40.0,40.0,1.0,100.0,1249.7917013831027,1384.7692051324777,7.210336738748668,7.210336738748668,1.0,1.0,5.0,30.0,2,,,,30.0,0.0,0.0,4.0,88.23529411764706,0.0,0.0,10.0,3.0,4.0,2.3333333333333335,4.5,4.333333333333333,2.2,2.5,1.0,1.0,2.5,5.25,6.333333333333333,1.0,4.75,4.5,3.25,3.0,3.5,2.5,2.5,3.75,4.0,3.25,2.5,3.0,2.0
2,2,2.0,37.0,1.0,2.0,1.0,5.0,1.0,40.0,40.0,1.0,100.0,1249.7917013831027,1384.7692051324777,7.210336738748668,7.210336738748668,1.0,4.0,1.0,0.0,2,,,,20.0,15.0,0.0,0.0,57.14285714285714,37.5,0.0,0.0,2.3333333333333335,5.0,2.6666666666666665,3.75,3.6666666666666665,2.2,3.25,2.3333333333333335,2.0,3.6666666666666665,5.75,6.666666666666667,2.0,2.75,3.25,3.25,3.0,3.25,2.75,2.0,2.75,2.75,3.0,3.25,4.0,3.0
2,2,2.0,56.0,3.0,1.0,1.0,5.0,1.0,40.0,50.0,3.0,125.0,1874.6875520746541,2077.1538076987167,10.815505108123004,8.652404086498404,2.0,4.0,1.0,0.0,2,,,,18.0,19.0,3.0,10.0,36.0,38.0,6.0,20.0,3.1666666666666665,4.0,2.6666666666666665,2.75,2.6666666666666665,2.6,3.0,1.3333333333333335,1.3333333333333333,2.6666666666666665,5.25,6.0,2.3333333333333335,3.25,3.25,3.25,3.25,3.75,4.0,3.5,3.5,3.75,3.25,2.5,1.0,6.0
2,2,1.0,45.0,1.0,3.0,1.0,2.0,1.0,40.0,70.0,3.0,175.0,3541.0764872521245,3923.512747875354,20.429287426454565,11.673878529402609,3.0,4.0,1.0,0.0,2,,,,10.0,40.0,10.0,10.0,14.285714285714285,57.14285714285714,14.285714285714285,14.285714285714285,4.0,4.0,2.8333333333333335,3.25,3.6666666666666665,3.6,3.25,5.0,5.333333333333333,4.666666666666667,5.25,5.333333333333333,1.6666666666666667,3.0,3.5,4.0,3.25,3.5,3.75,2.5,3.25,4.5,2.75,3.0,1.0,5.0
2,2,2.0,41.0,1.0,2.0,1.0,5.0,2.0,20.0,25.0,3.0,125.0,833.1944675887353,923.1794700883186,9.613782318331559,7.691025854665247,1.0,2.0,5.0,20.0,2,,,,15.0,2.0,2.0,6.0,60.0,8.0,8.0,24.0,4.166666666666667,4.0,2.6666666666666665,3.5,3.3333333333333335,2.8,3.5,4.333333333333333,1.6666666666666667,5.0,6.25,6.666666666666667,2.3333333333333335,3.5,3.75,3.75,3.25,3.5,3.5,2.75,2.75,4.75,3.0,2.75,3.0,4.0
2,2,1.0,66.0,1.0,1.0,1.0,3.0,1.0,50.0,50.0,1.0,100.0,3561.9063489418427,3946.592234627561,16.439567764346965,16.439567764346965,3.0,3.0,2.0,4.0,2,,,,20.0,10.0,4.0,6.0,50.0,20.0,8.0,12.0,3.5,5.0,2.5,4.25,4.0,4.0,2.25,2.6666666666666665,2.0,3.6666666666666665,5.25,7.0,1.3333333333333333,2.75,3.5,2.25,2.0,3.75,3.5,4.0,2.5,5.0,3.25,2.5,2.0,5.0
2,2,2.0,50.0,3.0,1.0,1.0,5.0,1.0,40.0,45.0,3.0,112.5,1749.7083819363438,1938.6768871854688,10.094471434248138,8.972863497109456,2.0,4.0,2.0,8.0,2,,,,34.0,2.0,1.0,10.0,26.638297872340424,27.327659574468086,7.327659574468084,33.855319148936175,2.5,4.0,3.6666666666666665,3.75,2.6666666666666665,2.2,2.75,4.333333333333333,3.6666666666666665,5.0,5.0,3.3333333333333335,3.3333333333333335,2.75,2.75,2.75,3.5,1.75,1.2499999999999998,2.5,3.25,2.0,2.5,3.75,4.0,5.0
2,2,1.0,52.0,3.0,1.0,1.0,5.0,1.0,40.0,40.0,1.0,100.0,2499.5834027662054,2769.5384102649555,14.420673477497337,14.420673477497337,1.0,2.0,1.0,0.0,2,,,,16.0,22.0,0.0,2.0,40.0,55.00000000000001,0.0,5.0,2.6666666666666665,1.0,3.0,1.75,2.3333333333333335,3.4,4.25,6.0,5.333333333333333,5.666666666666667,5.5,6.666666666666667,3.0,3.5,4.5,5.0,4.0,2.5,3.0,3.5,2.75,2.5,3.25,3.5,3.0,5.0
2,2,2.0,49.0,1.0,2.0,1.0,5.0,1.0,40.0,40.0,1.0,100.0,1249.7917013831027,1384.7692051324777,7.210336738748668,7.210336738748668,2.0,2.0,5.0,20.0,2,,,,30.0,5.0,5.0,5.0,46.25,14.5,7.25,23.25,3.8333333333333335,3.0,2.5,4.0,3.3333333333333335,2.2,3.25,1.3333333333333335,2.3333333333333335,4.666666666666667,6.25,6.0,2.0,4.0,4.25,4.5,3.0,4.25,3.5,3.0,3.25,3.5,2.75,2.25,1.0,4.0
2,2,1.0,45.0,1.0,2.0,1.0,5.0,1.0,40.0,60.0,3.0,150.0,1249.7917013831027,1384.7692051324777,7.210336738748668,4.806891159165778,1.0,3.0,1.0,0.0,2,,,,15.0,20.0,5.0,20.0,25.0,33.33333333333333,8.333333333333332,33.33333333333333,4.166666666666667,5.0,2.5,4.75,4.666666666666667,2.6,2.0,5.0,5.0,4.0,5.0,7.0,2.6666666666666665,3.25,3.75,2.5,4.0,3.25,4.0,2.75,2.75,4.5,4.0,2.75,3.0,4.0
2,2,1.0,59.0,2.0,1.0,1.0,7.0,1.0,40.0,25.0,2.0,62.5,1583.0694884185968,1754.0409931678053,9.133093202414981,14.61294912386397,1.0,2.0,5.0,25.0,2,,,,25.0,2.0,0.0,1.0,59.0,18.0,5.5,12.0,2.6666666666666665,4.0,3.0,2.5,2.6666666666666665,2.6,3.75,4.0,3.3333333333333335,5.0,4.75,4.666666666666667,3.3333333333333335,2.75,2.75,3.25,3.0,2.75,2.75,3.0,3.0,2.5,2.5,3.5,4.0,4.0
2,2,1.0,49.0,1.0,2.0,1.0,5.0,2.0,40.0,40.0,1.0,100.0,1333.1111481419762,1477.0871521413096,7.691025854665247,7.691025854665247,1.0,3.0,1.0,0.0,2,,,,18.0,18.0,3.0,1.0,45.0,45.0,7.5,2.5,2.5,4.0,2.3333333333333335,5.0,5.0,2.4,1.75,1.3333333333333335,2.0,4.666666666666667,5.75,7.0,2.3333333333333335,1.75,1.0,2.5,2.75,3.0,2.75,3.5,3.0,3.75,3.25,3.25,2.0,4.0
2,2,1.0,44.0,2.0,1.0,1.0,5.0,2.0,40.0,50.0,3.0,125.0,1666.3889351774703,1846.3589401766371,9.613782318331559,7.691025854665247,1.0,2.0,1.0,0.0,2,,,,20.0,20.0,5.0,5.0,40.0,40.0,10.0,10.0,2.6666666666666665,3.0,3.0,2.75,3.3333333333333335,2.0,3.75,5.5,6.0,6.0,6.0,6.333333333333333,1.0,3.5,3.75,3.75,2.75,3.5,2.5,1.75,2.75,2.75,3.5,4.0,4.0,4.0
2,2,2.0,60.0,1.0,1.0,1.0,5.0,1.0,60.0,60.0,1.0,100.0,2916.180636560573,3231.1281453091146,11.216079371386819,11.216079371386819,2.0,4.0,1.0,0.0,2,,,,20.0,20.0,10.0,10.0,33.33333333333333,33.33333333333333,16.666666666666664,16.666666666666664,3.3333333333333335,5.0,2.0,4.25,4.0,2.6,3.0,1.3333333333333335,1.6666666666666667,3.6666666666666665,6.0,6.666666666666667,3.0,2.5,3.5,3.25,3.75,3.5,2.5,2.5,3.25,4.25,3.0,2.5,3.0,6.0
2,2,1.0,37.0,1.0,1.0,1.0,5.0,4.0,2.0,8.0,3.0,400.0,66.65555740709897,73.8543576070656,7.691025854665248,1.9227564636663121,1.0,1.0,6.0,72.0,2,,,,8.0,50.0,10.0,12.0,35.47619047619048,43.666666666666664,6.238095238095238,8.476190476190476,3.0,3.0,2.8333333333333335,3.25,1.6666666666666667,2.2,3.75,5.0,4.0,5.0,5.25,6.666666666666667,2.0,4.0,4.75,4.5,4.0,3.5,3.25,2.75,3.75,3.75,3.75,2.75,3.0,2.0
2,2,2.0,49.0,1.0,2.0,1.0,5.0,1.0,40.0,60.0,3.0,150.0,1874.6875520746541,2077.1538076987167,10.815505108123004,7.210336738748669,2.0,5.0,1.0,0.0,2,,,,15.0,20.0,10.0,15.0,25.0,33.33333333333333,16.666666666666664,25.0,2.6666666666666665,3.0,3.5,2.5,3.6666666666666665,1.8,4.0,1.9999999999999998,1.0,5.666666666666667,6.5,6.333333333333333,3.3333333333333335,3.75,5.0,4.75,3.75,3.25,3.5,2.0,3.75,3.0,3.5,2.25,3.0,4.0
2,2,2.0,31.0,2.0,2.0,1.0,5.0,2.0,40.0,40.0,1.0,100.0,1249.7917013831027,1384.7692051324777,7.210336738748668,7.210336738748668,1.0,1.0,1.0,0.0,2,,,,30.0,3.0,1.0,4.0,78.94736842105263,7.5,2.5,10.0,3.0,5.0,2.6666666666666665,5.0,4.666666666666667,3.4,2.0,3.3333333333333335,1.0,6.0,7.0,6.0,2.6666666666666665,2.75,1.75,2.0,2.75,3.0,3.0,2.25,3.5,4.75,3.0,3.25,2.0,3.0
2,2,1.0,52.0,1.0,1.0,1.0,5.0,1.0,48.0,65.0,3.0,135.41666666666669,2916.180636560573,3231.1281453091146,14.020099214233523,10.353304035126294,2.0,3.0,1.0,0.0,2,,,,15.0,30.0,5.0,20.0,34.61025641025641,18.676923076923075,10.138461538461538,20.75897435897436,4.666666666666667,4.0,2.5,3.25,4.333333333333333,4.0,4.0,1.666666666666667,1.0,2.6666666666666665,5.75,7.0,2.0,2.25,4.0,2.75,3.5,2.5,3.0,2.5,3.5,3.75,3.5,3.0,3.0,6.0
2,2,2.0,46.0,1.0,4.0,1.0,5.0,1.0,40.0,40.0,1.0,100.0,1874.6875520746541,2077.1538076987167,10.815505108123004,10.815505108123004,2.0,3.0,1.0,0.0,2,,,,15.0,18.0,2.0,5.0,37.5,45.0,5.0,12.5,4.333333333333333,4.0,3.6666666666666665,2.5,4.0,2.6,3.0,4.666666666666667,3.3333333333333335,5.666666666666667,6.25,7.0,2.0,4.25,4.5,3.75,2.25,4.0,2.5,1.5,3.25,2.25,3.0,3.5,4.0,4.0
2,2,2.0,44.0,1.0,1.0,1.0,5.0,2.0,20.0,30.0,3.0,150.0,654.057657057157,724.6958840193302,7.546819119890276,5.031212746593514,1.0,1.0,3.0,20.0,2,,,,27.0,0.0,1.0,2.0,90.0,0.0,3.333333333333334,6.666666666666668,2.3333333333333335,2.0,3.1666666666666665,2.0,2.0,2.0,3.25,1.3333333333333335,2.6666666666666665,3.0,5.75,6.333333333333333,2.0,3.0,3.0,3.5,3.25,2.75,3.25,2.5,3.25,2.75,3.0,3.25,4.0,4.0
2,2,1.0,38.0,3.0,1.0,1.0,5.0,2.0,20.0,20.0,1.0,100.0,499.9166805532411,553.907682052991,5.768269390998936,5.768269390998936,2.0,4.0,2.0,48.0,2,,,,10.0,5.0,5.0,5.0,54.5,22.41666666666667,5.5,17.583333333333332,2.3333333333333335,3.0,2.6666666666666665,4.25,2.0,2.6,4.5,1.9999999999999998,1.0,4.0,5.75,3.6666666666666665,5.0,2.75,5.0,4.75,2.75,3.0,4.5,3.25,2.5,2.5,2.5,3.0,3.0,4.0
2,2,2.0,40.0,2.0,1.0,1.0,5.0,5.0,40.0,84.0,3.0,210.0,1262.2896183969337,1398.6168971838026,7.282440106136155,3.4678286219695984,2.0,4.0,1.0,20.0,2,,,,40.0,12.0,12.0,20.0,47.61904761904761,14.285714285714285,14.285714285714285,23.809523809523807,2.0,2.0,2.6666666666666665,2.0,3.3333333333333335,2.0,4.25,2.6666666666666665,1.3333333333333333,6.0,6.25,7.0,2.3333333333333335,4.25,4.5,5.0,3.75,3.75,3.5,3.5,3.25,2.5,2.5,2.75,3.0,4.0
2,2,1.0,38.0,1.0,2.0,1.0,1.0,2.0,40.0,40.0,1.0,100.0,3124.479253457757,3461.9230128311947,18.025841846871675,18.025841846871675,1.0,2.0,1.0,0.0,2,,,,17.5,22.5,5.0,2.0,40.0,25.0,13.1,15.4,4.333333333333333,4.0,2.6666666666666665,4.75,4.333333333333333,4.0,2.25,2.6666666666666665,1.3333333333333333,4.666666666666667,4.0,7.0,1.6666666666666667,3.5,3.25,1.5,2.5,4.0,2.75,3.0,1.75,4.5,3.25,2.0,2.0,4.0
2,2,2.0,40.0,1.0,2.0,1.0,5.0,1.0,40.0,40.0,1.0,100.0,1333.1111481419762,1477.0871521413096,7.691025854665247,7.691025854665247,1.0,3.0,7.0,40.0,2,,,,35.0,0.0,0.0,5.0,87.5,0.0,0.0,12.5,2.8333333333333335,4.0,2.5,5.0,4.666666666666667,2.4,3.5,5.666666666666667,1.3333333333333333,5.0,6.0,6.333333333333333,3.0,1.75,4.25,4.25,2.75,4.5,2.5,1.5,3.25,4.25,2.75,3.75,4.0,2.0
2,2,2.0,74.0,1.0,3.0,1.0,5.0,1.0,4.0,4.0,1.0,100.0,124.97917013831011,138.47692051324793,7.21033673874867,7.21033673874867,1.0,1.0,1.0,0.0,2,,,,1.0,8.0,0.0,0.0,62.0,10.0,6.666666666666667,6.666666666666666,2.1666666666666665,4.0,2.5,4.25,3.0,1.8,4.0,1.9999999999999998,1.0,6.333333333333333,6.25,6.666666666666667,4.0,3.0,3.25,4.25,4.75,2.5,2.75,1.75,3.25,2.75,3.75,2.75,4.0,6.0
2,2,1.0,32.0,2.0,1.0,1.0,8.0,2.0,20.0,20.0,1.0,100.0,833.1944675887353,923.1794700883186,9.613782318331559,9.613782318331559,1.0,2.0,2.0,20.0,2,,,,16.0,4.0,0.0,0.0,80.0,20.0,0.0,0.0,3.5,4.0,2.5,3.5,3.3333333333333335,2.0,3.0,1.9999999999999998,2.0,3.0,4.5,5.5,1.0,4.0,3.5,3.5,3.5,4.0,2.0,3.0,3.0,4.0,4.0,3.0,2.0,3.0
2,2,1.0,55.0,1.0,1.0,1.0,8.0,4.0,4.0,4.0,1.0,100.0,166.63889351774696,184.63589401766376,9.613782318331559,9.613782318331559,1.0,1.0,6.0,50.0,2,,,,8.0,2.0,2.0,0.0,58.794871794871796,18.666666666666664,5.666666666666666,11.871794871794872,3.3333333333333335,5.0,2.5,5.0,3.6666666666666665,2.2,3.75,4.333333333333333,5.0,7.0,6.25,7.0,3.0,3.0,3.75,2.25,4.0,3.0,2.75,2.5,3.75,4.25,3.5,3.0,3.0,4.0
2,2,2.0,47.0,4.0,3.0,1.0,7.0,2.0,20.0,20.0,1.0,100.0,624.8958506915515,692.3846025662388,7.210336738748668,7.210336738748668,1.0,1.0,5.0,0.0,2,,,,12.0,0.0,0.0,0.0,60.0,0.0,0.0,0.0,2.6666666666666665,3.0,3.3333333333333335,2.5,1.6666666666666667,2.2,3.75,6.333333333333333,1.3333333333333333,5.0,5.75,5.333333333333333,2.6666666666666665,3.0,3.75,4.75,3.75,2.75,1.2499999999999998,2.0,3.5,3.5,3.0,2.5,4.0,3.0
2,2,1.0,42.0,1.0,2.0,1.0,5.0,1.0,40.0,40.0,1.0,100.0,1333.1111481419762,1477.0871521413096,7.691025854665247,7.691025854665247,1.0,3.0,1.0,0.0,2,,,,20.0,10.0,0.0,10.0,50.0,25.0,0.0,25.0,2.8,5.0,2.5,4.75,3.3333333333333335,2.6,4.75,1.3333333333333335,2.0,2.0,6.5,6.666666666666667,1.0,3.5,3.75,5.0,4.0,2.5,1.5,3.0,3.0,3.25,2.5,2.5,3.0,4.0
2,2,2.0,40.0,2.0,2.0,1.0,5.0,2.0,40.0,50.0,3.0,125.0,1708.0486585569074,1892.517913681053,9.85412687628985,7.883301501031879,1.0,3.0,2.0,5.0,2,,,,20.0,18.0,5.0,5.0,40.0,36.0,10.0,10.0,3.1666666666666665,3.0,3.3333333333333335,2.75,3.0,2.2,4.0,4.333333333333333,3.6666666666666665,4.666666666666667,5.75,5.333333333333333,3.0,3.75,3.25,2.5,3.25,3.25,3.0,1.75,3.25,3.25,3.25,3.0,4.0,5.0
2,2,2.0,43.0,1.0,2.0,1.0,5.0,1.0,40.0,40.0,1.0,100.0,2291.2847858690216,2538.743542742876,13.218950687705894,13.218950687705894,4.0,4.0,1.0,0.0,2,,,,13.0,10.0,5.0,12.0,32.5,25.0,12.5,30.0,2.1666666666666665,4.0,3.0,3.5,3.0,2.4,3.75,3.0,2.3333333333333335,4.333333333333333,5.25,5.333333333333333,2.0,3.25,3.75,4.0,3.75,3.3333333333333335,3.0,2.5,3.5,3.25,3.0,3.0,3.0,4.0
2,2,2.0,60.0,1.0,1.0,1.0,4.0,1.0,40.0,50.0,3.0,125.0,1916.3472754540908,2123.3127812031325,11.055849666081293,8.844679732865036,1.0,1.0,5.0,4.0,2,,,,30.0,10.0,10.0,5.0,27.46153846153846,24.871794871794872,10.376923076923077,24.666666666666668,2.5,4.0,3.1666666666666665,1.75,2.6666666666666665,1.6,3.5,1.666666666666667,1.0,5.333333333333333,6.0,7.0,3.0,5.0,4.75,3.75,3.75,3.75,3.75,3.0,3.5,5.0,3.0,2.0,1.0,5.0
2,2,2.0,46.0,1.0,2.0,1.0,5.0,1.0,60.0,60.0,1.0,100.0,2582.902849525079,2861.8563572737876,9.934241728942613,9.934241728942613,1.0,5.0,5.0,0.0,2,,,,30.0,8.0,12.0,10.0,50.0,13.333333333333336,20.0,16.666666666666664,2.6666666666666665,4.0,2.6666666666666665,3.0,2.3333333333333335,1.8,3.5,3.0,1.0,3.0,6.5,6.666666666666667,3.0,3.5,4.25,4.25,2.75,4.0,3.0,2.75,3.5,4.5,3.25,2.5,3.0,5.0
2,2,2.0,43.0,1.0,2.0,1.0,5.0,2.0,40.0,60.0,3.0,150.0,2082.9861689718377,2307.948675220796,12.017227897914449,8.0114852652763,3.0,3.0,1.0,0.0,2,,,,26.0,10.0,20.0,4.0,43.333333333333336,16.666666666666664,33.33333333333333,6.666666666666668,3.3333333333333335,5.0,2.5,4.0,4.0,3.0,4.0,2.3333333333333335,3.3333333333333335,3.6666666666666665,6.25,7.0,1.6666666666666667,4.0,4.0,3.0,3.5,3.75,3.75,3.25,3.75,4.5,3.5,2.25,1.0,5.0
2,2,1.0,51.0,2.0,1.0,1.0,5.0,1.0,40.0,80.0,3.0,200.0,2499.5834027662054,2769.5384102649555,14.420673477497337,7.210336738748668,2.0,5.0,1.0,0.0,2,,,,20.0,10.0,10.0,30.0,25.0,12.5,12.5,37.5,3.8333333333333335,5.0,2.5,4.0,4.0,4.2,3.5,3.6666666666666665,5.0,4.0,4.5,5.0,4.0,3.0,2.75,3.25,3.75,3.75,2.0,3.0,4.0,4.75,3.0,2.75,3.0,5.0
2,2,2.0,26.0,1.0,1.0,1.0,5.0,4.0,3.0,3.0,1.0,100.0,199.96667222129645,221.56307282119633,15.382051709330497,15.382051709330497,1.0,1.0,6.0,42.0,2,,,,5.0,0.5,0.0,0.0,44.08333333333333,34.06666666666666,7.5,10.35,4.25,4.0,2.3333333333333335,5.0,4.333333333333333,3.4,3.5,3.0,3.6666666666666665,3.6666666666666665,6.0,6.666666666666667,1.0,4.0,3.5,2.75,3.0,4.0,4.25,3.5,4.0,4.75,3.75,2.5,1.0,8.0
2,2,1.0,61.0,1.0,1.0,1.0,5.0,1.0,40.0,10.0,2.0,25.0,1666.3889351774703,1846.3589401766371,9.613782318331559,38.455129273326236,2.0,5.0,1.0,0.0,2,,,,15.0,10.0,0.0,25.0,52.5,12.500000000000004,5.5,30.5,3.6666666666666665,3.0,3.0,5.0,4.333333333333333,2.4,2.5,1.666666666666667,1.6666666666666667,3.0,4.5,4.0,2.3333333333333335,2.0,3.5,2.75,4.25,3.5,3.5,2.5,3.0,3.5,3.0,2.75,4.0,4.0
2,2,1.0,38.0,1.0,2.0,1.0,5.0,2.0,28.0,28.0,1.0,100.0,874.8541909681719,969.3384435927344,7.21033673874867,7.21033673874867,1.0,2.0,6.0,60.0,2,,,,8.0,4.0,4.0,2.0,28.57142857142857,14.285714285714285,14.285714285714285,7.142857142857142,3.1666666666666665,5.0,2.6666666666666665,4.0,4.0,2.8,1.75,1.666666666666667,3.3333333333333335,1.666666666666667,5.5,6.333333333333333,1.3333333333333333,4.5,4.25,3.0,3.25,4.0,2.75,3.0,3.75,4.25,4.25,2.75,1.0,4.0
2,2,1.0,59.0,1.0,1.0,1.0,5.0,1.0,40.0,40.0,1.0,100.0,1249.7917013831027,1384.7692051324777,7.210336738748668,7.210336738748668,1.0,2.0,2.0,10.0,2,,,,30.0,10.0,5.0,2.0,68.0,9.333333333333336,6.999999999999999,14.833333333333332,2.5,1.0,3.3333333333333335,2.75,2.3333333333333335,2.4,4.5,2.3333333333333335,1.0,1.0,6.0,6.666666666666667,2.0,2.25,5.0,3.75,3.5,3.25,3.0,2.5,2.75,2.25,3.25,3.5,4.0,5.0
2,2,1.0,35.0,2.0,1.0,1.0,1.0,2.0,40.0,60.0,3.0,150.0,1458.0903182802865,1615.564072654557,8.412059528540114,5.608039685693411,3.0,3.0,3.0,40.0,2,,,,10.0,10.0,10.0,30.0,16.666666666666664,16.666666666666664,16.666666666666664,50.0,3.1666666666666665,3.0,3.1666666666666665,2.5,3.6666666666666665,3.2,4.0,3.0,3.0,3.0,4.5,5.666666666666667,3.0,3.5,3.75,3.75,3.25,3.0,3.0,2.5,3.25,3.0,3.0,2.5,3.0,5.0
2,2,2.0,47.0,3.0,1.0,1.0,8.0,1.0,40.0,40.0,1.0,100.0,1166.4722546242292,1292.4512581236459,6.729647622832092,6.729647622832092,1.0,2.0,5.0,3.0,2,,,,25.0,14.0,1.0,0.0,62.5,35.0,2.5,0.0,3.0,4.0,2.5,4.0,3.6666666666666665,2.2,2.75,1.0,1.3333333333333333,2.0,4.75,4.666666666666667,1.0,2.0,1.25,2.25,2.25,3.25,2.75,3.0,3.0,3.75,3.0,2.5,2.0,4.0
2,2,2.0,26.0,2.0,1.0,1.0,5.0,3.0,30.0,45.0,3.0,150.0,708.2152974504249,784.7025495750709,5.447809980387884,3.63187332025859,1.0,2.0,1.0,0.0,2,,,,0.0,45.0,6.0,5.0,11.866666666666667,48.41212121212121,23.454545454545453,10.266666666666666,2.5,3.0,2.3333333333333335,4.5,3.0,1.8,3.75,1.3333333333333335,2.6666666666666665,6.666666666666667,6.5,7.0,3.3333333333333335,4.0,4.0,4.5,3.75,4.0,4.5,3.75,3.5,2.0,3.75,3.25,3.0,7.0
2,2,1.0,49.0,3.0,1.0,1.0,4.0,1.0,40.0,40.0,1.0,100.0,3749.3751041493083,4154.307615397433,21.631010216246008,21.631010216246008,4.0,5.0,1.0,0.0,2,,,,12.0,10.0,5.0,13.0,30.0,25.0,12.5,32.5,4.0,4.0,2.6666666666666665,4.0,4.0,4.2,2.75,4.0,4.0,4.666666666666667,5.75,7.0,3.0,2.0,2.3333333333333335,3.25,3.0,3.5,2.5,2.0,3.0,3.75,3.0,2.0,2.4,5.0
2,2,3.0,35.0,2.0,3.0,1.0,1.0,3.0,40.0,55.0,3.0,137.5,2707.882019663389,3000.3332777870355,15.622396267288783,11.361742739846388,3.0,1.0,1.0,0.0,2,,,,10.0,20.0,20.0,5.0,18.181818181818183,36.36363636363637,36.36363636363637,9.090909090909093,3.1666666666666665,2.0,3.1666666666666665,1.75,3.0,2.6,3.75,2.6666666666666665,3.0,6.333333333333333,6.0,7.0,2.0,4.75,4.75,4.0,3.25,4.0,4.5,3.25,3.0,2.75,2.5,2.75,3.0,7.0
2,2,2.0,37.0,2.0,1.0,1.0,4.0,2.0,40.0,48.0,3.0,120.0,2499.5834027662054,2769.5384102649555,14.420673477497337,12.017227897914447,1.0,4.0,2.0,5.0,2,,,,10.0,30.0,5.0,0.0,20.833333333333336,62.5,10.416666666666668,0.0,4.0,5.0,3.0,4.5,4.333333333333333,3.6,3.5,2.6666666666666665,4.0,6.0,6.0,6.0,3.0,2.75,5.0,5.0,4.0,3.75,3.75,2.5,3.5,4.5,3.75,1.5,3.0,3.0
2,2,1.0,42.0,2.0,1.0,1.0,4.0,1.0,40.0,40.0,1.0,100.0,2124.6458923512746,2354.107648725212,12.257572455872738,12.257572455872738,1.0,1.0,3.0,4.0,2,,,,20.0,20.0,1.0,0.0,69.64285714285714,17.5,3.5,9.357142857142856,1.8333333333333333,2.0,2.8333333333333335,1.5,2.3333333333333335,2.2,4.0,1.3333333333333335,1.0,6.333333333333333,5.75,4.333333333333333,4.333333333333333,4.0,4.25,4.25,3.5,4.0,4.0,2.75,2.25,2.0,3.0,2.25,3.0,4.0
2,2,2.0,61.0,2.0,3.0,1.0,4.0,2.0,40.0,40.0,1.0,100.0,2291.2847858690216,2538.743542742876,13.218950687705894,13.218950687705894,1.0,3.0,1.0,0.0,2,,,,20.0,5.0,5.0,10.0,50.0,12.5,12.5,25.0,3.8333333333333335,5.0,2.3333333333333335,5.0,5.0,4.0,3.25,1.0,1.0,4.333333333333333,6.25,6.666666666666667,3.0,3.5,3.0,4.5,3.25,4.0,5.0,4.0,4.0,5.0,2.0,3.0,1.0,4.0
2,2,1.0,60.0,1.0,3.0,1.0,4.0,2.0,20.0,40.0,3.0,200.0,1041.4930844859189,1153.974337610398,12.017227897914449,6.008613948957224,2.0,4.0,1.0,0.0,2,,,,5.0,10.0,10.0,10.0,12.5,25.0,25.0,25.0,2.6666666666666665,2.0,3.0,3.0,3.0,2.6,3.75,3.0,3.6666666666666665,4.333333333333333,5.75,6.333333333333333,2.0,3.5,3.75,2.5,3.25,3.0,3.0,3.25,2.75,4.0,3.0,4.0,4.0,5.0
2,2,2.0,65.0,3.0,1.0,1.0,5.0,1.0,40.0,50.0,3.0,125.0,1458.0903182802865,1615.564072654557,8.412059528540114,6.729647622832092,1.0,4.0,4.0,5.0,2,,,,25.0,15.0,5.0,5.0,50.0,30.0,10.0,10.0,2.5,3.0,2.8333333333333335,3.25,3.3333333333333335,2.6,3.5,1.9999999999999998,3.0,5.333333333333333,6.0,6.0,2.3333333333333335,3.25,3.5,1.75,2.75,4.0,2.75,2.75,3.0,3.75,3.25,2.5,2.0,4.0
2,2,1.0,46.0,1.0,2.0,1.0,8.0,1.0,40.0,40.0,1.0,100.0,1499.7500416597234,1661.7230461589734,8.652404086498404,8.652404086498404,1.0,4.0,5.0,12.0,2,,,,26.0,4.0,5.0,5.0,65.0,10.0,12.5,12.5,3.1666666666666665,4.0,3.3333333333333335,3.5,3.6666666666666665,3.6,3.75,4.333333333333333,4.0,4.0,5.75,6.0,2.0,3.0,2.75,3.25,4.0,3.0,3.5,3.25,3.25,4.5,3.75,3.0,2.0,4.0
2,2,1.0,46.0,1.0,1.0,1.0,5.0,1.0,40.0,40.0,1.0,100.0,1874.6875520746541,2077.1538076987167,10.815505108123004,10.815505108123004,1.0,3.0,1.0,0.0,2,,,,20.0,10.0,5.0,5.0,50.0,25.0,12.5,12.5,3.5,4.0,3.3333333333333335,2.25,4.0,2.4,4.25,4.333333333333333,3.0,5.333333333333333,6.25,7.0,3.0,4.0,4.25,4.5,4.0,3.75,3.25,2.25,3.5,3.75,2.75,2.75,3.0,5.0
2,2,2.0,45.0,1.0,4.0,1.0,5.0,1.0,40.0,40.0,1.0,100.0,1874.6875520746541,2077.1538076987167,10.815505108123004,10.815505108123004,1.0,3.0,1.0,0.0,2,,,,18.0,17.0,1.0,4.0,45.0,42.5,2.5,10.0,3.1666666666666665,3.0,3.6666666666666665,2.5,3.3333333333333335,2.8,5.0,5.0,4.666666666666667,6.666666666666667,6.5,5.666666666666667,3.0,3.75,5.0,4.0,3.25,2.75,2.75,2.75,3.0,3.5,3.5,3.0,3.0,4.0
2,2,2.0,46.0,3.0,1.0,1.0,5.0,2.0,40.0,80.0,3.0,200.0,1249.7917013831027,1384.7692051324777,7.210336738748668,3.6051683693743346,1.0,4.0,1.0,0.0,2,,,,30.0,30.0,5.0,20.0,30.68108974358974,13.730769230769226,5.126602564102566,30.17467948717949,2.5,3.0,3.0,4.5,4.0,2.0,4.25,4.0,4.0,4.333333333333333,5.5,5.666666666666667,3.0,2.75,3.75,2.5,3.0,3.5,3.25,4.0,3.5,3.75,3.0,2.5,1.0,4.0
2,2,2.0,62.0,5.0,1.0,1.0,5.0,1.0,40.0,40.0,1.0,100.0,1249.7917013831027,1384.7692051324777,7.210336738748668,7.210336738748668,1.0,3.0,5.0,42.0,2,,,,20.0,10.0,0.0,10.0,50.0,25.0,0.0,25.0,2.6666666666666665,4.0,3.3333333333333335,3.5,3.3333333333333335,2.8,3.25,4.0,3.3333333333333335,5.333333333333333,5.75,5.666666666666667,2.6666666666666665,3.0,3.75,3.0,3.25,2.75,2.75,3.0,2.75,3.75,3.25,3.25,4.0,4.0
2,2,2.0,44.0,1.0,2.0,1.0,5.0,1.0,40.0,40.0,1.0,100.0,1437.260456590568,1592.4845859023494,8.29188724956097,8.29188724956097,2.0,4.0,5.0,12.0,2,,,,30.0,4.0,3.0,3.0,75.0,10.0,7.5,7.5,3.0,2.0,2.8333333333333335,4.0,2.6666666666666665,3.0,4.0,5.333333333333333,3.3333333333333335,5.666666666666667,5.25,5.0,4.0,3.0,3.5,2.5,3.25,3.0,3.5,3.75,2.5,3.5,2.5,3.5,4.0,4.0
2,2,1.0,42.0,1.0,1.0,1.0,5.0,2.0,40.0,60.0,3.0,150.0,1666.3889351774703,1846.3589401766371,9.613782318331559,6.409188212221039,1.0,1.0,1.0,0.0,2,,,,30.0,20.0,10.0,0.0,50.0,33.33333333333333,16.666666666666664,0.0,4.666666666666667,5.0,2.8333333333333335,3.5,3.6666666666666665,4.2,4.0,1.3333333333333335,3.0,5.0,6.25,7.0,3.0,4.0,4.5,4.75,3.75,2.25,3.5,2.5,3.25,4.0,3.75,2.75,3.0,4.0
2,2,2.0,41.0,1.0,2.0,1.0,1.0,1.0,40.0,40.0,1.0,100.0,1249.7917013831027,1384.7692051324777,7.210336738748668,7.210336738748668,3.0,3.0,1.0,0.0,2,,,,5.0,25.0,5.0,5.0,12.5,62.5,12.5,12.5,2.8333333333333335,4.0,2.8333333333333335,3.25,3.6666666666666665,2.8,2.25,2.6666666666666665,3.0,4.333333333333333,4.0,4.666666666666667,2.6666666666666665,3.5,3.5,3.75,2.75,2.75,2.5,2.25,3.0,3.0,2.75,3.0,4.0,4.0
2,2,1.0,36.0,3.0,1.0,1.0,4.0,2.0,40.0,40.0,1.0,100.0,1666.3889351774703,1846.3589401766371,9.613782318331559,9.613782318331559,1.0,4.0,1.0,0.0,2,,,,0.0,20.0,5.0,15.0,0.0,50.0,12.5,37.5,3.0,4.0,2.1666666666666665,3.25,4.0,2.6,3.0,2.3333333333333335,3.6666666666666665,2.6666666666666665,4.0,7.0,1.3333333333333333,1.5,2.25,2.0,3.5,2.5,2.0,2.5,2.25,2.5,2.75,4.0,4.0,7.0
2,2,2.0,36.0,2.0,1.0,1.0,5.0,2.0,40.0,70.0,3.0,175.0,1041.4930844859189,1153.974337610398,6.008613948957224,3.433493685118414,1.0,4.0,1.0,0.0,2,,,,20.0,20.0,20.0,10.0,28.57142857142857,28.57142857142857,28.57142857142857,14.285714285714285,3.3333333333333335,4.0,2.8333333333333335,4.5,4.333333333333333,2.6,4.75,1.666666666666667,2.6666666666666665,2.3333333333333335,6.25,6.666666666666667,1.3333333333333333,4.75,5.0,3.75,3.5,3.75,2.25,2.5,3.5,3.25,3.25,3.5,3.0,4.0
2,2,1.0,57.0,1.0,2.0,1.0,7.0,1.0,60.0,60.0,1.0,100.0,2082.9861689718377,2307.948675220796,8.0114852652763,8.0114852652763,1.0,4.0,1.0,0.0,2,,,,20.0,37.0,1.0,2.0,33.33333333333333,61.66666666666667,1.666666666666666,3.333333333333334,3.5,4.0,2.6666666666666665,4.75,4.0,2.8,3.0,3.0,3.0,4.0,5.25,5.666666666666667,2.6666666666666665,3.0,3.0,3.5,2.25,3.5,4.0,2.75,2.75,3.75,3.0,2.25,2.0,5.0
2,2,2.0,35.0,2.0,2.0,1.0,5.0,2.0,20.0,30.0,3.0,150.0,666.5555740709881,738.5435760706548,7.691025854665247,5.127350569776832,1.0,4.0,2.0,35.0,2,,,,19.0,9.0,1.0,1.0,63.33333333333333,30.0,3.333333333333334,3.333333333333334,2.3333333333333335,4.0,2.3333333333333335,5.0,5.0,2.2,4.5,4.0,2.3333333333333335,6.0,6.25,7.0,2.6666666666666665,5.0,4.5,4.0,3.5,3.0,2.75,1.75,3.25,4.5,2.25,2.25,3.0,3.0
2,2,2.0,52.0,1.0,2.0,1.0,8.0,2.0,20.0,26.0,3.0,130.0,749.8750208298618,830.8615230794867,8.652404086498404,6.655695451152619,1.0,2.0,1.0,0.0,2,,,,20.0,2.0,0.0,1.0,76.92307692307693,7.692307692307693,0.0,3.8461538461538467,4.0,4.0,2.5,5.0,4.666666666666667,3.0,2.5,5.333333333333333,6.0,4.0,5.0,5.333333333333333,3.0,3.0,4.0,3.25,3.0,3.0,3.0,3.75,2.75,4.0,3.75,3.5,4.0,4.0
2,2,2.0,63.0,1.0,3.0,3.0,7.0,1.0,40.0,40.0,1.0,100.0,2916.180636560573,3231.1281453091146,16.824119057080228,16.824119057080228,2.0,5.0,6.0,20.0,2,,,,20.0,20.0,0.0,10.0,47.27272727272727,29.772727272727273,7.818181818181818,16.136363636363637,3.8333333333333335,5.0,2.1666666666666665,5.0,4.333333333333333,3.0,2.25,1.0,1.0,5.666666666666667,5.5,6.666666666666667,2.3333333333333335,4.666666666666667,3.5,4.25,3.5,4.25,5.0,4.0,4.0,4.75,3.0,2.6666666666666665,0.9999999999999998,5.0
2,2,2.0,43.0,1.0,2.0,1.0,5.0,1.0,40.0,50.0,3.0,125.0,1308.1153141143143,1449.39176803866,7.546819119890276,6.0374552959122205,1.0,4.0,3.0,6.0,2,,,,16.0,6.0,10.0,18.0,32.0,12.0,20.0,36.0,2.8333333333333335,3.0,2.8333333333333335,2.75,2.6666666666666665,1.8,4.25,1.666666666666667,1.6666666666666667,4.333333333333333,6.5,6.666666666666667,2.6666666666666665,3.25,4.75,4.5,3.5,3.75,2.5,1.5,3.0,2.25,2.75,3.25,4.0,4.0
2,2,2.0,37.0,1.0,1.0,1.0,5.0,2.0,40.0,50.0,3.0,125.0,1208.131978003666,1338.610231628062,6.96999218079038,5.575993744632305,1.0,2.0,5.0,6.0,2,,,,40.0,4.0,4.0,2.0,80.0,8.0,8.0,4.0,3.3333333333333335,5.0,3.1666666666666665,2.25,3.6666666666666665,2.2,3.25,1.666666666666667,2.0,5.666666666666667,6.0,6.666666666666667,3.0,3.75,4.25,3.75,3.5,4.5,4.0,3.0,2.75,4.0,2.75,2.75,3.0,2.0
2,2,2.0,38.0,1.0,2.0,1.0,5.0,2.0,40.0,52.0,3.0,130.0,1541.40976503916,1707.8820196633892,8.892748644456693,6.840575880351304,1.0,3.0,6.0,12.0,2,,,,15.0,20.0,4.5,10.0,28.846153846153843,38.46153846153847,8.653846153846153,19.230769230769234,3.0,4.0,2.5,2.5,2.6666666666666665,2.2,3.75,2.3333333333333335,4.0,6.0,5.75,6.333333333333333,1.6666666666666667,4.5,4.25,3.5,3.25,4.0,3.75,2.25,3.25,4.25,3.25,2.5,1.0,4.0
2,2,1.0,39.0,1.0,2.0,1.0,5.0,1.0,20.0,30.0,3.0,150.0,666.5555740709881,738.5435760706548,7.691025854665247,5.127350569776832,1.0,2.0,5.0,30.0,2,,,,15.0,13.0,1.0,1.0,50.0,43.333333333333336,3.333333333333334,3.333333333333334,3.1666666666666665,4.0,2.8333333333333335,1.75,3.3333333333333335,2.6,2.75,1.9999999999999998,2.0,4.333333333333333,5.25,6.0,2.3333333333333335,3.0,3.5,3.0,3.0,4.0,4.0,2.5,3.0,3.75,2.75,3.5,4.0,4.0
2,2,2.0,29.0,3.0,1.0,1.0,4.0,2.0,8.0,12.0,3.0,150.0,229.12847858690202,253.87435427428773,6.609475343852948,4.4063168959019645,1.0,2.0,2.0,45.0,2,,,,5.0,1.0,1.0,2.0,41.66666666666667,8.333333333333336,8.333333333333332,16.666666666666664,2.6666666666666665,4.0,2.8333333333333335,4.5,3.0,3.0,3.75,5.0,5.0,6.0,5.25,5.0,2.6666666666666665,4.0,4.25,4.25,4.25,3.0,3.25,2.75,3.25,3.5,3.25,2.75,3.0,2.0
2,2,2.0,43.0,3.0,1.0,1.0,5.0,1.0,40.0,60.0,3.0,150.0,1249.7917013831027,1384.7692051324777,7.210336738748668,4.806891159165778,2.0,4.0,1.0,0.0,2,,,,40.0,10.0,0.0,10.0,66.66666666666666,16.666666666666664,0.0,16.666666666666664,2.8333333333333335,3.0,3.3333333333333335,1.75,2.0,3.0,4.75,3.0,2.3333333333333335,4.666666666666667,5.5,6.333333333333333,2.0,3.0,4.0,4.0,4.0,3.0,2.5,2.75,3.25,4.75,3.5,3.25,3.0,4.0
2,2,1.0,45.0,1.0,2.0,1.0,5.0,1.0,40.0,60.0,3.0,150.0,1874.6875520746541,2077.1538076987167,10.815505108123004,7.210336738748669,2.0,4.0,3.0,10.0,2,,,,10.0,10.0,2.0,28.0,16.666666666666664,16.666666666666664,3.333333333333334,46.66666666666666,2.8333333333333335,3.0,3.0,2.75,3.6666666666666665,2.6,4.25,1.9999999999999998,3.0,4.333333333333333,5.25,5.666666666666667,2.3333333333333335,3.75,3.5,3.5,3.5,3.0,3.0,3.0,3.25,3.5,3.25,2.75,3.0,5.0
2,2,2.0,37.0,2.0,2.0,1.0,1.0,2.0,40.0,40.0,1.0,100.0,1458.0903182802865,1615.564072654557,8.412059528540114,8.412059528540114,1.0,1.0,1.0,0.0,2,,,,8.0,35.0,2.0,2.0,31.5,48.5,6.999999999999999,13.0,3.0,3.0,3.3333333333333335,2.25,4.0,2.8,4.25,5.666666666666667,5.333333333333333,5.666666666666667,5.5,5.0,3.3333333333333335,2.25,4.0,3.75,3.25,2.25,2.5,2.75,2.25,3.5,3.0,2.5,4.0,7.0
2,2,2.0,45.0,2.0,3.0,1.0,5.0,1.0,40.0,54.0,3.0,135.0,1458.0903182802865,1615.564072654557,8.412059528540114,6.23115520632601,2.0,4.0,7.0,0.0,2,,,,20.0,15.0,4.0,15.0,37.03703703703704,27.77777777777778,7.4074074074074066,27.77777777777778,2.3333333333333335,3.0,2.6666666666666665,2.25,2.6666666666666665,1.8,3.5,3.0,3.6666666666666665,4.333333333333333,5.5,5.666666666666667,2.0,2.5,4.0,3.3333333333333335,3.5,3.75,2.0,2.75,3.25,3.0,2.5,2.3333333333333335,3.2,5.0
2,2,2.0,53.0,1.0,4.0,1.0,4.0,2.0,10.0,10.0,1.0,100.0,2499.5834027662054,2769.5384102649555,57.68269390998935,57.682693909989354,4.0,4.0,2.0,10.0,2,,,,3.0,3.0,2.0,2.0,30.0,30.0,20.0,20.0,4.0,5.0,2.6666666666666665,4.75,4.333333333333333,3.25,3.25,4.666666666666667,4.0,5.0,6.0,7.0,2.0,3.5,3.0,3.0,3.25,4.25,3.25,2.75,2.75,4.0,3.75,3.0,3.0,5.0
2,2,2.0,44.0,1.0,2.0,1.0,4.0,1.0,40.0,40.0,1.0,100.0,1666.3889351774703,1846.3589401766371,9.613782318331559,9.613782318331559,1.0,2.0,1.0,0.0,2,,,,24.0,14.0,1.0,1.0,60.0,35.0,2.5,2.5,3.0,3.0,2.5,4.25,3.6666666666666665,2.8,3.5,3.0,4.333333333333333,5.666666666666667,5.75,6.666666666666667,1.3333333333333333,4.0,4.0,4.25,3.5,3.5,3.25,3.75,2.75,4.0,3.25,2.5,1.0,4.0
2,2,1.0,40.0,2.0,1.0,3.0,4.0,1.0,40.0,50.0,3.0,125.0,1666.3889351774703,1846.3589401766371,9.613782318331559,7.691025854665247,1.0,2.0,1.0,0.0,2,,,,16.0,28.0,2.0,4.0,32.0,56.00000000000001,4.0,8.0,3.8333333333333335,3.6,2.8333333333333335,4.5,4.333333333333333,3.4,3.0,3.6666666666666665,5.666666666666667,3.6666666666666665,5.75,6.0,2.6666666666666665,3.25,4.25,3.75,3.0,3.3333333333333335,3.25,2.75,3.0,3.0,3.25,3.0,3.2,4.0
2,2,1.0,47.0,1.0,2.0,1.0,2.0,2.0,12.0,12.0,1.0,100.0,833.1944675887353,923.1794700883186,16.0229705305526,16.0229705305526,1.0,1.0,2.0,8.0,2,,,,0.0,10.0,1.0,1.0,32.0,83.33333333333334,8.333333333333332,8.333333333333332,3.8333333333333335,2.0,2.3333333333333335,3.5,3.3333333333333335,3.4,3.5,1.9999999999999998,2.3333333333333335,2.0,3.0,2.3333333333333335,3.0,1.75,2.5,4.0,2.5,3.25,2.5,2.0,3.25,3.0,3.0,3.25,4.0,7.0
2,2,1.0,46.0,1.0,2.0,1.0,4.0,1.0,20.0,20.0,1.0,100.0,999.8333611064822,1107.815364105982,11.536538781997873,11.536538781997873,1.0,2.0,2.0,50.0,2,,,,14.0,2.0,2.0,2.0,32.0,10.0,10.0,10.0,3.3333333333333335,5.0,3.0,3.0,4.333333333333333,2.4,3.75,5.333333333333333,3.3333333333333335,4.0,5.5,4.0,2.0,2.75,3.0,2.0,3.5,3.0,2.75,1.75,3.25,3.0,2.75,3.75,4.0,5.0
2,2,1.0,51.0,1.0,1.0,1.0,5.0,1.0,40.0,65.0,3.0,162.5,1458.0903182802865,1615.564072654557,8.412059528540114,5.176652017563148,4.0,5.0,1.0,0.0,2,,,,20.0,20.0,6.5,12.5,30.76923076923077,30.76923076923077,10.0,19.230769230769234,2.6666666666666665,3.0,3.0,3.5,4.333333333333333,1.6,4.25,1.0,1.0,3.3333333333333335,6.25,7.0,3.0,4.0,4.25,3.25,4.0,3.5,4.0,3.5,4.75,3.75,3.0,3.25,3.0,4.0
2,2,2.0,43.0,1.0,2.0,1.0,5.0,2.0,24.0,24.0,1.0,100.0,666.5555740709881,738.5435760706548,6.409188212221039,6.409188212221039,1.0,2.0,2.0,24.0,2,,,,16.0,2.0,4.0,2.0,66.66666666666666,8.333333333333336,16.666666666666664,8.333333333333332,2.6666666666666665,4.0,2.8333333333333335,2.5,3.3333333333333335,2.75,3.0,1.0,1.0,2.0,6.0,6.0,2.6666666666666665,3.25,2.0,2.25,3.0,3.5,3.0,3.0,3.0,4.75,3.5,2.25,2.0,4.0
2,2,2.0,55.0,1.0,1.0,1.0,5.0,1.0,40.0,40.0,1.0,100.0,1666.3889351774703,1846.3589401766371,9.613782318331559,9.613782318331559,1.0,4.0,1.0,0.0,2,,,,20.0,15.0,1.0,1.0,50.0,37.5,2.5,2.5,3.2,4.0,2.6666666666666665,4.75,4.333333333333333,2.8,2.5,3.5,1.0,5.333333333333333,6.0,7.0,3.0,4.0,2.5,3.5,2.75,4.25,3.5,2.25,3.25,4.5,3.0,1.5,1.0,5.0
2,2,2.0,53.0,1.0,1.0,1.0,4.0,2.0,16.0,16.0,1.0,100.0,541.5764039326775,600.0666555574071,7.8111981336443925,7.8111981336443925,1.0,2.0,6.0,32.0,2,,,,16.0,0.0,0.0,0.0,100.0,0.0,0.0,0.0,1.6666666666666667,3.0,3.0,2.25,3.0,1.8,2.0,3.6666666666666665,2.3333333333333335,6.333333333333333,5.75,5.333333333333333,2.6666666666666665,2.75,4.5,4.25,3.0,3.25,3.0,3.25,3.5,4.0,2.75,3.0,3.0,4.0
2,2,2.0,28.0,2.0,1.0,1.0,1.0,2.0,10.0,40.0,3.0,400.0,374.9375104149308,415.43076153974334,8.652404086498404,2.163101021624602,1.0,1.0,1.0,0.0,2,,,,0.0,40.0,0.0,0.0,0.0,100.0,0.0,0.0,4.333333333333333,1.0,3.0,2.75,4.666666666666667,2.6,3.75,1.9999999999999998,1.0,2.0,4.25,4.333333333333333,1.0,3.5,4.25,4.25,3.25,3.5,2.75,2.25,3.5,4.25,2.75,2.5,3.0,7.0
2,2,2.0,31.0,1.0,2.0,1.0,1.0,2.0,40.0,40.0,1.0,100.0,1458.0903182802865,1615.564072654557,8.412059528540114,8.412059528540114,1.0,2.0,3.0,6.0,2,,,,18.0,16.0,4.0,2.0,45.0,40.0,10.0,5.0,3.3333333333333335,4.0,2.6666666666666665,3.75,4.0,3.2,3.0,1.0,1.0,2.3333333333333335,5.666666666666667,6.0,2.6666666666666665,2.0,3.0,2.75,2.0,3.5,3.0,3.0,4.0,5.0,3.0,2.25,2.0,3.0
2,2,1.0,36.0,1.0,2.0,1.0,1.0,1.0,40.0,40.0,1.0,100.0,2916.180636560573,3231.1281453091146,16.824119057080228,16.824119057080228,3.0,2.0,1.0,0.0,2,,,,8.0,8.0,16.0,8.0,20.0,20.0,40.0,20.0,3.3333333333333335,3.0,2.1666666666666665,3.75,3.3333333333333335,2.8,3.5,2.6666666666666665,4.666666666666667,3.6666666666666665,4.5,5.333333333333333,1.6666666666666667,3.75,3.5,2.0,2.75,3.5,3.25,2.25,3.25,3.0,3.0,3.5,4.0,4.0
2,2,2.0,46.0,2.0,2.0,1.0,8.0,2.0,40.0,70.0,3.0,175.0,1333.1111481419762,1477.0871521413096,7.691025854665247,4.394871916951573,1.0,3.0,5.0,80.0,2,,,,40.0,0.0,1.0,10.0,57.14285714285714,0.0,1.4285714285714288,14.285714285714285,2.1666666666666665,4.0,2.6666666666666665,3.0,2.6666666666666665,2.6,4.75,1.9999999999999998,1.6666666666666667,4.333333333333333,6.5,6.0,2.0,3.0,4.5,3.5,3.25,3.25,3.0,2.25,2.5,3.75,3.0,3.25,3.0,4.0
2,2,1.0,29.0,1.0,1.0,1.0,6.0,2.0,20.0,20.0,1.0,100.0,624.8958506915515,692.3846025662388,7.210336738748668,7.210336738748668,1.0,1.0,4.0,10.0,2,,,,13.0,3.0,3.0,1.0,65.0,15.0,15.0,5.0,4.333333333333333,5.0,2.6666666666666665,4.5,4.666666666666667,3.8,3.25,3.0,2.0,6.333333333333333,6.0,6.666666666666667,3.0,5.0,4.0,4.0,3.0,3.25,4.5,3.25,3.75,4.75,2.75,2.25,1.0,3.0
2,2,2.0,30.0,2.0,1.0,1.0,8.0,1.0,40.0,45.0,3.0,112.5,1374.770871521413,1523.2461256457254,7.9313704126235365,7.050107033443144,1.0,1.0,3.0,45.0,2,,,,28.0,5.0,1.0,13.0,23.41538461538461,46.06410256410256,12.3991452991453,11.8991452991453,2.8333333333333335,4.0,2.3333333333333335,2.75,2.3333333333333335,2.6,3.75,3.3333333333333335,4.333333333333333,5.666666666666667,4.0,4.333333333333333,3.0,3.25,3.25,3.0,2.75,3.25,2.75,3.0,3.0,3.75,2.75,3.75,4.0,3.0
2,2,1.0,31.0,1.0,2.0,1.0,3.0,2.0,40.0,50.0,3.0,125.0,1416.4305949008499,1569.4050991501415,8.171714970581826,6.53737197646546,1.0,3.0,3.0,15.0,2,,,,5.0,20.0,15.0,10.0,10.0,40.0,30.0,20.0,2.8333333333333335,4.0,3.0,2.0,2.3333333333333335,2.4,4.0,1.9999999999999998,2.0,4.0,6.0,6.333333333333333,2.6666666666666665,5.0,4.5,3.5,3.5,3.25,4.0,3.0,3.5,3.0,3.25,3.0,3.0,4.0
2,2,1.0,23.0,2.0,1.0,1.0,1.0,2.0,12.0,12.0,1.0,100.0,287.4520913181136,318.49691718047006,5.527924833040647,5.527924833040647,1.0,2.0,1.0,0.0,2,,,,0.0,12.0,1.0,0.0,17.000000000000004,65.5,9.75,11.5,3.8333333333333335,4.0,2.8333333333333335,4.0,4.0,3.2,3.25,3.3333333333333335,2.0,3.6666666666666665,4.75,6.666666666666667,2.0,3.25,2.25,3.25,3.25,2.5,2.75,2.5,3.75,4.25,3.25,3.5,4.0,7.0
2,2,1.0,56.0,1.0,1.0,1.0,1.0,1.0,40.0,40.0,1.0,100.0,2332.9445092484584,2584.9025162472917,13.459295245664183,13.459295245664183,3.0,2.0,5.0,2.0,2,,,,20.0,15.0,5.0,0.0,50.0,37.5,12.5,0.0,4.333333333333333,4.0,2.5,3.5,4.333333333333333,4.0,3.25,4.0,4.333333333333333,4.0,5.75,6.666666666666667,2.3333333333333335,2.5,3.5,4.25,2.0,3.0,2.0,2.25,3.25,4.75,3.0,2.75,3.0,5.0
2,2,1.0,44.0,1.0,2.0,1.0,1.0,2.0,40.0,45.0,3.0,112.5,1791.3681053157807,1984.8358606898848,10.334815992206426,9.18650310418349,1.0,1.0,2.0,5.0,2,,,,20.0,17.0,2.0,6.0,44.44444444444444,37.77777777777778,4.4444444444444455,13.333333333333334,4.5,5.0,2.8333333333333335,2.75,2.6666666666666665,3.4,3.5,3.6666666666666665,6.0,3.0,4.25,5.333333333333333,1.3333333333333333,1.0,2.5,3.5,2.75,3.5,1.75,1.75,2.5,1.5,2.25,3.75,4.0,4.0
2,2,1.0,33.0,1.0,2.0,1.0,3.0,1.0,40.0,40.0,1.0,100.0,1708.0486585569074,1892.517913681053,9.85412687628985,9.85412687628985,1.0,3.0,1.0,0.0,2,,,,1.0,30.0,7.0,2.0,2.5000000000000036,75.0,17.5,5.0,4.166666666666667,4.0,3.0,2.25,3.3333333333333335,3.0,4.5,6.0,5.666666666666667,4.666666666666667,6.0,6.666666666666667,3.0,4.75,4.75,4.75,3.5,3.5,3.75,2.75,3.75,3.5,4.5,2.5,3.0,7.0
2,2,1.0,39.0,1.0,2.0,1.0,1.0,1.0,40.0,60.0,3.0,150.0,1958.0069988335276,2169.471754707549,11.296194224039583,7.5307961493597215,3.0,1.0,2.0,12.0,2,,,,6.0,40.0,10.0,4.0,10.0,66.66666666666666,16.666666666666664,6.666666666666668,3.6666666666666665,3.0,2.8333333333333335,2.25,2.6666666666666665,2.6,4.0,2.6666666666666665,4.0,4.666666666666667,5.75,5.666666666666667,4.333333333333333,3.75,4.75,3.75,3.75,3.5,3.75,3.75,3.5,3.5,3.5,3.25,3.0,4.0
2,2,2.0,59.0,3.0,4.0,1.0,6.0,1.0,40.0,40.0,1.0,100.0,1666.3889351774703,1846.3589401766371,9.613782318331559,9.613782318331559,1.0,1.0,1.0,0.0,2,,,,30.0,5.0,10.0,3.0,52.7,21.500000000000004,6.500000000000001,17.3,2.6666666666666665,2.0,3.1666666666666665,1.25,1.6666666666666667,2.4,4.75,4.0,6.0,7.0,6.5,4.333333333333333,3.3333333333333335,1.75,5.0,5.0,4.0,2.0,2.25,1.75,2.75,1.5,2.75,3.25,4.0,5.0
2,2,2.0,49.0,1.0,2.0,1.0,8.0,2.0,40.0,50.0,3.0,125.0,1291.4514247625395,1430.9281786368938,7.450681296706959,5.960545037365568,1.0,2.0,1.0,64.0,2,,,,35.0,0.0,10.0,2.0,70.0,0.0,20.0,4.0,2.6666666666666665,3.0,3.1666666666666665,2.75,4.666666666666667,2.0,3.75,1.3333333333333335,2.0,4.666666666666667,6.25,6.0,2.6666666666666665,4.0,4.25,3.5,3.75,2.5,3.25,2.75,3.75,4.5,3.0,3.5,3.0,4.0
2,2,1.0,46.0,1.0,2.0,1.0,6.0,1.0,40.0,40.0,1.0,100.0,1874.6875520746541,2077.1538076987167,10.815505108123004,10.815505108123004,2.0,5.0,5.0,8.0,2,,,,18.0,4.0,4.0,12.0,45.0,10.0,10.0,30.0,3.0,4.0,2.8333333333333335,3.5,4.333333333333333,3.4,2.5,2.6666666666666665,3.0,3.0,4.75,5.333333333333333,3.0,2.75,2.5,4.25,3.75,2.75,3.5,3.75,3.0,3.75,3.0,4.0,4.0,5.0
2,2,2.0,38.0,1.0,2.0,1.0,3.0,2.0,40.0,40.0,1.0,100.0,1374.770871521413,1523.2461256457254,7.9313704126235365,7.9313704126235365,1.0,1.0,2.0,15.0,2,,,,38.0,2.0,0.0,0.0,95.0,5.0,0.0,0.0,2.8333333333333335,3.0,3.0,2.5,2.6666666666666665,2.4,4.25,5.0,3.6666666666666665,6.333333333333333,6.25,5.666666666666667,2.6666666666666665,4.25,4.5,4.25,3.75,2.75,4.0,3.25,2.5,4.0,4.0,2.5,3.0,4.0
2,2,1.0,35.0,1.0,1.0,1.0,1.0,1.0,40.0,50.0,3.0,125.0,2082.9861689718377,2307.948675220796,12.017227897914449,9.613782318331559,1.0,2.0,5.0,5.0,2,,,,20.0,25.0,3.0,2.0,40.0,50.0,6.0,4.0,3.8333333333333335,5.0,2.6666666666666665,4.75,4.333333333333333,3.2,2.75,3.0,1.6666666666666667,5.666666666666667,6.0,7.0,2.3333333333333335,3.6666666666666665,3.5,2.0,2.3333333333333335,3.6666666666666665,4.0,2.25,2.5,2.5,2.75,2.0,1.8,4.0
2,2,1.0,34.0,2.0,1.0,1.0,5.0,2.0,40.0,48.0,3.0,120.0,1374.770871521413,1523.2461256457254,7.9313704126235365,6.609475343852948,1.0,1.0,7.0,48.0,2,,,,26.0,12.0,4.0,6.0,54.166666666666664,25.0,8.333333333333332,12.5,4.166666666666667,4.0,3.5,3.0,4.666666666666667,3.2,4.25,6.0,6.333333333333332,5.666666666666667,6.25,7.0,2.6666666666666665,4.0,4.25,4.75,4.0,3.5,3.75,3.0,3.0,4.5,4.0,2.75,3.0,4.0
2,2,2.0,25.0,2.0,1.0,1.0,5.0,1.0,8.0,8.0,1.0,100.0,249.95834027662067,276.9538410264954,7.21033673874867,7.21033673874867,1.0,1.0,4.0,30.0,2,,,,4.0,2.0,1.0,3.0,86.0,4.5,1.666666666666666,5.833333333333332,1.8333333333333333,3.0,3.5,1.75,2.0,3.0,3.75,1.0,1.0,3.0,5.75,5.333333333333333,1.0,4.0,4.0,3.75,3.0,3.25,3.25,2.5,3.5,3.75,3.5,2.75,3.0,3.0
2,2,1.0,56.0,1.0,2.0,1.0,1.0,1.0,40.0,40.0,1.0,100.0,2499.5834027662054,2769.5384102649555,14.420673477497337,14.420673477497337,2.0,5.0,1.0,0.0,2,,,,15.0,9.0,1.0,15.0,37.5,22.5,2.5,37.5,3.8333333333333335,5.0,3.0,4.0,4.333333333333333,3.4,3.75,1.0,2.0,3.0,6.0,5.666666666666667,2.6666666666666665,2.25,3.5,3.75,3.5,3.25,3.0,3.0,4.0,5.0,3.5,3.5,2.6,6.0
2,2,1.0,45.0,1.0,2.0,1.0,5.0,1.0,40.0,50.0,3.0,125.0,3957.6737210464926,4385.102482919514,22.832733006037454,18.266186404829963,2.0,5.0,1.0,0.0,2,,,,10.0,20.0,10.0,10.0,20.0,40.0,20.0,20.0,4.0,5.0,2.3333333333333335,4.75,4.666666666666667,3.8,3.25,5.0,5.0,6.0,6.25,7.0,3.0,4.25,3.0,3.5,3.0,4.25,4.0,3.0,3.75,5.0,3.0,2.25,1.0,5.0
2,2,2.0,48.0,3.0,1.0,1.0,4.0,1.0,40.0,60.0,3.0,150.0,2082.9861689718377,2307.948675220796,12.017227897914449,8.0114852652763,1.0,2.0,2.0,12.0,2,,,,40.0,10.0,10.0,10.0,27.3,34.833333333333336,10.933333333333334,22.933333333333334,3.3333333333333335,4.0,3.8333333333333335,2.0,4.0,2.8,4.75,5.0,5.0,5.0,3.0,4.333333333333333,4.333333333333333,2.75,5.0,4.75,4.0,2.0,2.25,2.25,3.0,3.25,3.5,3.5,4.0,4.0
2,2,1.0,53.0,1.0,2.0,1.0,3.0,1.0,40.0,45.0,3.0,112.5,2916.180636560573,3231.1281453091146,16.824119057080228,14.954772495182425,3.0,4.0,1.0,0.0,2,,,,5.0,25.0,15.0,0.0,11.11111111111111,55.55555555555556,33.33333333333333,0.0,4.333333333333333,5.0,2.5,5.0,4.666666666666667,3.6,2.5,1.0,1.0,2.6666666666666665,5.75,6.666666666666667,1.0,1.25,2.5,1.75,2.5,4.25,3.5,2.75,3.5,4.75,3.0,3.25,2.0,5.0
2,2,2.0,31.0,1.0,2.0,1.0,6.0,2.0,20.0,20.0,1.0,100.0,583.2361273121146,646.2256290618229,6.729647622832092,6.729647622832092,1.0,2.0,1.0,0.0,2,,,,10.0,8.0,1.0,1.0,50.0,40.0,5.0,5.0,3.1666666666666665,3.0,2.5,3.25,4.0,2.6,3.25,4.666666666666667,6.333333333333332,5.333333333333333,4.0,5.333333333333333,2.3333333333333335,4.0,4.0,3.5,2.5,2.75,2.0,3.25,3.5,3.5,3.25,3.25,4.0,4.0
2,2,2.0,32.0,1.0,2.0,1.0,5.0,2.0,40.0,60.0,3.0,150.0,1583.0694884185968,1754.0409931678053,9.133093202414981,6.088728801609987,1.0,1.0,6.0,30.0,2,,,,15.0,30.0,10.0,10.0,30.606060606060606,34.6060606060606,13.727272727272727,13.969696969696969,2.5,2.0,3.5,2.75,2.3333333333333335,2.2,3.5,4.333333333333333,5.666666666666667,6.0,5.25,4.666666666666667,3.6666666666666665,4.75,5.0,3.75,4.0,3.0,4.5,3.0,3.75,3.25,3.25,2.5,3.0,9.0
2,2,2.0,40.0,1.0,2.0,1.0,5.0,2.0,8.0,12.0,3.0,150.0,249.95834027662067,276.9538410264954,7.21033673874867,4.806891159165781,1.0,1.0,2.0,16.0,2,,,,8.0,5.0,1.0,2.5,68.80952380952381,9.857142857142861,1.666666666666666,14.666666666666664,3.0,3.0,2.6666666666666665,4.25,3.3333333333333335,2.8,5.0,2.6666666666666665,2.3333333333333335,2.6666666666666665,4.0,3.3333333333333335,3.0,4.25,4.5,3.5,3.75,2.5,2.25,2.0,3.0,3.0,3.0,2.75,3.0,4.0
2,2,1.0,41.0,1.0,2.0,1.0,8.0,1.0,40.0,50.0,3.0,125.0,2416.263956007332,2677.220463256124,13.93998436158076,11.15198748926461,1.0,5.0,1.0,0.0,2,,,,25.0,10.0,7.0,8.0,50.0,20.0,14.000000000000002,16.0,3.8333333333333335,4.0,2.3333333333333335,4.25,4.0,3.2,3.0,1.666666666666667,2.3333333333333335,5.333333333333333,5.5,5.333333333333333,2.6666666666666665,3.25,3.3333333333333335,3.5,3.5,3.0,3.25,3.25,3.0,3.0,3.25,2.6666666666666665,2.8,5.0
2,2,2.0,55.0,1.0,2.0,1.0,3.0,1.0,40.0,40.0,1.0,100.0,1874.6875520746541,2077.1538076987167,10.815505108123004,10.815505108123004,1.0,1.0,2.0,2.0,2,,,,8.0,16.0,8.0,8.0,20.0,40.0,20.0,20.0,4.333333333333333,3.0,3.1666666666666665,2.0,4.666666666666667,3.0,3.25,5.0,5.333333333333333,4.333333333333333,2.25,3.3333333333333335,3.0,2.5,2.75,4.5,2.75,2.75,2.0,2.75,2.0,3.0,3.0,3.25,4.0,4.0
2,2,1.0,67.0,3.0,1.0,1.0,5.0,4.0,20.0,20.0,1.0,100.0,1041.4930844859189,1153.974337610398,12.017227897914449,12.017227897914449,1.0,2.0,4.0,30.0,2,,,,10.0,0.0,0.0,10.0,50.0,0.0,0.0,50.0,3.1666666666666665,1.0,3.0,1.5,1.6666666666666667,3.0,2.75,4.666666666666667,5.0,5.0,5.0,5.0,3.6666666666666665,2.0,2.75,2.75,3.0,2.5,2.0,2.5,3.0,3.0,2.75,3.5,4.0,4.0
2,2,2.0,43.0,1.0,2.0,1.0,3.0,1.0,40.0,45.0,3.0,112.5,2124.6458923512746,2354.107648725212,12.257572455872738,10.895619960775768,3.0,1.0,1.0,0.0,2,,,,12.0,13.0,12.0,8.0,26.666666666666668,28.888888888888886,26.666666666666668,17.77777777777778,4.0,3.0,3.3333333333333335,2.0,4.666666666666667,3.4,2.75,2.6666666666666665,2.3333333333333335,5.666666666666667,6.0,5.666666666666667,3.0,3.5,3.5,4.75,3.25,4.25,2.5,2.25,3.0,4.25,2.75,3.0,3.0,5.0
2,2,2.0,46.0,1.0,2.0,1.0,4.0,1.0,32.0,32.0,1.0,100.0,874.8541909681719,969.3384435927344,6.309044646405086,6.309044646405086,1.0,1.0,6.0,56.0,2,,,,42.0,6.0,2.0,6.0,62.5,17.000000000000004,6.0,14.5,3.3333333333333335,2.0,3.1666666666666665,2.75,2.6666666666666665,2.2,4.25,1.0,2.3333333333333335,3.0,6.25,6.0,3.0,2.0,5.0,4.5,3.75,3.5,3.25,3.5,3.5,3.5,4.0,3.25,3.0,4.0
2,2,1.0,39.0,1.0,2.0,1.0,3.0,2.0,40.0,40.0,1.0,100.0,1441.4264289285118,1597.100483252791,8.315921705356798,8.315921705356798,1.0,1.0,5.0,5.0,2,,,,15.0,10.0,5.0,10.0,37.5,25.0,12.5,25.0,3.0,4.0,3.5,2.25,3.0,3.4,2.75,1.9999999999999998,2.6666666666666665,2.6666666666666665,3.5,3.0,3.6666666666666665,3.0,3.25,3.5,3.25,3.5,3.0,2.75,3.0,3.0,3.0,3.5,2.0,4.0
2,2,2.0,69.0,4.0,1.0,1.0,5.0,1.0,40.0,40.0,1.0,100.0,1249.7917013831027,1384.7692051324777,7.210336738748668,7.210336738748668,1.0,2.0,1.0,0.0,2,,,,20.0,0.0,2.0,4.0,50.0,0.0,5.0,10.0,3.1666666666666665,5.0,2.5,3.75,4.333333333333333,2.6,3.25,1.3333333333333335,1.6666666666666667,4.666666666666667,5.75,6.666666666666667,2.6666666666666665,3.0,3.0,3.25,2.5,3.75,3.75,2.5,3.5,2.75,3.25,2.5,3.0,3.0
2,2,2.0,42.0,1.0,2.0,1.0,6.0,1.0,40.0,40.0,1.0,100.0,1499.7500416597234,1661.7230461589734,8.652404086498404,8.652404086498404,1.0,1.0,1.0,0.0,2,,,,24.0,14.0,2.0,2.0,27.81578947368421,42.21052631578947,14.710526315789474,15.26315789473684,3.0,2.0,3.1666666666666665,3.0,3.3333333333333335,3.4,3.25,5.333333333333333,5.0,5.666666666666667,6.0,6.0,3.3333333333333335,3.5,4.25,3.75,2.75,3.5,3.5,3.0,2.5,3.25,3.0,2.5,3.0,4.0
2,2,2.0,44.0,1.0,2.0,1.0,5.0,1.0,40.0,40.0,1.0,100.0,1458.0903182802865,1615.564072654557,8.412059528540114,8.412059528540114,1.0,2.0,4.0,20.0,2,,,,30.0,4.0,2.0,4.0,75.0,10.0,5.0,10.0,2.1666666666666665,2.0,3.1666666666666665,1.75,1.6666666666666667,1.6,4.25,1.3333333333333335,2.6666666666666665,4.333333333333333,5.0,4.0,2.6666666666666665,2.5,3.75,4.25,3.25,3.5,3.25,2.75,3.5,4.0,4.0,2.75,3.0,4.0
2,2,2.0,33.0,2.0,1.0,1.0,8.0,1.0,40.0,40.0,1.0,100.0,1228.9618396933843,1361.6897183802696,7.090164459769525,7.090164459769525,1.0,1.0,5.0,15.0,2,,,,28.0,15.0,5.0,4.0,38.0,36.0,16.0,10.0,3.5,3.0,3.1666666666666665,3.5,3.6666666666666665,3.0,3.5,3.6666666666666665,4.0,5.333333333333333,5.0,5.333333333333333,2.6666666666666665,2.5,3.25,2.5,3.5,2.75,2.75,3.0,3.0,3.75,4.0,3.5,4.0,3.0
2,2,2.0,38.0,1.0,2.0,1.0,3.0,3.0,8.0,20.0,3.0,250.0,141.64305949008485,156.940509915014,4.085857485290912,1.6343429941163645,1.0,1.0,3.0,30.0,2,,,,14.0,5.0,0.0,1.0,70.0,25.0,0.0,5.0,3.3333333333333335,1.0,3.3333333333333335,2.25,2.3333333333333335,1.8,4.25,1.9999999999999998,2.6666666666666665,2.0,3.5,4.0,4.666666666666667,2.5,4.75,3.5,3.0,3.25,2.25,2.25,3.0,3.5,3.5,3.75,4.0,3.0
2,2,2.0,42.0,1.0,2.0,1.0,4.0,1.0,40.0,40.0,1.0,100.0,1874.6875520746541,2077.1538076987167,10.815505108123004,10.815505108123004,4.0,3.0,3.0,8.0,2,,,,25.0,10.0,10.0,5.0,30.934782608695652,45.45652173913044,10.5,11.73913043478261,3.3333333333333335,2.0,3.0,2.75,4.0,3.0,3.0,1.9999999999999998,4.0,5.666666666666667,6.0,6.333333333333333,2.6666666666666665,4.25,3.75,3.0,3.0,3.25,5.0,3.0,2.75,5.0,3.25,2.0,2.0,5.0
2,2,2.0,47.0,1.0,2.0,1.0,1.0,1.0,40.0,50.0,3.0,125.0,2041.3264455924011,2261.7897017163805,11.77688333995616,9.421506671964927,4.0,4.0,1.0,0.0,2,,,,15.0,10.0,5.0,10.0,30.0,20.0,10.0,20.0,3.1666666666666665,3.0,2.8333333333333335,4.25,4.666666666666667,3.6,3.25,1.9999999999999998,1.0,5.0,5.5,5.333333333333333,2.6666666666666665,3.75,4.5,4.5,3.0,3.75,3.25,2.5,3.25,4.0,2.75,2.75,3.0,5.0
2,2,1.0,52.0,1.0,2.0,1.0,4.0,1.0,40.0,40.0,1.0,100.0,1708.0486585569074,1892.517913681053,9.85412687628985,9.85412687628985,1.0,1.0,2.0,6.0,2,,,,12.0,24.0,4.0,1.0,50.5,30.0,9.5,10.0,3.1666666666666665,5.0,2.8333333333333335,2.25,2.6666666666666665,2.6,2.5,2.6666666666666665,3.6666666666666665,5.333333333333333,4.25,5.0,2.6666666666666665,2.5,3.5,3.75,3.75,3.75,3.0,2.75,2.75,4.0,3.5,3.5,4.0,5.0
2,2,2.0,42.0,2.0,4.0,1.0,8.0,2.0,40.0,40.0,1.0,100.0,1166.4722546242292,1292.4512581236459,6.729647622832092,6.729647622832092,1.0,3.0,6.0,3.0,2,,,,25.0,10.0,0.0,5.0,62.5,25.0,0.0,12.5,2.1666666666666665,3.0,2.1666666666666665,4.0,4.0,2.4,3.0,2.6666666666666665,3.0,6.0,6.25,6.333333333333333,3.0,2.25,3.5,3.75,2.75,3.5,2.75,2.0,3.5,3.5,4.0,2.5,4.0,3.0
2,2,2.0,41.0,2.0,2.0,1.0,1.0,2.0,40.0,50.0,3.0,125.0,2082.9861689718377,2307.948675220796,12.017227897914449,9.613782318331559,3.0,2.0,1.0,0.0,2,,,,21.0,9.0,8.0,5.0,42.0,18.0,16.0,10.0,3.1666666666666665,4.0,2.8333333333333335,3.0,3.3333333333333335,2.6,3.5,2.6666666666666665,4.0,2.3333333333333335,5.0,7.0,2.3333333333333335,4.0,3.5,3.5,2.75,3.25,3.25,2.5,3.0,3.5,3.25,2.25,3.0,4.0
2,2,1.0,75.0,1.0,1.0,1.0,3.0,1.0,16.0,24.0,3.0,150.0,1041.4930844859189,1153.974337610398,15.02153487239306,10.014356581595374,1.0,2.0,3.0,5.0,2,,,,8.0,16.0,4.0,4.0,59.333333333333336,15.0,10.333333333333334,15.333333333333334,4.166666666666667,4.0,2.8333333333333335,3.25,4.0,3.6,3.25,3.6666666666666665,2.6666666666666665,3.3333333333333335,4.25,4.666666666666667,3.0,4.0,4.5,4.0,4.0,4.25,4.5,3.25,3.75,4.0,2.75,2.25,3.0,6.0
2,2,2.0,45.0,1.0,2.0,1.0,4.0,1.0,40.0,40.0,1.0,100.0,1666.3889351774703,1846.3589401766371,9.613782318331559,9.613782318331559,1.0,1.0,3.0,8.0,2,,,,30.0,10.0,1.0,1.0,39.1,24.9,12.0,22.799999999999997,4.166666666666667,3.0,3.5,3.0,5.0,2.8,2.5,3.6666666666666665,5.666666666666667,4.0,4.75,4.0,3.0,2.0,4.75,4.0,3.0,3.5,3.0,2.5,2.5,4.0,3.0,2.75,4.0,4.0
2,2,1.0,60.0,1.0,1.0,1.0,3.0,1.0,40.0,40.0,1.0,100.0,2082.9861689718377,2307.948675220796,12.017227897914449,12.017227897914449,2.0,4.0,5.0,15.0,2,,,,20.0,5.0,7.0,8.0,50.0,12.5,17.5,20.0,3.3333333333333335,5.0,1.6666666666666667,3.75,4.0,4.0,2.25,3.3333333333333335,7.0,5.333333333333333,6.0,5.333333333333333,3.0,2.5,3.5,1.75,1.5,4.0,4.5,3.25,4.0,4.5,3.0,3.25,2.0,5.0
2,2,1.0,32.0,1.0,2.0,1.0,3.0,1.0,40.0,40.0,1.0,100.0,1666.3889351774703,1846.3589401766371,9.613782318331559,9.613782318331559,1.0,3.0,1.0,0.0,2,,,,2.0,25.0,5.0,8.0,5.0,62.5,12.5,20.0,3.6666666666666665,5.0,2.566666666666667,3.75,3.0,2.4,3.0,2.3333333333333335,4.0,5.666666666666667,5.75,5.333333333333333,3.0,4.25,3.5,4.0,3.25,3.5,4.0,2.5,2.5,3.5,3.5,2.0,3.0,4.0
2,2,1.0,59.0,1.0,1.0,1.0,1.0,1.0,40.0,52.0,3.0,130.0,3624.395934010998,4015.8306948841864,20.909976542371144,16.084597340285494,4.0,3.0,5.0,5.0,2,,,,16.0,20.0,10.0,5.0,30.76923076923077,38.46153846153847,19.230769230769234,9.615384615384617,4.0,4.0,2.1666666666666665,4.25,4.0,3.4,3.25,6.0,7.0,6.333333333333333,5.0,6.333333333333333,2.6666666666666665,4.0,4.0,4.5,3.0,4.0,4.0,3.25,4.0,5.0,3.0,2.5,1.0,6.0
2,2,2.0,36.0,1.0,2.0,1.0,3.0,1.0,40.0,40.0,1.0,100.0,1478.920179970005,1638.6435594067655,8.53223180751926,8.53223180751926,1.0,3.0,1.0,0.0,2,,,,10.0,25.0,1.0,4.0,25.0,62.5,2.5,10.0,3.0,3.0,2.5,2.75,3.6666666666666665,2.6,3.75,5.333333333333333,6.333333333333332,6.0,5.75,6.333333333333333,3.0,3.0,3.75,3.75,2.25,3.0,2.75,2.5,2.0,3.5,3.5,3.25,4.0,4.0
2,2,2.0,36.0,2.0,1.0,1.0,1.0,2.0,40.0,50.0,3.0,125.0,1833.0278286952173,2030.9948341943007,10.575160550164716,8.460128440131774,1.0,3.0,3.0,2.0,2,,,,20.0,15.0,7.0,8.0,40.0,30.0,14.000000000000002,16.0,3.0,4.0,3.0,3.5,4.666666666666667,3.4,3.5,3.3333333333333335,5.0,6.0,5.0,6.0,2.6666666666666665,3.5,3.75,3.0,4.333333333333333,3.75,3.3333333333333335,2.75,2.75,3.75,3.25,3.3333333333333335,3.4,4.0
2,2,1.0,29.0,2.0,1.0,1.0,5.0,2.0,20.0,20.0,1.0,100.0,749.8750208298618,830.8615230794867,8.652404086498404,8.652404086498404,1.0,1.0,2.0,20.0,2,,,,8.0,8.0,3.0,1.0,40.0,40.0,15.0,5.0,3.6666666666666665,4.0,2.3333333333333335,3.5,2.6666666666666665,3.2,2.25,4.0,3.3333333333333335,6.0,4.75,5.333333333333333,3.0,3.0,2.5,2.75,2.5,3.5,2.75,3.0,2.75,4.75,3.75,2.25,2.0,4.0
2,2,1.0,38.0,1.0,1.0,1.0,1.0,2.0,40.0,51.0,3.0,127.49999999999999,1374.770871521413,1523.2461256457254,7.9313704126235365,6.220682676567479,1.0,1.0,1.0,0.0,2,,,,10.0,25.0,10.0,5.0,19.607843137254903,49.01960784313725,19.607843137254903,9.803921568627452,3.1666666666666665,3.0,2.6666666666666665,3.5,3.3333333333333335,2.6,3.25,4.333333333333333,6.333333333333332,6.666666666666667,3.25,4.0,4.666666666666667,2.0,3.75,4.75,3.75,4.25,5.0,2.5,3.0,1.75,2.0,2.25,3.0,9.0
2,2,2.0,46.0,1.0,2.0,1.0,6.0,1.0,40.0,40.0,1.0,100.0,1666.3889351774703,1846.3589401766371,9.613782318331559,9.613782318331559,1.0,2.0,2.0,6.0,2,,,,35.0,5.0,0.0,0.0,87.5,12.5,0.0,0.0,2.6666666666666665,3.0,2.6666666666666665,3.5,2.3333333333333335,2.8,4.0,4.333333333333333,5.0,5.333333333333333,6.25,6.666666666666667,3.0,4.0,4.25,4.25,3.75,2.75,3.75,2.25,2.75,3.5,3.75,3.0,3.0,4.0
2,2,1.0,49.0,3.0,1.0,1.0,3.0,1.0,40.0,40.0,1.0,100.0,1624.7292117980335,1800.199966672221,9.373437760373271,9.373437760373271,1.0,1.0,1.0,0.0,2,,,,25.0,10.0,5.0,0.0,62.5,25.0,12.5,0.0,2.5,2.0,2.6666666666666665,2.5,1.6666666666666667,2.0,4.5,1.0,1.0,2.0,4.25,3.0,4.0,2.0,2.75,4.75,2.5,3.25,1.75,2.0,2.0,1.0,3.0,2.75,4.0,5.0
2,2,1.0,41.0,1.0,2.0,1.0,8.0,2.0,40.0,50.0,3.0,125.0,1458.0903182802865,1615.564072654557,8.412059528540114,6.729647622832092,1.0,3.0,4.0,4.0,2,,,,40.0,10.0,0.0,2.0,26.4,50.65507246376812,10.361352657004831,11.091787439613526,3.3333333333333335,4.0,2.6666666666666665,3.5,3.0,2.2,3.0,6.0,3.6666666666666665,6.0,6.25,4.0,3.0,2.5,4.5,3.5,3.25,3.5,3.25,2.75,3.25,2.25,3.5,3.75,4.0,4.0
2,2,1.0,26.0,1.0,2.0,1.0,8.0,2.0,40.0,40.0,1.0,100.0,1249.7917013831027,1384.7692051324777,7.210336738748668,7.210336738748668,1.0,2.0,1.0,0.0,2,,,,18.0,15.0,2.0,5.0,45.0,37.5,5.0,12.5,3.8333333333333335,2.0,2.6666666666666665,3.25,3.6666666666666665,2.6,3.5,1.0,1.6666666666666667,3.3333333333333335,5.75,5.666666666666667,2.6666666666666665,2.5,2.75,2.75,2.75,4.0,2.0,2.5,3.25,3.25,2.5,3.75,4.0,3.0
2,2,2.0,43.0,1.0,2.0,1.0,8.0,1.0,40.0,48.0,3.0,120.0,1583.0694884185968,1754.0409931678053,9.133093202414981,7.610911002012485,1.0,3.0,1.0,0.0,2,,,,30.0,10.0,0.0,8.0,62.5,20.833333333333336,0.0,16.666666666666664,3.5,3.0,3.3333333333333335,2.75,3.3333333333333335,2.6,3.75,5.0,6.0,6.0,5.5,5.666666666666667,2.6666666666666665,3.5,4.25,4.0,3.75,3.25,2.5,1.5,2.75,3.75,3.75,3.25,4.0,4.0
2,2,1.0,26.0,3.0,1.0,1.0,1.0,4.0,20.0,20.0,1.0,100.0,499.9166805532411,553.907682052991,5.768269390998936,5.768269390998936,1.0,1.0,3.0,20.0,2,,,,6.0,10.0,1.0,3.0,30.0,50.0,5.0,15.0,2.8333333333333335,2.0,2.8333333333333335,3.5,2.6666666666666665,2.6,3.25,2.3333333333333335,5.0,5.666666666666667,5.0,5.666666666666667,3.3333333333333335,3.5,3.0,4.0,2.75,3.5,3.75,3.25,2.5,3.75,3.25,2.75,1.0,3.0
2,2,2.0,34.0,2.0,1.0,1.0,3.0,1.0,40.0,40.0,1.0,100.0,1416.4305949008499,1569.4050991501415,8.171714970581826,8.171714970581826,1.0,1.0,1.0,0.0,2,,,,20.0,20.0,10.0,10.0,40.5,36.0,7.5,6.499999999999998,3.0,3.0,3.0,1.5,1.3333333333333333,3.6,3.5,5.333333333333333,6.0,5.0,4.5,5.333333333333333,3.0,2.0,2.75,3.0,2.5,3.75,3.6666666666666665,2.0,3.0,2.5,2.75,2.3333333333333335,3.4,7.0
2,2,2.0,40.0,1.0,2.0,1.0,2.0,2.0,40.0,60.0,3.0,150.0,1874.6875520746541,2077.1538076987167,10.815505108123004,7.210336738748669,1.0,2.0,2.0,8.0,2,,,,4.0,24.0,12.0,20.0,6.666666666666668,40.0,20.0,33.33333333333333,3.8333333333333335,3.0,1.5,4.5,3.6666666666666665,3.4,3.0,5.666666666666667,7.0,6.333333333333333,4.75,5.333333333333333,2.0,4.0,4.25,5.0,3.75,3.3333333333333335,4.5,2.0,2.75,3.75,3.0,3.0,2.8,4.0
2,2,1.0,31.0,2.0,2.0,1.0,8.0,2.0,40.0,50.0,3.0,125.0,1666.3889351774703,1846.3589401766371,9.613782318331559,7.691025854665247,1.0,3.0,2.0,6.0,2,,,,25.0,10.0,5.0,6.0,50.0,20.0,10.0,12.0,3.1666666666666665,4.0,2.8333333333333335,4.5,4.0,3.0,3.25,3.0,5.0,6.0,5.0,5.333333333333333,2.6666666666666665,3.75,4.25,4.75,2.5,3.25,3.5,3.25,3.5,2.75,3.75,3.0,1.0,4.0
2,2,2.0,50.0,1.0,1.0,1.0,4.0,1.0,40.0,55.0,3.0,137.5,1249.7917013831027,1384.7692051324777,7.210336738748668,5.243881264544486,1.0,1.0,1.0,0.0,2,,,,40.0,5.0,5.0,10.0,31.454545454545453,19.27272727272727,15.09090909090909,25.03030303030303,2.8333333333333335,2.0,3.5,2.25,3.6666666666666665,3.4,4.0,5.0,3.6666666666666665,4.0,5.5,5.666666666666667,3.0,4.0,4.5,4.25,3.75,3.0,2.5,3.0,3.5,4.25,3.75,2.75,3.0,3.0
2,2,1.0,44.0,3.0,1.0,1.0,8.0,1.0,40.0,60.0,3.0,150.0,1499.7500416597234,1661.7230461589734,8.652404086498404,5.768269390998936,1.0,5.0,1.0,0.0,2,,,,25.0,10.0,5.0,20.0,41.66666666666667,16.666666666666664,8.333333333333332,33.33333333333333,3.6666666666666665,3.0,2.8333333333333335,3.0,4.0,3.0,3.75,2.3333333333333335,2.0,3.3333333333333335,6.25,6.666666666666667,2.0,3.0,4.5,4.0,3.5,3.25,3.0,2.5,3.25,3.5,3.5,3.0,3.0,4.0
2,2,1.0,53.0,3.0,1.0,1.0,3.0,1.0,40.0,40.0,1.0,100.0,1416.4305949008499,1569.4050991501415,8.171714970581826,8.171714970581826,1.0,2.0,1.0,0.0,2,,,,26.0,11.0,2.0,1.0,65.0,27.500000000000004,5.0,2.5,3.6666666666666665,3.0,2.8333333333333335,3.75,3.3333333333333335,3.2,2.5,3.0,3.3333333333333335,2.0,3.5,5.333333333333333,2.3333333333333335,1.25,2.25,3.0,2.0,2.75,3.0,3.75,2.75,2.5,3.0,3.3333333333333335,3.2,4.0
2,2,2.0,34.0,1.0,2.0,3.0,3.0,1.0,40.0,40.0,1.0,100.0,1458.0903182802865,1615.564072654557,8.412059528540114,8.412059528540114,3.0,1.0,1.0,0.0,2,,,,4.0,20.0,12.0,4.0,10.0,50.0,30.0,10.0,3.1666666666666665,3.0,2.6666666666666665,3.75,3.3333333333333335,2.4,4.25,3.3333333333333335,4.666666666666667,4.0,5.0,5.333333333333333,2.3333333333333335,4.5,4.0,4.25,3.5,2.5,2.75,3.75,3.0,2.0,3.0,2.5,3.0,7.0
2,2,2.0,30.0,3.0,1.0,1.0,2.0,2.0,40.0,60.0,3.0,150.0,1395.6007332111315,1546.3256123979336,8.051542691602682,5.3676951277351215,1.0,4.0,1.0,0.0,2,,,,30.0,20.0,5.0,10.0,52.98412698412699,16.266666666666666,12.152380952380952,19.96825396825397,2.8333333333333335,3.0,2.5,2.0,3.3333333333333335,2.6,3.25,1.666666666666667,1.6666666666666667,2.0,6.0,7.0,1.3333333333333333,3.0,3.25,2.5,3.0,3.25,3.25,2.75,2.0,5.0,3.0,3.0,2.0,2.0
2,2,2.0,40.0,1.0,2.0,1.0,1.0,2.0,40.0,40.0,1.0,100.0,2124.6458923512746,2354.107648725212,12.257572455872738,12.257572455872738,4.0,5.0,1.0,0.0,2,,,,12.0,12.0,12.0,4.0,30.0,30.0,30.0,10.0,4.166666666666667,3.0,3.0,3.25,4.333333333333333,3.0,3.25,3.6666666666666665,4.333333333333333,4.333333333333333,5.0,4.666666666666667,3.0,2.25,1.5,4.25,2.5,3.0,3.0,2.0,3.0,4.0,3.75,2.5,2.0,4.0
2,2,1.0,44.0,3.0,1.0,1.0,1.0,1.0,40.0,66.0,3.0,165.0,1611.0648225295784,1785.059823362773,9.294604745362951,5.633093785068455,1.0,3.0,1.0,0.0,2,,,,12.0,18.0,20.0,16.0,18.181818181818183,27.27272727272727,30.303030303030305,24.242424242424242,2.3333333333333335,2.0,2.6666666666666665,4.25,3.0,3.0,1.75,1.3333333333333335,2.6666666666666665,1.0,5.5,5.333333333333333,1.0,3.0,3.5,5.0,2.75,4.666666666666667,2.5,2.75,3.0,3.5,3.0,3.6666666666666665,2.6,4.0
2,2,2.0,42.0,1.0,2.0,1.0,8.0,2.0,32.0,32.0,1.0,100.0,1333.1111481419762,1477.0871521413096,9.613782318331559,9.613782318331559,1.0,3.0,5.0,2.0,2,,,,28.0,3.0,1.0,2.0,24.5,37.71794871794872,13.115384615384615,20.833333333333336,3.5,4.0,2.8333333333333335,3.0,4.333333333333333,3.4,3.5,5.666666666666667,4.333333333333333,6.0,6.0,6.666666666666667,2.6666666666666665,2.5,3.0,3.75,3.5,3.25,2.5,3.0,2.75,4.5,3.5,2.5,4.0,4.0
2,2,2.0,58.0,1.0,2.0,1.0,5.0,1.0,12.0,12.0,1.0,100.0,512.4145975670722,567.7553741043157,9.854126876289849,9.854126876289849,1.0,3.0,5.0,30.0,2,,,,10.0,3.0,1.0,2.0,44.333333333333336,37.666666666666664,2.0000000000000018,10.0,3.1666666666666665,2.0,2.8333333333333335,3.25,2.0,2.6,3.25,4.333333333333333,4.0,5.666666666666667,4.75,4.333333333333333,3.3333333333333335,3.25,3.75,3.0,2.5,3.75,3.75,2.75,3.25,4.25,3.0,2.5,1.0,4.0
2,2,2.0,40.0,2.0,1.0,1.0,8.0,2.0,20.0,25.0,3.0,125.0,708.2152974504249,784.7025495750709,8.171714970581826,6.53737197646546,1.0,3.0,5.0,20.0,2,,,,15.0,5.0,0.0,5.0,60.0,20.0,0.0,20.0,3.5,3.0,3.3333333333333335,3.0,3.6666666666666665,2.8,4.25,2.3333333333333335,5.333333333333333,3.6666666666666665,4.75,5.666666666666667,3.0,3.5,3.25,3.25,3.0,3.25,4.0,2.75,3.5,2.25,3.25,3.25,4.0,3.0
2,2,1.0,56.0,2.0,2.0,1.0,1.0,2.0,10.0,15.0,3.0,150.0,374.9375104149308,415.43076153974334,8.652404086498404,5.768269390998936,1.0,1.0,6.0,50.0,2,,,,10.0,1.0,0.0,0.0,66.66666666666666,6.666666666666668,0.0,0.0,2.6666666666666665,1.0,2.8333333333333335,3.75,2.6666666666666665,2.4,4.25,1.9999999999999998,2.0,6.0,5.25,6.0,3.3333333333333335,2.75,4.5,4.25,3.75,2.75,3.5,3.0,3.0,2.75,3.5,2.0,3.0,4.0
2,2,1.0,44.0,1.0,2.0,1.0,3.0,1.0,40.0,55.0,3.0,137.5,2332.9445092484584,2584.9025162472917,13.459295245664183,9.788578360483042,4.0,4.0,1.0,0.0,2,,,,15.0,20.0,15.0,5.0,27.27272727272727,36.36363636363637,27.27272727272727,9.090909090909093,3.3333333333333335,5.0,2.3333333333333335,4.5,5.0,3.0,3.5,2.3333333333333335,1.3333333333333333,3.6666666666666665,6.0,6.333333333333333,2.6666666666666665,3.5,4.75,4.5,3.75,3.5,3.75,3.75,3.75,4.25,4.25,2.75,3.0,5.0
2,2,2.0,45.0,1.0,2.0,1.0,5.0,1.0,40.0,40.0,1.0,100.0,1333.1111481419762,1477.0871521413096,7.691025854665247,7.691025854665247,1.0,1.0,5.0,10.0,2,,,,20.0,0.0,20.0,5.0,45.5,21.0,17.5,11.0,3.0,3.0,3.5,2.0,2.3333333333333335,2.0,2.75,1.9999999999999998,4.333333333333333,4.0,4.75,5.666666666666667,2.0,3.0,1.75,2.75,3.6666666666666665,3.25,3.75,2.75,3.25,4.25,3.25,3.3333333333333335,2.6,4.0
2,2,1.0,49.4,1.0,1.0,1.0,4.0,1.0,20.0,20.0,1.0,100.0,499.9166805532411,553.907682052991,5.768269390998936,5.768269390998936,1.0,2.0,1.0,0.0,2,,,,15.0,1.0,1.0,2.0,75.0,5.0,5.0,10.0,2.8333333333333335,2.0,3.1,1.5,2.0,2.6,3.25,3.0,2.6666666666666665,5.333333333333333,5.75,6.666666666666667,2.3333333333333335,3.25,2.5,3.5,2.5,3.25,3.0,2.75,3.75,4.25,3.0,2.75,1.0,3.0
2,2,1.0,46.0,1.0,2.0,1.0,6.0,1.0,40.0,60.0,3.0,150.0,2291.2847858690216,2538.743542742876,13.218950687705894,8.812633791803929,1.0,4.0,2.0,8.0,2,,,,28.0,8.0,8.0,16.0,46.666666666666664,13.333333333333336,13.333333333333334,26.666666666666668,2.3333333333333335,3.0,2.8333333333333335,3.75,2.3333333333333335,2.8,4.75,2.6666666666666665,3.6666666666666665,1.333333333333333,5.5,4.666666666666667,1.6666666666666667,3.5,3.75,2.25,2.6666666666666665,4.0,4.25,2.25,3.25,2.75,3.25,3.3333333333333335,3.8,5.0
2,2,1.0,34.0,1.0,2.0,1.0,3.0,2.0,40.0,45.0,3.0,112.5,1749.7083819363438,1938.6768871854688,10.094471434248138,8.972863497109456,3.0,3.0,1.0,0.0,2,,,,8.0,15.0,16.0,6.0,17.77777777777778,33.33333333333333,35.55555555555556,13.333333333333334,4.666666666666667,4.0,3.0,4.5,5.0,3.6,2.75,4.333333333333333,3.6666666666666665,6.0,4.75,7.0,3.0,4.75,3.5,5.0,2.5,3.25,4.25,3.5,2.25,5.0,3.25,1.75,1.0,7.0
2,2,2.0,40.0,3.0,1.0,1.0,3.0,1.0,40.0,55.0,3.0,137.5,1499.7500416597234,1661.7230461589734,8.652404086498404,6.292657517453385,2.0,4.0,1.0,0.0,2,,,,25.0,20.0,8.0,2.0,45.45454545454545,36.36363636363637,14.545454545454545,3.6363636363636367,2.5,2.0,2.6666666666666665,3.0,4.0,2.4,3.75,1.9999999999999998,2.6666666666666665,4.333333333333333,4.0,2.6666666666666665,2.3333333333333335,3.25,4.5,4.0,3.5,3.75,4.25,3.75,2.75,2.5,3.0,3.25,3.0,4.0
2,2,2.0,29.0,2.0,1.0,1.0,1.0,2.0,30.0,45.0,3.0,150.0,1208.131978003666,1338.610231628062,9.293322907720507,6.195548605147005,1.0,3.0,3.0,6.0,2,,,,12.0,25.0,2.0,6.0,26.666666666666668,55.55555555555556,4.4444444444444455,13.333333333333334,4.333333333333333,4.0,2.5,3.25,4.333333333333333,3.2,4.25,5.333333333333333,7.0,6.666666666666667,6.25,6.666666666666667,3.3333333333333335,4.0,5.0,5.0,3.75,4.25,4.75,3.25,3.5,3.25,2.75,2.75,1.0,3.0
2,2,2.0,62.0,5.0,1.0,1.0,5.0,1.0,40.0,40.0,1.0,100.0,1458.0903182802865,1615.564072654557,8.412059528540114,8.412059528540114,1.0,3.0,5.0,5.0,2,,,,15.0,15.0,5.0,5.0,37.5,37.5,12.5,12.5,2.8333333333333335,4.0,2.8333333333333335,3.75,3.6666666666666665,2.6,3.5,2.6666666666666665,2.6666666666666665,4.0,5.25,5.666666666666667,2.3333333333333335,3.25,3.75,3.75,3.25,3.0,3.0,3.5,3.5,3.75,3.0,3.25,3.0,4.0
2,2,2.0,26.0,2.0,1.0,1.0,4.0,4.0,40.0,40.0,1.0,100.0,1124.8125312447926,1246.29228461923,6.489303064873804,6.489303064873804,1.0,2.0,3.0,10.0,2,,,,3.0,5.0,7.0,25.0,7.4999999999999964,12.5,17.5,62.5,2.8333333333333335,5.0,2.1666666666666665,3.0,4.0,2.8,3.75,2.3333333333333335,3.3333333333333335,2.3333333333333335,5.5,6.0,1.0,3.75,4.25,3.75,3.0,3.0,2.25,2.0,3.25,4.5,3.0,2.75,1.0,7.0
2,2,2.0,36.0,1.0,2.0,3.0,7.0,1.0,40.0,40.0,1.0,100.0,2291.2847858690216,2538.743542742876,13.218950687705894,13.218950687705894,2.0,1.0,2.0,20.0,2,,,,15.0,15.0,3.0,7.0,37.5,37.5,7.5,17.5,4.833333333333333,3.0,2.6666666666666665,3.0,3.6666666666666665,3.8,4.25,5.333333333333333,6.333333333333332,6.0,5.0,4.0,3.0,3.0,3.25,3.0,2.75,3.0,3.25,2.75,3.25,3.75,3.0,2.25,3.0,7.0
2,2,2.0,30.0,1.0,1.0,1.0,5.0,2.0,40.0,40.0,1.0,100.0,937.3437760373272,1038.5769038493581,5.407752554061502,5.407752554061501,1.0,1.0,3.0,5.0,2,,,,8.0,12.0,8.0,10.0,20.0,30.0,20.0,25.0,3.6666666666666665,4.0,2.3333333333333335,3.0,4.666666666666667,3.2,4.0,5.333333333333333,4.0,6.333333333333333,5.0,6.333333333333333,2.6666666666666665,5.0,4.75,3.75,4.0,3.0,3.25,3.75,2.75,4.25,3.75,2.5,3.0,3.0
2,2,2.0,37.0,1.0,2.0,1.0,4.0,1.0,20.0,40.0,3.0,200.0,1874.6875520746541,2077.1538076987167,21.631010216246008,10.815505108123004,1.0,1.0,1.0,0.0,2,,,,20.0,15.0,20.0,1.0,27.133333333333336,38.666666666666664,14.933333333333332,17.933333333333334,3.3333333333333335,1.0,3.3333333333333335,2.0,2.6666666666666665,3.0,3.75,5.0,5.333333333333333,6.333333333333333,4.75,3.3333333333333335,2.3333333333333335,3.0,5.0,5.0,3.5,3.25,2.5,2.75,3.0,3.0,3.5,3.0,3.0,4.0
2,2,2.0,51.0,1.0,3.0,1.0,5.0,1.0,40.0,50.0,3.0,125.0,1666.3889351774703,1846.3589401766371,9.613782318331559,7.691025854665247,1.0,4.0,1.0,0.0,2,,,,25.0,10.0,5.0,10.0,50.0,20.0,10.0,20.0,3.6666666666666665,4.0,2.5,4.25,4.666666666666667,3.0,4.0,2.6666666666666665,4.0,5.666666666666667,5.5,5.666666666666667,2.6666666666666665,3.5,4.25,4.25,3.0,3.25,3.0,2.5,2.75,3.25,3.25,2.75,3.0,4.0
2,2,2.0,46.0,3.0,3.0,1.0,2.0,2.0,40.0,40.0,1.0,100.0,1241.4597567072153,1375.5374104315945,7.162267827157012,7.162267827157012,1.0,3.0,7.0,12.0,2,,,,16.0,16.0,8.0,0.0,40.0,40.0,20.0,0.0,4.5,5.0,2.5,3.75,4.666666666666667,3.6,3.0,1.0,2.3333333333333335,4.0,6.0,7.0,3.0,2.5,1.75,3.0,2.75,4.0,4.25,2.5,3.0,4.5,3.0,2.75,2.0,4.0
2,2,2.0,62.0,1.0,3.0,2.0,5.0,4.0,10.0,10.0,1.0,100.0,666.5555740709881,738.5435760706548,15.382051709330494,15.382051709330494,1.0,3.0,5.0,10.0,2,,,,10.0,2.0,0.0,0.0,26.692307692307693,15.076923076923077,16.333333333333332,17.807692307692307,2.5,5.0,2.1666666666666665,2.5,3.6666666666666665,3.2,2.0,1.9999999999999998,1.0,3.3333333333333335,5.5,7.0,1.0,2.5,2.5,2.75,2.75,2.75,3.0,3.25,3.0,4.75,3.0,3.0,2.0,8.0
2,2,2.0,49.0,2.0,1.0,2.0,5.0,1.0,40.0,40.0,1.0,100.0,1249.7917013831027,1384.7692051324777,7.210336738748668,7.210336738748668,1.0,4.0,6.0,5.0,2,,,,10.0,10.0,0.0,10.0,25.0,25.0,0.0,25.0,2.0,3.0,3.1666666666666665,1.5,2.6666666666666665,2.6,3.0,4.0,4.0,5.666666666666667,5.5,6.333333333333333,3.0,3.5,3.75,3.25,3.0,3.5,3.0,3.0,3.25,4.25,3.0,2.5,1.0,4.0
2,2,2.0,42.0,1.0,2.0,2.0,5.0,1.0,20.0,13.0,2.0,65.0,595.7340443259457,660.0733211131478,6.873854357607065,10.575160550164716,1.0,3.0,6.0,30.0,2,,,,5.0,2.0,0.0,1.5,38.46153846153847,15.384615384615387,0.0,11.538461538461538,2.1666666666666665,5.0,2.6666666666666665,3.5,4.333333333333333,2.4,2.5,3.0,1.6666666666666667,4.333333333333333,5.25,5.0,2.0,3.5,2.5,2.5,2.75,3.25,4.0,3.5,2.75,3.25,3.0,3.0,2.0,4.0
2,2,2.0,34.0,1.0,2.0,1.0,2.0,2.0,40.0,40.0,1.0,100.0,1541.40976503916,1707.8820196633892,8.892748644456693,8.892748644456692,1.0,3.0,1.0,0.0,2,,,,37.0,0.0,1.0,2.0,92.5,0.0,2.5,5.0,2.8333333333333335,4.0,2.3333333333333335,4.75,4.333333333333333,2.8,3.75,3.6666666666666665,4.333333333333333,6.333333333333333,5.75,5.333333333333333,3.0,2.75,3.75,4.25,3.0,3.5,2.5,2.75,3.75,5.0,4.5,3.75,3.0,4.0
2,2,1.0,57.0,1.0,3.0,1.0,2.0,1.0,40.0,40.0,1.0,100.0,2749.541743042826,3046.4922512914513,15.862740825247073,15.862740825247073,1.0,3.0,1.0,0.0,2,,,,15.0,20.0,5.0,0.0,37.5,50.0,12.5,0.0,2.0,1.0,3.6666666666666665,2.0,2.6666666666666665,2.2,3.75,5.0,2.6666666666666665,3.0,4.5,6.0,3.3333333333333335,3.25,3.5,4.25,3.5,3.25,2.0,3.0,1.75,2.0,3.5,3.75,4.0,4.0
2,2,2.0,33.0,1.0,2.0,1.0,1.0,3.0,40.0,45.0,3.0,112.5,2082.9861689718377,2307.948675220796,12.017227897914449,10.681980353701732,1.0,1.0,1.0,0.0,2,,,,1.5,35.5,5.0,3.0,3.333333333333332,78.88888888888889,11.11111111111111,6.666666666666668,3.6666666666666665,1.0,2.5,2.25,1.0,3.2,4.75,2.3333333333333335,4.0,5.0,6.5,7.0,2.0,4.25,4.75,4.75,3.75,3.0,2.0,2.75,3.25,2.5,3.0,2.25,3.0,7.0
2,2,1.0,26.0,2.0,1.0,1.0,1.0,2.0,14.0,35.0,3.0,250.0,916.5139143476083,1015.4974170971504,15.107372214521023,6.042948885808409,1.0,1.0,1.0,0.0,2,,,,2.0,30.0,1.0,0.0,5.714285714285715,85.7142857142857,2.8571428571428577,0.0,4.0,4.0,2.8333333333333335,4.0,3.6666666666666665,3.6,2.75,5.666666666666667,4.0,6.333333333333333,6.0,7.0,2.6666666666666665,3.75,2.75,5.0,3.75,3.5,4.25,2.75,3.5,5.0,4.25,3.0,3.0,3.0
2,2,1.0,45.0,3.0,1.0,1.0,1.0,1.0,40.0,47.0,3.0,117.5,2478.753541076487,2746.458923512748,14.300501198518196,12.170639317887828,1.0,3.0,1.0,0.0,2,,,,25.0,5.0,5.0,10.0,53.191489361702125,10.638297872340424,10.638297872340425,21.27659574468085,2.6666666666666665,3.0,3.1666666666666665,2.75,2.6666666666666665,2.8,3.25,3.3333333333333335,3.3333333333333335,3.0,4.25,5.0,3.0,2.0,3.25,2.0,3.5,2.5,2.0,2.75,2.0,2.0,3.25,3.5,4.0,4.0
2,2,1.0,42.0,1.0,2.0,1.0,2.0,2.0,40.0,50.0,3.0,125.0,1583.0694884185968,1754.0409931678053,9.133093202414981,7.306474561931985,1.0,1.0,1.0,0.0,2,,,,32.5,15.0,1.0,0.0,65.0,30.0,2.0,0.0,3.1666666666666665,4.0,2.6666666666666665,5.0,4.666666666666667,2.4,2.5,2.6666666666666665,3.6666666666666665,5.0,4.5,4.666666666666667,3.0,3.5,2.75,2.25,3.0,3.25,2.5,3.5,2.6666666666666665,4.0,3.5,3.3333333333333335,3.2,4.0
2,2,1.0,52.0,1.0,2.0,1.0,1.0,1.0,40.0,70.0,3.0,175.0,2499.5834027662054,2769.5384102649555,14.420673477497337,8.240384844284193,4.0,5.0,5.0,2.0,2,,,,16.0,18.0,20.0,16.0,22.857142857142858,25.71428571428571,28.57142857142857,22.857142857142858,3.0,4.0,2.5,4.0,3.3333333333333335,3.0,4.5,1.9999999999999998,4.333333333333333,4.666666666666667,5.75,7.0,2.6666666666666665,2.5,4.75,4.75,3.25,3.75,3.0,2.5,3.25,4.75,3.0,2.75,3.0,5.0
2,2,2.0,30.0,3.0,1.0,3.0,12.0,1.0,40.0,40.0,1.0,100.0,2082.9861689718377,2307.948675220796,12.017227897914449,12.017227897914449,2.0,3.0,1.0,0.0,2,,,,25.0,1.0,1.0,3.0,62.5,2.5,2.5,7.5,3.1666666666666665,2.0,3.0,1.75,3.0,3.4,3.75,4.333333333333333,5.666666666666667,3.0,3.25,3.0,3.0,3.25,3.75,3.5,3.75,3.0,3.0,2.75,3.25,3.0,2.25,3.0,4.0,3.0
2,2,1.0,38.0,1.0,2.0,1.0,1.0,2.0,20.0,20.0,1.0,100.0,1333.1111481419762,1477.0871521413096,15.382051709330494,15.382051709330494,1.0,1.0,2.0,32.0,2,,,,8.0,10.0,1.0,1.0,40.0,50.0,5.0,5.0,3.3333333333333335,3.0,3.0,2.75,3.3333333333333335,3.0,3.5,1.9999999999999998,3.6666666666666665,3.6666666666666665,2.75,5.0,2.0,3.75,4.5,4.5,2.75,2.75,2.0,3.5,3.25,1.5,3.25,3.75,4.0,4.0
2,2,1.0,37.0,2.0,2.0,1.0,1.0,1.0,40.0,50.0,3.0,125.0,3332.7778703549407,3692.7178803532743,19.227564636663118,15.382051709330494,1.0,2.0,1.0,0.0,2,,,,24.0,8.0,4.0,1.0,48.0,16.0,8.0,2.0,4.333333333333333,4.0,2.5,5.0,4.0,3.8,4.25,1.0,3.3333333333333335,5.333333333333333,6.0,5.333333333333333,3.0,3.5,4.5,4.75,4.0,3.5,3.25,3.0,3.5,4.0,3.25,2.75,3.0,4.0
2,2,1.0,62.0,2.0,1.0,1.0,1.0,1.0,40.0,50.0,3.0,125.0,2332.9445092484584,2584.9025162472917,13.459295245664183,10.767436196531346,1.0,3.0,3.0,15.0,2,,,,30.0,10.0,2.0,8.0,60.0,20.0,4.0,16.0,3.5,2.0,2.8333333333333335,3.5,3.6666666666666665,3.0,3.75,4.666666666666667,5.333333333333333,4.666666666666667,5.25,4.666666666666667,3.3333333333333335,3.0,3.75,3.5,4.25,2.75,2.0,2.0,2.5,3.0,3.5,3.0,4.0,4.0
2,2,2.0,39.0,3.0,1.0,1.0,2.0,2.0,40.0,84.0,3.0,210.0,1083.1528078653557,1200.1333111148142,6.248958506915514,2.9756945271026254,1.0,4.0,1.0,0.0,2,,,,30.0,30.0,5.0,15.0,35.714285714285715,35.714285714285715,5.952380952380952,17.857142857142858,3.0,3.0,2.1666666666666665,2.25,3.0,1.6,4.5,1.3333333333333335,3.0,2.0,6.25,6.666666666666667,2.3333333333333335,4.0,4.5,4.5,3.75,3.75,4.5,2.5,3.25,1.0,3.75,3.0,3.0,4.0
2,2,2.0,38.0,2.0,1.0,1.0,5.0,2.0,40.0,60.0,3.0,150.0,2499.5834027662054,2769.5384102649555,14.420673477497337,9.613782318331557,1.0,1.0,1.0,0.0,2,,,,37.0,0.0,2.0,1.0,61.66666666666667,0.0,3.333333333333334,1.6666666666666679,2.1666666666666665,2.0,2.8333333333333335,3.0,1.6666666666666667,1.6,4.75,3.3333333333333335,7.0,4.666666666666667,5.0,4.333333333333333,2.6666666666666665,4.75,3.5,2.25,4.0,4.0,3.0,1.75,3.25,1.75,3.25,3.0,3.0,4.0
2,2,2.0,42.4,1.0,3.0,1.0,6.0,1.0,40.0,40.0,1.0,100.0,1666.3889351774703,1846.3589401766371,9.613782318331559,9.613782318331559,1.0,1.0,5.0,2.0,2,,,,42.0,0.0,0.0,2.0,53.33333333333333,18.755555555555553,7.5,17.41111111111111,3.6,5.0,2.5,4.25,3.6666666666666665,2.8,3.5,4.666666666666667,3.0,5.666666666666667,5.5,5.333333333333333,2.6666666666666665,4.0,4.0,4.0,3.5,3.25,3.25,2.25,3.5,4.0,3.5,2.75,3.0,4.0
2,2,1.0,34.0,3.0,1.0,1.0,6.0,1.0,40.0,40.0,1.0,100.0,3624.395934010998,4015.8306948841864,20.909976542371144,20.909976542371144,1.0,2.0,1.0,0.0,2,,,,16.0,10.0,8.0,6.0,40.0,25.0,20.0,15.0,3.1666666666666665,4.0,2.6666666666666665,3.0,4.333333333333333,4.0,2.5,5.666666666666667,7.0,6.0,6.25,7.0,2.3333333333333335,4.75,5.0,3.0,4.0,4.25,4.75,4.25,3.75,4.75,3.0,2.25,1.0,4.0
2,2,2.0,45.0,1.0,2.0,1.0,6.0,1.0,40.0,40.0,1.0,100.0,2499.5834027662054,2769.5384102649555,14.420673477497337,14.420673477497337,2.0,5.0,1.0,0.0,2,,,,18.0,5.0,2.0,15.0,45.0,12.5,5.0,37.5,2.5,2.0,3.5,1.75,3.6666666666666665,3.8,3.5,1.0,1.3333333333333333,5.0,6.25,6.666666666666667,3.5,1.5,4.25,5.0,3.5,3.5,5.0,2.75,4.0,4.5,3.75,2.5,3.0,5.0
2,2,1.0,63.0,1.0,1.0,1.0,2.0,1.0,45.0,45.0,1.0,100.0,2332.9445092484584,2584.9025162472917,11.96381799614594,11.96381799614594,1.0,4.0,1.0,5.0,2,,,,40.0,4.0,0.0,1.0,88.88888888888889,8.88888888888889,0.0,2.2222222222222197,2.6666666666666665,4.0,2.6666666666666665,4.0,3.6666666666666665,2.8,3.0,4.333333333333333,4.0,4.333333333333333,5.0,4.333333333333333,2.6666666666666665,2.75,3.5,4.0,2.5,3.75,2.75,2.0,3.5,3.25,3.5,3.5,4.0,5.0
2,2,1.0,39.0,1.0,2.0,1.0,6.0,2.0,40.0,40.0,1.0,100.0,2916.180636560573,3231.1281453091146,16.824119057080228,16.824119057080228,1.0,4.0,2.0,1.0,2,,,,10.0,15.0,5.0,10.0,25.0,37.5,12.5,25.0,4.0,4.0,2.6666666666666665,4.5,3.6666666666666665,3.8,3.25,1.0,1.0,2.0,4.75,6.666666666666667,1.0,3.25,4.25,4.0,2.25,4.25,3.5,3.0,3.0,4.25,3.75,3.5,3.0,5.0
2,2,2.0,58.0,4.0,1.0,1.0,6.0,1.0,60.0,60.0,1.0,100.0,2499.5834027662054,2769.5384102649555,9.613782318331557,9.613782318331557,1.0,4.0,5.0,60.0,2,,,,20.0,20.0,10.0,10.0,33.33333333333333,33.33333333333333,16.666666666666664,16.666666666666664,2.6666666666666665,5.0,2.8333333333333335,2.5,2.6666666666666665,2.8,3.75,3.3333333333333335,3.0,3.3333333333333335,5.75,5.0,2.3333333333333335,3.75,5.0,3.0,4.0,4.0,4.0,3.0,4.75,4.5,2.75,2.75,3.0,4.0
2,2,2.0,53.0,5.0,1.0,1.0,5.0,1.0,40.0,40.0,1.0,100.0,2499.5834027662054,2769.5384102649555,14.420673477497337,14.420673477497337,2.0,5.0,1.0,0.0,2,,,,10.0,10.0,10.0,10.0,25.0,25.0,25.0,25.0,2.6666666666666665,4.0,3.0,3.5,4.333333333333333,3.2,3.25,3.0,3.6666666666666665,2.6666666666666665,6.25,6.333333333333333,2.3333333333333335,4.5,3.75,2.75,3.5,3.75,3.75,3.0,3.5,3.75,3.25,2.0,1.0,5.0
2,2,2.0,38.0,1.0,4.0,1.0,5.0,2.0,40.0,45.0,3.0,112.5,1249.7917013831027,1384.7692051324777,7.210336738748668,6.4091882122210375,1.0,3.0,3.0,5.0,2,,,,40.0,5.0,8.0,2.0,37.76923076923077,43.26020066889632,14.66220735785953,20.638795986622075,3.6666666666666665,4.0,2.3333333333333335,3.25,4.333333333333333,2.2,3.5,2.6666666666666665,2.0,4.666666666666667,6.25,7.0,2.6666666666666665,1.75,3.75,2.75,2.75,3.75,3.75,3.0,3.25,4.0,3.5,3.0,2.0,4.0
2,2,1.0,34.0,1.0,2.0,3.0,1.0,6.0,40.0,40.0,1.0,100.0,2499.5834027662054,2769.5384102649555,14.420673477497337,14.420673477497337,1.0,2.0,1.0,0.0,2,,,,8.0,20.0,2.0,10.0,20.0,50.0,5.0,25.0,3.3333333333333335,4.0,2.8333333333333335,2.0,2.6666666666666665,3.0,3.0,4.333333333333333,3.0,5.666666666666667,4.5,4.666666666666667,2.6666666666666665,3.25,2.75,3.75,2.0,3.75,2.5,3.0,3.0,4.25,3.25,3.25,2.0,3.0
2,2,1.0,30.0,3.0,1.0,3.0,5.0,1.0,40.0,40.0,1.0,100.0,2166.3056157307115,2400.2666222296284,12.497917013831028,12.497917013831028,1.0,1.0,4.0,10.0,2,,,,20.0,5.0,5.0,10.0,50.0,12.5,12.5,25.0,3.1666666666666665,3.0,2.6666666666666665,4.0,4.0,2.2,3.5,6.333333333333333,5.333333333333333,6.0,4.25,4.666666666666667,3.3333333333333335,4.0,3.75,5.0,3.5,3.5,4.0,2.5,2.5,3.25,3.25,3.25,3.0,3.0
2,2,2.0,62.0,1.0,1.0,3.0,12.0,1.0,40.0,40.0,1.0,100.0,1999.6667222129645,2215.630728211964,11.536538781997873,11.536538781997873,1.0,2.0,1.0,0.0,2,,,,30.0,10.0,0.0,0.0,75.0,25.0,0.0,0.0,3.0,4.0,2.3333333333333335,5.0,4.666666666666667,3.2,2.75,3.3333333333333335,4.333333333333333,6.333333333333333,6.0,6.333333333333333,3.0,4.0,3.5,4.5,3.0,3.75,3.75,2.5,3.5,4.75,3.5,2.75,1.0,3.0
2,2,2.0,48.0,1.0,2.0,3.0,12.0,2.0,40.0,40.0,1.0,100.0,1666.3889351774703,1846.3589401766371,9.613782318331559,9.613782318331559,1.0,3.0,1.0,0.0,2,,,,5.0,20.0,2.0,3.0,12.5,50.0,5.0,7.5,3.1666666666666665,3.0,2.5,5.0,4.666666666666667,2.8,3.0,2.3333333333333335,3.0,5.0,5.75,5.666666666666667,3.0,4.0,4.5,4.25,3.75,3.25,4.25,2.75,3.0,3.0,3.5,2.25,3.0,2.0
2,2,2.0,25.0,1.0,1.0,3.0,1.0,2.0,16.0,19.0,3.0,118.75,499.9166805532411,553.907682052991,7.21033673874867,6.071862516840985,1.0,1.0,3.0,10.0,2,,,,4.0,30.0,0.0,2.0,11.892857142857146,47.57142857142857,7.666666666666666,18.202380952380953,4.5,5.0,2.5,4.5,4.666666666666667,3.0,2.25,5.333333333333333,5.333333333333333,6.666666666666667,5.25,6.666666666666667,3.0,3.5,3.25,3.5,3.5,3.75,4.25,2.5,3.0,4.5,3.25,2.5,1.0,7.0
2,2,2.0,45.0,1.0,1.0,3.0,4.0,1.0,40.0,47.0,3.0,117.5,1999.6667222129645,2215.630728211964,11.536538781997873,9.818330878296061,3.0,1.0,1.0,0.0,2,,,,2.0,30.0,3.0,10.0,4.25531914893617,63.829787234042556,6.382978723404255,21.27659574468085,2.6666666666666665,3.0,3.5,2.0,3.6666666666666665,1.8,3.75,1.666666666666667,2.6666666666666665,3.6666666666666665,5.5,6.0,2.0,2.25,3.75,4.0,3.75,3.75,4.0,3.0,2.0,3.75,3.75,2.75,3.0,4.0
2,2,1.0,60.0,1.0,1.0,3.0,12.0,1.0,40.0,55.0,3.0,137.5,1958.0069988335276,2169.471754707549,11.296194224039583,8.215413981119697,1.0,3.0,1.0,0.0,2,,,,25.0,10.0,0.0,15.0,45.45454545454545,18.181818181818183,0.0,27.27272727272727,3.0,3.0,3.0,4.0,3.6666666666666665,3.2,3.0,5.0,4.666666666666667,6.333333333333333,5.25,5.333333333333333,2.6666666666666665,2.5,3.5,4.5,3.0,4.5,3.5,3.75,3.0,3.75,3.25,3.5,2.0,4.0
2,2,2.0,46.0,3.0,1.0,3.0,5.0,1.0,40.0,40.0,1.0,100.0,1749.7083819363438,1938.6768871854688,10.094471434248138,10.094471434248138,1.0,1.0,1.0,0.0,2,,,,35.0,7.0,1.0,2.0,39.0,37.0,6.0,18.0,2.1666666666666665,5.0,3.3333333333333335,3.0,3.6666666666666665,3.4,3.0,3.6666666666666665,4.666666666666667,5.333333333333333,4.75,5.333333333333333,3.0,2.75,3.25,3.0,2.75,3.25,3.25,2.5,2.75,3.75,2.5,4.0,4.0,4.0
2,2,1.0,32.0,3.0,1.0,3.0,2.0,2.0,40.0,40.0,1.0,100.0,2082.9861689718377,2307.948675220796,12.017227897914449,12.017227897914449,1.0,2.0,1.0,0.0,2,,,,30.0,10.0,0.0,0.0,75.0,25.0,0.0,0.0,3.1666666666666665,3.0,2.6666666666666665,3.75,3.6666666666666665,3.0,3.75,3.3333333333333335,5.0,5.666666666666667,5.5,6.0,2.3333333333333335,4.25,4.5,5.0,4.0,4.0,3.0,4.25,2.25,3.75,3.75,3.0,3.0,4.0
2,2,2.0,33.0,1.0,2.0,3.0,4.0,2.0,40.0,40.0,1.0,100.0,2499.5834027662054,2769.5384102649555,14.420673477497337,14.420673477497337,1.0,3.0,1.0,0.0,2,,,,10.0,10.0,10.0,10.0,25.0,25.0,25.0,25.0,3.1666666666666665,5.0,2.6666666666666665,3.25,5.0,3.0,3.5,1.0,1.0,5.333333333333333,5.75,7.0,2.3333333333333335,4.5,3.75,3.75,3.25,3.25,4.0,4.0,4.0,5.0,3.5,3.25,1.0,3.0
2,2,2.0,54.0,1.0,1.0,2.0,5.0,1.0,40.0,40.0,1.0,100.0,2082.9861689718377,2307.948675220796,12.017227897914449,12.017227897914449,4.0,4.0,6.0,14.0,2,,,,2.0,20.0,10.0,8.0,5.0,50.0,25.0,20.0,1.8333333333333333,5.0,2.6666666666666665,3.6666666666666665,3.6666666666666665,3.0,3.5,4.0,3.6666666666666665,3.3333333333333335,5.25,5.666666666666667,2.6666666666666665,3.5,3.25,4.0,3.5,3.5,3.5,2.5,3.0,3.75,2.75,2.25,3.0,7.0
2,2,2.0,39.0,2.0,2.0,3.0,4.0,1.0,40.0,42.0,3.0,105.0,2082.9861689718377,2307.948675220796,12.017227897914449,11.444978950394713,1.0,3.0,2.0,3.0,2,,,,4.0,14.0,2.0,20.0,9.523809523809526,33.33333333333333,4.761904761904762,47.61904761904761,4.5,3.0,3.1666666666666665,4.5,4.666666666666667,3.4,1.25,5.0,5.333333333333333,2.6666666666666665,3.75,4.666666666666667,1.6666666666666667,2.0,2.75,3.5,2.5,3.5,2.75,2.75,3.0,5.0,2.75,3.0,2.0,4.0
2,2,1.0,48.0,2.0,2.0,3.0,2.0,6.0,40.0,50.0,3.0,125.0,4165.9723379436755,4615.897350441592,24.034455795828897,19.227564636663118,2.0,5.0,1.0,0.0,2,,,,17.5,10.0,5.0,25.0,30.565656565656564,21.88888888888889,34.159090909090914,21.93181818181818,3.5,4.0,2.8333333333333335,5.0,4.333333333333333,3.4,3.5,5.0,5.0,5.333333333333333,5.75,6.0,3.0,4.0,3.5,3.5,3.25,3.25,3.0,2.75,3.5,4.0,3.25,3.0,3.0,5.0
2,2,1.0,43.0,1.0,2.0,3.0,1.0,2.0,40.0,60.0,3.0,150.0,2707.882019663389,3000.3332777870355,15.622396267288783,10.414930844859189,1.0,2.0,6.0,20.0,2,,,,4.0,16.0,10.0,20.0,6.666666666666668,26.666666666666668,16.666666666666664,33.33333333333333,2.6666666666666665,4.0,2.3333333333333335,1.5,2.3333333333333335,2.6,5.0,3.6666666666666665,3.3333333333333335,6.0,5.75,6.0,3.0,4.0,4.75,4.5,3.5,3.75,3.0,2.0,3.0,3.25,2.75,2.75,3.0,5.0
2,2,1.0,53.0,1.0,1.0,3.0,12.0,1.0,40.0,40.0,1.0,100.0,2207.9653391101483,2446.4255957340442,12.738261571789318,12.738261571789318,2.0,4.0,1.0,0.0,2,,,,20.0,10.0,6.0,4.0,50.0,25.0,15.0,10.0,3.0,2.0,2.6666666666666665,3.5,3.3333333333333335,2.6,3.75,4.333333333333333,3.6666666666666665,5.666666666666667,5.25,5.666666666666667,2.6666666666666665,3.75,3.75,3.5,3.0,4.25,3.75,3.0,3.5,3.5,3.5,2.75,1.0,4.0
2,2,1.0,58.0,1.0,1.0,3.0,5.0,5.0,40.0,70.0,3.0,175.0,3749.3751041493083,4154.307615397433,21.631010216246008,12.36057726642629,1.0,1.0,1.0,0.0,2,,,,20.0,10.0,5.0,10.0,28.57142857142857,14.285714285714285,7.142857142857142,14.285714285714285,2.5,2.0,2.6666666666666665,3.0,4.666666666666667,3.8,2.25,5.0,5.333333333333333,5.0,3.75,5.0,2.6666666666666665,2.25,3.5,2.0,3.5,3.75,4.0,3.75,3.5,4.0,3.5,3.0,2.0,2.0
2,2,1.0,50.0,2.0,2.0,3.0,10.0,2.0,40.0,50.0,3.0,125.0,3332.7778703549407,3692.7178803532743,19.227564636663118,15.382051709330494,1.0,3.0,1.0,0.0,2,,,,20.0,10.0,10.0,10.0,40.0,20.0,20.0,20.0,2.5,4.0,2.6666666666666665,4.0,3.3333333333333335,4.0,3.25,1.0,1.0,2.6666666666666665,6.0,7.0,1.0,3.0,3.0,3.75,2.75,4.5,3.5,3.0,3.0,4.75,2.5,3.0,1.0,4.0
2,2,2.0,40.0,3.0,1.0,3.0,11.0,1.0,40.0,57.0,3.0,142.5,2166.3056157307115,2400.2666222296284,12.497917013831028,8.770468079881423,2.0,3.0,1.0,0.0,2,,,,10.0,0.0,0.0,50.0,35.46644844517185,36.796726677577745,10.753518821603928,16.132242225859247,3.3333333333333335,4.0,3.1666666666666665,2.25,4.333333333333333,3.4,2.75,3.6666666666666665,3.0,3.6666666666666665,4.75,4.0,2.6666666666666665,1.5,4.5,5.0,4.0,3.5,3.25,3.0,2.0,3.5,3.25,2.75,3.0,4.0
2,2,1.0,42.0,3.0,1.0,3.0,2.0,1.0,40.0,30.0,2.0,75.0,2082.9861689718377,2307.948675220796,12.017227897914449,16.0229705305526,1.0,1.0,1.0,0.0,2,,,,20.0,10.0,1.0,1.0,47.599999999999994,15.500000000000004,6.944444444444445,18.455555555555556,2.6666666666666665,2.0,3.0,1.5,2.0,2.2,2.5,2.6666666666666665,1.0,3.0,3.5,2.6666666666666665,3.6666666666666665,2.5,1.75,2.25,1.75,3.5,2.25,2.75,2.25,3.0,3.0,3.25,2.0,4.0
2,2,1.0,54.0,1.0,1.0,3.0,5.0,1.0,40.0,40.0,1.0,100.0,1999.6667222129645,2215.630728211964,11.536538781997873,11.536538781997873,1.0,2.0,7.0,18.0,2,,,,24.0,2.0,0.0,2.0,60.0,5.0,0.0,5.0,2.5,3.0,3.1666666666666665,3.75,3.6666666666666665,2.8,2.75,3.6666666666666665,4.666666666666667,4.333333333333333,4.0,4.666666666666667,3.0,2.0,3.0,2.5,2.75,3.25,2.75,3.5,3.25,3.75,3.5,2.75,2.0,3.0
2,2,1.0,54.0,1.0,1.0,3.0,12.0,1.0,40.0,60.0,3.0,150.0,1874.6875520746541,2077.1538076987167,10.815505108123004,7.210336738748669,1.0,1.0,1.0,0.0,2,,,,20.0,10.0,5.0,5.0,33.33333333333333,16.666666666666664,8.333333333333332,8.333333333333332,2.8333333333333335,2.0,3.3333333333333335,1.75,2.5,2.0,3.75,1.0,1.0,1.333333333333333,5.75,5.666666666666667,1.0,2.0,4.25,3.25,2.6666666666666665,3.75,3.0,2.5,3.25,3.25,2.75,1.6666666666666667,2.2,4.0
2,2,1.0,67.0,1.0,1.0,3.0,12.0,1.0,40.0,40.0,1.0,100.0,3332.7778703549407,3692.7178803532743,19.227564636663118,19.227564636663118,1.0,4.0,6.0,10.0,2,,,,15.0,20.0,5.0,5.0,35.0,26.5,7.1,24.5,3.1666666666666665,4.0,2.6,4.5,4.666666666666667,3.8,3.5,2.6666666666666665,3.0,6.666666666666667,5.75,6.666666666666667,3.0,4.75,4.25,4.75,4.0,3.5,3.75,2.5,3.75,4.75,3.0,2.6666666666666665,1.7999999999999998,6.0
2,2,1.0,48.0,2.0,3.0,3.0,12.0,2.0,40.0,40.0,1.0,100.0,1791.3681053157807,1984.8358606898848,10.334815992206426,10.334815992206426,1.0,2.0,6.0,25.0,2,,,,30.0,4.0,5.5,0.5,75.0,10.0,13.750000000000002,1.2499999999999982,2.6666666666666665,3.0,3.0,3.25,3.3333333333333335,2.4,3.75,1.666666666666667,3.0,5.0,6.25,5.0,2.6666666666666665,3.75,4.25,3.75,3.5,3.25,3.5,3.0,3.5,3.25,2.5,2.5,3.0,4.0
2,2,1.0,25.0,1.0,1.0,3.0,2.0,2.0,40.0,65.0,3.0,162.5,1833.0278286952173,2030.9948341943007,10.575160550164716,6.507791107793672,1.0,2.0,1.0,0.0,2,,,,15.0,30.0,10.0,10.0,23.076923076923077,46.15384615384615,15.384615384615385,15.384615384615385,3.1666666666666665,3.0,2.6666666666666665,3.25,3.0,3.2,3.75,3.3333333333333335,3.0,4.333333333333333,4.5,5.0,3.0,3.0,4.0,3.75,3.5,3.5,3.0,3.0,3.25,3.0,3.0,3.0,3.0,7.0
2,2,1.0,30.0,1.0,2.0,3.0,2.0,1.0,44.0,48.0,3.0,109.09090909090908,2166.3056157307115,2400.2666222296284,11.36174273984639,10.41493084485919,2.0,3.0,1.0,0.0,2,,,,30.0,10.0,0.0,6.0,62.5,20.833333333333336,0.0,12.5,3.0,4.0,2.5,3.75,4.333333333333333,3.6,2.75,3.0,5.333333333333333,3.3333333333333335,5.75,5.333333333333333,2.6666666666666665,2.0,3.25,1.0,2.0,4.5,4.5,4.0,2.75,4.0,2.75,2.5,2.0,4.0
2,2,2.0,46.0,1.0,2.0,3.0,2.0,1.0,40.0,40.0,1.0,100.0,1499.7500416597234,1661.7230461589734,8.652404086498404,8.652404086498404,3.0,1.0,1.0,0.0,2,,,,35.0,5.0,25.0,10.0,52.14285714285714,21.5,3.5,6.857142857142856,1.5,1.0,2.6666666666666665,2.0,2.0,2.0,4.25,4.0,3.5,6.333333333333333,5.0,3.6666666666666665,5.5,4.0,4.5,4.75,3.75,3.5,4.25,1.75,3.5,2.0,3.6666666666666665,2.0,3.0,4.0
2,2,1.0,47.0,1.0,2.0,3.0,5.0,1.0,40.0,40.0,1.0,100.0,2041.3264455924011,2261.7897017163805,11.77688333995616,11.77688333995616,2.0,4.0,6.0,20.0,2,,,,30.0,10.0,0.0,8.0,38.76923076923077,29.538461538461537,5.923076923076923,18.26923076923077,3.3333333333333335,5.0,2.5,4.5,4.0,2.8,3.75,3.3333333333333335,2.0,6.0,5.75,6.666666666666667,2.6666666666666665,3.25,3.5,4.25,3.5,4.25,4.25,3.75,3.25,4.75,3.0,2.5,1.0,2.0
2,2,2.0,32.0,1.0,2.0,1.0,5.0,2.0,40.0,45.0,3.0,112.5,1416.4305949008499,1569.4050991501415,8.171714970581826,7.263746640517178,1.0,1.0,1.0,0.0,2,,,,30.0,5.0,9.0,1.0,66.66666666666666,11.11111111111111,20.0,2.2222222222222197,2.8333333333333335,2.0,3.3333333333333335,2.75,2.3333333333333335,1.6,3.5,1.0,1.0,1.0,5.5,5.666666666666667,1.0,2.0,3.75,1.0,2.75,4.0,3.0,3.0,3.5,2.5,2.75,3.25,2.0,4.0
2,2,1.0,38.0,2.0,1.0,3.0,2.0,1.0,40.0,40.0,1.0,100.0,1458.0903182802865,1615.564072654557,8.412059528540114,8.412059528540114,1.0,2.0,3.0,15.0,2,,,,16.0,20.0,10.0,2.0,30.5,30.25,12.25,27.0,2.5,2.0,3.6666666666666665,2.5,4.0,3.0,4.0,4.666666666666667,5.0,5.0,4.0,5.666666666666667,4.333333333333333,3.5,4.25,3.75,3.75,3.25,3.5,2.75,2.75,2.0,4.0,3.0,3.0,4.0
2,2,2.0,29.0,1.0,1.0,1.0,1.0,2.0,40.0,70.0,3.0,175.0,916.5139143476083,1015.4974170971504,5.287580275082358,3.0214744429042053,1.0,2.0,1.0,0.0,2,,,,25.0,25.0,5.0,5.0,35.714285714285715,35.714285714285715,7.142857142857142,7.142857142857142,3.8333333333333335,4.0,2.8333333333333335,2.5,4.0,2.2,4.5,5.0,5.0,4.666666666666667,5.0,5.666666666666667,2.3333333333333335,4.25,4.0,4.0,4.0,3.75,3.5,2.25,3.0,3.5,3.25,2.75,3.0,4.0
2,2,1.0,38.0,1.0,2.0,3.0,4.0,1.0,40.0,40.0,1.0,100.0,1833.0278286952173,2030.9948341943007,10.575160550164716,10.575160550164716,1.0,2.0,1.0,0.0,2,,,,8.0,20.0,3.0,9.0,20.0,50.0,7.5,22.5,3.5,2.0,3.6666666666666665,2.0,1.3333333333333333,2.4,3.0,5.333333333333333,6.333333333333332,5.0,5.75,7.0,3.0,3.25,2.25,4.5,3.25,2.25,3.25,1.75,3.25,4.75,4.0,1.75,3.0,4.0
2,2,1.0,35.0,2.0,2.0,1.0,1.0,2.0,40.0,50.0,3.0,125.0,1458.0903182802865,1615.564072654557,8.412059528540114,6.729647622832092,3.0,2.0,1.0,0.0,2,,,,22.5,15.0,10.0,5.0,36.76923076923077,42.1051282051282,14.867521367521366,5.424786324786323,3.1666666666666665,4.0,2.5,3.5,4.0,3.0,4.5,2.6666666666666665,3.6666666666666665,5.666666666666667,6.25,7.0,2.6666666666666665,4.25,4.25,3.0,3.5,3.0,4.0,3.25,3.5,4.0,3.25,2.5,2.6,4.0
2,2,1.0,27.0,1.0,1.0,1.0,2.0,2.0,20.0,20.0,1.0,100.0,833.1944675887353,923.1794700883186,9.613782318331559,9.613782318331559,1.0,2.0,3.0,40.0,2,,,,2.0,14.0,1.0,3.0,10.0,70.0,5.0,15.0,3.5,5.0,2.5,2.75,3.6666666666666665,2.4,3.5,1.9999999999999998,1.3333333333333333,4.333333333333333,5.0,5.666666666666667,2.6666666666666665,3.0,4.25,4.5,3.0,3.25,2.5,3.0,3.75,4.75,3.75,3.75,4.0,7.0
2,2,2.0,26.0,2.0,1.0,1.0,2.0,2.0,40.0,40.0,1.0,100.0,1041.4930844859189,1153.974337610398,6.008613948957224,6.008613948957224,1.0,1.0,1.0,0.0,2,,,,5.0,27.0,2.0,1.0,12.5,67.5,5.0,2.5,4.333333333333333,4.0,2.8333333333333335,2.25,4.0,3.0,2.25,5.0,4.333333333333333,3.6666666666666665,3.75,4.333333333333333,2.0,1.75,1.75,2.25,1.75,3.0,2.5,2.5,2.75,4.0,3.0,2.5,2.0,7.0
2,2,2.0,43.0,3.0,1.0,1.0,6.0,2.0,40.0,40.0,1.0,100.0,1166.4722546242292,1292.4512581236459,6.729647622832092,6.729647622832092,1.0,1.0,1.0,0.0,2,,,,34.0,3.0,2.0,1.0,85.0,7.5,5.0,2.5,2.8333333333333335,2.0,3.3333333333333335,2.0,1.0,2.0,4.25,2.6666666666666665,4.666666666666667,5.666666666666667,6.25,3.3333333333333335,3.3333333333333335,3.25,4.75,5.0,3.75,3.25,3.75,3.0,2.75,2.75,3.0,2.75,3.0,3.0
2,2,2.0,38.0,1.0,2.0,1.0,1.0,1.0,20.0,20.0,1.0,100.0,1249.7917013831027,1384.7692051324777,14.420673477497337,14.420673477497337,3.0,1.0,1.0,0.0,2,,,,9.0,5.0,5.0,1.0,45.0,25.0,25.0,5.0,2.8333333333333335,5.0,2.3333333333333335,3.75,4.666666666666667,3.0,3.25,7.0,1.0,6.0,4.5,6.0,2.6666666666666665,2.75,1.75,2.75,2.25,3.75,3.0,4.0,3.25,4.0,4.0,3.25,2.0,4.0
2,2,2.0,45.0,1.0,2.0,1.0,1.0,1.0,40.0,55.0,3.0,137.5,1416.4305949008499,1569.4050991501415,8.171714970581826,5.943065433150418,1.0,2.0,1.0,0.0,2,,,,45.0,10.0,0.5,1.0,35.291666666666664,32.60507246376812,9.73913043478261,18.16123188405797,2.8333333333333335,4.0,2.5,4.5,4.333333333333333,2.2,3.25,3.6666666666666665,3.6666666666666665,6.666666666666667,6.25,5.666666666666667,3.0,1.75,4.5,4.75,3.75,4.25,3.25,2.0,2.25,3.5,2.75,2.0,3.0,4.0
2,2,2.0,28.0,3.0,1.0,1.0,2.0,1.0,40.0,40.0,1.0,100.0,2082.9861689718377,2307.948675220796,12.017227897914449,12.017227897914449,1.0,2.0,1.0,0.0,2,,,,0.0,20.0,15.0,5.0,0.0,50.0,37.5,12.5,4.0,5.0,2.5,5.0,4.666666666666667,3.6,2.25,3.0,2.3333333333333335,4.666666666666667,5.25,6.0,2.6666666666666665,3.5,3.0,4.25,2.75,2.75,2.5,3.5,2.75,5.0,2.75,2.75,2.0,7.0
2,2,1.0,52.0,1.0,2.0,1.0,1.0,1.0,10.0,10.0,1.0,100.0,2916.180636560573,3231.1281453091146,67.29647622832091,67.29647622832091,1.0,1.0,5.0,4.0,2,,,,20.0,10.0,9.0,1.0,36.785714285714285,36.04761904761905,2.666666666666666,16.71428571428571,3.0,3.2,3.0,1.75,2.3333333333333335,3.2,2.75,1.3333333333333335,5.0,4.0,5.5,6.0,3.0,3.5,3.5,3.0,3.5,3.5,3.0,1.5,2.5,2.25,2.5,3.0,4.0,5.0
2,2,2.0,28.0,2.0,1.0,1.0,1.0,2.0,40.0,47.5,3.0,118.75,1249.7917013831027,1384.7692051324777,7.210336738748668,6.071862516840984,1.0,1.0,1.0,0.0,2,,,,20.0,20.0,5.0,0.0,42.10526315789473,42.10526315789473,10.526315789473683,0.0,3.5,3.0,2.6666666666666665,2.75,3.3333333333333335,3.2,3.75,1.9999999999999998,1.3333333333333333,3.0,4.5,4.666666666666667,1.6666666666666667,2.0,2.5,2.75,2.25,3.75,2.0,1.75,2.6666666666666665,2.5,2.5,3.6666666666666665,4.0,7.0
2,2,1.0,38.0,1.0,2.0,1.0,1.0,1.0,40.0,40.0,1.0,100.0,2707.882019663389,3000.3332777870355,15.622396267288783,15.622396267288783,3.0,4.0,1.0,0.0,2,,,,10.0,20.0,10.0,10.0,36.0,41.00000000000001,8.0,14.0,2.8333333333333335,5.0,2.3333333333333335,3.0,3.6666666666666665,3.2,3.25,4.0,4.0,5.0,6.0,7.0,2.6666666666666665,3.75,2.5,2.5,3.0,3.25,2.25,2.25,3.75,4.5,3.0,2.0,3.0,5.0
2,2,2.0,27.0,1.0,1.0,1.0,2.0,4.0,40.0,45.0,3.0,112.5,916.5139143476083,1015.4974170971504,5.287580275082358,4.700071355628763,1.0,1.0,1.0,0.0,2,,,,15.0,15.0,5.0,5.0,33.33333333333333,33.33333333333333,11.11111111111111,11.11111111111111,3.0,2.0,3.3333333333333335,2.0,2.3333333333333335,2.8,3.25,2.6666666666666665,1.0,6.333333333333333,5.25,5.0,3.6666666666666665,2.75,3.5,1.5,2.75,4.0,1.5,2.5,3.25,3.5,3.25,3.75,4.0,7.0
2,2,2.0,25.0,2.0,1.0,3.0,2.0,2.0,20.0,35.0,3.0,175.0,708.2152974504249,784.7025495750709,8.171714970581826,4.669551411761043,1.0,1.0,1.0,0.0,2,,,,20.0,16.0,4.0,8.0,33.0,40.0,3.666666666666666,17.466666666666665,2.3333333333333335,3.0,2.3333333333333335,4.75,4.333333333333333,3.0,4.25,5.666666666666667,4.666666666666667,5.333333333333333,5.75,6.666666666666667,2.6666666666666665,2.0,3.25,3.0,3.0,3.0,3.0,2.6666666666666665,2.25,4.75,2.5,3.6666666666666665,2.6,3.0
2,2,1.0,52.0,1.0,2.0,1.0,1.0,1.0,40.0,50.0,3.0,125.0,1874.6875520746541,2077.1538076987167,10.815505108123004,8.652404086498404,3.0,3.0,1.0,0.0,2,,,,8.0,20.0,10.0,12.0,16.0,40.0,20.0,24.0,4.0,3.0,3.6666666666666665,3.0,4.0,1.8,2.75,3.0,2.3333333333333335,6.0,5.75,5.666666666666667,2.3333333333333335,3.0,4.0,4.75,3.0,4.25,2.5,3.25,3.5,4.0,3.0,2.5,1.0,6.0
2,2,2.0,48.0,2.0,1.0,3.0,11.0,1.0,40.0,40.0,1.0,100.0,1749.7083819363438,1938.6768871854688,10.094471434248138,10.094471434248138,1.0,1.0,5.0,4.0,2,,,,32.0,5.0,0.0,3.0,80.0,12.5,0.0,7.5,2.0,3.0,3.5,2.0,2.0,2.8,2.25,1.0,1.0,3.3333333333333335,5.0,5.333333333333333,2.3333333333333335,2.25,2.5,3.0,2.25,2.75,3.0,2.5,2.25,4.75,3.75,2.25,2.0,3.0
2,2,1.0,37.0,1.0,2.0,1.0,2.0,2.0,40.0,40.0,1.0,100.0,1999.6667222129645,2215.630728211964,11.536538781997873,11.536538781997873,1.0,2.0,5.0,3.0,2,,,,25.0,2.0,3.0,10.0,62.5,5.0,7.5,25.0,3.5,2.0,3.8333333333333335,2.75,2.3333333333333335,1.8,3.5,2.6666666666666665,2.3333333333333335,4.0,5.75,2.6666666666666665,2.3333333333333335,2.0,4.75,5.0,3.25,3.75,2.75,2.0,3.75,4.5,3.25,3.75,4.0,4.0
2,2,1.0,55.0,2.0,1.0,1.0,2.0,2.0,40.0,75.0,3.0,187.5,2082.9861689718377,2307.948675220796,12.017227897914449,6.409188212221039,3.0,1.0,1.0,0.0,2,,,,25.0,20.0,20.0,10.0,33.33333333333333,26.666666666666668,26.666666666666668,13.333333333333334,3.3333333333333335,3.0,3.3333333333333335,2.0,3.0,2.6,4.25,1.666666666666667,1.0,3.0,6.0,5.333333333333333,2.0,3.25,5.0,4.0,3.5,3.5,4.5,4.0,2.5,3.0,3.25,2.0,3.0,6.0
2,2,1.0,69.0,1.0,1.0,3.0,5.0,1.0,40.0,40.0,1.0,100.0,3124.479253457757,3461.9230128311947,18.025841846871675,18.025841846871675,2.0,4.0,1.0,0.0,2,,,,10.0,20.0,10.0,5.0,26.863636363636363,42.90909090909091,12.954545454545453,17.272727272727273,4.166666666666667,5.0,2.5,4.0,5.0,4.0,2.5,5.0,1.0,5.0,5.5,6.0,3.0,3.75,3.0,3.75,3.0,4.25,4.5,4.0,4.0,5.0,3.0,2.25,1.0,6.0
2,2,2.0,37.0,1.0,1.0,3.0,5.0,1.0,40.0,40.0,1.0,100.0,1666.3889351774703,1846.3589401766371,9.613782318331559,9.613782318331559,1.0,1.0,1.0,0.0,2,,,,30.0,10.0,1.0,1.0,46.5,29.5,6.499999999999999,12.5,2.5,2.0,3.0,1.25,2.3333333333333335,2.6,4.0,5.0,3.6666666666666665,6.0,5.25,6.333333333333333,2.3333333333333335,4.0,3.75,4.5,3.5,3.0,4.0,3.0,2.5,4.0,3.0,2.5,3.0,4.0
2,2,1.0,56.0,1.0,2.0,1.0,2.0,2.0,30.0,30.0,1.0,100.0,1666.3889351774703,1846.3589401766371,12.818376424442079,12.818376424442079,1.0,1.0,6.0,15.0,2,,,,15.0,10.0,2.0,3.0,50.0,33.33333333333333,6.666666666666667,10.0,2.0,5.0,2.5,2.5,5.0,2.8,3.75,5.0,2.6666666666666665,6.0,6.25,7.0,2.0,4.75,3.75,5.0,3.25,3.5,5.0,2.75,3.75,3.25,3.25,3.0,1.0,5.0
2,2,2.0,41.0,1.0,2.0,3.0,4.0,2.0,20.0,20.0,1.0,100.0,2082.9861689718377,2307.948675220796,24.034455795828897,24.034455795828897,4.0,4.0,1.0,0.0,2,,,,2.0,8.0,2.0,8.0,10.0,40.0,10.0,40.0,4.0,4.0,2.6666666666666665,3.5,4.666666666666667,2.8,2.75,4.0,4.0,5.333333333333333,5.0,5.666666666666667,2.6666666666666665,4.0,2.75,4.0,3.0,4.0,4.0,3.25,3.5,4.0,3.0,2.5,1.0,6.0
2,2,1.0,60.0,1.0,1.0,3.0,2.0,1.0,40.0,40.0,1.0,100.0,2082.9861689718377,2307.948675220796,12.017227897914449,12.017227897914449,1.0,3.0,1.0,0.0,2,,,,15.0,15.0,5.0,5.0,37.5,37.5,12.5,12.5,3.5,3.0,3.0,5.0,5.0,3.8,2.5,3.0,3.0,3.6666666666666665,5.0,6.666666666666667,2.0,3.25,2.25,4.0,3.5,4.0,4.0,3.0,4.0,5.0,3.0,2.0,1.0,4.0
2,2,1.0,40.0,1.0,1.0,1.0,1.0,1.0,40.0,80.0,3.0,200.0,1458.0903182802865,1615.564072654557,8.412059528540114,4.206029764270058,1.0,3.0,1.0,0.0,2,,,,15.0,5.0,30.0,30.0,18.75,6.25,37.5,37.5,2.6666666666666665,2.0,3.1666666666666665,2.0,2.6666666666666665,2.8,4.5,3.6666666666666665,3.3333333333333335,6.333333333333333,5.25,3.3333333333333335,5.666666666666667,2.75,4.0,4.0,4.0,3.25,3.0,3.0,2.5,2.75,3.5,4.0,4.0,4.0
2,2,2.0,30.0,1.0,2.0,1.0,5.0,2.0,16.0,16.0,1.0,100.0,549.9083486085651,609.2984502582904,7.931370412623537,7.931370412623537,1.0,3.0,3.0,13.0,2,,,,0.0,10.0,3.0,1.0,0.0,62.5,18.75,6.25,3.6666666666666665,4.0,2.6666666666666665,3.25,3.6666666666666665,3.0,3.25,4.0,5.0,4.666666666666667,4.75,5.666666666666667,2.0,3.75,2.75,3.25,3.0,3.0,1.2499999999999998,2.0,2.75,2.5,3.75,2.75,4.0,7.0
2,2,1.0,30.0,2.0,1.0,3.0,5.0,2.0,40.0,40.0,1.0,100.0,1458.0903182802865,1615.564072654557,8.412059528540114,8.412059528540114,1.0,2.0,1.0,0.0,2,,,,28.0,5.0,5.0,2.0,70.0,12.5,12.5,5.0,3.3333333333333335,2.0,3.0,2.75,2.3333333333333335,2.0,3.25,1.3333333333333335,2.6666666666666665,6.0,4.25,2.0,3.6666666666666665,4.0,4.25,4.0,3.25,3.5,3.25,3.25,2.75,2.0,3.0,3.75,4.0,3.0
2,2,1.0,41.0,1.0,2.0,3.0,12.0,6.0,40.0,40.0,1.0,100.0,4999.166805532411,5539.07682052991,28.841346954994673,28.841346954994673,2.0,4.0,2.0,10.0,2,,,,6.0,8.0,10.0,16.0,15.0,20.0,25.0,40.0,3.0,3.0,3.0,3.25,3.3333333333333335,2.8,3.75,1.9999999999999998,4.333333333333333,3.0,5.75,5.666666666666667,2.3333333333333335,2.75,3.75,4.0,3.25,3.0,3.5,2.25,3.5,3.0,3.25,3.5,4.0,5.0
2,2,2.0,33.0,1.0,2.0,3.0,5.0,1.0,40.0,40.0,1.0,100.0,1666.3889351774703,1846.3589401766371,9.613782318331559,9.613782318331559,1.0,1.0,1.0,0.0,2,,,,5.0,15.0,15.0,5.0,12.5,37.5,37.5,12.5,2.8333333333333335,2.0,2.8333333333333335,5.0,4.0,3.2,3.5,3.3333333333333335,3.0,4.0,5.0,6.0,1.6666666666666667,4.25,2.5,2.75,2.75,3.75,2.75,2.5,3.75,4.25,3.0,2.0,3.0,4.0
2,2,1.0,50.0,1.0,2.0,1.0,1.0,1.0,40.0,45.0,3.0,112.5,3020.329945009165,3346.5255790701544,17.424980451975948,15.48887151286751,1.0,3.0,1.0,0.0,2,,,,60.0,30.0,10.0,0.0,44.0,22.400000000000006,9.4,23.799999999999997,3.6666666666666665,3.0,2.8333333333333335,4.25,3.3333333333333335,2.6,3.5,4.0,5.666666666666667,5.666666666666667,5.5,5.666666666666667,3.0,2.75,3.5,3.5,3.75,3.0,3.0,3.5,3.0,2.75,3.75,3.0,4.0,5.0
2,2,2.0,47.0,1.0,1.0,3.0,4.0,1.0,46.0,46.0,1.0,100.0,2082.9861689718377,2307.948675220796,10.449763389490824,10.449763389490824,1.0,2.0,6.0,20.0,2,,,,24.0,16.0,0.0,4.0,52.17391304347826,34.78260869565217,0.0,8.695652173913043,3.0,3.0,3.0,2.5,3.3333333333333335,2.6,3.5,3.6666666666666665,2.0,5.333333333333333,5.25,4.333333333333333,2.6666666666666665,3.25,4.0,3.5,2.5,3.75,4.5,3.0,3.0,4.0,2.75,3.0,1.0,4.0
2,2,2.0,46.0,1.0,2.0,1.0,6.0,1.0,40.0,60.0,3.0,150.0,3541.0764872521245,3923.512747875354,20.429287426454565,13.61952495096971,2.0,5.0,1.0,0.0,2,,,,20.0,15.0,10.0,15.0,33.33333333333333,25.0,16.666666666666664,25.0,3.5,4.0,3.0,4.0,4.666666666666667,3.2,4.75,5.0,4.666666666666667,7.0,6.5,7.0,3.3333333333333335,4.5,5.0,4.75,3.5,2.75,3.25,3.5,3.75,4.25,3.5,2.75,3.0,5.0
2,2,1.0,46.0,1.0,1.0,1.0,2.0,1.0,40.0,50.0,3.0,125.0,2603.7327112147973,2884.9358440259953,15.021534872393062,12.017227897914449,1.0,1.0,3.0,10.0,2,,,,15.0,20.0,10.0,5.0,30.0,40.0,20.0,10.0,3.0,3.0,3.6666666666666665,1.75,3.3333333333333335,2.0,4.0,5.0,7.0,3.0,5.25,6.0,2.0,4.0,3.5,4.5,3.25,3.0,2.0,2.25,2.75,3.0,3.0,2.25,3.0,4.0
2,2,2.0,49.0,1.0,2.0,1.0,1.0,1.0,40.0,40.0,1.0,100.0,1416.4305949008499,1569.4050991501415,8.171714970581826,8.171714970581826,1.0,1.0,1.0,0.0,2,,,,20.0,10.0,10.0,4.0,28.0,56.5,5.5,8.0,3.3333333333333335,3.0,2.1666666666666665,2.5,3.3333333333333335,2.2,2.75,2.6666666666666665,4.0,5.333333333333333,5.5,7.0,2.6666666666666665,2.25,2.25,3.25,2.25,2.75,2.5,2.5,2.25,4.5,3.25,2.75,2.0,4.0
2,2,1.0,29.0,2.0,1.0,1.0,2.0,2.0,20.0,50.0,3.0,250.0,570.7382102982835,632.3779370104983,6.585440888057119,2.6341763552228468,1.0,4.0,1.0,0.0,2,,,,18.0,20.0,2.0,10.0,36.0,40.0,4.0,20.0,3.5,4.0,2.6666666666666665,3.25,3.6666666666666665,2.4,4.5,4.333333333333333,4.666666666666667,6.333333333333333,6.5,5.333333333333333,3.0,5.0,4.75,4.0,3.5,3.75,4.0,3.75,3.5,3.5,2.75,2.5,3.0,3.0
2,2,1.0,26.0,3.0,1.0,1.0,2.0,4.0,40.0,40.0,1.0,100.0,1083.1528078653557,1200.1333111148142,6.248958506915514,6.248958506915514,1.0,1.0,1.0,0.0,2,,,,2.0,10.0,4.0,8.0,5.0,25.0,10.0,20.0,2.6666666666666665,2.0,2.8333333333333335,3.75,3.0,2.8,3.5,5.333333333333333,5.333333333333333,3.6666666666666665,5.0,4.333333333333333,3.0,3.0,2.5,4.0,3.0,4.5,4.5,3.25,3.0,2.5,3.0,3.25,4.0,2.0
2,2,1.0,77.0,1.0,3.0,1.0,1.0,1.0,20.0,20.0,1.0,100.0,708.2152974504249,784.7025495750709,8.171714970581826,8.171714970581826,1.0,1.0,1.0,0.0,2,,,,10.0,10.0,0.0,0.0,50.0,50.0,0.0,0.0,2.1666666666666665,3.0,2.5,3.25,3.0,2.2,4.5,3.3333333333333335,5.0,4.0,4.75,4.666666666666667,3.3333333333333335,3.5,3.0,3.5,3.0,3.5,3.0,2.5,2.75,1.0,2.5,2.75,4.0,3.0
2,2,2.0,58.0,1.0,2.0,1.0,1.0,2.0,40.0,50.0,3.0,125.0,2249.625062489585,2492.58456923846,12.978606129747607,10.382884903798086,1.0,2.0,1.0,0.0,2,,,,20.0,30.0,5.0,5.0,41.134063756665036,19.747133226877363,12.569077925154684,22.27924077817468,2.5,5.0,2.6666666666666665,3.75,3.3333333333333335,2.8,3.0,1.0,1.0,1.666666666666667,5.0,7.0,1.0,2.25,4.5,4.75,3.25,4.25,3.5,2.5,3.0,4.75,3.0,3.25,3.0,5.0
2,2,2.0,42.0,1.0,1.0,1.0,2.0,1.0,40.0,65.0,3.0,162.5,3332.7778703549407,3692.7178803532743,19.227564636663118,11.832347468715765,3.0,3.0,1.0,0.0,2,,,,20.0,20.0,20.0,5.0,30.76923076923077,30.76923076923077,30.76923076923077,7.692307692307693,4.166666666666667,5.0,2.5,4.75,5.0,3.2,3.75,1.0,3.6666666666666665,2.0,5.5,5.666666666666667,2.0,2.75,4.25,3.5,3.5,4.25,3.0,2.0,3.25,4.0,3.0,3.5,4.0,4.0
2,2,1.0,50.0,1.0,2.0,1.0,2.0,1.0,40.0,40.0,1.0,100.0,4874.187635394101,5400.599900016663,28.12031328111981,28.12031328111981,3.0,4.0,1.0,0.0,2,,,,6.0,10.0,12.0,12.0,15.0,25.0,30.0,30.0,4.5,5.0,2.6666666666666665,3.0,4.666666666666667,3.8,2.75,4.0,3.3333333333333335,5.666666666666667,6.25,6.666666666666667,2.0,3.75,3.75,3.0,3.5,4.0,4.0,2.75,2.75,4.25,3.5,2.75,1.0,5.0
2,2,1.0,39.0,1.0,2.0,1.0,8.0,2.0,40.0,40.0,1.0,100.0,1249.7917013831027,1384.7692051324777,7.210336738748668,7.210336738748668,1.0,2.0,2.0,12.0,2,,,,25.0,10.0,5.0,10.0,31.000000000000004,30.0,13.0,14.5,4.666666666666667,5.0,2.0,5.0,5.0,2.8,4.0,4.0,5.666666666666667,5.666666666666667,6.0,6.666666666666667,1.3333333333333333,4.25,3.0,3.0,2.5,3.0,3.75,2.75,3.0,3.5,2.75,2.3333333333333335,2.4,4.0
2,2,1.0,28.0,2.0,1.0,1.0,1.0,3.0,12.0,30.0,3.0,250.0,1041.4930844859189,1153.974337610398,20.028713163190748,8.0114852652763,1.0,3.0,1.0,0.0,2,,,,8.0,24.0,2.0,6.0,44.0,38.666666666666664,13.333333333333332,8.0,4.166666666666667,3.0,3.3333333333333335,2.0,4.333333333333333,3.0,2.75,4.0,3.6666666666666665,4.0,3.75,3.6666666666666665,4.0,3.25,3.25,3.0,2.75,4.0,3.25,3.0,2.75,3.5,3.25,3.0,2.0,7.0
2,2,2.0,45.0,2.0,2.0,1.0,1.0,1.0,24.0,24.0,1.0,100.0,1166.4722546242292,1292.4512581236459,11.216079371386819,11.216079371386819,1.0,1.0,1.0,0.0,2,,,,0.0,20.0,0.0,4.0,0.0,83.33333333333334,0.0,16.666666666666664,3.0,3.0,3.0,4.0,2.6666666666666665,2.6,3.6666666666666665,3.0,2.3333333333333335,6.0,5.666666666666667,5.333333333333333,5.0,3.25,3.5,3.0,2.75,3.5,3.5,3.0,3.5,2.75,3.0,2.25,3.0,7.0
2,2,2.0,40.0,1.0,1.0,1.0,2.0,1.0,40.0,40.0,1.0,100.0,2082.9861689718377,2307.948675220796,12.017227897914449,12.017227897914449,1.0,2.0,1.0,0.0,2,,,,10.0,5.0,10.0,15.0,25.0,12.5,25.0,37.5,3.0,2.0,3.1666666666666665,2.5,4.0,3.2,4.0,1.9999999999999998,2.6666666666666665,4.333333333333333,6.25,5.666666666666667,1.3333333333333333,2.5,4.5,4.5,3.25,3.75,1.5,2.5,2.5,3.25,2.75,4.0,4.0,5.0
2,2,2.0,44.0,1.0,1.0,1.0,2.0,1.0,40.0,40.0,1.0,100.0,1187.3021163139476,1315.530744875854,6.849819901811237,6.849819901811237,1.0,3.0,6.0,7.0,2,,,,10.0,15.0,5.0,10.0,25.0,37.5,12.5,25.0,2.3333333333333335,3.0,2.8333333333333335,4.25,3.0,2.8,3.25,3.3333333333333335,2.3333333333333335,3.0,5.0,5.0,4.333333333333333,2.0,3.25,4.0,2.75,3.5,2.25,2.25,3.0,3.25,3.0,3.75,4.0,7.0
2,2,1.0,28.0,2.0,2.0,1.0,2.0,1.0,20.0,20.0,1.0,100.0,499.9166805532411,553.907682052991,5.768269390998936,5.768269390998936,1.0,3.0,3.0,40.0,2,,,,4.0,10.0,5.0,1.0,20.0,50.0,25.0,5.0,2.5,3.0,2.6666666666666665,3.75,1.3333333333333333,1.8,4.0,2.6666666666666665,4.0,5.0,5.75,5.666666666666667,2.6666666666666665,4.5,4.5,2.75,3.75,3.75,3.75,3.0,3.0,4.25,4.0,3.0,3.0,4.0
2,2,2.0,23.0,2.0,1.0,1.0,1.0,2.0,10.0,10.0,1.0,100.0,249.95834027662067,276.9538410264954,5.768269390998936,5.768269390998936,1.0,1.0,3.0,9.0,2,,,,0.0,4.0,0.0,0.0,0.0,40.0,0.0,0.0,4.666666666666667,4.0,2.1666666666666665,4.75,4.333333333333333,3.2,4.25,5.0,3.6666666666666665,4.333333333333333,6.25,6.666666666666667,2.3333333333333335,3.75,4.0,4.25,3.0,3.5,2.5,2.5,2.75,3.5,3.75,4.0,4.0,7.0
2,2,2.0,32.0,2.0,1.0,1.0,2.0,2.0,40.0,50.0,3.0,125.0,1666.3889351774703,1846.3589401766371,9.613782318331559,7.691025854665247,1.0,3.0,1.0,0.0,2,,,,38.0,4.0,2.0,6.0,76.0,8.0,4.0,12.0,2.8,3.0,2.8333333333333335,4.75,3.3333333333333335,2.4,3.5,5.666666666666667,3.3333333333333335,7.0,6.25,7.0,3.0,4.0,5.0,4.75,3.5,2.5,2.5,3.75,4.25,4.25,3.25,2.75,3.0,4.0
2,2,1.0,59.0,1.0,1.0,1.0,1.0,2.0,40.0,50.0,3.0,125.0,3332.7778703549407,3692.7178803532743,19.227564636663118,15.382051709330494,3.0,3.0,1.0,0.0,2,,,,15.0,20.0,5.0,10.0,30.0,40.0,10.0,20.0,3.3333333333333335,3.0,2.6666666666666665,2.5,3.3333333333333335,3.2,3.5,4.666666666666667,5.0,4.666666666666667,5.0,5.666666666666667,2.3333333333333335,3.25,4.0,4.0,3.5,2.75,2.75,2.25,2.5,3.0,2.75,2.5,3.0,6.0
2,2,1.0,34.0,2.0,1.0,1.0,2.0,2.0,50.0,58.0,3.0,115.99999999999999,2082.9861689718377,2307.948675220796,9.613782318331559,8.287743377872033,1.0,1.0,2.0,4.0,2,,,,25.0,8.0,10.0,15.0,43.103448275862064,13.793103448275861,17.24137931034483,25.862068965517242,2.6666666666666665,3.0,2.8333333333333335,2.5,2.3333333333333335,2.8,3.25,1.666666666666667,2.0,3.6666666666666665,6.25,5.666666666666667,3.0,3.75,4.5,3.75,3.25,3.75,3.0,2.75,3.5,3.0,2.75,3.0,3.0,4.0
2,2,1.0,63.0,1.0,1.0,1.0,2.0,1.0,40.0,46.0,3.0,114.99999999999999,2082.9861689718377,2307.948675220796,12.017227897914449,10.449763389490824,1.0,2.0,1.0,0.0,2,,,,7.0,20.0,10.0,10.0,51.599999999999994,24.4,10.4,13.6,3.1666666666666665,3.0,2.6666666666666665,3.75,4.333333333333333,1.8,3.0,4.333333333333333,4.666666666666667,5.0,5.25,6.0,2.6666666666666665,2.0,2.75,2.25,3.5,3.5,3.5,3.0,2.75,3.0,3.0,2.75,4.0,5.0
2,2,1.0,28.0,2.0,1.0,1.0,2.0,2.0,40.0,40.0,1.0,100.0,1458.0903182802865,1615.564072654557,8.412059528540114,8.412059528540114,1.0,3.0,1.0,0.0,2,,,,5.0,30.0,5.0,5.0,32.5,38.83333333333333,12.0,16.666666666666668,3.3333333333333335,5.0,2.6666666666666665,4.5,4.666666666666667,3.2,2.5,4.666666666666667,4.666666666666667,5.333333333333333,5.5,6.333333333333333,2.6666666666666665,4.0,2.25,3.25,2.75,3.25,4.0,3.5,3.5,4.75,3.25,3.0,1.0,7.0
2,2,1.0,37.0,2.0,1.0,1.0,2.0,1.0,40.0,40.0,1.0,100.0,3332.7778703549407,3692.7178803532743,19.227564636663118,19.227564636663118,1.0,1.0,1.0,0.0,2,,,,10.0,10.0,10.0,10.0,25.0,25.0,25.0,25.0,2.6666666666666665,4.0,2.8333333333333335,2.75,3.6666666666666665,2.8,4.0,4.333333333333333,4.0,5.666666666666667,6.0,6.0,3.0,4.25,4.5,3.0,3.25,3.5,4.25,2.25,2.75,3.5,3.0,2.75,3.0,4.0
2,2,2.0,31.0,2.0,1.0,1.0,2.0,2.0,40.0,48.0,3.0,120.0,1458.0903182802865,1615.564072654557,8.412059528540114,7.010049607116762,1.0,1.0,1.0,0.0,2,,,,20.0,15.0,10.0,3.0,41.66666666666667,31.25,20.833333333333336,6.25,4.333333333333333,3.0,2.6666666666666665,2.0,4.333333333333333,3.0,4.5,4.333333333333333,3.6666666666666665,5.333333333333333,6.25,7.0,2.3333333333333335,3.75,5.0,4.0,3.25,3.25,4.25,3.25,3.25,3.25,2.5,3.0,3.0,7.0
2,2,2.0,28.0,1.0,1.0,1.0,8.0,2.0,40.0,50.0,3.0,125.0,1374.770871521413,1523.2461256457254,7.9313704126235365,6.345096330098828,1.0,2.0,1.0,0.0,2,,,,30.0,20.0,0.0,4.0,12.688111888111887,47.447219447219446,12.613431013431013,13.392651792651794,3.1666666666666665,3.0,2.8333333333333335,3.5,2.6666666666666665,3.0,3.25,4.666666666666667,5.333333333333333,5.0,4.25,3.0,3.3333333333333335,4.0,3.0,4.25,3.5,3.0,2.75,3.0,3.5,2.75,3.25,3.3333333333333335,3.4,3.0
2,2,2.0,40.0,3.0,1.0,1.0,2.0,1.0,40.0,27.0,2.0,67.5,1416.4305949008499,1569.4050991501415,8.171714970581826,12.106244400861964,1.0,2.0,1.0,0.0,2,,,,26.0,6.0,0.5,1.0,41.5,29.857142857142858,13.107142857142858,15.535714285714285,3.8333333333333335,3.0,2.5,3.0,3.3333333333333335,2.2,4.0,2.6666666666666665,1.6666666666666667,4.0,6.25,6.666666666666667,2.6666666666666665,2.5,4.5,4.25,3.25,3.5,3.75,3.0,3.5,2.25,3.0,3.0,4.0,4.0
2,2,1.0,42.0,1.0,2.0,1.0,2.0,1.0,40.0,50.0,3.0,125.0,3124.479253457757,3461.9230128311947,18.025841846871675,14.420673477497338,3.0,2.0,1.0,0.0,2,,,,25.0,15.0,2.0,8.0,50.0,30.0,4.0,16.0,3.3333333333333335,4.0,3.0,2.0,3.3333333333333335,3.4,3.0,2.3333333333333335,5.333333333333333,4.666666666666667,5.5,6.0,3.0,3.0,3.5,4.0,3.0,4.25,4.0,4.0,3.25,4.666666666666667,3.25,2.6666666666666665,1.4000000000000004,4.0
2,2,2.0,58.0,3.0,1.0,1.0,1.0,1.0,40.0,50.0,3.0,125.0,1458.0903182802865,1615.564072654557,8.412059528540114,6.729647622832092,1.0,2.0,1.0,0.0,2,,,,50.0,0.0,0.0,0.0,100.0,0.0,0.0,0.0,3.5,5.0,2.8333333333333335,3.25,3.0,2.8,3.5,2.3333333333333335,1.0,3.0,4.75,6.333333333333333,1.6666666666666667,2.75,4.75,2.25,3.75,2.75,1.5,2.25,3.0,3.75,3.25,3.3333333333333335,3.6,4.0
2,2,1.0,34.0,3.0,1.0,1.0,1.0,1.0,24.0,24.0,1.0,100.0,1041.4930844859189,1153.974337610398,10.014356581595374,10.014356581595374,1.0,3.0,2.0,20.0,2,,,,12.0,1.0,0.0,10.0,50.0,4.166666666666661,0.0,41.66666666666667,3.6666666666666665,5.0,2.6666666666666665,2.25,4.333333333333333,4.0,2.25,5.333333333333333,4.666666666666667,6.666666666666667,5.0,7.0,2.3333333333333335,3.0,2.5,4.5,3.25,2.75,2.5,2.25,3.0,4.25,3.0,2.75,3.0,4.0
2,2,2.0,43.0,1.0,2.0,1.0,5.0,1.0,40.0,40.0,1.0,100.0,1458.0903182802865,1615.564072654557,8.412059528540114,8.412059528540114,1.0,3.0,6.0,5.0,2,,,,15.0,10.0,15.0,5.0,45.0,31.0,11.25,10.25,3.3333333333333335,4.0,3.1666666666666665,3.5,4.0,3.0,4.0,3.0,5.0,4.666666666666667,5.5,5.333333333333333,3.0,4.0,4.0,4.0,3.25,4.0,3.75,2.75,3.5,3.75,2.75,3.5,3.0,4.0
2,2,2.0,35.0,4.0,2.0,3.0,2.0,1.0,40.0,30.0,2.0,75.0,1964.255957340443,2176.395600733211,11.332245907733325,15.1096612103111,1.0,2.0,1.0,0.0,2,,,,10.0,25.0,1.0,1.0,43.888888888888886,15.055555555555554,9.722222222222221,22.11111111111111,2.3333333333333335,5.0,2.3333333333333335,5.0,4.333333333333333,2.6,4.25,1.666666666666667,2.6666666666666665,4.333333333333333,6.5,6.666666666666667,3.0,3.25,3.5,2.75,1.75,4.0,4.0,4.0,3.0,2.75,3.25,1.75,3.0,4.0
2,2,2.0,31.0,2.0,1.0,1.0,2.0,1.0,40.0,40.0,1.0,100.0,1041.4930844859189,1153.974337610398,6.008613948957224,6.008613948957224,1.0,2.0,1.0,0.0,2,,,,6.0,25.0,0.0,5.0,15.0,62.5,0.0,12.5,4.0,4.0,2.8333333333333335,3.0,4.333333333333333,3.0,3.25,3.3333333333333335,4.0,5.666666666666667,6.0,7.0,1.6666666666666667,2.25,2.75,3.25,2.0,3.0,2.25,2.75,2.75,4.25,3.5,3.25,2.0,7.0
2,2,2.0,64.0,3.0,1.0,1.0,5.0,1.0,40.0,40.0,1.0,100.0,2224.629228461923,2464.8891851358107,12.834399394972632,12.834399394972632,2.0,4.0,1.0,0.0,2,,,,25.0,2.0,1.0,15.0,40.0,41.0,7.499999999999999,10.0,4.166666666666667,5.0,3.0,5.0,4.666666666666667,3.4,3.5,1.3333333333333335,1.3333333333333333,5.0,5.75,7.0,3.0,3.25,3.25,3.5,2.75,4.5,4.25,3.5,3.5,4.25,2.75,2.0,1.0,4.0
2,2,2.0,43.0,1.0,2.0,1.0,2.0,1.0,40.0,40.0,1.0,100.0,2082.9861689718377,2307.948675220796,12.017227897914449,12.017227897914449,2.0,3.0,1.0,0.0,2,,,,20.0,5.0,5.0,10.0,50.0,12.5,12.5,25.0,3.5,4.0,3.0,3.75,4.0,3.2,3.0,1.0,1.6666666666666667,2.6666666666666665,5.0,5.666666666666667,2.3333333333333335,2.5,3.5,2.75,3.0,3.5,3.0,3.0,3.0,4.75,3.5,2.75,2.0,5.0
2,2,2.0,44.0,1.0,2.0,1.0,5.0,1.0,40.0,40.0,1.0,100.0,1874.6875520746541,2077.1538076987167,10.815505108123004,10.815505108123004,1.0,3.0,3.0,2.0,2,,,,15.0,15.0,5.0,5.0,37.5,37.5,12.5,12.5,4.0,4.0,3.1666666666666665,3.25,3.3333333333333335,3.6,3.5,4.333333333333333,4.666666666666667,5.0,5.5,5.666666666666667,3.3333333333333335,3.25,4.0,3.75,3.5,3.25,3.25,2.75,3.0,3.0,3.5,2.75,3.0,4.0
2,2,1.0,47.0,1.0,1.0,1.0,5.0,2.0,40.0,60.0,3.0,150.0,1541.40976503916,1707.8820196633892,8.892748644456693,5.928499096304462,1.0,1.0,1.0,0.0,2,,,,30.0,10.0,10.0,10.0,50.0,16.666666666666664,16.666666666666664,16.666666666666664,3.0,2.0,2.5,3.25,2.5,2.4,3.75,1.666666666666667,5.333333333333333,6.666666666666667,5.75,6.5,5.0,4.0,4.75,4.75,3.75,3.0,4.25,1.6666666666666667,2.5,2.75,2.75,3.0,3.0,4.0
2,2,2.0,42.0,1.0,2.0,1.0,1.0,1.0,40.0,50.0,3.0,125.0,1458.0903182802865,1615.564072654557,8.412059528540114,6.729647622832092,3.0,1.0,1.0,0.0,2,,,,30.0,15.0,5.0,2.0,43.36607142857143,27.357142857142858,14.919642857142858,18.044642857142858,3.1666666666666665,2.0,3.1666666666666665,1.75,2.0,2.4,3.5,5.333333333333333,6.0,4.333333333333333,6.0,6.666666666666667,2.3333333333333335,3.25,4.5,3.5,3.5,3.5,3.25,2.25,3.0,3.5,3.25,1.75,3.0,4.0
2,2,2.0,43.0,1.0,2.0,1.0,8.0,1.0,40.0,60.0,3.0,150.0,2499.5834027662054,2769.5384102649555,14.420673477497337,9.613782318331557,2.0,5.0,1.0,0.0,2,,,,20.0,5.0,5.0,30.0,33.33333333333333,8.333333333333336,8.333333333333332,50.0,3.6666666666666665,3.0,3.3333333333333335,2.5,2.6666666666666665,3.2,3.25,2.3333333333333335,2.3333333333333335,1.333333333333333,5.25,5.0,1.0,3.25,4.75,2.75,4.0,4.5,4.0,3.0,3.25,3.25,2.75,3.0,3.0,5.0
2,2,2.0,49.0,1.0,2.0,1.0,1.0,1.0,40.0,40.0,1.0,100.0,1666.3889351774703,1846.3589401766371,9.613782318331559,9.613782318331559,1.0,1.0,1.0,0.0,2,,,,0.0,40.0,0.0,0.0,0.0,100.0,0.0,0.0,3.1666666666666665,1.0,3.6666666666666665,1.25,1.6666666666666667,2.4,3.5,2.3333333333333335,6.0,1.333333333333333,4.25,4.0,2.3333333333333335,1.0,3.75,2.25,1.5,3.75,4.25,3.75,2.25,5.0,3.5,3.25,2.0,7.0
2,2,1.0,42.0,1.0,2.0,1.0,2.0,1.0,40.0,40.0,1.0,100.0,1666.3889351774703,1846.3589401766371,9.613782318331559,9.613782318331559,1.0,2.0,1.0,0.0,2,,,,20.0,5.0,5.0,10.0,50.0,12.5,12.5,25.0,2.5,2.0,3.3333333333333335,2.5,1.6666666666666667,2.6,3.0,4.333333333333333,2.3333333333333335,3.3333333333333335,4.5,3.6666666666666665,4.333333333333333,3.5,1.0,2.5,2.75,2.75,3.0,2.75,3.25,3.25,2.0,3.0,2.0,4.0
2,2,1.0,29.0,1.0,1.0,1.0,2.0,2.0,8.0,10.0,3.0,125.0,204.1326445592399,226.17897017163796,5.8884416699780795,4.710753335982464,1.0,2.0,1.0,0.0,2,,,,9.0,0.0,0.0,1.0,90.0,0.0,0.0,10.0,3.8333333333333335,4.0,2.5,4.0,3.6666666666666665,2.8,3.5,2.6666666666666665,2.3333333333333335,3.6666666666666665,4.75,4.333333333333333,2.3333333333333335,4.0,3.25,3.5,3.0,3.0,3.0,2.5,3.0,4.0,3.5,2.75,1.0,3.0
2,2,2.0,54.0,3.0,2.0,1.0,2.0,1.0,40.0,50.0,3.0,125.0,1333.1111481419762,1477.0871521413096,7.691025854665247,6.152820683732198,1.0,2.0,1.0,0.0,2,,,,22.0,25.0,0.0,3.0,44.0,50.0,0.0,6.0,2.8333333333333335,2.0,2.966666666666667,2.75,3.3333333333333335,1.8,3.5,3.0,3.0,3.3333333333333335,3.3333333333333335,4.0,4.0,2.25,3.25,4.0,3.0,3.3333333333333335,3.5,2.75,2.75,3.0,2.5,3.3333333333333335,3.4,4.0
2,2,1.0,34.0,3.0,1.0,1.0,6.0,1.0,40.0,40.0,1.0,100.0,1541.40976503916,1707.8820196633892,8.892748644456693,8.892748644456692,1.0,3.0,1.0,0.0,2,,,,28.0,6.0,2.0,4.0,70.0,15.0,5.0,10.0,4.0,4.0,2.6666666666666665,4.75,4.0,3.2,2.75,3.0,4.333333333333333,4.0,5.0,4.666666666666667,2.6666666666666665,2.75,2.5,3.25,3.0,3.0,2.0,3.5,2.75,3.75,3.25,3.5,4.0,3.0
2,2,2.0,54.0,2.0,1.0,1.0,6.0,1.0,40.0,40.0,1.0,100.0,1333.1111481419762,1477.0871521413096,7.691025854665247,7.691025854665247,1.0,1.0,5.0,20.0,2,,,,25.0,20.0,5.0,2.0,34.0,39.5,12.0,9.5,3.3333333333333335,3.0,2.3333333333333335,4.0,3.0,2.6,3.75,2.3333333333333335,5.666666666666667,5.0,5.0,5.0,3.0,3.75,3.5,4.5,3.5,3.75,4.0,2.5,3.0,3.75,3.75,2.5,3.0,4.0
2,2,1.0,54.0,1.0,1.0,1.0,2.0,1.0,40.0,40.0,1.0,100.0,2082.9861689718377,2307.948675220796,12.017227897914449,12.017227897914449,1.0,1.0,1.0,0.0,2,,,,30.0,4.0,1.0,5.0,75.0,10.0,2.5,12.5,4.166666666666667,1.0,3.0,2.0,4.333333333333333,3.8,3.25,1.0,2.0,2.6666666666666665,5.75,5.666666666666667,1.3333333333333333,1.0,3.5,3.75,4.0,3.75,1.2499999999999998,3.75,2.5,4.25,3.0,3.25,2.0,4.0
2,2,1.0,54.0,3.0,1.0,1.0,2.0,1.0,48.0,48.0,1.0,100.0,2707.882019663389,3000.3332777870355,13.018663556073987,13.018663556073987,1.0,1.0,1.0,0.0,2,,,,15.0,45.0,0.0,2.0,35.36363636363636,28.40909090909091,7.636363636363637,13.09090909090909,1.8333333333333333,3.0,3.0,2.0,1.6666666666666667,2.6,2.25,1.9999999999999998,3.3333333333333335,3.3333333333333335,4.0,4.666666666666667,2.3333333333333335,3.0,2.25,3.25,2.75,3.5,3.0,3.25,3.75,3.5,3.5,3.25,2.0,5.0
2,2,1.0,47.0,1.0,2.0,1.0,2.0,1.0,40.0,50.0,3.0,125.0,2082.9861689718377,2307.948675220796,12.017227897914449,9.613782318331559,3.0,2.0,1.0,0.0,2,,,,30.0,20.0,1.0,1.0,42.78333333333333,16.14081632653061,12.325850340136055,30.357142857142854,2.0,2.0,2.6666666666666665,3.25,3.6666666666666665,2.4,3.75,1.3333333333333335,1.6666666666666667,4.0,6.0,7.0,2.0,3.0,3.25,4.25,3.5,4.25,4.75,3.0,2.75,4.0,3.0,2.75,1.0,5.0
2,2,1.0,35.0,3.0,1.0,1.0,9.0,1.0,40.0,60.0,3.0,150.0,2499.5834027662054,2769.5384102649555,14.420673477497337,9.613782318331557,2.0,4.0,1.0,0.0,2,,,,20.0,10.0,0.0,25.0,33.33333333333333,16.666666666666664,0.0,41.66666666666667,3.8333333333333335,4.0,3.1666666666666665,5.0,4.0,3.2,3.5,4.333333333333333,3.6666666666666665,5.666666666666667,5.5,5.666666666666667,3.0,3.5,3.5,3.75,3.5,3.5,3.0,3.5,3.0,4.5,3.0,2.75,1.0,4.0
2,2,2.0,39.0,2.0,4.0,1.0,2.0,1.0,40.0,40.0,1.0,100.0,2916.180636560573,3231.1281453091146,16.824119057080228,16.824119057080228,1.0,1.0,1.0,0.0,2,,,,4.0,6.0,10.0,20.0,10.0,15.0,25.0,50.0,3.0,2.0,1.833333333333333,4.25,3.0,3.2,5.0,5.333333333333333,5.666666666666667,4.666666666666667,5.0,3.6666666666666665,4.333333333333333,5.0,5.0,5.0,3.75,3.0,4.0,2.5,3.75,2.75,3.0,2.25,3.0,6.0
2,2,2.0,59.0,1.0,1.0,1.0,2.0,1.0,40.0,40.0,1.0,100.0,1416.4305949008499,1569.4050991501415,8.171714970581826,8.171714970581826,1.0,1.0,1.0,0.0,2,,,,27.5,12.5,1.0,0.0,51.0,16.0,8.0,30.0,4.333333333333333,4.0,2.7,5.0,3.6666666666666665,3.2,4.0,1.666666666666667,1.3333333333333333,4.333333333333333,6.25,6.666666666666667,3.0,1.75,3.5,3.25,3.0,3.75,4.75,2.75,2.5,5.0,3.0,3.0,2.0,4.0
2,2,1.0,33.0,3.0,1.0,1.0,2.0,2.0,40.0,40.0,1.0,100.0,2107.9820029995,2335.6440593234456,12.161434632689422,12.161434632689422,1.0,3.0,1.0,0.0,2,,,,20.0,15.0,3.0,2.0,50.0,37.5,7.5,5.0,3.5,4.0,2.5,3.0,3.6666666666666665,2.2,3.5,5.0,3.3333333333333335,5.333333333333333,4.5,5.0,2.3333333333333335,2.5,2.0,3.5,3.25,3.25,3.0,2.75,2.75,2.75,3.0,4.0,4.0,3.0
2,2,1.0,33.0,3.0,1.0,1.0,5.0,1.0,40.0,40.0,1.0,100.0,1208.131978003666,1338.610231628062,6.96999218079038,6.9699921807903795,1.0,2.0,1.0,0.0,2,,,,36.0,0.0,0.0,4.0,90.0,0.0,0.0,10.0,4.666666666666667,5.0,2.1666666666666665,4.5,3.6666666666666665,4.0,3.25,5.333333333333333,6.0,3.3333333333333335,2.75,4.333333333333333,2.3333333333333335,2.25,3.0,4.25,3.5,4.0,3.0,2.75,2.75,3.5,3.75,3.0,2.0,3.0
2,2,1.0,35.0,1.0,1.0,1.0,2.0,1.0,40.0,50.0,3.0,125.0,2069.7800366605566,2293.3162806198966,11.941038673041671,9.552830938433338,1.0,3.0,1.0,0.0,2,,,,30.0,10.0,5.0,5.0,60.0,20.0,10.0,10.0,4.5,5.0,2.6666666666666665,5.0,4.333333333333333,2.8,4.0,3.3333333333333335,2.3333333333333335,3.6666666666666665,6.0,6.666666666666667,2.6666666666666665,3.75,4.0,3.75,3.75,4.5,4.0,4.0,3.5,2.75,3.5,3.25,3.0,4.0
2,2,1.0,39.0,1.0,2.0,1.0,3.0,1.0,40.0,60.0,3.0,150.0,2291.2847858690216,2538.743542742876,13.218950687705894,8.812633791803929,2.0,4.0,1.0,0.0,2,,,,25.0,35.0,5.0,10.0,35.888888888888886,26.539682539682538,14.86984126984127,21.434920634920637,4.333333333333333,4.0,2.1666666666666665,4.25,4.666666666666667,3.2,4.0,6.0,5.0,6.0,6.0,7.0,2.6666666666666665,5.0,3.75,3.25,3.25,2.75,3.5,2.75,3.25,5.0,3.5,1.5,1.0,5.0
2,2,1.0,45.4,1.0,1.0,1.0,6.0,1.0,24.0,24.0,1.0,100.0,916.5139143476083,1015.4974170971504,8.81263379180393,8.81263379180393,1.0,1.0,3.0,4.0,2,,,,20.0,4.0,0.0,0.0,83.33333333333334,16.666666666666664,0.0,0.0,3.3333333333333335,4.0,3.5,3.0,2.6666666666666665,3.0,2.75,4.333333333333333,4.666666666666667,4.0,3.75,4.0,4.666666666666667,3.5,3.0,3.0,3.5,3.0,3.75,3.0,3.25,4.25,3.25,2.5,1.0,5.0
2,2,2.0,34.0,2.0,1.0,1.0,2.0,1.0,40.0,60.0,3.0,150.0,1416.4305949008499,1569.4050991501415,8.171714970581826,5.447809980387884,1.0,4.0,1.0,0.0,2,,,,52.0,6.0,0.0,2.0,86.66666666666669,10.0,0.0,3.333333333333334,3.1666666666666665,3.0,2.8333333333333335,3.5,2.6666666666666665,2.0,4.25,1.0,2.6666666666666665,1.0,5.5,5.333333333333333,1.0,2.75,3.25,3.5,3.5,4.25,2.75,3.5,3.25,2.25,3.0,3.5,4.0,4.0
2,2,2.0,44.0,2.0,1.0,1.0,5.0,1.0,40.0,50.0,3.0,125.0,1874.6875520746541,2077.1538076987167,10.815505108123004,8.652404086498404,1.0,2.0,3.0,6.0,2,,,,25.0,20.0,2.0,5.0,52.56363636363636,23.172727272727272,4.436363636363637,8.209090909090907,3.0,2.0,2.6666666666666665,1.25,1.6666666666666667,2.8,3.5,2.6666666666666665,1.6666666666666667,6.0,6.25,6.666666666666667,2.0,3.25,4.75,3.25,2.5,2.75,3.0,1.75,2.5,4.0,3.5,3.25,4.0,5.0
2,2,1.0,41.0,2.0,2.0,1.0,5.0,2.0,60.0,60.0,1.0,100.0,1874.6875520746541,2077.1538076987167,7.210336738748669,7.210336738748669,1.0,2.0,4.0,5.0,2,,,,8.0,36.0,15.0,1.0,13.333333333333336,60.0,25.0,1.6666666666666679,4.0,4.0,2.6666666666666665,4.25,3.3333333333333335,3.0,3.75,1.666666666666667,3.3333333333333335,2.6666666666666665,6.0,5.333333333333333,2.0,3.0,4.25,2.75,3.0,3.25,3.5,2.75,2.75,3.5,2.75,3.0,4.0,4.0
2,2,2.0,54.0,3.0,1.0,1.0,2.0,1.0,40.0,55.0,3.0,137.5,1874.6875520746541,2077.1538076987167,10.815505108123004,7.865821896816731,1.0,3.0,1.0,0.0,2,,,,15.0,15.0,15.0,10.0,27.27272727272727,27.27272727272727,27.27272727272727,18.181818181818183,3.3333333333333335,4.0,2.6666666666666665,2.75,4.0,1.8,3.75,1.0,1.3333333333333333,4.666666666666667,4.5,3.6666666666666665,2.3333333333333335,2.0,4.5,3.75,3.25,3.5,2.5,2.25,2.5,2.75,3.25,3.0,4.0,4.0
2,2,3.0,40.0,1.0,3.0,1.0,2.0,2.0,40.0,60.0,3.0,150.0,2082.9861689718377,2307.948675220796,12.017227897914449,8.0114852652763,3.0,2.0,6.0,80.0,2,,,,20.0,20.0,10.0,30.0,32.7972027972028,44.32167832167832,11.84055944055944,11.040559440559441,3.3333333333333335,4.0,2.5,4.0,4.0,3.6,4.25,3.3333333333333335,2.6666666666666665,2.6666666666666665,5.75,5.666666666666667,3.0,3.25,3.5,2.5,3.75,3.5,3.5,3.25,2.5,2.75,3.25,3.5,4.0,5.0
2,2,2.0,59.0,4.0,1.0,1.0,6.0,1.0,40.0,50.0,3.0,125.0,2416.263956007332,2677.220463256124,13.93998436158076,11.15198748926461,3.0,1.0,1.0,50.0,2,,,,20.0,10.0,5.0,15.0,40.0,20.0,10.0,30.0,3.0,3.0,3.0,2.5,4.0,2.6,3.75,1.3333333333333335,7.0,4.333333333333333,5.5,5.333333333333333,2.3333333333333335,2.75,4.5,3.75,3.0,3.75,3.75,3.0,3.0,3.25,3.0,3.25,4.0,5.0
2,2,1.0,37.0,2.0,1.0,1.0,1.0,1.0,60.0,60.0,1.0,100.0,3124.479253457757,3461.9230128311947,12.017227897914449,12.017227897914449,3.0,2.0,1.0,0.0,2,,,,20.0,15.0,10.0,15.0,33.33333333333333,25.0,16.666666666666664,25.0,3.6666666666666665,5.0,2.5,3.5,4.333333333333333,3.2,4.0,1.9999999999999998,3.6666666666666665,3.3333333333333335,5.25,6.333333333333333,1.6666666666666667,3.25,4.25,4.0,3.75,3.5,4.0,2.5,2.75,4.25,3.25,2.5,3.0,7.0
2,2,1.0,76.0,1.0,1.0,1.0,6.0,1.0,40.0,40.0,1.0,100.0,2207.9653391101483,2446.4255957340442,12.738261571789318,12.738261571789318,1.0,4.0,5.0,0.5,2,,,,10.0,10.0,5.0,15.0,25.0,25.0,12.5,37.5,4.0,4.0,2.5,3.75,4.0,3.6,3.5,4.333333333333333,4.333333333333333,5.333333333333333,4.75,5.333333333333333,2.6666666666666665,3.5,3.5,4.0,3.25,3.75,3.75,3.25,3.5,3.75,3.0,2.75,3.0,5.0
2,2,1.0,47.0,1.0,1.0,1.0,6.0,1.0,40.0,50.0,3.0,125.0,2499.5834027662054,2769.5384102649555,14.420673477497337,11.53653878199787,4.0,3.0,5.0,55.0,2,,,,10.0,10.0,15.0,15.0,20.0,20.0,30.0,30.0,4.5,5.0,2.1666666666666665,5.0,5.0,3.8,3.75,1.9999999999999998,2.6666666666666665,4.666666666666667,6.0,7.0,2.6666666666666665,4.5,4.25,4.5,4.0,4.0,5.0,2.25,4.0,5.0,3.0,2.0,1.0,4.0
2,2,1.0,41.0,2.0,2.0,3.0,2.0,2.0,40.0,40.0,1.0,100.0,3124.479253457757,3461.9230128311947,18.025841846871675,18.025841846871675,2.0,3.0,1.0,0.0,2,,,,16.0,20.0,2.0,2.0,40.0,50.0,5.0,5.0,3.5,2.0,2.6666666666666665,3.25,3.6666666666666665,3.8,3.5,4.0,4.0,4.666666666666667,4.5,5.0,4.0,3.25,3.75,4.75,3.0,3.25,4.0,3.25,3.0,3.75,3.25,3.25,3.0,4.0
2,2,2.0,32.0,1.0,2.0,1.0,2.0,2.0,40.0,40.0,1.0,100.0,1691.3847692051324,1874.0543242792867,9.757989053106533,9.757989053106533,1.0,2.0,1.0,0.0,2,,,,30.0,5.0,5.0,0.0,75.0,12.5,12.5,0.0,3.6666666666666665,3.0,2.8333333333333335,3.5,4.666666666666667,3.2,3.5,1.666666666666667,2.3333333333333335,6.0,5.75,5.0,2.3333333333333335,3.0,1.5,3.0,2.5,3.5,3.25,2.5,3.25,4.0,3.5,3.25,2.0,4.0
2,2,2.0,38.0,1.0,2.0,1.0,2.0,2.0,16.0,16.0,1.0,100.0,729.0451591401436,807.7820363272785,10.515074410675142,10.515074410675142,1.0,1.0,1.0,14.0,2,,,,14.0,3.0,0.0,0.0,39.666666666666664,21.766666666666666,7.1,17.466666666666665,3.6666666666666665,3.0,3.0,3.0,2.3333333333333335,2.4,4.0,4.0,2.3333333333333335,5.0,4.75,5.333333333333333,2.3333333333333335,3.25,3.75,4.75,3.25,3.75,3.0,1.5,2.25,3.75,3.25,2.25,3.0,4.0
2,2,2.0,43.0,3.0,1.0,1.0,1.0,2.0,40.0,50.0,3.0,125.0,1624.7292117980335,1800.199966672221,9.373437760373271,7.498750208298617,1.0,1.0,1.0,0.0,2,,,,20.0,14.0,1.0,15.0,40.0,28.000000000000004,2.0,30.0,2.8333333333333335,3.0,2.8333333333333335,1.75,3.3333333333333335,3.0,2.75,4.333333333333333,3.0,5.666666666666667,5.5,5.0,4.666666666666667,1.75,3.25,4.25,3.5,3.25,3.0,2.75,3.0,3.0,3.25,2.5,4.0,4.0
2,2,2.0,42.0,4.0,2.0,1.0,5.0,1.0,40.0,45.0,3.0,112.5,2249.625062489585,2492.58456923846,12.978606129747607,11.536538781997873,1.0,4.0,3.0,3.0,2,,,,35.0,6.0,2.0,5.0,27.066666666666666,31.311111111111114,21.244444444444447,21.711111111111112,4.166666666666667,3.0,2.8333333333333335,4.75,4.666666666666667,3.4,3.75,2.3333333333333335,4.333333333333333,3.6666666666666665,4.75,5.0,2.0,3.5,4.25,3.25,3.5,3.25,3.0,2.0,3.0,2.5,3.25,3.75,4.0,2.0
2,2,1.0,35.0,1.0,1.0,1.0,7.0,2.0,40.0,40.0,1.0,100.0,2082.9861689718377,2307.948675220796,12.017227897914449,12.017227897914449,1.0,3.0,2.0,50.0,2,,,,10.0,20.0,5.0,5.0,25.0,50.0,12.5,12.5,4.0,5.0,2.3333333333333335,4.5,3.6666666666666665,3.2,2.25,1.666666666666667,3.0,4.0,5.0,6.0,2.6666666666666665,4.5,3.5,4.75,3.75,3.75,3.75,3.25,3.25,4.25,2.5,3.5,1.0,4.0
2,2,1.0,44.0,1.0,2.0,1.0,5.0,1.0,40.0,60.0,3.0,150.0,3749.3751041493083,4154.307615397433,21.631010216246008,14.420673477497338,2.0,4.0,1.0,0.0,2,,,,10.0,15.0,5.0,40.0,24.646153846153844,22.769230769230766,5.153846153846154,36.25641025641026,3.6666666666666665,4.0,3.3333333333333335,3.0,4.0,3.2,4.0,3.6666666666666665,2.0,5.333333333333333,5.5,5.666666666666667,2.6666666666666665,4.0,3.75,3.75,3.75,4.25,3.75,3.25,3.5,4.75,3.25,2.25,1.0,5.0
2,2,2.0,64.0,2.0,1.0,1.0,5.0,1.0,40.0,40.0,1.0,100.0,1916.3472754540908,2123.3127812031325,11.055849666081293,11.055849666081293,1.0,1.0,1.0,0.0,2,,,,20.0,30.0,10.0,5.0,41.43478260869565,34.45652173913044,11.0,12.23913043478261,3.8333333333333335,2.0,3.0,2.25,3.0,3.2,4.0,2.6666666666666665,3.6666666666666665,4.666666666666667,4.75,5.333333333333333,3.3333333333333335,3.5,3.75,5.0,3.0,3.5,5.0,3.75,3.25,4.75,4.0,2.75,1.0,5.0
2,2,1.0,39.0,1.0,3.0,1.0,4.0,1.0,40.0,60.0,3.0,150.0,4165.9723379436755,4615.897350441592,24.034455795828897,16.0229705305526,4.0,5.0,1.0,0.0,2,,,,20.0,10.0,20.0,20.0,30.121212121212118,33.15151515151515,11.315151515151516,25.412121212121214,3.5,5.0,2.6666666666666665,3.75,4.666666666666667,4.0,4.0,4.0,5.0,4.333333333333333,5.5,6.0,2.6666666666666665,4.0,4.25,3.0,3.5,3.5,3.25,3.5,3.5,3.25,3.5,3.25,3.0,4.0
2,2,1.0,44.0,2.0,1.0,1.0,2.0,1.0,40.0,40.0,1.0,100.0,1874.6875520746541,2077.1538076987167,10.815505108123004,10.815505108123004,1.0,3.0,1.0,0.0,2,,,,20.0,20.0,2.0,10.0,33.5,48.75,11.5,7.749999999999998,3.6666666666666665,3.0,2.8333333333333335,2.5,2.6666666666666665,3.8,4.25,4.333333333333333,3.0,3.3333333333333335,4.25,3.6666666666666665,4.0,1.25,2.75,3.25,2.5,3.0,3.75,2.75,3.25,3.5,3.25,2.75,4.0,5.0
2,2,2.0,54.0,1.0,1.0,1.0,4.0,3.0,2.0,2.0,1.0,100.0,41.659723379436855,46.158973504415826,4.8068911591657795,4.8068911591657795,1.0,1.0,3.0,42.0,2,,,,2.0,3.0,0.0,0.0,62.66666666666667,19.66666666666667,6.666666666666667,9.666666666666666,3.0,3.0,2.5,3.0,3.6666666666666665,2.8,3.0,3.3333333333333335,2.3333333333333335,6.0,5.0,5.666666666666667,3.0,3.5,4.0,3.75,3.0,2.5,3.0,3.25,3.5,4.25,3.0,3.0,3.0,4.0
2,2,1.0,44.0,1.0,2.0,1.0,2.0,1.0,40.0,50.0,3.0,125.0,3541.0764872521245,3923.512747875354,20.429287426454565,16.343429941163652,3.0,3.0,1.0,0.0,2,,,,17.0,19.0,6.0,8.0,34.0,38.0,12.0,16.0,3.0,4.0,2.6666666666666665,3.75,3.0,2.8,4.0,6.0,6.333333333333332,5.0,3.75,2.6666666666666665,3.6666666666666665,3.25,3.25,3.0,3.0,2.5,2.0,2.75,3.25,2.5,3.25,3.5,4.0,5.0
2,2,1.0,57.0,1.0,1.0,3.0,5.0,1.0,40.0,40.0,1.0,100.0,1666.3889351774703,1846.3589401766371,9.613782318331559,9.613782318331559,1.0,2.0,3.0,10.0,2,,,,20.0,0.0,0.0,10.0,50.0,0.0,0.0,25.0,1.5,1.0,3.5,2.5,2.3333333333333335,2.2,3.25,3.0,1.6666666666666667,6.0,4.5,2.3333333333333335,4.333333333333333,2.0,2.25,2.75,2.5,4.0,2.25,2.5,2.5,3.0,2.75,3.25,4.0,3.0
2,2,2.0,46.0,3.0,1.0,1.0,4.0,2.0,24.0,24.0,1.0,100.0,1487.2521246458923,1647.8753541076485,14.300501198518193,14.300501198518193,1.0,1.0,2.0,40.0,2,,,,0.0,20.0,3.0,1.0,0.0,83.33333333333334,12.5,4.166666666666666,3.5,4.0,3.0,3.0,2.6666666666666665,2.8,3.5,1.666666666666667,5.0,3.3333333333333335,4.75,4.666666666666667,3.0,1.75,2.75,3.5,3.0,3.75,3.5,2.5,2.5,2.0,2.5,3.75,4.0,7.0
2,2,2.0,38.0,3.0,1.0,1.0,1.0,1.0,40.0,48.0,3.0,120.0,1833.0278286952173,2030.9948341943007,10.575160550164716,8.81263379180393,1.0,1.0,7.0,7.0,2,,,,12.0,24.0,6.0,6.0,25.0,50.0,12.5,12.5,2.6666666666666665,3.0,3.033333333333333,3.0,3.0,2.4,4.25,5.666666666666667,6.0,5.0,6.25,7.0,2.6666666666666665,4.0,4.5,4.5,3.25,3.0,3.25,2.5,3.25,2.5,3.5,2.25,3.0,4.0
2,2,1.0,46.0,1.0,2.0,1.0,7.0,1.0,40.0,40.0,1.0,100.0,2562.0729878353604,2838.776870521579,14.781190314434772,14.781190314434772,1.0,2.0,1.0,0.0,2,,,,21.0,12.0,2.0,3.0,52.5,30.0,5.0,7.5,3.0,3.0,3.1666666666666665,2.0,2.6666666666666665,2.8,4.25,4.0,4.666666666666667,5.666666666666667,5.25,6.666666666666667,3.0,3.0,3.5,3.75,2.75,3.5,3.5,1.75,3.75,3.75,3.5,2.25,3.0,5.0
2,2,2.0,40.0,1.0,2.0,1.0,4.0,2.0,8.0,8.0,1.0,100.0,624.8958506915515,692.3846025662388,18.02584184687167,18.02584184687167,3.0,3.0,6.0,50.0,2,,,,4.0,2.0,1.0,1.0,50.0,25.0,12.5,12.5,4.0,4.0,2.3333333333333335,4.25,4.333333333333333,3.4,3.75,4.333333333333333,2.3333333333333335,4.333333333333333,6.25,7.0,1.3333333333333333,3.5,5.0,4.25,3.75,4.0,3.25,3.25,3.25,3.25,3.25,2.0,3.0,4.0
2,2,2.0,44.0,1.0,2.0,1.0,10.0,1.0,40.0,40.0,1.0,100.0,2916.180636560573,3231.1281453091146,16.824119057080228,16.824119057080228,4.0,4.0,3.0,10.0,2,,,,15.0,10.0,20.0,10.0,34.0,28.0,19.0,21.5,3.3333333333333335,1.0,2.1666666666666665,4.75,3.3333333333333335,3.4,4.5,3.0,4.666666666666667,4.0,4.25,5.333333333333333,2.3333333333333335,3.25,5.0,2.75,3.5,3.25,4.0,4.0,4.0,3.0,3.25,1.75,3.0,6.0
2,2,2.0,46.0,1.0,2.0,1.0,6.0,1.0,40.0,40.0,1.0,100.0,1458.0903182802865,1615.564072654557,8.412059528540114,8.412059528540114,1.0,2.0,1.0,0.0,2,,,,25.0,20.0,10.0,2.0,40.16666666666667,37.333333333333336,11.0,11.5,4.0,2.0,3.0,2.25,2.3333333333333335,2.8,3.0,3.0,2.6666666666666665,3.6666666666666665,3.5,3.3333333333333335,4.0,1.75,2.0,3.75,2.25,4.0,3.5,2.5,3.0,3.0,3.25,2.75,2.0,4.0
2,2,1.0,41.0,1.0,2.0,1.0,4.0,2.0,40.0,49.0,3.0,122.50000000000001,2082.9861689718377,2307.948675220796,12.017227897914449,9.809981957481183,1.0,1.0,1.0,0.0,2,,,,0.0,45.0,1.0,2.0,0.0,91.83673469387756,2.040816326530612,4.081632653061224,3.8333333333333335,2.0,3.5,2.0,4.333333333333333,3.4,4.0,3.5,5.333333333333333,4.333333333333333,4.25,6.0,3.0,2.25,3.75,2.5,3.25,3.0,3.25,4.25,3.25,4.0,3.5,1.75,2.0,7.0
2,2,1.0,48.0,1.0,2.0,1.0,2.0,1.0,20.0,20.0,1.0,100.0,749.8750208298618,830.8615230794867,8.652404086498404,8.652404086498404,1.0,1.0,3.0,20.0,2,,,,15.0,3.0,0.0,2.0,75.0,15.0,0.0,10.0,3.3333333333333335,3.0,3.0,3.0,3.6666666666666665,2.6,2.5,2.3333333333333335,2.6666666666666665,3.6666666666666665,4.25,3.0,5.333333333333333,1.25,3.0,2.25,2.25,4.0,4.5,3.5,2.25,4.0,3.25,3.25,2.0,4.0
2,2,1.0,55.0,1.0,1.0,1.0,2.0,2.0,40.0,50.0,3.0,125.0,2291.2847858690216,2538.743542742876,13.218950687705894,10.575160550164714,3.0,3.0,1.0,0.0,2,,,,25.0,15.0,5.0,5.0,50.0,30.0,10.0,10.0,3.8333333333333335,3.0,2.8333333333333335,4.25,4.333333333333333,2.6,3.5,3.0,5.666666666666667,5.0,5.5,6.0,3.3333333333333335,1.5,4.75,4.75,3.0,3.75,3.5,3.0,2.5,3.75,3.0,3.25,3.0,5.0
2,2,2.0,45.0,1.0,2.0,1.0,4.0,1.0,24.0,40.0,3.0,166.66666666666669,1458.0903182802865,1615.564072654557,14.020099214233523,8.412059528540114,3.0,3.0,2.0,20.0,2,,,,8.0,7.0,15.0,10.0,20.0,17.5,37.5,25.0,4.333333333333333,2.0,3.1666666666666665,2.75,2.3333333333333335,3.6,3.5,1.666666666666667,3.3333333333333335,3.0,5.0,7.0,2.3333333333333335,2.25,4.5,4.0,3.0,3.0,3.5,2.75,2.75,4.5,4.0,3.0,3.0,4.0
2,2,2.0,41.0,1.0,2.0,3.0,12.0,1.0,40.0,60.0,3.0,150.0,2166.3056157307115,2400.2666222296284,12.497917013831028,8.331944675887351,1.0,4.0,1.0,0.0,2,,,,45.0,10.0,0.0,5.0,75.0,16.666666666666664,0.0,8.333333333333332,2.1666666666666665,2.0,3.0,1.5,1.6666666666666667,2.4,4.5,4.666666666666667,2.3333333333333335,4.0,3.0,2.6666666666666665,2.3333333333333335,3.5,5.0,5.0,4.0,4.25,3.25,2.25,3.75,2.0,2.5,3.0,3.0,5.0
2,2,2.0,29.0,2.0,3.0,1.0,2.0,1.0,40.0,40.0,1.0,100.0,1249.7917013831027,1384.7692051324777,7.210336738748668,7.210336738748668,1.0,1.0,1.0,0.0,2,,,,0.0,40.0,0.0,0.0,0.0,100.0,0.0,0.0,3.8333333333333335,4.0,2.6666666666666665,2.75,4.0,2.8,3.75,4.0,3.3333333333333335,4.333333333333333,4.0,4.666666666666667,3.0,1.5,2.0,4.0,2.25,2.5,2.0,2.0,3.0,3.0,3.75,3.25,4.0,3.0
2,2,2.0,39.0,1.0,1.0,1.0,1.0,2.0,40.0,60.0,3.0,150.0,2416.263956007332,2677.220463256124,13.93998436158076,9.293322907720507,3.0,2.0,1.0,0.0,2,,,,25.0,10.0,20.0,5.0,41.66666666666667,16.666666666666664,33.33333333333333,8.333333333333332,3.3333333333333335,2.0,3.0,3.25,2.3333333333333335,2.8,4.0,4.0,5.666666666666667,5.0,5.0,4.666666666666667,2.0,3.75,3.5,3.75,3.5,2.75,3.0,2.25,2.5,2.5,3.0,3.0,4.0,4.0
2,2,1.0,44.0,1.0,2.0,1.0,5.0,2.0,40.0,60.0,3.0,150.0,1458.0903182802865,1615.564072654557,8.412059528540114,5.608039685693411,3.0,2.0,1.0,0.0,2,,,,15.0,15.0,15.0,15.0,25.0,25.0,25.0,25.0,3.0,2.0,3.1666666666666665,3.25,2.6666666666666665,1.8,4.25,4.666666666666667,5.0,4.666666666666667,5.75,5.333333333333333,3.3333333333333335,4.0,4.0,4.25,4.0,3.0,2.75,2.0,2.5,3.25,2.75,2.75,3.0,4.0
2,2,1.0,59.0,2.0,3.0,1.0,7.0,2.0,20.0,20.0,1.0,100.0,833.1944675887353,923.1794700883186,9.613782318331559,9.613782318331559,1.0,4.0,3.0,40.0,2,,,,8.0,8.0,2.0,1.0,40.0,40.0,10.0,5.0,4.166666666666667,4.0,2.1666666666666665,5.0,4.333333333333333,3.0,2.5,4.666666666666667,1.0,7.0,5.75,7.0,3.0,3.75,3.25,3.25,3.25,3.6666666666666665,3.75,3.0,4.25,4.75,3.0,2.6666666666666665,1.6,2.0
2,2,2.0,48.0,1.0,2.0,1.0,4.0,1.0,40.0,50.0,3.0,125.0,1874.6875520746541,2077.1538076987167,10.815505108123004,8.652404086498404,1.0,4.0,1.0,0.0,2,,,,50.0,2.0,0.5,0.0,46.65811965811966,31.760683760683758,2.7230769230769223,18.96923076923077,3.5,4.0,3.1666666666666665,2.75,3.6666666666666665,3.6,3.5,3.6666666666666665,3.0,4.666666666666667,6.0,7.0,3.0,2.25,3.5,4.0,3.5,3.25,4.25,3.0,2.75,5.0,3.25,2.25,1.0,4.0
2,2,2.0,33.0,2.0,1.0,1.0,4.0,1.0,40.0,40.0,1.0,100.0,2499.5834027662054,2769.5384102649555,14.420673477497337,14.420673477497337,3.0,3.0,6.0,25.0,2,,,,6.0,12.0,12.0,10.0,15.0,30.0,30.0,25.0,4.5,5.0,2.8333333333333335,2.5,4.333333333333333,3.6,3.75,3.6666666666666665,4.666666666666667,5.333333333333333,6.5,7.0,2.0,5.0,5.0,3.25,3.75,4.0,3.25,3.0,4.0,5.0,3.75,2.0,1.0,4.0
2,2,2.0,30.0,1.0,1.0,1.0,4.0,2.0,20.0,20.0,1.0,100.0,749.8750208298618,830.8615230794867,8.652404086498404,8.652404086498404,1.0,2.0,2.0,20.0,2,,,,0.0,10.0,5.0,5.0,0.0,50.0,25.0,25.0,4.166666666666667,3.0,2.6666666666666665,3.25,4.333333333333333,3.4,3.25,4.666666666666667,4.333333333333333,5.666666666666667,4.75,6.0,2.6666666666666665,3.0,3.25,3.75,2.75,3.0,3.25,2.0,3.0,4.25,3.25,2.75,3.0,7.0
2,2,2.0,41.0,1.0,2.0,1.0,4.0,1.0,30.0,30.0,1.0,100.0,1441.4264289285118,1597.100483252791,11.087895607142398,11.087895607142398,1.0,2.0,1.0,0.0,2,,,,16.0,10.0,0.0,4.0,53.333333333333336,33.33333333333333,0.0,13.333333333333334,4.0,2.0,3.1666666666666665,3.0,4.333333333333333,2.6,3.25,6.666666666666667,6.0,5.666666666666667,6.0,5.0,3.3333333333333335,2.5,3.0,4.0,2.0,4.0,3.5,3.0,3.25,3.0,3.5,3.25,4.0,4.0
2,2,2.0,46.0,1.0,2.0,1.0,4.0,2.0,40.0,40.0,1.0,100.0,2082.9861689718377,2307.948675220796,12.017227897914449,12.017227897914449,1.0,1.0,6.0,10.0,2,,,,1.0,38.0,1.0,0.0,2.5000000000000036,95.0,2.5,0.0,4.666666666666667,3.0,3.5,3.25,3.6666666666666665,2.8,3.5,2.6666666666666665,6.333333333333332,1.333333333333333,2.5,4.333333333333333,3.5,1.0,1.0,2.0,2.0,4.0,1.75,3.25,3.0,2.25,2.75,3.25,2.0,7.0
2,2,1.0,51.0,1.0,2.0,1.0,1.0,1.0,40.0,50.0,3.0,125.0,3749.3751041493083,4154.307615397433,21.631010216246008,17.304808172996808,3.0,1.0,1.0,0.0,2,,,,15.0,15.0,5.0,15.0,30.0,30.0,10.0,30.0,2.8333333333333335,4.0,3.8333333333333335,2.0,3.0,2.6,4.25,1.666666666666667,1.6666666666666667,1.666666666666667,6.25,7.0,1.6666666666666667,3.75,4.75,5.0,4.25,3.0,3.0,2.0,3.0,3.5,3.0,2.5,3.0,5.0
2,2,2.0,25.0,2.0,1.0,1.0,4.0,2.0,4.0,10.0,3.0,250.0,312.44792534577573,346.1923012831194,18.02584184687167,7.210336738748668,3.0,1.0,2.0,50.0,2,,,,8.0,0.0,0.0,2.0,80.0,0.0,0.0,20.0,3.5,5.0,3.0,4.25,4.333333333333333,3.8,3.0,1.0,1.0,4.333333333333333,6.0,7.0,1.0,3.75,3.75,3.5,2.25,3.5,3.25,3.75,3.25,4.0,3.5,3.25,2.0,3.0
2,2,1.0,37.0,2.0,1.0,1.0,4.0,2.0,56.0,32.0,2.0,57.14285714285714,2499.5834027662054,2769.5384102649555,10.30048105535524,18.02584184687167,1.0,2.0,1.0,0.0,2,,,,0.0,50.0,0.0,2.0,31.5,43.166666666666664,5.666666666666666,19.666666666666668,4.0,5.0,2.6666666666666665,5.0,4.0,4.2,2.75,5.333333333333333,5.666666666666667,5.333333333333333,4.75,5.0,3.3333333333333335,2.25,2.0,2.75,2.25,2.0,2.25,4.25,3.75,4.5,2.75,3.25,2.0,7.0
2,2,2.0,31.0,1.0,2.0,1.0,4.0,1.0,40.0,50.0,3.0,125.0,1249.7917013831027,1384.7692051324777,7.210336738748668,5.768269390998935,1.0,2.0,1.0,0.0,2,,,,37.0,5.0,5.0,3.0,74.0,10.0,10.0,6.0,3.5,3.0,2.8333333333333335,4.25,3.3333333333333335,2.0,3.25,2.3333333333333335,3.6666666666666665,5.666666666666667,6.25,5.333333333333333,2.0,2.5,4.0,4.25,3.25,4.25,4.0,2.75,2.25,4.25,3.25,4.0,4.0,3.0
2,2,2.0,39.0,3.0,1.0,1.0,4.0,1.0,8.0,8.0,1.0,100.0,499.9166805532411,553.907682052991,14.42067347749734,14.42067347749734,1.0,3.0,3.0,40.0,2,,,,6.0,8.0,0.0,0.0,38.33333333333333,35.166666666666664,9.0,16.5,3.5,4.0,2.5,4.25,3.6666666666666665,3.0,2.25,3.6666666666666665,2.0,5.0,5.75,4.666666666666667,3.0,3.5,3.0,4.25,3.0,3.75,4.25,3.0,4.0,4.5,3.0,3.0,1.0,4.0
2,2,2.0,28.0,1.0,1.0,1.0,1.0,2.0,40.0,50.0,3.0,125.0,1458.0903182802865,1615.564072654557,8.412059528540114,6.729647622832092,1.0,1.0,1.0,0.0,2,,,,2.0,30.0,4.0,4.0,4.0,60.0,8.0,8.0,3.0,3.0,3.3333333333333335,3.0,3.0,2.8,3.5,4.0,4.333333333333333,4.333333333333333,3.75,3.6666666666666665,3.0,3.75,4.0,4.5,3.25,3.25,2.0,2.5,3.25,3.25,3.0,3.25,3.0,3.0
2,2,2.0,40.0,4.0,2.0,1.0,4.0,2.0,40.0,40.0,1.0,100.0,1249.7917013831027,1384.7692051324777,7.210336738748668,7.210336738748668,1.0,3.0,1.0,0.0,2,,,,24.0,8.0,16.0,5.0,32.666666666666664,42.333333333333336,13.25,8.416666666666668,3.3333333333333335,3.0,2.3333333333333335,4.0,4.333333333333333,3.2,3.25,5.0,5.0,6.666666666666667,5.75,5.333333333333333,4.0,4.0,4.25,4.0,3.25,3.75,2.75,3.25,3.5,3.25,3.0,2.5,3.0,7.0
2,2,2.0,41.0,1.0,2.0,1.0,4.0,1.0,40.0,96.0,3.0,240.0,2166.3056157307115,2400.2666222296284,12.497917013831028,5.207465422429594,3.0,3.0,1.0,0.0,2,,,,10.0,22.0,32.0,32.0,10.416666666666668,22.916666666666664,33.33333333333333,33.33333333333333,4.0,5.0,2.6666666666666665,2.0,3.3333333333333335,2.2,3.75,1.9999999999999998,1.3333333333333333,4.0,5.75,5.666666666666667,2.0,3.5,5.0,5.0,3.75,3.25,2.0,1.75,2.25,2.25,4.0,2.75,3.0,4.0
2,2,2.0,33.0,1.0,2.0,1.0,4.0,4.0,16.0,16.0,1.0,100.0,583.2361273121146,646.2256290618229,8.412059528540114,8.412059528540114,1.0,1.0,7.0,9.0,2,,,,7.0,8.0,0.0,1.0,43.75,50.0,0.0,6.25,4.333333333333333,5.0,2.1666666666666665,4.5,4.666666666666667,3.4,3.25,3.6666666666666665,4.0,6.333333333333333,6.0,7.0,3.0,5.0,3.75,4.5,3.0,3.5,3.75,2.75,3.25,5.0,3.5,2.75,1.0,7.0
2,2,2.0,31.0,1.0,1.0,1.0,4.0,1.0,1.0,2.5,3.0,250.0,133.31111481419748,147.70871521413073,30.76410341866099,12.305641367464396,1.0,1.0,2.0,52.0,2,,,,2.5,0.0,0.0,0.0,100.0,0.0,0.0,0.0,3.1666666666666665,5.0,3.0,2.0,4.0,3.2,3.5,4.333333333333333,2.3333333333333335,5.333333333333333,6.0,6.666666666666667,3.0,2.25,3.0,2.75,2.5,3.75,3.0,3.5,3.5,4.75,3.25,3.0,2.0,4.0
2,2,1.0,50.0,1.0,2.0,1.0,4.0,1.0,40.0,40.0,1.0,100.0,1833.0278286952173,2030.9948341943007,10.575160550164716,10.575160550164716,1.0,1.0,2.0,8.0,2,,,,25.0,5.0,5.0,5.0,62.5,12.5,12.5,12.5,2.6666666666666665,2.0,2.8333333333333335,2.5,2.6666666666666665,2.6,4.0,1.9999999999999998,2.0,5.333333333333333,5.25,6.333333333333333,3.3333333333333335,2.25,3.75,3.5,3.0,3.75,3.25,2.75,3.25,3.5,3.0,3.5,4.0,5.0
2,2,1.0,45.0,2.0,1.0,1.0,9.0,2.0,40.0,48.0,3.0,120.0,1666.3889351774703,1846.3589401766371,9.613782318331559,8.0114852652763,1.0,3.0,1.0,0.0,2,,,,12.0,18.0,14.0,2.0,25.0,37.5,29.166666666666668,4.166666666666666,3.1666666666666665,4.0,2.6666666666666665,4.25,3.6666666666666665,3.4,3.75,4.333333333333333,5.666666666666667,6.333333333333333,6.25,7.0,3.0,4.25,4.0,4.0,3.75,3.25,3.75,2.75,3.5,3.5,3.25,2.5,3.0,7.0
2,2,2.0,28.0,2.0,1.0,1.0,4.0,1.0,8.0,15.0,3.0,187.5,333.27778703549393,369.2717880353275,9.613782318331559,5.127350569776832,3.0,4.0,3.0,18.0,2,,,,1.0,10.0,5.0,5.0,49.0,29.933333333333334,8.544444444444444,12.522222222222222,4.5,3.0,2.1666666666666665,2.75,5.0,2.8,4.75,4.0,2.6666666666666665,4.0,6.25,6.666666666666667,2.3333333333333335,4.5,5.0,3.0,3.25,3.25,3.0,2.75,4.0,5.0,3.25,3.25,3.0,4.0
2,2,2.0,39.0,3.0,1.0,1.0,1.0,2.0,40.0,40.0,1.0,100.0,2499.5834027662054,2769.5384102649555,14.420673477497337,14.420673477497337,1.0,1.0,1.0,0.0,2,,,,8.0,24.0,2.0,6.0,20.0,60.0,5.0,15.0,3.0,4.0,3.1666666666666665,2.75,3.3333333333333335,2.8,3.5,2.6666666666666665,4.333333333333333,4.333333333333333,6.0,5.666666666666667,3.0,3.25,3.0,3.75,2.25,2.75,2.5,2.5,2.75,3.0,3.25,3.5,4.0,7.0
2,2,1.0,72.0,1.0,1.0,1.0,4.0,1.0,20.0,20.0,1.0,100.0,833.1944675887353,923.1794700883186,9.613782318331559,9.613782318331559,1.0,3.0,2.0,10.0,2,,,,12.0,5.0,3.0,1.0,53.5,17.000000000000004,10.5,18.0,3.3333333333333335,2.0,2.3333333333333335,3.25,3.0,2.6,3.5,2.3333333333333335,2.0,2.0,6.0,7.0,3.0,4.0,4.25,4.5,3.0,3.5,4.0,3.0,3.0,3.5,3.25,2.75,3.0,5.0
2,2,2.0,32.0,3.0,1.0,1.0,9.0,1.0,30.0,40.0,3.0,133.33333333333331,999.8333611064822,1107.815364105982,7.691025854665248,5.768269390998936,1.0,2.0,5.0,8.0,2,,,,5.0,25.0,1.0,5.0,12.5,62.5,2.5,12.5,2.0,5.0,2.5,5.0,4.666666666666667,2.4,3.75,3.6666666666666665,3.0,6.333333333333333,5.5,6.666666666666667,2.0,2.75,2.5,2.5,3.25,3.25,3.0,3.0,3.5,3.0,3.0,3.0,2.0,7.0
2,2,2.0,47.0,1.0,2.0,1.0,9.0,2.0,40.0,25.0,2.0,62.5,1249.7917013831027,1384.7692051324777,7.210336738748668,11.53653878199787,4.0,5.0,5.0,25.0,2,,,,25.0,5.0,1.0,1.0,31.4,23.0,8.399999999999999,22.5,3.1666666666666665,5.0,2.1666666666666665,4.5,4.0,2.6,3.75,1.0,2.6666666666666665,3.0,6.25,7.0,1.0,2.75,4.25,3.25,3.75,3.5,3.0,3.0,2.5,4.75,3.5,3.25,3.0,4.0
2,2,2.0,50.0,1.0,2.0,1.0,4.0,1.0,40.0,40.0,1.0,100.0,1249.7917013831027,1384.7692051324777,7.210336738748668,7.210336738748668,1.0,3.0,3.0,15.0,2,,,,30.0,10.0,5.0,5.0,46.099999999999994,26.9,5.1000000000000005,14.9,3.0,4.0,2.5,4.75,3.0,2.6,3.75,3.0,2.6666666666666665,5.0,6.0,6.666666666666667,3.6666666666666665,2.25,3.75,2.75,2.0,3.5,2.5,3.0,2.75,3.0,4.0,2.75,2.0,3.0
2,2,2.0,58.0,2.0,1.0,1.0,4.0,1.0,8.0,8.0,1.0,100.0,229.12847858690202,253.87435427428773,6.609475343852948,6.609475343852948,2.0,3.0,2.0,15.0,2,,,,6.0,0.0,1.0,1.0,75.0,0.0,12.5,12.5,4.0,4.0,2.533333333333333,4.75,4.666666666666667,3.6,3.0,2.3333333333333335,3.0,5.333333333333333,5.25,5.666666666666667,3.0,4.5,4.5,5.0,3.5,4.0,4.5,4.0,4.0,4.75,3.25,2.5,1.0,4.0
2,2,1.0,26.0,1.0,2.0,1.0,4.0,2.0,40.0,54.0,3.0,135.0,1458.0903182802865,1615.564072654557,8.412059528540114,6.23115520632601,1.0,1.0,1.0,0.0,2,,,,12.0,35.0,5.0,2.0,22.22222222222222,64.81481481481481,9.25925925925926,3.7037037037037024,3.6666666666666665,3.0,3.0,4.5,2.6666666666666665,3.2,4.25,3.6666666666666665,3.0,4.666666666666667,5.0,7.0,2.0,3.5,4.25,4.5,3.75,3.5,3.0,3.0,3.0,3.75,3.0,3.0,3.0,7.0
2,2,2.0,46.0,1.0,2.0,1.0,9.0,4.0,6.0,12.0,3.0,200.0,208.29861689718382,230.79486752207958,8.0114852652763,4.00574263263815,1.0,2.0,7.0,24.0,2,,,,3.0,3.0,1.0,1.0,25.0,25.0,8.333333333333332,8.333333333333332,2.3333333333333335,3.0,3.1666666666666665,1.75,2.3333333333333335,2.0,3.75,2.6666666666666665,2.6666666666666665,4.0,4.0,4.0,2.0,3.0,2.5,2.75,2.5,3.5,1.75,1.75,2.75,2.5,2.75,3.5,4.0,8.0
2,2,2.0,34.0,3.0,1.0,1.0,4.0,1.0,10.0,15.0,3.0,150.0,283.28611898017016,313.88101983002844,6.53737197646546,4.358247984310307,1.0,3.0,6.0,35.0,2,,,,2.5,0.0,0.0,2.0,16.666666666666664,0.0,0.0,13.333333333333334,3.1666666666666665,5.0,2.3333333333333335,4.75,4.333333333333333,3.0,2.5,1.0,1.0,1.666666666666667,5.5,6.333333333333333,1.0,3.0,1.75,1.25,1.75,3.5,3.75,3.25,3.5,3.75,3.0,2.75,2.0,2.0
2,2,1.0,50.0,1.0,2.0,1.0,4.0,2.0,28.0,35.0,3.0,125.0,1333.1111481419762,1477.0871521413096,10.987179792378925,8.78974383390314,1.0,1.0,2.0,12.0,2,,,,2.0,8.0,0.0,4.0,5.714285714285715,22.857142857142858,0.0,11.428571428571429,3.8333333333333335,5.0,2.3333333333333335,4.25,3.6666666666666665,3.0,1.75,3.6666666666666665,5.333333333333333,4.0,5.5,7.0,2.0,3.5,3.75,3.75,3.25,3.75,4.0,2.75,2.75,4.25,2.75,2.5,3.0,7.0
2,2,1.0,33.0,2.0,1.0,1.0,9.0,1.0,36.0,36.0,1.0,100.0,1374.770871521413,1523.2461256457254,8.812633791803929,8.812633791803929,1.0,2.0,5.0,20.0,2,,,,33.0,1.0,0.0,2.0,91.66666666666666,2.7777777777777786,0.0,5.555555555555555,2.8333333333333335,5.0,3.0,3.75,3.0,3.0,3.5,4.333333333333333,2.0,6.0,4.75,5.666666666666667,3.0,3.5,4.0,4.0,3.5,3.0,2.75,3.0,4.0,3.25,3.5,2.75,3.0,4.0
2,2,1.0,37.0,3.0,1.0,1.0,4.0,1.0,4.0,7.0,3.0,175.0,374.9375104149308,415.43076153974334,21.63101021624601,12.360577266426292,1.0,1.0,2.0,40.0,2,,,,6.0,1.0,0.0,0.0,85.71428571428571,14.285714285714285,0.0,0.0,2.6666666666666665,3.0,3.1666666666666665,2.75,3.0,1.8,3.5,2.3333333333333335,1.0,3.3333333333333335,4.75,5.666666666666667,2.0,3.75,4.0,4.5,3.0,3.25,3.0,1.5,2.0,1.75,2.75,2.75,4.0,4.0
2,2,2.0,50.0,1.0,1.0,1.0,4.0,1.0,40.0,60.0,3.0,150.0,1874.6875520746541,2077.1538076987167,10.815505108123004,7.210336738748669,4.0,5.0,2.0,10.0,2,,,,15.0,25.0,10.0,20.0,27.733333333333334,20.933333333333337,13.799999999999999,34.733333333333334,4.0,4.0,2.6666666666666665,3.25,3.6666666666666665,4.2,4.25,3.0,4.333333333333333,7.0,6.5,7.0,3.0,5.0,5.0,4.75,4.25,4.25,5.0,3.25,4.0,4.5,4.0,2.75,1.0,6.0
2,2,2.0,27.0,2.0,1.0,1.0,1.0,2.0,40.0,40.0,1.0,100.0,249.95834027662067,276.9538410264954,1.442067347749734,1.4420673477497346,1.0,2.0,1.0,0.0,2,,,,0.0,35.0,0.0,0.0,0.0,87.5,0.0,0.0,4.333333333333333,5.0,2.1666666666666665,4.5,5.0,3.6,3.75,4.333333333333333,2.0,5.666666666666667,5.75,7.0,2.6666666666666665,4.0,4.25,4.5,2.0,3.25,1.5,2.25,3.5,5.0,3.0,2.25,3.0,7.0
2,2,1.0,35.0,1.0,2.0,1.0,1.0,2.0,40.0,40.0,1.0,100.0,3332.7778703549407,3692.7178803532743,19.227564636663118,19.227564636663118,1.0,2.0,1.0,0.0,2,,,,4.0,24.0,8.0,4.0,10.0,60.0,20.0,10.0,3.5,5.0,3.0,3.0,3.0,3.4,1.75,2.6666666666666665,2.3333333333333335,5.666666666666667,5.25,6.0,3.0,3.0,2.25,3.75,2.75,3.75,3.25,4.25,3.0,4.5,3.25,2.5,2.0,7.0
2,2,1.0,41.0,2.0,2.0,3.0,1.0,1.0,40.0,40.0,1.0,100.0,2499.5834027662054,2769.5384102649555,14.420673477497337,14.420673477497337,1.0,1.0,1.0,0.0,2,,,,12.0,28.0,5.0,5.0,29.0,36.0,20.0,15.0,3.8333333333333335,3.0,3.0,4.25,4.0,2.8,3.25,1.666666666666667,3.3333333333333335,4.333333333333333,4.5,5.0,3.3333333333333335,2.75,3.0,3.5,2.75,2.75,2.0,2.0,3.0,3.0,3.25,3.0,4.0,9.0
2,2,1.0,42.0,1.0,2.0,1.0,1.0,1.0,40.0,60.0,3.0,150.0,1958.0069988335276,2169.471754707549,11.296194224039583,7.5307961493597215,3.0,3.0,5.0,2.0,2,,,,30.0,8.0,4.0,4.0,50.0,13.333333333333336,6.666666666666667,6.666666666666668,4.0,4.0,2.3333333333333335,3.75,4.0,3.4,3.75,6.0,2.6666666666666665,6.0,6.0,6.666666666666667,3.0,3.25,3.75,3.25,3.25,3.25,3.75,3.0,3.0,4.25,3.25,2.5,3.0,2.0
2,2,2.0,29.0,2.0,3.0,1.0,4.0,2.0,8.0,10.0,3.0,125.0,301.616397267122,334.19096817197124,8.700472998090062,6.96037839847205,1.0,1.0,2.0,45.0,2,,,,9.0,0.5,0.0,0.0,90.0,5.0,0.0,0.0,1.6666666666666667,2.0,3.1666666666666665,1.5,2.0,1.8,3.75,3.6666666666666665,2.0,5.333333333333333,5.5,4.666666666666667,3.3333333333333335,2.75,2.75,3.75,2.5,3.5,2.75,2.5,3.0,3.5,3.75,3.0,4.0,3.0
2,2,1.0,32.0,3.0,1.0,1.0,1.0,2.0,40.0,50.0,3.0,125.0,1791.3681053157807,1984.8358606898848,10.334815992206426,8.267852793765142,1.0,2.0,1.0,0.0,2,,,,3.0,23.0,20.0,4.0,6.0,46.0,40.0,8.0,4.0,4.0,2.5,4.25,3.3333333333333335,2.4,2.75,1.9999999999999998,3.3333333333333335,4.333333333333333,5.5,6.333333333333333,2.6666666666666665,3.25,3.75,3.75,3.25,3.75,3.5,4.0,3.75,3.75,3.75,2.5,1.0,7.0
2,2,2.0,24.0,3.0,1.0,1.0,1.0,2.0,40.0,50.0,3.0,125.0,1458.0903182802865,1615.564072654557,8.412059528540114,6.729647622832092,1.0,1.0,1.0,0.0,2,,,,0.0,50.0,5.0,2.0,16.500000000000004,53.34909560723514,5.866666666666665,22.95090439276486,4.333333333333333,2.0,3.033333333333333,4.5,3.6666666666666665,3.6,3.5,5.333333333333333,4.0,6.333333333333333,6.0,7.0,4.333333333333333,3.75,4.0,1.75,2.25,3.0,2.25,2.5,3.5,5.0,3.0,3.5,3.0,7.0
2,2,2.0,30.0,2.0,1.0,1.0,1.0,2.0,40.0,40.0,1.0,100.0,1791.3681053157807,1984.8358606898848,10.334815992206426,10.334815992206426,1.0,1.0,1.0,0.0,2,,,,1.0,38.0,0.5,0.5,2.5000000000000036,95.0,1.25,1.2499999999999982,4.166666666666667,4.0,2.3333333333333335,3.0,4.333333333333333,3.2,3.0,1.0,3.0,3.3333333333333335,5.25,6.333333333333333,1.0,4.25,3.25,4.5,2.75,2.75,4.25,1.5,3.25,4.0,3.75,2.75,1.0,7.0
2,2,1.0,38.0,1.0,2.0,1.0,10.0,1.0,40.0,55.0,3.0,137.5,1874.6875520746541,2077.1538076987167,10.815505108123004,7.865821896816731,1.0,1.0,5.0,55.0,2,,,,30.0,20.0,10.0,5.0,42.7375,37.03333333333333,12.32310606060606,11.95719696969697,4.0,2.0,3.3333333333333335,1.75,3.3333333333333335,2.8,4.0,5.0,6.333333333333332,4.333333333333333,5.5,5.666666666666667,3.0,4.75,4.5,4.5,3.5,3.5,3.75,3.75,3.0,4.0,3.0,2.5,1.0,4.0
2,2,1.0,36.0,2.0,1.0,1.0,1.0,2.0,40.0,40.0,1.0,100.0,2082.9861689718377,2307.948675220796,12.017227897914449,12.017227897914449,1.0,2.0,1.0,0.0,2,,,,17.0,15.0,6.0,2.0,42.5,37.5,15.0,5.0,3.5,5.0,2.3333333333333335,4.75,4.666666666666667,3.2,2.0,3.6666666666666665,3.6666666666666665,5.0,5.5,7.0,2.0,3.25,2.5,3.0,2.25,3.5,3.25,3.25,3.75,4.5,3.25,3.0,1.6,4.0
2,2,2.0,69.0,5.0,1.0,1.0,9.0,1.0,40.0,60.0,3.0,150.0,2916.180636560573,3231.1281453091146,16.824119057080228,11.216079371386819,2.0,5.0,1.0,0.0,2,,,,8.0,6.0,10.0,36.0,13.333333333333336,10.0,16.666666666666664,60.0,3.6666666666666665,4.0,2.3333333333333335,4.0,4.666666666666667,3.2,4.0,3.0,2.3333333333333335,6.0,6.25,6.0,3.0,4.75,4.25,4.25,3.5,3.5,3.5,3.0,4.0,4.25,4.0,2.5,1.0,4.0
2,2,2.0,43.0,4.0,2.0,1.0,9.0,2.0,6.0,6.0,1.0,100.0,416.59723379436764,461.58973504415917,16.0229705305526,16.0229705305526,3.0,2.0,5.0,12.0,2,,,,6.0,20.0,20.0,2.0,67.33333333333333,17.733333333333334,2.0,2.3999999999999986,3.0,4.0,3.0,2.0,2.3333333333333335,2.0,4.75,3.0,3.0,4.666666666666667,6.25,7.0,3.0,4.25,4.75,5.0,3.75,3.0,4.0,2.75,3.5,3.0,3.25,2.5,3.0,4.0
2,2,2.0,58.0,3.0,3.0,1.0,9.0,1.0,40.0,40.0,1.0,100.0,1749.7083819363438,1938.6768871854688,10.094471434248138,10.094471434248138,2.0,4.0,5.0,4.0,2,,,,15.0,5.0,5.0,15.0,37.5,12.5,12.5,37.5,3.6666666666666665,3.0,2.8333333333333335,2.3333333333333335,4.0,2.8,4.0,1.3333333333333335,2.3333333333333335,4.0,5.75,7.0,2.0,3.75,4.5,2.5,3.0,3.25,3.75,2.25,3.75,5.0,3.0,3.0,2.0,6.0
2,2,1.0,28.0,2.0,1.0,1.0,1.0,2.0,40.0,40.0,1.0,100.0,2291.2847858690216,2538.743542742876,13.218950687705894,13.218950687705894,1.0,2.0,1.0,0.0,2,,,,35.0,5.0,0.0,0.0,87.5,12.5,0.0,0.0,4.0,4.0,2.6666666666666665,3.25,4.0,3.6,2.75,4.0,3.3333333333333335,5.666666666666667,5.75,6.666666666666667,2.6666666666666665,4.0,4.0,4.5,3.5,3.0,3.5,2.5,3.25,4.0,2.75,2.75,3.0,2.0
2,2,2.0,44.0,1.0,2.0,1.0,9.0,1.0,40.0,40.0,1.0,100.0,1541.40976503916,1707.8820196633892,8.892748644456693,8.892748644456692,1.0,4.0,6.0,2.5,2,,,,30.0,5.0,0.0,5.0,75.0,12.5,0.0,12.5,3.3333333333333335,4.0,3.1666666666666665,2.25,4.0,3.8,3.5,1.9999999999999998,1.0,5.666666666666667,6.0,7.0,2.6666666666666665,4.0,3.75,3.5,2.25,3.0,2.25,1.25,3.75,4.75,3.0,3.0,3.0,4.0
2,2,2.0,44.0,1.0,1.0,1.0,8.0,1.0,40.0,40.0,1.0,100.0,1583.0694884185968,1754.0409931678053,9.133093202414981,9.133093202414981,1.0,3.0,1.0,0.0,2,,,,30.0,5.0,1.0,4.0,75.0,12.5,2.5,10.0,2.8333333333333335,2.0,3.0,3.0,3.0,3.0,2.25,1.0,1.0,3.6666666666666665,5.5,5.333333333333333,1.3333333333333333,2.75,1.0,2.0,2.0,3.5,3.25,3.0,3.75,4.75,3.0,2.5,2.0,4.0
2,2,1.0,52.0,1.0,1.0,1.0,1.0,1.0,40.0,52.5,3.0,131.25,2707.882019663389,3000.3332777870355,15.622396267288783,11.902778108410502,2.0,4.0,1.0,0.0,2,,,,20.0,5.0,0.0,20.0,38.095238095238095,9.523809523809526,0.0,38.095238095238095,3.5,4.0,2.3333333333333335,4.0,3.6666666666666665,4.0,3.75,4.0,4.0,4.666666666666667,5.75,6.0,2.6666666666666665,2.25,2.0,3.75,3.25,3.75,3.5,2.5,3.25,4.0,3.25,3.0,2.0,5.0
2,2,1.0,27.0,2.0,1.0,1.0,1.0,2.0,25.0,40.0,3.0,160.0,1333.1111481419762,1477.0871521413096,12.305641367464396,7.691025854665247,1.0,2.0,1.0,0.0,2,,,,1.0,39.0,0.0,0.0,2.5000000000000036,97.5,0.0,0.0,4.833333333333333,5.0,2.5,4.5,5.0,4.0,2.5,4.333333333333333,3.6666666666666665,5.666666666666667,5.5,7.0,1.6666666666666667,4.5,3.75,4.0,4.5,3.25,4.0,4.0,3.0,5.0,3.25,1.75,1.0,7.0
2,2,2.0,26.0,1.0,1.0,1.0,1.0,2.0,40.0,40.0,1.0,100.0,1749.7083819363438,1938.6768871854688,10.094471434248138,10.094471434248138,1.0,1.0,1.0,0.0,2,,,,0.0,40.0,0.0,0.0,0.0,100.0,0.0,0.0,4.833333333333333,5.0,2.1666666666666665,5.0,5.0,4.0,2.5,1.666666666666667,2.0,3.3333333333333335,5.25,7.0,1.6666666666666667,3.5,1.5,1.0,2.25,2.5,2.75,2.25,3.25,4.0,3.5,3.25,2.0,7.0
2,2,1.0,47.0,1.0,3.0,1.0,1.0,2.0,43.0,55.0,3.0,127.90697674418605,2249.625062489585,2492.58456923846,12.073121981160565,9.438986276180078,3.0,2.0,1.0,0.0,2,,,,20.0,10.0,15.0,10.0,36.36363636363637,18.181818181818183,27.27272727272727,18.181818181818183,2.5,1.0,3.5,1.5,2.3333333333333335,2.0,4.75,5.333333333333333,5.333333333333333,5.666666666666667,4.75,3.3333333333333335,4.333333333333333,3.5,4.75,4.25,3.5,3.75,3.75,2.5,2.5,1.75,2.75,2.75,3.0,3.0
2,2,1.0,44.0,1.0,2.0,1.0,9.0,1.0,40.0,40.0,1.0,100.0,1833.0278286952173,2030.9948341943007,10.575160550164716,10.575160550164716,4.0,5.0,5.0,30.0,2,,,,20.0,5.0,5.0,10.0,50.0,12.5,12.5,25.0,2.8333333333333335,4.0,3.1666666666666665,3.75,3.6666666666666665,2.4,4.25,2.6666666666666665,2.3333333333333335,3.3333333333333335,6.25,7.0,2.0,4.0,4.0,4.25,3.5,3.0,2.75,3.25,3.5,3.75,3.0,3.5,3.0,5.0
2,2,2.0,56.0,1.0,3.0,1.0,9.0,1.0,20.0,30.0,3.0,150.0,833.1944675887353,923.1794700883186,9.613782318331559,6.409188212221039,2.0,1.0,5.0,25.0,2,,,,10.0,20.0,0.0,0.0,33.33333333333333,66.66666666666666,0.0,0.0,1.8333333333333333,5.0,2.0,5.0,3.6666666666666665,2.6,2.25,1.0,1.0,1.0,5.75,7.0,1.0,3.75,4.0,3.75,2.75,4.0,2.0,2.0,3.0,4.5,2.75,2.75,3.0,4.0
2,2,2.0,27.0,1.0,1.0,1.0,1.0,3.0,40.0,50.0,3.0,125.0,1041.4930844859189,1153.974337610398,6.008613948957224,4.8068911591657795,2.0,1.0,1.0,0.0,2,,,,10.0,20.0,10.0,10.0,20.0,40.0,20.0,20.0,2.1666666666666665,1.0,3.6666666666666665,2.0,1.6666666666666667,1.0,4.0,4.0,2.0,7.0,5.25,5.666666666666667,3.0,3.75,4.0,3.75,4.25,3.5,2.0,2.0,1.5,1.75,3.25,3.25,4.0,7.0
2,2,1.0,53.0,1.0,2.0,1.0,9.0,7.0,40.0,65.0,3.0,162.5,2207.9653391101483,2446.4255957340442,12.738261571789318,7.838930198024196,4.0,5.0,6.0,12.0,2,,,,12.0,6.0,6.0,20.0,18.461538461538463,9.230769230769234,9.230769230769232,30.76923076923077,2.0,2.0,2.1666666666666665,2.5,3.0,1.8,4.0,2.6666666666666665,1.3333333333333333,5.0,6.25,7.0,2.6666666666666665,4.75,4.25,4.25,4.0,3.5,4.25,3.25,3.5,4.0,3.25,2.25,3.0,5.0
2,2,1.0,49.0,1.0,1.0,1.0,2.0,1.0,40.0,40.0,1.0,100.0,2582.902849525079,2861.8563572737876,14.901362593413918,14.901362593413918,1.0,1.0,1.0,0.0,2,,,,25.0,15.0,0.0,0.0,62.5,37.5,0.0,0.0,3.8333333333333335,5.0,2.0,4.75,4.333333333333333,3.6,3.5,2.6666666666666665,5.333333333333333,3.6666666666666665,4.25,5.666666666666667,3.3333333333333335,2.25,1.75,2.25,3.25,1.5,1.2499999999999998,3.0,2.75,3.25,2.5,2.25,4.0,5.0
2,2,1.0,41.0,3.0,1.0,1.0,1.0,1.0,40.0,60.0,3.0,150.0,2082.9861689718377,2307.948675220796,12.017227897914449,8.0114852652763,3.0,2.0,1.0,0.0,2,,,,20.0,30.0,5.0,5.0,33.33333333333333,50.0,8.333333333333332,8.333333333333332,4.333333333333333,4.0,2.5,3.5,4.0,2.8,4.0,4.333333333333333,5.333333333333333,5.333333333333333,6.0,7.0,2.6666666666666665,3.25,4.0,4.75,3.5,3.0,3.75,2.5,2.75,3.0,3.25,3.5,3.0,4.0
2,2,2.0,26.0,1.0,1.0,1.0,1.0,2.0,28.0,40.0,3.0,142.85714285714286,1666.3889351774703,1846.3589401766371,13.733974740473656,9.613782318331559,1.0,1.0,1.0,0.0,2,,,,5.0,25.0,5.0,5.0,12.5,62.5,12.5,12.5,4.0,3.0,3.1666666666666665,4.25,3.6666666666666665,3.6,3.0,4.666666666666667,4.666666666666667,4.0,4.75,5.0,3.0,2.0,2.25,3.5,2.75,2.5,2.25,2.0,2.5,3.5,3.25,3.75,4.0,7.0
2,2,1.0,41.0,1.0,1.0,1.0,1.0,2.0,40.0,50.0,3.0,125.0,2499.5834027662054,2769.5384102649555,14.420673477497337,11.53653878199787,2.0,3.0,3.0,1.0,2,,,,8.0,4.0,2.0,8.0,16.0,8.0,4.0,16.0,3.8333333333333335,4.0,2.8333333333333335,4.0,4.333333333333333,3.6,3.75,3.3333333333333335,2.6666666666666665,4.333333333333333,6.25,6.333333333333333,3.0,3.25,3.5,3.75,3.25,3.0,2.5,2.0,3.5,3.75,3.75,2.25,3.0,4.0
2,2,1.0,52.0,2.0,1.0,1.0,1.0,1.0,40.0,50.0,3.0,125.0,1541.40976503916,1707.8820196633892,8.892748644456693,7.114198915565355,1.0,2.0,5.0,2.0,2,,,,6.0,30.0,6.0,8.0,12.0,60.0,12.0,16.0,2.5,4.0,3.0,3.25,2.0,2.2,3.5,3.3333333333333335,3.0,4.0,5.5,7.0,2.6666666666666665,3.5,3.75,3.75,3.25,3.5,3.25,3.0,2.75,2.5,3.0,3.0,3.0,7.0
2,2,1.0,30.0,2.0,1.0,1.0,1.0,2.0,40.0,55.0,3.0,137.5,1166.4722546242292,1292.4512581236459,6.729647622832092,4.89428918024152,3.0,3.0,1.0,0.0,2,,,,6.0,47.0,1.0,1.0,10.909090909090907,85.45454545454545,1.8181818181818183,1.8181818181818201,3.6666666666666665,4.0,2.3333333333333335,4.0,4.0,2.2,3.75,2.3333333333333335,2.6666666666666665,2.3333333333333335,5.5,6.0,2.0,4.0,4.0,3.25,4.25,3.75,3.75,2.5,2.25,2.25,2.75,3.5,4.0,7.0
2,2,2.0,41.0,1.0,2.0,1.0,4.0,2.0,32.0,32.0,1.0,100.0,2082.9861689718377,2307.948675220796,15.02153487239306,15.02153487239306,3.0,1.0,3.0,6.0,2,,,,10.0,10.0,7.0,5.0,31.25,31.25,21.875,15.625,2.4,3.0,2.8333333333333335,4.0,4.333333333333333,3.4,4.0,3.0,4.0,7.0,6.25,7.0,3.0,4.75,5.0,5.0,4.333333333333333,3.25,2.75,1.25,3.75,4.75,3.75,1.6666666666666667,3.0,4.0
2,2,1.0,42.0,3.0,1.0,1.0,9.0,1.0,40.0,16.0,2.0,40.0,999.8333611064822,1107.815364105982,5.768269390998936,14.42067347749734,1.0,1.0,5.0,40.0,2,,,,15.0,0.0,0.0,1.0,93.75,0.0,0.0,6.25,2.1666666666666665,4.0,2.0,4.5,3.0,1.6,4.5,1.0,1.6666666666666667,1.666666666666667,6.0,5.0,1.0,2.0,4.75,4.5,3.25,2.75,2.25,2.0,3.25,1.5,1.2499999999999998,3.0,4.0,4.0
2,2,2.0,47.0,1.0,2.0,1.0,1.0,1.0,40.0,40.0,1.0,100.0,2187.1354774204297,2423.3461089818356,12.61808929281017,12.61808929281017,3.0,2.0,1.0,0.0,2,,,,22.0,10.0,5.0,3.0,55.00000000000001,25.0,12.5,7.5,3.1666666666666665,3.0,2.6666666666666665,4.0,3.3333333333333335,3.2,2.25,4.333333333333333,3.0,4.666666666666667,5.0,6.333333333333333,2.6666666666666665,3.25,2.25,3.75,1.75,4.5,3.75,3.0,3.25,4.0,3.5,2.0,1.2000000000000002,4.0
2,2,1.0,42.0,1.0,2.0,1.0,4.0,1.0,40.0,45.0,3.0,112.5,2499.5834027662054,2769.5384102649555,14.420673477497337,12.818376424442077,1.0,4.0,1.0,0.0,2,,,,20.0,8.0,4.0,8.0,44.44444444444444,17.77777777777778,8.88888888888889,17.77777777777778,3.3333333333333335,3.0,2.5,2.0,3.0,3.2,3.0,2.6666666666666665,2.0,3.3333333333333335,5.25,4.0,1.6666666666666667,2.5,2.75,2.5,2.5,3.5,2.5,2.5,2.5,2.25,2.5,3.75,4.0,5.0
2,2,1.0,53.0,1.0,2.0,1.0,9.0,2.0,40.0,40.0,1.0,100.0,1458.0903182802865,1615.564072654557,8.412059528540114,8.412059528540114,2.0,2.0,5.0,0.0,2,,,,30.0,10.0,5.0,8.0,48.9,24.0,10.15,16.95,3.0,3.0,2.5,2.5,2.3333333333333335,2.4,3.5,1.9999999999999998,3.6666666666666665,4.0,4.75,6.333333333333333,1.3333333333333333,4.25,4.0,4.0,3.5,3.5,3.5,2.0,3.0,3.0,2.5,3.25,3.0,5.0
2,2,1.0,48.0,1.0,2.0,1.0,9.0,2.0,26.0,30.0,3.0,115.38461538461537,1083.1528078653557,1200.1333111148142,9.61378231833156,8.331944675887351,1.0,3.0,4.0,30.0,2,,,,32.0,2.0,0.0,1.0,49.765957446808514,10.851063829787236,3.5428571428571436,16.20212765957447,3.8333333333333335,5.0,2.5,4.25,5.0,2.0,2.5,1.0,4.0,3.3333333333333335,5.75,5.666666666666667,2.0,1.5,4.25,2.75,3.25,4.0,3.0,3.5,2.0,3.75,3.5,3.25,2.0,4.0
2,2,2.0,35.0,1.0,1.0,1.0,5.0,2.0,20.0,20.0,1.0,100.0,1458.0903182802865,1615.564072654557,16.824119057080228,16.824119057080228,4.0,4.0,2.0,40.0,2,,,,15.0,40.0,1.0,2.0,33.0,34.16666666666667,12.0,12.833333333333332,2.8333333333333335,4.0,2.3333333333333335,4.25,4.333333333333333,3.0,4.0,1.3333333333333335,3.0,3.3333333333333335,5.25,5.0,2.0,3.5,3.75,3.5,3.5,3.5,4.0,2.75,3.25,3.75,3.75,3.25,3.0,4.0
2,2,2.0,47.0,1.0,2.0,1.0,4.0,1.0,40.0,40.0,1.0,100.0,1666.3889351774703,1846.3589401766371,9.613782318331559,9.613782318331559,1.0,1.0,3.0,20.0,2,,,,30.0,5.0,0.0,0.0,75.0,12.5,0.0,0.0,3.8333333333333335,5.0,2.0,5.0,4.333333333333333,2.6,2.5,2.3333333333333335,2.0,5.666666666666667,5.25,5.0,2.6666666666666665,4.25,3.0,4.75,4.25,2.75,3.0,1.0,3.25,4.75,3.0,3.0,3.0,3.0
2,2,1.0,59.0,4.0,1.0,1.0,1.0,1.0,40.0,40.0,1.0,100.0,1624.7292117980335,1800.199966672221,9.373437760373271,9.373437760373271,3.0,2.0,1.0,0.0,2,,,,20.0,10.0,6.0,4.0,50.0,25.0,15.0,10.0,3.1666666666666665,2.0,3.6666666666666665,2.0,1.3333333333333333,2.0,4.0,3.0,3.0,3.6666666666666665,6.0,3.3333333333333335,2.6666666666666665,3.25,3.75,3.0,3.25,2.75,3.25,1.25,1.75,1.0,3.25,3.5,4.0,2.0
2,2,2.0,51.0,1.0,1.0,1.0,9.0,4.0,10.0,10.0,1.0,100.0,416.59723379436764,461.58973504415917,9.613782318331559,9.613782318331559,1.0,2.0,6.0,42.0,2,,,,6.0,0.0,0.0,0.0,60.0,0.0,0.0,0.0,3.3333333333333335,5.0,2.6666666666666665,4.25,4.666666666666667,3.2,3.25,1.0,1.0,3.6666666666666665,6.0,6.333333333333333,2.6666666666666665,2.5,4.5,4.75,3.25,4.25,4.0,2.75,3.25,4.75,3.25,2.75,1.0,8.0
2,2,2.0,31.0,3.0,1.0,1.0,2.0,2.0,40.0,40.0,1.0,100.0,1708.0486585569074,1892.517913681053,9.85412687628985,9.85412687628985,1.0,1.0,1.0,0.0,2,,,,24.0,12.0,0.0,4.0,60.0,30.0,0.0,10.0,2.8333333333333335,4.0,3.0,1.5,2.0,3.4,4.0,4.0,3.3333333333333335,4.333333333333333,5.5,6.0,1.3333333333333333,3.25,3.75,3.0,3.75,3.75,4.75,2.5,3.5,1.75,1.75,3.75,4.0,4.0
2,2,1.0,40.0,1.0,2.0,1.0,2.0,1.0,40.0,40.0,1.0,100.0,2916.180636560573,3231.1281453091146,16.824119057080228,16.824119057080228,4.0,4.0,1.0,0.0,2,,,,10.0,5.0,15.0,10.0,25.0,12.5,37.5,25.0,4.0,4.0,2.6666666666666665,3.5,4.333333333333333,3.4,4.5,4.0,5.0,6.0,6.25,6.0,2.6666666666666665,4.0,5.0,4.5,4.0,4.0,4.75,2.75,3.0,2.75,3.5,3.0,3.0,5.0
2,2,2.0,25.0,2.0,1.0,1.0,1.0,3.0,13.0,40.0,3.0,307.69230769230774,583.2361273121146,646.2256290618229,10.353304035126294,3.3648238114160467,1.0,1.0,1.0,0.0,2,,,,6.0,30.0,2.0,2.0,15.0,75.0,5.0,5.0,4.0,5.0,2.8333333333333335,5.0,4.0,3.4,3.0,4.666666666666667,2.3333333333333335,6.0,5.75,7.0,2.6666666666666665,3.5,3.5,3.5,3.0,1.75,2.0,3.75,3.75,2.75,3.5,3.5,4.0,7.0
2,2,2.0,41.0,2.0,1.0,1.0,2.0,1.0,40.0,40.0,1.0,100.0,3332.7778703549407,3692.7178803532743,19.227564636663118,19.227564636663118,2.0,3.0,1.0,0.0,2,,,,16.0,10.0,10.0,20.0,41.714285714285715,28.07142857142857,13.5,16.714285714285715,2.5,1.0,3.5,1.75,3.3333333333333335,1.4,3.25,2.3333333333333335,2.3333333333333335,3.6666666666666665,4.5,3.6666666666666665,2.6666666666666665,2.5,3.25,2.75,3.0,4.0,3.0,3.25,3.75,4.75,3.25,3.5,2.0,5.0
2,2,2.0,46.0,2.0,2.0,1.0,9.0,2.0,30.0,42.0,3.0,140.0,1541.40976503916,1707.8820196633892,11.856998192608925,8.46928442329209,2.0,4.0,6.0,15.0,2,,,,15.0,0.0,2.0,33.0,42.614906059474926,26.23760109493592,16.544033843473933,10.477541371158392,3.0,4.0,3.0,2.75,3.3333333333333335,2.4,3.25,3.0,3.0,4.333333333333333,4.5,3.3333333333333335,2.3333333333333335,2.25,4.25,1.5,2.25,3.5,1.2499999999999998,1.75,2.5,2.75,2.75,3.75,4.0,4.0
2,2,1.0,63.0,1.0,1.0,1.0,2.0,2.0,40.0,40.0,1.0,100.0,1562.2396267288784,1730.9615064155973,9.012920923435837,9.012920923435837,1.0,2.0,5.0,0.0,2,,,,25.0,10.0,0.0,5.0,62.5,25.0,0.0,12.5,2.6666666666666665,3.0,3.0,2.6666666666666665,2.5,2.6,3.25,2.6666666666666665,3.3333333333333335,1.333333333333333,3.0,4.0,1.3333333333333333,1.25,1.75,2.75,2.5,4.0,2.25,3.0,2.5,2.25,3.0,3.25,2.0,4.0
2,2,2.0,40.0,2.0,1.0,1.0,1.0,2.0,40.0,46.0,3.0,114.99999999999999,1639.3934344275954,1816.4479253457755,9.45803904477459,8.224381778064862,1.0,1.0,1.0,0.0,2,,,,0.0,40.0,6.0,0.0,0.0,86.95652173913044,13.043478260869565,0.0,4.333333333333333,2.0,3.1666666666666665,2.0,2.6666666666666665,2.4,4.0,5.666666666666667,7.0,3.0,5.5,6.0,3.0,3.75,4.5,4.25,3.5,3.25,3.0,2.75,3.0,2.0,3.0,4.75,4.0,7.0
2,2,1.0,26.0,2.0,1.0,1.0,9.0,4.0,3.0,3.0,1.0,100.0,166.63889351774696,184.63589401766376,12.818376424442079,12.818376424442079,1.0,2.0,2.0,40.0,2,,,,3.0,1.0,0.0,0.0,37.35897435897436,15.743589743589741,5.0,20.974358974358974,3.3333333333333335,5.0,2.5,4.0,3.6666666666666665,3.4,2.75,1.666666666666667,1.6666666666666667,2.6666666666666665,4.75,5.666666666666667,2.0,3.25,2.75,2.5,2.75,3.5,3.0,3.75,3.5,3.5,3.0,2.0,2.0,8.0
2,2,2.0,47.0,1.0,2.0,1.0,9.0,5.0,40.0,40.0,1.0,100.0,1333.1111481419762,1477.0871521413096,7.691025854665247,7.691025854665247,1.0,2.0,5.0,20.0,2,,,,27.0,10.0,2.0,5.0,51.26190476190476,18.66666666666667,9.333333333333332,19.666666666666668,2.2,4.0,3.0,4.25,2.0,2.2,3.0,1.666666666666667,1.0,3.0,6.0,6.333333333333333,1.3333333333333333,2.75,2.75,3.0,3.0,3.5,3.0,2.0,3.0,5.0,3.25,2.5,2.0,4.0
2,2,2.0,43.0,1.0,2.0,1.0,9.0,4.0,3.0,3.0,1.0,100.0,158.3069488418596,175.4040993167805,12.177457603219976,12.177457603219976,1.0,3.0,6.0,40.0,2,,,,2.0,2.0,5.0,0.0,65.75,21.6,4.1000000000000005,8.549999999999999,4.0,4.0,2.1666666666666665,3.0,3.6666666666666665,2.4,4.5,1.666666666666667,2.3333333333333335,6.0,6.5,7.0,3.0,4.0,5.0,4.5,3.75,3.0,3.0,3.0,3.0,4.75,2.75,2.75,3.0,8.0
2,2,2.0,31.0,2.0,1.0,1.0,9.0,2.0,20.0,27.0,3.0,135.0,604.0659890018328,669.3051158140311,6.96999218079038,5.162957170955837,1.0,4.0,6.0,65.0,2,,,,5.0,0.0,0.0,20.0,18.51851851851852,0.0,0.0,74.07407407407408,3.6666666666666665,4.0,2.3333333333333335,3.0,2.0,3.0,3.75,1.0,1.0,2.6666666666666665,6.0,5.666666666666667,1.3333333333333333,2.5,5.0,3.75,3.75,3.75,3.75,2.5,3.0,4.75,3.0,3.75,3.0,3.0
2,2,2.0,25.0,2.0,1.0,1.0,1.0,2.0,40.0,40.0,1.0,100.0,1395.6007332111315,1546.3256123979336,8.051542691602682,8.051542691602682,1.0,1.0,1.0,0.0,2,,,,2.0,38.0,0.0,0.0,5.0,95.0,0.0,0.0,3.3333333333333335,3.0,2.5,5.0,3.6666666666666665,2.6,2.5,3.6666666666666665,5.333333333333333,5.666666666666667,4.75,5.666666666666667,2.6666666666666665,2.5,1.75,4.25,2.5,3.5,3.5,2.25,2.75,4.0,2.75,2.25,2.0,7.0
2,2,1.0,36.0,1.0,2.0,1.0,1.0,1.0,40.0,40.0,1.0,100.0,2024.6625562406264,2243.326112314614,11.680745516772845,11.680745516772845,1.0,4.0,1.0,0.0,2,,,,25.0,5.0,5.0,5.0,62.5,12.5,12.5,12.5,4.166666666666667,2.0,3.0,3.25,3.3333333333333335,3.4,3.5,5.0,5.666666666666667,5.0,5.0,5.666666666666667,2.6666666666666665,2.5,3.25,3.0,4.0,2.5,2.25,2.5,2.75,2.75,3.0,3.5,4.0,4.0
2,2,1.0,49.0,1.0,2.0,1.0,1.0,1.0,40.0,55.0,3.0,137.5,3541.0764872521245,3923.512747875354,20.429287426454565,14.857663582876047,4.0,3.0,3.0,4.0,2,,,,10.0,20.0,10.0,15.0,18.181818181818183,36.36363636363637,18.181818181818183,27.27272727272727,3.6666666666666665,3.0,3.0,4.75,4.666666666666667,3.6,4.75,1.666666666666667,3.3333333333333335,4.0,5.75,7.0,2.3333333333333335,4.0,4.5,4.75,3.25,4.0,4.75,3.0,3.75,4.0,3.5,2.75,3.0,9.0
2,2,1.0,34.0,2.0,1.0,1.0,1.0,2.0,40.0,40.0,1.0,100.0,2082.9861689718377,2307.948675220796,12.017227897914449,12.017227897914449,1.0,3.0,1.0,0.0,2,,,,15.0,10.0,5.0,10.0,37.5,25.0,12.5,25.0,3.8333333333333335,3.0,2.6666666666666665,2.25,3.0,2.2,3.5,3.6666666666666665,5.0,4.333333333333333,4.75,5.0,3.3333333333333335,4.5,3.25,3.75,3.25,2.75,3.75,3.25,2.75,3.0,3.5,2.5,3.0,4.0
2,2,2.0,32.0,3.0,1.0,1.0,5.0,2.0,40.0,47.0,3.0,117.5,1458.0903182802865,1615.564072654557,8.412059528540114,7.159199598757543,2.0,3.0,1.0,0.0,2,,,,30.0,2.0,0.0,4.0,63.829787234042556,4.255319148936174,0.0,8.51063829787234,3.6666666666666665,3.0,2.6666666666666665,4.75,4.0,1.8,3.75,3.3333333333333335,5.0,3.6666666666666665,6.25,5.666666666666667,2.3333333333333335,2.25,5.0,3.25,3.25,4.0,2.25,3.25,2.75,3.0,3.25,4.0,4.0,4.0
2,2,1.0,50.0,3.0,3.0,1.0,2.0,1.0,40.0,50.0,3.0,125.0,1791.3681053157807,1984.8358606898848,10.334815992206426,8.267852793765142,2.0,4.0,5.0,8.0,2,,,,35.0,5.0,0.0,10.0,70.0,10.0,0.0,20.0,3.0,2.0,3.1666666666666665,4.25,2.0,2.2,3.5,1.666666666666667,2.6666666666666665,1.666666666666667,4.25,3.0,2.3333333333333335,2.75,4.0,1.75,3.75,3.0,2.0,2.75,2.5,1.5,2.25,4.0,4.0,4.0
2,2,1.0,39.0,2.0,2.0,1.0,1.0,3.0,40.0,40.0,1.0,100.0,2082.9861689718377,2307.948675220796,12.017227897914449,12.017227897914449,3.0,1.0,3.0,10.0,2,,,,5.0,20.0,5.0,10.0,12.5,50.0,12.5,25.0,3.0,2.0,3.5,1.75,3.0,3.6,3.25,4.0,4.666666666666667,6.0,4.25,3.6666666666666665,4.666666666666667,3.25,3.75,4.0,3.0,3.75,3.25,2.75,3.5,3.0,3.25,3.25,3.0,7.0
2,2,1.0,52.0,1.0,2.0,1.0,5.0,1.0,40.0,50.0,3.0,125.0,1333.1111481419762,1477.0871521413096,7.691025854665247,6.152820683732198,1.0,4.0,5.0,10.0,2,,,,25.0,15.0,0.0,10.0,50.0,30.0,0.0,20.0,3.3333333333333335,3.0,3.0,3.5,3.3333333333333335,2.4,3.5,1.9999999999999998,2.3333333333333335,2.3333333333333335,5.25,6.333333333333333,2.0,2.75,3.0,2.75,3.25,3.5,3.0,2.5,2.5,3.0,3.0,3.5,4.0,4.0
2,2,1.0,47.0,1.0,2.0,1.0,1.0,2.0,25.5,25.5,1.0,100.0,916.5139143476083,1015.4974170971504,8.29424356875664,8.29424356875664,3.0,2.0,5.0,20.0,2,,,,21.6,1.2,1.2,2.5,43.0,23.5,9.5,24.0,3.5,4.0,2.6666666666666665,3.0,4.666666666666667,3.4,2.5,3.0,4.666666666666667,3.6666666666666665,4.25,5.666666666666667,1.6666666666666667,3.25,2.25,2.5,2.0,2.75,4.0,2.75,3.25,4.75,3.75,2.25,2.0,7.0
2,2,2.0,44.0,2.0,1.0,1.0,5.0,1.0,32.0,42.0,3.0,131.25,1373.9376770538242,1522.3229461756373,9.908204401830464,7.549108115680353,1.0,1.0,5.0,8.0,2,,,,28.0,0.0,8.0,6.0,66.66666666666666,0.0,19.047619047619047,14.285714285714285,2.1666666666666665,2.0,3.0,3.0,2.6666666666666665,2.6,4.0,3.3333333333333335,3.0,5.0,5.75,6.0,2.0,3.0,3.75,4.0,3.25,3.25,4.0,2.5,2.25,2.75,2.75,2.6666666666666665,3.8,4.0
2,2,1.0,29.0,1.0,1.0,1.0,2.0,2.0,40.0,46.0,3.0,114.99999999999999,1478.920179970005,1638.6435594067655,8.53223180751926,7.419332006538487,1.0,1.0,1.0,0.0,2,,,,0.0,38.0,4.0,2.0,0.0,82.6086956521739,8.695652173913043,4.3478260869565215,3.8333333333333335,4.0,2.3333333333333335,3.75,3.3333333333333335,2.4,3.25,5.666666666666667,3.3333333333333335,5.666666666666667,5.75,5.666666666666667,2.6666666666666665,2.75,4.25,3.5,3.25,3.5,4.0,3.0,2.75,3.25,3.0,2.75,3.0,7.0
2,2,1.0,30.0,3.0,1.0,1.0,1.0,3.0,40.0,55.0,3.0,137.5,1333.1111481419762,1477.0871521413096,7.691025854665247,5.593473348847452,1.0,3.0,1.0,0.0,2,,,,20.0,20.0,10.0,5.0,36.36363636363637,36.36363636363637,18.181818181818183,9.090909090909093,3.5,3.0,2.6666666666666665,2.75,2.0,2.4,4.5,1.9999999999999998,2.0,2.6666666666666665,5.75,6.0,2.0,3.25,5.0,4.0,4.25,3.5,3.75,3.25,3.25,3.25,2.25,2.75,3.0,4.0
2,2,2.0,47.0,1.0,2.0,1.0,1.0,1.0,40.0,40.0,1.0,100.0,2082.9861689718377,2307.948675220796,12.017227897914449,12.017227897914449,3.0,4.0,1.0,0.0,2,,,,20.0,20.0,5.0,5.0,29.2,16.1,13.8,24.7,3.8333333333333335,5.0,3.0,3.0,4.333333333333333,2.4,3.75,1.9999999999999998,1.0,5.0,5.75,6.333333333333333,3.0,2.5,4.0,4.0,3.75,3.25,3.0,2.0,3.5,3.75,3.75,3.0,4.0,5.0
2,2,1.0,28.0,2.0,1.0,1.0,1.0,2.0,40.0,40.0,1.0,100.0,1458.0903182802865,1615.564072654557,8.412059528540114,8.412059528540114,1.0,1.0,1.0,0.0,2,,,,0.0,35.0,3.0,2.0,0.0,87.5,7.5,5.0,3.3333333333333335,4.0,3.1666666666666665,4.5,4.0,2.6,3.0,3.0,3.3333333333333335,4.666666666666667,4.75,6.0,2.0,2.75,3.75,3.0,2.0,3.75,3.25,3.0,2.5,3.5,3.25,3.0,2.0,7.0
2,2,1.0,59.0,4.0,1.0,1.0,1.0,1.0,40.0,40.0,1.0,100.0,2082.9861689718377,2307.948675220796,12.017227897914449,12.017227897914449,1.0,1.0,1.0,0.0,2,,,,35.0,0.0,0.0,5.0,87.5,0.0,0.0,12.5,3.0,5.0,2.3333333333333335,5.0,3.3333333333333335,4.2,1.5,4.0,3.0,3.0,4.0,4.0,3.0,1.5,1.0,1.5,1.5,4.0,1.5,2.0,2.25,3.0,2.0,3.25,2.0,2.0
2,2,1.0,33.0,3.0,1.0,1.0,1.0,1.0,40.0,40.0,1.0,100.0,2166.3056157307115,2400.2666222296284,12.497917013831028,12.497917013831028,1.0,2.0,1.0,0.0,2,,,,5.0,25.0,5.0,5.0,12.5,62.5,12.5,12.5,4.166666666666667,5.0,2.8333333333333335,3.75,3.3333333333333335,3.4,3.25,4.333333333333333,5.333333333333333,6.0,5.0,5.0,2.0,4.0,3.75,4.75,2.5,4.0,3.75,2.5,3.5,3.5,3.5,3.25,3.0,7.0
2,2,2.0,32.0,3.0,1.0,1.0,1.0,2.0,42.5,42.5,1.0,100.0,1541.40976503916,1707.8820196633892,8.369645783018065,8.369645783018065,1.0,1.0,7.0,50.0,2,,,,25.0,5.0,0.0,13.0,35.0,37.8,6.5,15.5,3.1666666666666665,2.6,2.6666666666666665,2.75,2.0,2.2,2.5,6.0,4.0,3.0,3.0,5.333333333333333,2.5,2.0,4.0,4.75,2.75,3.25,3.5,2.5,1.0,2.0,2.6666666666666665,3.6666666666666665,4.0,4.0
2,2,1.0,51.0,2.0,1.0,1.0,2.0,1.0,34.0,50.0,3.0,147.05882352941177,1624.7292117980335,1800.199966672221,11.02757383573326,7.498750208298617,1.0,2.0,1.0,0.0,2,,,,20.0,15.0,10.0,5.0,40.0,30.0,20.0,10.0,2.6666666666666665,2.0,3.3333333333333335,2.5,2.6666666666666665,2.2,3.5,1.9999999999999998,4.333333333333333,4.666666666666667,5.5,5.666666666666667,2.6666666666666665,2.5,3.5,3.5,3.25,3.5,3.5,2.75,2.75,3.0,2.75,3.25,4.0,5.0
2,2,2.0,55.0,1.0,3.0,1.0,5.0,1.0,40.0,50.0,3.0,125.0,2707.882019663389,3000.3332777870355,15.622396267288783,12.497917013831026,1.0,2.0,1.0,0.0,2,,,,55.0,30.0,5.0,10.0,27.70909090909091,40.696969696969695,16.924242424242426,12.742424242424242,3.5,3.0,3.1666666666666665,2.25,3.0,2.8,4.75,1.666666666666667,1.6666666666666667,5.333333333333333,6.5,7.0,2.6666666666666665,3.0,5.0,4.5,4.25,4.25,3.75,3.25,3.75,3.0,3.0,3.0,3.0,6.0
2,2,2.0,38.0,1.0,2.0,1.0,1.0,1.0,40.0,40.0,1.0,100.0,1999.6667222129645,2215.630728211964,11.536538781997873,11.536538781997873,1.0,2.0,1.0,0.0,2,,,,25.0,10.0,1.0,4.0,62.5,25.0,2.5,10.0,4.5,4.0,2.3333333333333335,4.75,3.6666666666666665,3.0,2.75,1.0,3.6666666666666665,2.0,5.25,5.666666666666667,2.6666666666666665,2.25,2.0,3.0,2.5,3.25,3.75,2.5,3.25,4.0,3.5,2.25,2.0,4.0
2,2,2.0,31.0,1.0,1.0,1.0,1.0,2.0,40.0,40.0,1.0,100.0,1166.4722546242292,1292.4512581236459,6.729647622832092,6.729647622832092,1.0,1.0,1.0,0.0,2,,,,5.0,32.0,2.0,1.0,12.5,80.0,5.0,2.5,4.333333333333333,4.0,3.6666666666666665,2.0,3.3333333333333335,2.0,2.75,4.666666666666667,3.0,6.333333333333333,5.75,5.333333333333333,3.0,4.25,1.25,2.5,1.75,2.75,2.75,1.75,2.5,5.0,2.5,3.25,2.0,7.0
2,2,1.0,67.0,1.0,1.0,1.0,2.0,1.0,40.0,40.0,1.0,100.0,2499.5834027662054,2769.5384102649555,14.420673477497337,14.420673477497337,2.0,4.0,1.0,0.0,2,,,,20.0,8.0,2.0,10.0,50.0,20.0,5.0,25.0,3.8333333333333335,4.0,3.3333333333333335,3.75,4.0,3.8,3.5,1.9999999999999998,1.3333333333333333,5.0,5.0,5.666666666666667,2.6666666666666665,2.75,3.5,4.0,3.5,3.5,3.0,2.75,3.0,3.5,3.0,3.0,3.0,5.0
2,2,1.0,44.0,1.0,2.0,1.0,1.0,1.0,40.0,40.0,1.0,100.0,2028.82852857857,2247.9420096650556,11.704779972568675,11.704779972568675,3.0,2.0,5.0,3.0,2,,,,12.0,20.0,4.0,4.0,30.0,50.0,10.0,10.0,3.1666666666666665,5.0,2.8333333333333335,3.0,3.3333333333333335,3.2,2.5,1.9999999999999998,2.3333333333333335,5.333333333333333,5.25,6.333333333333333,2.6666666666666665,3.5,4.0,3.75,3.0,3.25,3.25,2.75,3.5,4.75,2.75,2.5,3.0,4.0
2,2,2.0,38.0,3.0,1.0,1.0,9.0,2.0,40.0,50.0,3.0,125.0,1749.7083819363438,1938.6768871854688,10.094471434248138,8.07557714739851,1.0,4.0,2.0,6.0,2,,,,20.0,25.0,4.0,1.0,40.0,50.0,8.0,2.0,3.6666666666666665,4.0,2.5,4.0,3.6666666666666665,3.0,4.5,5.0,2.6666666666666665,4.0,6.0,5.666666666666667,2.0,3.25,4.25,3.25,3.75,4.0,3.5,2.75,3.0,3.0,3.5,2.75,3.0,4.0
2,2,1.0,43.0,1.0,2.0,1.0,1.0,1.0,20.0,20.0,1.0,100.0,791.5347442092984,877.0204965839025,9.133093202414981,9.133093202414981,1.0,2.0,2.0,20.0,2,,,,8.0,6.0,5.0,1.0,40.0,30.0,25.0,5.0,3.5,4.0,2.5,3.5,4.0,3.0,3.25,1.9999999999999998,2.6666666666666665,2.6666666666666665,5.0,5.666666666666667,2.6666666666666665,3.0,3.0,3.0,3.0,3.75,3.5,3.0,3.5,3.75,3.5,2.0,1.0,4.0
2,2,1.0,44.0,1.0,2.0,1.0,5.0,1.0,40.0,40.0,1.0,100.0,1749.7083819363438,1938.6768871854688,10.094471434248138,10.094471434248138,1.0,2.0,3.0,20.0,2,,,,25.0,10.0,5.0,3.0,16.5,44.0,15.333333333333336,15.333333333333332,3.0,4.0,2.8333333333333335,4.5,4.333333333333333,3.0,3.0,4.666666666666667,4.666666666666667,4.666666666666667,6.0,6.0,2.6666666666666665,4.5,4.0,4.0,3.25,3.25,4.0,2.5,3.0,4.0,3.0,1.75,3.0,4.0
2,2,1.0,32.0,1.0,3.0,1.0,1.0,3.0,36.0,30.0,2.0,83.33333333333334,1874.6875520746541,2077.1538076987167,12.017227897914449,14.420673477497338,3.0,2.0,6.0,15.0,2,,,,5.0,25.0,2.0,3.0,29.00297619047619,36.28968253968254,24.717261904761905,9.990079365079364,3.8333333333333335,4.0,2.1666666666666665,4.0,4.666666666666667,3.6,2.75,3.6666666666666665,4.0,3.3333333333333335,5.5,6.666666666666667,1.3333333333333333,2.75,2.25,5.0,2.75,4.0,4.5,3.75,3.25,4.25,3.25,3.5,2.0,7.0
2,2,1.0,47.0,3.0,1.0,1.0,5.0,1.0,40.0,40.0,1.0,100.0,1624.7292117980335,1800.199966672221,9.373437760373271,9.373437760373271,1.0,3.0,1.0,0.0,2,,,,20.0,20.0,1.0,5.0,41.42857142857142,35.0,6.5,16.0,2.8333333333333335,3.0,3.1666666666666665,4.75,3.6666666666666665,2.8,3.5,1.9999999999999998,4.666666666666667,3.6666666666666665,6.0,7.0,2.3333333333333335,2.75,3.25,3.25,3.0,3.75,3.0,1.75,2.25,1.0,3.25,2.5,4.0,5.0
2,2,2.0,62.0,1.0,3.0,1.0,8.0,1.0,40.0,55.0,3.0,137.5,1999.6667222129645,2215.630728211964,11.536538781997873,8.39021002327118,2.0,3.0,1.0,0.0,2,,,,25.0,13.0,13.0,2.0,45.45454545454545,23.636363636363637,23.636363636363637,3.6363636363636367,3.3333333333333335,5.0,2.5,4.0,3.6666666666666665,3.8,3.25,4.333333333333333,1.3333333333333333,5.333333333333333,6.0,7.0,3.0,4.25,3.75,4.25,3.75,4.5,1.75,3.0,3.0,4.75,3.0,2.25,1.0,5.0
2,2,2.0,43.0,1.0,2.0,1.0,5.0,1.0,20.0,35.0,3.0,175.0,726.9621729711714,805.474087652058,8.388025072744284,4.793157184425306,1.0,1.0,5.0,15.0,2,,,,30.0,4.0,0.0,1.0,85.71428571428571,11.42857142857143,0.0,2.8571428571428577,2.8333333333333335,3.0,3.3333333333333335,3.0,2.6666666666666665,2.8,4.0,4.0,4.0,5.333333333333333,5.0,1.6666666666666667,4.666666666666667,1.75,4.0,3.0,3.25,3.0,3.0,3.0,3.0,2.25,3.5,3.25,4.0,4.0
2,2,2.0,45.0,1.0,2.0,1.0,2.0,2.0,40.0,40.0,1.0,100.0,1541.40976503916,1707.8820196633892,8.892748644456693,8.892748644456692,1.0,1.0,3.0,10.0,2,,,,10.0,27.0,2.0,3.0,47.5,35.5,9.5,7.499999999999998,3.5,4.0,2.6666666666666665,2.5,2.6666666666666665,2.6,3.75,4.333333333333333,6.0,3.0,4.5,5.666666666666667,2.0,2.5,3.25,2.25,2.5,3.0,3.0,2.75,2.25,4.0,2.75,2.5,4.0,7.0
2,2,2.0,52.0,1.0,2.0,1.0,2.0,1.0,40.0,50.0,3.0,125.0,4165.9723379436755,4615.897350441592,24.034455795828897,19.227564636663118,2.0,4.0,1.0,0.0,2,,,,20.0,10.0,1.0,15.0,40.0,20.0,2.0,30.0,4.333333333333333,2.0,3.0,2.0,3.6666666666666665,3.4,3.0,4.0,4.333333333333333,4.333333333333333,4.0,3.6666666666666665,2.3333333333333335,4.333333333333333,4.333333333333333,3.3333333333333335,3.0,4.0,1.3333333333333333,1.5,2.6666666666666665,3.6666666666666665,5.0,3.5,3.4,5.0
2,2,2.0,52.0,3.0,3.0,1.0,5.0,1.0,40.0,50.0,3.0,125.0,1495.5840693217797,1657.107148808532,8.628369630702576,6.90269570456206,1.0,2.0,1.0,0.0,2,,,,35.0,12.0,2.0,8.0,38.58413926499033,23.578336557059963,11.09090909090909,20.247582205029012,3.5,2.0,3.0,4.0,3.6666666666666665,2.4,3.5,1.9999999999999998,3.0,4.333333333333333,5.0,5.0,2.0,2.0,4.0,3.25,2.5,3.5,2.25,3.0,2.5,2.0,3.75,3.5,4.0,4.0
2,2,2.0,26.0,2.0,1.0,1.0,1.0,2.0,40.0,40.0,1.0,100.0,1420.5965672387936,1574.0209965005834,8.195749426377656,8.195749426377656,1.0,1.0,1.0,0.0,2,,,,10.0,25.0,0.5,1.5,25.0,62.5,1.25,3.75,3.8333333333333335,3.0,2.8333333333333335,2.75,3.6666666666666665,3.0,3.25,4.0,4.333333333333333,4.0,3.5,4.0,4.0,2.75,2.75,3.25,3.25,2.5,2.25,3.0,3.5,3.75,2.25,3.25,4.0,7.0
2,2,1.0,50.0,1.0,1.0,1.0,5.0,1.0,40.0,40.0,1.0,100.0,2707.882019663389,3000.3332777870355,15.622396267288783,15.622396267288783,1.0,2.0,2.0,10.0,2,,,,8.0,20.0,10.0,2.0,20.0,50.0,25.0,5.0,4.0,4.0,2.3333333333333335,4.0,3.3333333333333335,3.2,3.25,5.0,5.333333333333333,4.666666666666667,5.0,5.666666666666667,3.0,3.5,3.25,3.25,3.25,3.25,2.5,2.5,3.0,3.25,3.25,3.0,4.0,6.0
2,2,2.0,37.0,2.0,1.0,1.0,1.0,5.0,40.0,45.0,3.0,112.5,1541.40976503916,1707.8820196633892,8.892748644456693,7.904665461739284,1.0,3.0,5.0,1.0,2,,,,12.0,17.0,1.0,15.0,26.666666666666668,37.77777777777778,2.2222222222222214,33.33333333333333,3.6666666666666665,4.0,3.0,4.0,3.0,3.0,3.25,2.6666666666666665,5.0,5.0,4.0,5.0,5.5,2.25,3.25,2.75,3.0,3.25,3.0,2.0,2.5,3.0,3.25,3.0,4.0,7.0
2,2,2.0,51.0,1.0,2.0,1.0,5.0,1.0,40.0,40.0,1.0,100.0,1583.0694884185968,1754.0409931678053,9.133093202414981,9.133093202414981,2.0,3.0,3.0,2.0,2,,,,24.0,8.0,2.0,6.0,60.0,20.0,5.0,15.0,3.8333333333333335,3.0,3.3333333333333335,2.25,2.3333333333333335,3.0,3.5,6.333333333333333,7.0,1.0,6.0,4.0,4.666666666666667,2.75,4.75,1.75,3.75,3.0,1.2499999999999998,2.25,1.5,3.0,2.75,2.5,4.0,4.0
2,2,2.0,60.0,3.0,1.0,1.0,5.0,1.0,40.0,40.0,1.0,100.0,1524.7458756873853,1689.4184302616227,8.796610821273376,8.796610821273376,1.0,3.0,5.0,4.0,2,,,,16.0,4.0,4.0,10.0,40.0,10.0,10.0,25.0,3.0,4.0,3.6666666666666665,3.5,3.0,2.6,3.5,2.3333333333333335,2.6666666666666665,4.0,3.0,3.3333333333333335,3.3333333333333335,2.5,3.0,3.75,3.75,3.0,3.0,3.0,3.0,2.0,3.25,3.0,4.0,4.0
2,2,1.0,29.0,3.0,1.0,1.0,6.0,2.0,40.0,50.0,3.0,125.0,1628.8951841359772,1804.8158640226625,9.397472216169097,7.517977772935279,1.0,2.0,1.0,0.0,2,,,,30.0,16.0,0.0,4.0,60.0,32.0,0.0,8.0,3.1666666666666665,4.0,2.5,5.0,4.333333333333333,3.0,4.25,3.0,2.0,5.0,6.5,7.0,2.3333333333333335,4.5,5.0,4.0,3.75,2.75,2.75,2.75,3.25,4.5,3.25,2.75,3.0,3.0
2,2,2.0,27.0,2.0,1.0,1.0,1.0,3.0,20.0,20.0,1.0,100.0,541.5764039326775,600.0666555574071,6.248958506915514,6.248958506915514,1.0,1.0,1.0,0.0,2,,,,0.0,20.0,0.0,0.0,0.0,100.0,0.0,0.0,3.8333333333333335,5.0,2.3333333333333335,4.5,4.0,3.8,2.75,2.3333333333333335,3.3333333333333335,4.666666666666667,4.75,5.666666666666667,3.3333333333333335,2.5,2.25,4.75,2.75,3.0,3.0,2.0,3.25,3.75,3.0,2.75,4.0,7.0
2,2,1.0,63.0,5.0,3.0,1.0,9.0,2.0,20.0,20.0,1.0,100.0,666.5555740709881,738.5435760706548,7.691025854665247,7.691025854665247,1.0,1.0,7.0,0.0,2,,,,15.0,5.0,0.0,0.25,67.14285714285714,16.5,1.666666666666666,6.69047619047619,2.5,2.0,3.3333333333333335,1.75,1.6666666666666667,2.0,4.25,3.6666666666666665,4.333333333333333,4.0,4.75,5.666666666666667,3.6666666666666665,4.0,4.0,4.25,3.25,2.75,3.25,1.5,3.75,1.75,3.25,2.75,3.0,4.0
2,2,2.0,35.0,1.0,1.0,1.0,1.0,2.0,40.0,40.0,1.0,100.0,1999.6667222129645,2215.630728211964,11.536538781997873,11.536538781997873,1.0,1.0,1.0,0.0,2,,,,8.0,16.0,8.0,8.0,20.0,40.0,20.0,20.0,4.0,2.0,2.8333333333333335,2.75,3.0,3.4,3.5,4.666666666666667,6.666666666666667,5.0,5.75,6.333333333333333,3.6666666666666665,4.0,3.75,3.5,3.25,3.25,4.0,3.25,3.25,3.25,3.5,3.25,3.0,7.0
2,2,1.0,33.0,3.0,1.0,1.0,5.0,2.0,40.0,45.0,3.0,112.5,1688.1353107815364,1870.4539243459424,9.739242177585787,8.657104157854032,1.0,4.0,4.0,50.0,2,,,,20.0,10.0,10.0,10.0,41.56666666666666,32.333333333333336,12.75,12.516666666666666,3.3333333333333335,4.0,2.8333333333333335,4.25,4.0,3.2,2.75,4.333333333333333,5.666666666666667,5.666666666666667,6.25,7.0,2.6666666666666665,3.75,4.25,4.25,3.25,3.25,2.5,1.75,3.5,3.0,3.0,2.75,3.0,4.0
2,2,1.0,53.0,1.0,2.0,1.0,2.0,1.0,40.0,55.0,3.0,137.5,3749.3751041493083,4154.307615397433,21.631010216246008,15.731643793633461,2.0,3.0,1.0,0.0,2,,,,20.0,25.0,5.0,3.0,36.36363636363637,45.45454545454545,9.090909090909092,5.454545454545453,3.3333333333333335,2.0,3.0,2.75,3.3333333333333335,3.2,3.5,3.3333333333333335,2.6666666666666665,5.0,6.25,6.666666666666667,2.3333333333333335,4.25,4.25,4.25,3.75,3.5,3.0,2.5,3.5,3.0,3.0,2.75,3.0,6.0
2,2,2.0,38.0,1.0,2.0,1.0,5.0,1.0,32.0,32.0,1.0,100.0,1583.0694884185968,1754.0409931678053,11.416366503018727,11.416366503018727,1.0,3.0,1.0,0.0,2,,,,25.0,5.0,0.5,8.0,58.0,25.166666666666664,4.0,11.833333333333334,3.3333333333333335,4.0,2.8333333333333335,2.25,2.0,3.0,4.5,4.666666666666667,3.6666666666666665,6.333333333333333,6.25,7.0,2.6666666666666665,4.25,4.75,4.0,3.0,3.5,2.25,1.5,2.5,3.5,3.75,3.0,3.0,4.0
2,2,2.0,46.0,1.0,2.0,1.0,1.0,2.0,40.0,50.0,3.0,125.0,2166.3056157307115,2400.2666222296284,12.497917013831028,9.998333611064822,3.0,2.0,1.0,0.0,2,,,,15.0,20.0,5.0,10.0,30.0,40.0,10.0,20.0,3.5,2.0,3.0,3.5,3.3333333333333335,3.0,4.25,2.3333333333333335,6.0,3.6666666666666665,6.25,5.666666666666667,1.6666666666666667,2.25,3.0,3.75,3.25,3.25,4.0,3.0,2.5,3.75,3.0,2.25,4.0,9.0
2,2,2.0,42.0,1.0,1.0,1.0,1.0,2.0,40.0,40.0,1.0,100.0,1749.7083819363438,1938.6768871854688,10.094471434248138,10.094471434248138,1.0,1.0,2.0,2.0,2,,,,0.0,20.0,0.0,20.0,0.0,50.0,0.0,50.0,4.666666666666667,5.0,2.3333333333333335,5.0,4.666666666666667,4.0,1.75,2.3333333333333335,2.6666666666666665,2.6666666666666665,4.5,5.666666666666667,2.0,1.5,2.0,3.5,2.5,3.75,3.0,2.75,2.5,4.0,3.25,3.0,2.0,7.0
2,2,1.0,51.0,4.0,2.0,1.0,5.0,1.0,60.0,70.0,3.0,116.66666666666667,2082.9861689718377,2307.948675220796,8.0114852652763,6.866987370236828,1.0,1.0,1.0,0.0,2,,,,35.0,35.0,30.0,10.0,62.333333333333336,21.266666666666666,3.0666666666666655,13.333333333333334,2.5,1.0,3.0,3.25,3.0,2.4,3.25,1.0,2.3333333333333335,1.333333333333333,5.25,5.666666666666667,1.0,1.0,3.25,3.25,3.0,4.0,2.5,3.75,1.25,3.0,3.0,3.75,4.0,4.0
2,2,1.0,43.0,1.0,2.0,1.0,6.0,1.0,40.0,40.0,1.0,100.0,1749.7083819363438,1938.6768871854688,10.094471434248138,10.094471434248138,1.0,2.0,1.0,0.0,2,,,,32.0,4.0,0.0,6.0,38.53846153846153,19.74615384615385,12.5,17.715384615384615,3.3333333333333335,4.0,2.6666666666666665,4.5,4.0,2.8,4.0,4.0,1.6666666666666667,6.666666666666667,6.5,5.666666666666667,3.0,3.75,5.0,4.75,3.75,2.75,2.0,2.25,3.0,4.0,3.25,2.25,3.0,4.0
2,2,1.0,30.0,1.0,1.0,1.0,4.0,2.0,40.0,50.0,3.0,125.0,2291.2847858690216,2538.743542742876,13.218950687705894,10.575160550164714,1.0,4.0,1.0,0.0,2,,,,4.0,3.0,0.0,43.0,8.0,6.0,0.0,86.0,3.5,4.0,3.3333333333333335,3.5,4.333333333333333,2.8,4.0,4.666666666666667,5.0,5.0,6.25,6.666666666666667,1.6666666666666667,4.5,3.75,3.75,4.0,3.5,2.5,3.0,3.0,2.5,3.25,3.0,3.0,3.0
2,2,1.0,65.0,2.0,1.0,1.0,2.0,1.0,40.0,40.0,1.0,100.0,2291.2847858690216,2538.743542742876,13.218950687705894,13.218950687705894,1.0,3.0,1.0,0.0,2,,,,15.0,15.0,5.0,5.0,37.5,37.5,12.5,12.5,2.6666666666666665,3.0,3.6666666666666665,4.75,3.3333333333333335,2.8,3.5,5.333333333333333,2.3333333333333335,2.3333333333333335,5.25,6.0,3.3333333333333335,3.5,3.25,3.25,3.75,3.25,3.25,3.25,3.25,3.5,3.75,3.0,4.0,6.0
2,2,2.0,47.0,1.0,2.0,1.0,2.0,1.0,40.0,10.0,2.0,25.0,1874.6875520746541,2077.1538076987167,10.815505108123004,43.262020432492015,2.0,3.0,1.0,0.0,2,,,,20.0,10.0,8.0,10.0,55.357142857142854,8.880952380952383,3.928571428571428,25.833333333333332,3.3333333333333335,2.0,3.1666666666666665,2.0,4.0,3.0,3.75,4.333333333333333,6.0,4.333333333333333,5.25,4.0,3.3333333333333335,2.75,3.5,3.25,3.5,2.75,2.25,1.75,3.25,4.25,3.25,3.25,4.0,4.0
2,2,2.0,30.0,1.0,1.0,1.0,1.0,2.0,40.0,45.0,3.0,112.5,1249.7917013831027,1384.7692051324777,7.210336738748668,6.4091882122210375,1.0,1.0,2.0,1.0,2,,,,15.0,25.0,1.0,5.0,26.833333333333336,42.46666666666666,11.688888888888888,12.38888888888889,3.8333333333333335,3.0,2.8333333333333335,3.25,4.0,3.2,4.25,6.0,6.333333333333332,6.0,5.25,5.0,3.3333333333333335,3.75,3.5,3.75,3.0,2.75,2.25,2.0,3.0,2.25,3.0,3.0,4.0,7.0
2,2,1.0,34.0,2.0,1.0,1.0,5.0,2.0,40.0,40.0,1.0,100.0,1624.7292117980335,1800.199966672221,9.373437760373271,9.373437760373271,1.0,1.0,5.0,30.0,2,,,,30.0,10.0,0.0,1.0,47.5,22.5,5.75,10.75,2.5,3.0,3.0,3.0,2.0,2.4,3.25,3.6666666666666665,4.0,3.6666666666666665,4.0,4.0,4.0,2.5,2.5,2.5,2.75,3.0,3.0,3.0,3.0,2.5,2.5,3.25,4.0,2.0
2,2,2.0,67.0,5.0,1.0,1.0,5.0,1.0,40.0,55.0,3.0,137.5,1749.7083819363438,1938.6768871854688,10.094471434248138,7.341433770362282,2.0,3.0,5.0,8.0,2,,,,28.0,7.0,7.0,13.0,50.90909090909091,12.727272727272727,12.727272727272727,23.636363636363637,3.1666666666666665,3.0,3.0,3.5,3.3333333333333335,3.4,4.25,1.9999999999999998,1.6666666666666667,2.6666666666666665,6.0,7.0,2.3333333333333335,3.25,3.75,3.5,3.25,4.5,3.25,3.0,3.25,4.75,3.0,2.75,3.0,5.0
2,2,2.0,47.0,1.0,2.0,1.0,4.0,1.0,40.0,50.0,3.0,125.0,1874.6875520746541,2077.1538076987167,10.815505108123004,8.652404086498404,2.0,2.0,1.0,0.0,2,,,,15.0,10.0,5.0,20.0,30.0,20.0,10.0,40.0,3.0,2.0,3.0,2.75,3.3333333333333335,2.8,3.5,4.666666666666667,5.0,4.333333333333333,4.5,4.333333333333333,2.6666666666666665,2.75,4.0,3.75,3.25,2.75,2.5,2.5,2.5,3.25,3.25,3.75,4.0,4.0
2,2,1.0,35.0,2.0,2.0,1.0,2.0,1.0,40.0,40.0,1.0,100.0,2249.625062489585,2492.58456923846,12.978606129747607,12.978606129747607,1.0,1.0,1.0,0.0,2,,,,20.0,8.0,8.0,4.0,50.0,20.0,20.0,10.0,3.3333333333333335,4.0,2.8333333333333335,4.0,3.0,3.0,3.5,1.9999999999999998,4.666666666666667,4.333333333333333,5.25,5.0,3.0,2.75,3.5,3.75,3.0,3.0,3.0,2.0,3.5,2.75,2.75,2.5,4.0,4.0
2,2,1.0,30.0,2.0,1.0,1.0,1.0,2.0,40.0,50.0,3.0,125.0,2291.2847858690216,2538.743542742876,13.218950687705894,10.575160550164714,1.0,3.0,1.0,0.0,2,,,,5.0,40.0,3.0,2.0,10.0,80.0,6.0,4.0,4.333333333333333,5.0,2.3333333333333335,4.75,5.0,3.8,2.75,4.333333333333333,5.0,5.333333333333333,6.0,7.0,2.3333333333333335,3.75,4.25,4.75,3.5,3.5,3.25,3.25,3.25,4.0,3.75,2.75,3.0,7.0
2,2,2.0,45.0,3.0,3.0,1.0,8.0,1.0,40.0,55.0,3.0,137.5,1416.4305949008499,1569.4050991501415,8.171714970581826,5.943065433150418,1.0,1.0,1.0,0.0,2,,,,45.0,10.0,1.0,5.0,46.738297872340425,35.12765957446808,4.627659574468086,12.655319148936169,2.5,1.0,3.3333333333333335,2.25,1.6666666666666667,1.8,4.0,3.6666666666666665,4.333333333333333,1.0,2.0,1.3333333333333333,3.6666666666666665,1.25,4.0,3.25,3.5,3.25,1.2499999999999998,2.0,2.25,1.0,2.75,3.75,4.0,4.0
2,2,1.0,59.0,2.0,1.0,1.0,9.0,1.0,40.0,40.0,1.0,100.0,2082.9861689718377,2307.948675220796,12.017227897914449,12.017227897914449,1.0,5.0,3.0,6.0,2,,,,20.0,4.0,4.0,30.0,38.95,24.35,8.175,11.825,3.5,5.0,2.6666666666666665,4.0,4.333333333333333,3.4,4.0,6.333333333333333,4.666666666666667,6.0,6.5,7.0,3.0,4.25,4.25,4.5,3.5,2.5,2.75,1.0,3.5,3.75,4.0,2.5,3.0,6.0
2,2,2.0,57.0,1.0,2.0,1.0,4.0,1.0,0.5,3.0,3.0,600.0,83.31944675887371,92.31794700883165,38.455129273326236,6.409188212221039,1.0,2.0,2.0,50.0,2,,,,3.0,0.0,0.0,0.0,100.0,0.0,0.0,0.0,2.6666666666666665,5.0,2.6666666666666665,1.5,2.6666666666666665,2.6,3.0,1.666666666666667,1.6666666666666667,2.6666666666666665,5.5,5.666666666666667,1.0,2.75,4.0,3.0,2.75,3.25,3.5,3.5,3.0,4.25,3.5,2.5,2.0,4.0
2,2,1.0,55.0,1.0,2.0,1.0,1.0,1.0,48.0,48.0,1.0,100.0,4165.9723379436755,4615.897350441592,20.028713163190748,20.028713163190748,3.0,3.0,1.0,0.0,2,,,,14.0,12.0,8.0,14.0,29.166666666666668,25.0,16.666666666666664,29.166666666666668,4.333333333333333,4.0,2.8333333333333335,4.0,4.0,3.8,3.25,3.6666666666666665,5.333333333333333,3.3333333333333335,6.0,5.666666666666667,2.6666666666666665,2.5,2.75,2.75,3.75,3.25,2.0,1.75,3.25,4.0,3.25,3.75,4.0,6.0
2,2,2.0,44.0,1.0,2.0,1.0,8.0,2.0,40.0,60.0,3.0,150.0,1458.0903182802865,1615.564072654557,8.412059528540114,5.608039685693411,1.0,4.0,3.0,12.0,2,,,,24.0,15.0,5.0,0.0,40.0,25.0,8.333333333333332,0.0,3.0,3.0,2.5,3.75,3.0,2.0,4.75,4.333333333333333,5.0,6.666666666666667,5.666666666666667,6.0,2.3333333333333335,3.75,4.75,3.5,3.75,2.5,3.5,2.5,3.0,2.25,2.5,3.0,3.0,3.0
2,2,2.0,40.0,1.0,2.0,1.0,8.0,1.0,20.0,30.0,3.0,150.0,749.8750208298618,830.8615230794867,8.652404086498404,5.768269390998936,1.0,1.0,1.0,0.0,2,,,,25.0,6.0,1.0,1.0,57.64285714285714,12.500000000000004,8.166666666666668,21.69047619047619,2.3333333333333335,1.0,3.6666666666666665,1.25,2.0,1.6,4.25,2.3333333333333335,2.6666666666666665,5.0,6.0,6.0,4.0,3.5,4.5,4.0,3.25,3.25,2.5,2.0,3.0,2.0,2.5,3.0,4.0,4.0
2,2,1.0,30.0,3.0,1.0,1.0,4.0,2.0,12.0,12.0,1.0,100.0,583.2361273121146,646.2256290618229,11.216079371386819,11.216079371386819,1.0,4.0,3.0,40.0,2,,,,8.0,4.0,0.0,0.0,66.66666666666666,33.33333333333333,0.0,0.0,3.1666666666666665,4.0,2.3333333333333335,4.0,3.3333333333333335,3.2,2.5,1.9999999999999998,2.3333333333333335,4.0,5.0,5.0,3.3333333333333335,4.25,2.5,3.75,2.75,3.75,4.0,3.25,3.25,4.75,3.0,2.75,1.0,4.0
2,2,1.0,53.0,1.0,2.0,1.0,6.0,1.0,40.0,40.0,1.0,100.0,2166.3056157307115,2400.2666222296284,12.497917013831028,12.497917013831028,1.0,1.0,2.0,60.0,2,,,,30.0,15.0,5.0,10.0,78.64285714285714,5.5,3.5,12.357142857142858,2.3333333333333335,1.0,2.6666666666666665,1.5,2.0,2.4,4.0,1.666666666666667,2.3333333333333335,2.6666666666666665,6.25,3.0,3.6666666666666665,2.25,3.5,4.75,3.5,3.75,3.5,2.5,3.75,2.5,3.0,3.75,4.0,5.0
2,2,1.0,50.0,1.0,2.0,1.0,6.0,1.0,60.0,60.0,1.0,100.0,3749.3751041493083,4154.307615397433,14.420673477497338,14.420673477497338,1.0,1.0,1.0,0.0,2,,,,30.0,18.0,2.0,10.0,50.0,30.0,3.333333333333334,16.666666666666664,3.6666666666666665,3.0,3.1666666666666665,2.25,1.6666666666666667,3.0,3.0,5.666666666666667,6.0,6.333333333333333,5.75,5.666666666666667,2.0,4.25,2.75,3.5,3.25,3.5,4.0,3.25,3.25,4.75,3.75,3.0,1.0,5.0
2,2,1.0,52.0,1.0,1.0,1.0,2.0,1.0,40.0,40.0,1.0,100.0,1999.6667222129645,2215.630728211964,11.536538781997873,11.536538781997873,1.0,2.0,1.0,0.0,2,,,,25.0,5.0,5.0,5.0,62.5,12.5,12.5,12.5,3.3333333333333335,3.0,3.0,4.0,4.0,3.2,3.0,3.6666666666666665,3.6666666666666665,4.666666666666667,4.5,4.666666666666667,3.6666666666666665,2.75,2.75,3.25,2.5,3.0,3.0,3.0,2.75,3.5,2.75,3.0,4.0,4.0
2,2,2.0,57.0,1.0,1.0,1.0,2.0,1.0,40.0,40.0,1.0,100.0,3332.7778703549407,3692.7178803532743,19.227564636663118,19.227564636663118,1.0,3.0,1.0,0.0,2,,,,20.0,10.0,20.0,5.0,48.33333333333333,25.0,3.586956521739131,24.166666666666664,4.166666666666667,3.0,2.8333333333333335,3.25,4.333333333333333,3.8,3.0,3.0,4.333333333333333,4.333333333333333,5.25,5.333333333333333,1.3333333333333333,3.25,4.25,3.5,2.75,3.5,4.0,4.25,3.5,4.5,2.0,2.5,1.0,6.0
2,2,1.0,50.0,1.0,1.0,1.0,2.0,1.0,40.0,40.0,1.0,100.0,2291.2847858690216,2538.743542742876,13.218950687705894,13.218950687705894,1.0,3.0,1.0,0.0,2,,,,15.0,10.0,2.0,5.0,37.5,25.0,5.0,12.5,4.166666666666667,5.0,3.1666666666666665,3.0,4.0,2.8,3.25,1.666666666666667,4.666666666666667,3.6666666666666665,5.75,7.0,3.0,3.75,4.75,3.75,4.5,3.75,4.0,3.25,3.0,4.0,3.5,3.0,3.0,5.0
2,2,1.0,39.0,1.0,2.0,1.0,1.0,1.0,40.0,48.0,3.0,120.0,4165.9723379436755,4615.897350441592,24.034455795828897,20.028713163190748,2.0,3.0,1.0,0.0,2,,,,2.0,30.0,6.0,10.0,4.166666666666664,62.5,12.5,20.833333333333336,3.8333333333333335,5.0,2.6666666666666665,4.25,4.666666666666667,3.6,2.5,1.0,1.6666666666666667,2.0,4.5,6.666666666666667,1.6666666666666667,2.0,3.0,2.25,2.75,3.5,3.25,4.0,3.0,5.0,3.25,1.5,2.0,7.0
2,2,1.0,40.0,1.0,2.0,1.0,6.0,1.0,40.0,45.0,3.0,112.5,4790.868188635227,5308.281953007831,27.63962416520323,24.568554813513984,2.0,4.0,5.0,2.0,2,,,,10.0,18.0,2.0,15.0,22.22222222222222,40.0,4.4444444444444455,33.33333333333333,4.333333333333333,4.0,3.1666666666666665,3.25,4.333333333333333,4.2,2.5,1.9999999999999998,1.6666666666666667,3.0,5.25,6.666666666666667,2.6666666666666665,3.0,2.5,3.0,3.5,3.25,3.75,3.25,2.75,5.0,4.25,1.75,2.0,5.0
2,2,2.0,48.0,1.0,2.0,1.0,5.0,1.0,40.0,50.0,3.0,125.0,2003.8326945509082,2220.2466255624063,11.560573237793701,9.24845859023496,2.0,5.0,1.0,0.0,2,,,,14.0,4.0,12.0,16.0,28.000000000000004,8.0,24.0,32.0,4.4,4.0,2.8666666666666667,3.5,4.666666666666667,3.4,3.25,3.0,4.333333333333333,4.333333333333333,6.25,7.0,3.0,4.25,4.75,4.0,4.25,3.75,3.25,3.5,3.5,5.0,3.5,2.0,1.0,7.0
2,2,1.0,63.0,1.0,1.0,1.0,6.0,1.0,40.0,40.0,1.0,100.0,4165.9723379436755,4615.897350441592,24.034455795828897,24.034455795828897,1.0,2.0,1.0,0.0,2,,,,5.0,25.0,5.0,5.0,12.5,62.5,12.5,12.5,4.666666666666667,5.0,2.5,4.75,5.0,3.8,2.25,3.0,4.0,4.666666666666667,5.0,6.333333333333333,2.3333333333333335,2.75,2.25,3.5,3.0,3.75,4.0,3.5,3.5,3.75,3.25,2.75,2.0,6.0
2,2,2.0,50.0,1.0,2.0,1.0,5.0,1.0,40.0,55.0,3.0,137.5,2707.882019663389,3000.3332777870355,15.622396267288783,11.361742739846388,2.0,5.0,1.0,0.0,2,,,,10.0,10.0,10.0,25.0,18.181818181818183,18.181818181818183,18.181818181818183,45.45454545454545,3.5,3.0,3.0,2.5,3.0,3.4,3.75,2.3333333333333335,5.0,5.0,5.75,6.0,2.0,2.75,3.75,3.25,3.75,3.0,2.0,3.0,2.75,5.0,3.0,3.5,3.0,4.0
2,2,1.0,52.0,1.0,4.0,1.0,1.0,1.0,40.0,50.0,3.0,125.0,1041.4930844859189,1153.974337610398,6.008613948957224,4.8068911591657795,2.0,4.0,2.0,16.0,2,,,,30.0,15.0,2.0,3.0,60.0,30.0,4.0,6.0,2.6666666666666665,3.0,2.6666666666666665,4.0,3.6666666666666665,2.8,3.0,4.333333333333333,4.666666666666667,5.0,5.0,5.666666666666667,4.333333333333333,3.25,3.75,3.25,3.5,3.0,2.75,3.0,2.75,3.75,3.25,3.5,4.0,4.0
2,2,2.0,39.0,1.0,2.0,1.0,4.0,1.0,40.0,50.0,3.0,125.0,1499.7500416597234,1661.7230461589734,8.652404086498404,6.921923269198723,1.0,1.0,6.0,5.0,2,,,,30.0,20.0,2.0,0.0,44.27272727272727,36.834265734265735,7.665734265734266,10.136363636363637,3.1666666666666665,2.0,3.0,1.25,1.3333333333333333,1.2,4.5,1.666666666666667,2.3333333333333335,5.0,6.25,4.666666666666667,2.6666666666666665,4.75,5.0,5.0,3.75,4.0,3.5,2.75,2.75,3.25,3.0,2.0,3.0,4.0
2,2,1.0,35.0,3.0,1.0,1.0,1.0,5.0,50.0,50.0,1.0,100.0,916.5139143476083,1015.4974170971504,4.230064220065887,4.230064220065886,1.0,1.0,5.0,35.0,2,,,,0.0,2.0,50.0,1.0,26.44871794871795,31.564102564102562,13.243589743589745,22.91025641025641,3.1666666666666665,4.0,2.6666666666666665,3.0,3.3333333333333335,2.8,4.0,2.3333333333333335,2.0,5.333333333333333,4.5,5.666666666666667,2.3333333333333335,3.0,4.0,4.0,3.5,3.25,2.25,3.25,2.75,2.5,3.0,2.5,3.0,7.0
2,2,2.0,33.0,2.0,1.0,1.0,8.0,2.0,40.0,50.0,3.0,125.0,1458.0903182802865,1615.564072654557,8.412059528540114,6.729647622832092,1.0,3.0,1.0,0.0,2,,,,30.0,12.0,2.0,5.0,60.0,24.0,4.0,10.0,3.0,3.0,3.1666666666666665,3.25,3.3333333333333335,2.4,3.5,4.666666666666667,5.0,5.333333333333333,5.75,6.0,2.3333333333333335,3.0,3.75,3.25,3.25,3.0,3.25,2.75,3.0,2.75,3.25,3.5,4.0,4.0
2,2,1.0,40.0,2.0,1.0,1.0,2.0,2.0,40.0,40.0,1.0,100.0,2166.3056157307115,2400.2666222296284,12.497917013831028,12.497917013831028,1.0,2.0,1.0,0.0,2,,,,15.0,5.0,10.0,10.0,37.5,12.5,25.0,25.0,3.0,4.0,3.3333333333333335,3.25,2.6666666666666665,3.0,4.25,5.333333333333333,4.333333333333333,5.666666666666667,5.25,4.0,2.6666666666666665,3.75,3.25,3.75,3.25,2.75,2.0,2.75,3.25,4.0,3.5,4.0,4.0,4.0
2,2,1.0,58.0,4.0,1.0,1.0,6.0,2.0,20.0,20.0,1.0,100.0,1041.4930844859189,1153.974337610398,12.017227897914449,12.017227897914449,1.0,2.0,3.0,30.0,2,,,,4.0,1.0,0.0,1.0,20.0,5.0,0.0,5.0,4.0,5.0,2.0,5.0,5.0,4.4,1.75,2.6666666666666665,1.6666666666666667,3.0,4.5,6.333333333333333,1.6666666666666667,3.5,1.75,3.0,2.0,4.25,4.25,3.25,3.5,4.75,3.25,3.0,1.0,4.0
2,2,1.0,37.0,1.0,2.0,1.0,8.0,2.0,40.0,60.0,3.0,150.0,1874.6875520746541,2077.1538076987167,10.815505108123004,7.210336738748669,1.0,3.0,5.0,60.0,2,,,,25.0,20.0,5.0,10.0,41.66666666666667,33.33333333333333,8.333333333333332,16.666666666666664,4.0,2.0,2.6666666666666665,4.75,4.0,3.4,4.75,3.0,5.0,3.0,6.5,7.0,2.0,4.5,5.0,5.0,3.75,2.25,3.75,2.5,3.0,4.0,4.25,2.5,3.0,4.0
2,2,2.0,48.0,1.0,1.0,1.0,9.0,2.0,40.0,40.0,1.0,100.0,1499.7500416597234,1661.7230461589734,8.652404086498404,8.652404086498404,1.0,4.0,1.0,0.0,2,,,,10.0,1.0,1.0,5.0,25.0,2.5,2.5,12.5,3.0,4.0,2.3333333333333335,5.0,4.666666666666667,2.8,4.0,3.6666666666666665,2.6666666666666665,6.0,6.0,6.333333333333333,1.0,3.5,4.0,4.0,3.5,3.25,3.0,3.0,2.6666666666666665,3.5,3.0,2.6666666666666665,2.4,4.0
2,2,1.0,36.0,2.0,1.0,1.0,1.0,2.0,40.0,40.0,1.0,100.0,1458.0903182802865,1615.564072654557,8.412059528540114,8.412059528540114,1.0,1.0,1.0,0.0,2,,,,7.0,30.0,2.0,1.0,17.5,75.0,5.0,2.5,2.8333333333333335,5.0,2.6666666666666665,4.25,3.6666666666666665,2.6,4.25,6.333333333333333,6.333333333333332,6.333333333333333,5.0,6.0,2.6666666666666665,4.0,4.0,3.25,2.75,3.75,3.5,2.5,3.5,2.5,2.75,2.75,3.0,4.0
2,2,1.0,40.0,1.0,2.0,1.0,1.0,1.0,40.0,30.0,2.0,75.0,1249.7917013831027,1384.7692051324777,7.210336738748668,9.613782318331557,1.0,3.0,6.0,50.0,2,,,,26.0,1.0,0.0,12.0,41.33333333333333,24.58333333333333,12.75,21.333333333333336,2.1666666666666665,3.0,2.5,3.75,3.0,2.0,4.5,4.666666666666667,4.0,5.0,4.75,3.3333333333333335,4.0,4.25,4.75,5.0,4.0,2.75,3.75,2.25,2.5,1.75,3.25,2.75,3.0,4.0
2,2,2.0,30.0,2.0,1.0,1.0,8.0,2.0,20.0,35.0,3.0,175.0,1458.0903182802865,1615.564072654557,16.824119057080228,9.613782318331559,1.0,3.0,1.0,0.0,2,,,,25.0,7.0,2.0,1.0,71.42857142857143,20.0,5.714285714285714,2.8571428571428577,3.6666666666666665,5.0,2.5,3.75,3.3333333333333335,2.6,3.0,1.9999999999999998,1.6666666666666667,4.333333333333333,5.75,6.0,2.3333333333333335,3.0,4.0,3.0,2.0,4.0,2.75,2.25,2.75,3.75,3.0,3.6666666666666665,3.0,4.0
2,2,1.0,49.0,1.0,2.0,1.0,6.0,1.0,40.0,40.0,1.0,100.0,2499.5834027662054,2769.5384102649555,14.420673477497337,14.420673477497337,1.0,3.0,1.0,0.0,2,,,,18.0,18.0,4.0,3.0,22.3,45.099999999999994,17.9,12.7,2.3333333333333335,4.0,2.8333333333333335,3.25,2.6666666666666665,2.8,4.0,5.666666666666667,5.333333333333333,4.333333333333333,4.5,4.0,4.0,3.75,3.25,3.5,2.75,2.75,2.5,2.75,3.0,3.5,3.5,3.0,3.0,5.0
2,2,1.0,51.0,3.0,1.0,1.0,8.0,1.0,40.0,40.0,1.0,100.0,3124.479253457757,3461.9230128311947,18.025841846871675,18.025841846871675,1.0,2.0,1.0,0.0,2,,,,15.0,10.0,10.0,5.0,37.5,25.0,25.0,12.5,3.3333333333333335,5.0,2.5,3.25,4.666666666666667,3.6,4.0,2.6666666666666665,4.666666666666667,4.0,5.25,6.333333333333333,2.6666666666666665,3.5,3.5,3.75,4.0,3.5,3.75,3.0,3.5,3.75,4.0,2.75,3.0,6.0
2,2,2.0,55.0,4.0,3.0,1.0,8.0,1.0,40.0,40.0,1.0,100.0,1249.7917013831027,1384.7692051324777,7.210336738748668,7.210336738748668,1.0,2.0,6.0,40.0,2,,,,35.0,5.0,2.0,2.0,40.0,29.5,12.75,17.75,2.1666666666666665,5.0,3.5,3.0,3.0,2.4,4.25,1.666666666666667,3.3333333333333335,5.0,5.5,6.333333333333333,3.0,2.75,3.0,4.0,3.25,3.25,2.75,2.5,3.25,4.0,2.75,2.5,3.0,4.0
2,2,2.0,52.599999999999994,2.0,2.0,1.0,8.0,3.0,40.0,50.0,3.0,125.0,1249.7917013831027,1384.7692051324777,7.210336738748668,5.768269390998935,1.0,1.0,1.0,10.0,2,,,,45.0,0.0,5.0,0.0,90.0,0.0,10.0,0.0,3.0,2.0,2.5,3.5,3.0,2.2,4.0,1.0,1.0,2.0,5.75,6.0,1.0,2.5,4.0,3.5,3.75,3.5,3.5,3.0,2.75,2.75,3.25,2.75,3.0,4.0
2,2,1.0,37.0,1.0,1.0,1.0,8.0,2.0,40.0,55.0,3.0,137.5,1458.0903182802865,1615.564072654557,8.412059528540114,6.1178614753019005,1.0,2.0,6.0,20.0,2,,,,20.0,20.0,2.0,10.0,36.36363636363637,36.36363636363637,3.636363636363636,18.181818181818183,2.6666666666666665,2.0,3.3333333333333335,2.75,2.0,1.8,4.25,3.3333333333333335,3.3333333333333335,4.0,5.5,6.333333333333333,2.3333333333333335,4.25,4.25,4.25,3.25,3.25,4.25,3.25,3.5,2.5,2.75,2.75,3.0,4.0
2,2,1.0,44.0,4.0,1.0,1.0,8.0,1.0,40.0,45.0,3.0,112.5,1666.3889351774703,1846.3589401766371,9.613782318331559,8.545584282961386,1.0,3.0,1.0,0.0,2,,,,30.0,8.0,2.0,10.0,32.5,33.5,9.0,21.0,3.6666666666666665,3.0,2.8333333333333335,3.75,4.666666666666667,3.2,4.0,2.6666666666666665,3.6666666666666665,3.6666666666666665,5.5,5.333333333333333,2.6666666666666665,1.5,3.75,2.5,2.75,2.75,1.2499999999999998,1.75,2.75,3.5,3.5,3.75,4.0,4.0
2,2,1.0,37.0,2.0,2.0,1.0,1.0,3.0,40.0,52.0,3.0,130.0,1666.3889351774703,1846.3589401766371,9.613782318331559,7.395217167947353,1.0,2.0,2.0,7.5,2,,,,6.0,37.5,0.0,1.5,11.53846153846154,72.11538461538461,0.0,2.884615384615385,4.0,2.0,3.3333333333333335,3.0,4.333333333333333,3.8,3.5,1.0,5.333333333333333,7.0,6.0,7.0,3.0,4.25,4.5,5.0,3.0,3.25,4.0,3.75,3.25,3.5,3.75,2.25,3.0,4.0
2,2,2.0,40.0,1.0,2.0,1.0,1.0,1.0,40.0,50.0,3.0,125.0,2916.180636560573,3231.1281453091146,16.824119057080228,13.459295245664181,2.0,5.0,2.0,5.0,2,,,,20.0,5.0,10.0,15.0,40.0,10.0,20.0,30.0,3.5,5.0,3.1666666666666665,3.5,4.333333333333333,3.8,2.75,1.3333333333333335,1.0,6.333333333333333,5.5,6.0,3.0,3.75,2.75,2.5,2.6666666666666665,4.25,4.0,3.6666666666666665,2.75,4.25,3.0,3.3333333333333335,1.8,4.0
2,2,1.0,46.0,1.0,2.0,1.0,8.0,1.0,40.0,40.0,1.0,100.0,3124.479253457757,3461.9230128311947,18.025841846871675,18.025841846871675,1.0,2.0,2.0,6.0,2,,,,6.0,4.0,4.0,4.0,15.0,10.0,10.0,10.0,3.5,4.0,2.8333333333333335,2.0,3.6666666666666665,3.2,4.0,5.0,4.333333333333333,6.0,5.25,3.6666666666666665,3.0,4.0,3.75,3.75,3.0,2.75,3.5,3.25,3.5,3.75,3.0,2.5,1.0,6.0
2,2,1.0,34.0,2.0,1.0,1.0,1.0,2.0,40.0,55.0,3.0,137.5,1541.40976503916,1707.8820196633892,8.892748644456693,6.467453559604868,3.0,4.0,1.0,0.0,2,,,,27.0,18.0,5.0,5.0,49.09090909090909,32.72727272727273,9.090909090909092,9.090909090909093,3.0,5.0,2.8333333333333335,3.25,3.3333333333333335,3.0,4.0,4.0,4.333333333333333,6.666666666666667,6.0,6.333333333333333,3.3333333333333335,4.25,5.0,5.0,3.75,3.0,4.0,3.0,3.0,2.75,3.0,2.25,3.0,4.0
2,2,1.0,38.0,1.0,2.0,1.0,5.0,2.0,40.0,50.0,3.0,125.0,2166.3056157307115,2400.2666222296284,12.497917013831028,9.998333611064822,1.0,2.0,2.0,55.0,2,,,,15.0,20.0,15.0,5.0,37.743434343434345,30.344444444444445,13.226767676767677,22.852020202020203,3.1666666666666665,4.0,2.8333333333333335,3.0,3.6666666666666665,3.0,4.0,4.333333333333333,5.333333333333333,6.0,5.75,5.666666666666667,2.6666666666666665,4.0,4.0,4.25,3.75,3.25,3.25,3.25,3.75,4.25,3.25,2.75,3.0,4.0
2,2,2.0,58.0,1.0,1.0,1.0,8.0,1.0,40.0,40.0,1.0,100.0,1249.7917013831027,1384.7692051324777,7.210336738748668,7.210336738748668,1.0,3.0,5.0,5.0,2,,,,30.0,2.0,0.0,8.0,75.0,5.0,0.0,20.0,4.0,4.0,3.5,4.25,5.0,3.2,3.0,1.666666666666667,3.0,4.0,5.75,6.333333333333333,2.0,2.5,3.0,3.75,3.25,2.5,2.75,2.75,3.5,4.5,3.75,3.0,3.0,4.0
2,2,2.0,35.0,2.0,1.0,1.0,5.0,2.0,40.0,40.0,1.0,100.0,1903.84935844026,2109.465089151808,10.983746298693806,10.983746298693806,1.0,3.0,6.0,5.0,2,,,,40.0,0.0,0.0,0.0,100.0,0.0,0.0,0.0,3.0,4.0,2.8333333333333335,2.5,2.6666666666666665,3.0,3.5,3.0,2.3333333333333335,4.666666666666667,5.25,6.0,2.0,2.0,3.75,3.25,2.25,3.5,2.75,2.0,2.75,3.75,3.25,3.75,4.0,4.0
2,2,1.0,45.0,1.0,2.0,1.0,5.0,1.0,40.0,40.0,1.0,100.0,2207.9653391101483,2446.4255957340442,12.738261571789318,12.738261571789318,1.0,3.0,7.0,10.0,2,,,,15.0,20.0,5.0,3.0,30.0,29.0,10.333333333333334,14.333333333333332,3.6666666666666665,5.0,2.6666666666666665,5.0,4.333333333333333,3.6,3.5,3.3333333333333335,4.666666666666667,5.333333333333333,6.25,7.0,3.6666666666666665,4.5,3.25,3.5,4.0,3.5,4.5,3.0,2.5,4.0,3.0,2.25,3.0,5.0
2,2,1.0,50.0,1.0,2.0,1.0,8.0,1.0,40.0,49.0,3.0,122.50000000000001,2499.5834027662054,2769.5384102649555,14.420673477497337,11.771978348977418,2.0,5.0,6.0,55.0,2,,,,18.0,5.0,2.0,15.0,36.734693877551024,10.204081632653061,4.081632653061224,30.612244897959183,3.6666666666666665,3.6,2.8333333333333335,4.25,4.666666666666667,3.2,3.75,1.0,1.0,3.3333333333333335,5.75,7.0,1.0,2.5,3.25,3.0,3.25,4.25,3.25,2.75,3.25,4.5,3.0,3.0,2.0,4.0
2,2,1.0,47.0,2.0,2.0,1.0,8.0,1.0,36.0,36.0,1.0,100.0,2416.263956007332,2677.220463256124,15.488871512867512,15.488871512867512,1.0,3.0,7.0,10.0,2,,,,20.0,10.0,0.0,10.0,24.0,37.85714285714286,22.85714285714286,15.285714285714286,3.3333333333333335,3.0,2.8333333333333335,4.0,3.6666666666666665,3.2,3.5,5.0,3.3333333333333335,5.333333333333333,5.5,5.666666666666667,3.3333333333333335,3.5,4.25,3.25,2.5,3.5,3.25,3.0,3.25,3.5,3.0,3.0,4.0,4.0
2,2,1.0,69.0,1.0,1.0,3.0,8.0,1.0,8.0,8.0,1.0,100.0,583.2361273121146,646.2256290618229,16.824119057080228,16.824119057080228,1.0,4.0,5.0,10.0,2,,,,7.0,0.0,0.0,1.0,87.5,0.0,0.0,12.5,4.0,4.0,2.5,4.75,4.0,3.8,1.75,2.6666666666666665,3.3333333333333335,2.6666666666666665,4.5,4.666666666666667,2.0,2.75,1.75,2.5,2.0,3.5,2.0,2.75,2.75,4.25,3.5,3.25,2.0,6.0
2,2,2.0,65.0,1.0,1.0,1.0,8.0,1.0,40.0,40.0,1.0,100.0,2499.5834027662054,2769.5384102649555,14.420673477497337,14.420673477497337,1.0,4.0,1.0,0.0,2,,,,24.0,8.0,2.0,6.0,60.0,20.0,5.0,15.0,3.0,5.0,2.3333333333333335,4.75,5.0,3.0,3.25,4.333333333333333,5.666666666666667,6.333333333333333,5.75,6.333333333333333,3.0,3.5,3.25,2.5,2.5,2.75,2.25,3.5,3.5,4.25,4.0,2.5,3.0,5.0
2,2,1.0,53.0,1.0,2.0,1.0,2.0,1.0,40.0,40.0,1.0,100.0,2041.3264455924011,2261.7897017163805,11.77688333995616,11.77688333995616,1.0,2.0,1.0,0.0,2,,,,16.0,16.0,4.0,4.0,40.0,40.0,10.0,10.0,3.8333333333333335,4.0,2.8333333333333335,4.0,3.3333333333333335,3.2,2.0,4.333333333333333,5.0,4.666666666666667,5.0,6.0,3.0,2.75,1.75,4.25,3.75,3.75,2.75,2.5,2.5,4.75,3.5,3.0,2.0,4.0
2,2,2.0,50.0,1.0,1.0,3.0,1.0,1.0,40.0,60.0,3.0,150.0,1583.0694884185968,1754.0409931678053,9.133093202414981,6.088728801609987,1.0,2.0,5.0,6.0,2,,,,50.0,8.0,2.0,0.0,83.33333333333334,13.333333333333336,3.333333333333334,0.0,4.5,4.0,3.0,2.75,5.0,3.4,3.75,4.333333333333333,3.6666666666666665,3.0,6.0,7.0,3.0,4.25,4.75,3.75,4.0,3.75,3.75,2.5,3.25,4.5,3.25,3.25,3.0,3.0
2,2,2.0,60.0,4.0,3.0,1.0,5.0,1.0,40.0,48.0,3.0,120.0,2874.520913181136,3184.969171804699,16.58377449912194,13.819812082601617,1.0,2.0,6.0,48.0,2,,,,18.0,8.0,12.0,8.0,37.5,16.666666666666664,25.0,16.666666666666664,2.8333333333333335,2.0,3.5,2.0,3.0,3.0,3.75,2.6666666666666665,1.6666666666666667,2.6666666666666665,6.0,6.0,2.0,3.25,4.0,3.25,2.75,3.5,2.75,3.0,3.25,3.5,3.5,3.0,3.0,6.0
2,2,1.0,30.0,1.0,2.0,1.0,6.0,2.0,40.0,40.0,1.0,100.0,2416.263956007332,2677.220463256124,13.93998436158076,13.93998436158076,1.0,2.0,1.0,0.0,2,,,,20.0,8.0,10.0,2.0,50.0,20.0,25.0,5.0,4.166666666666667,5.0,2.5,5.0,4.333333333333333,3.4,2.5,4.0,6.0,4.333333333333333,5.25,6.0,2.6666666666666665,3.25,3.0,2.0,2.0,4.0,3.5,3.5,2.75,4.5,3.5,2.5,2.0,4.0
2,2,2.0,40.0,4.0,2.0,1.0,6.0,2.0,40.0,40.0,1.0,100.0,2916.180636560573,3231.1281453091146,16.824119057080228,16.824119057080228,2.0,4.0,3.0,4.0,2,,,,6.0,4.0,2.0,10.0,15.0,10.0,5.0,25.0,3.8333333333333335,2.0,2.1666666666666665,3.0,2.3333333333333335,3.8,3.75,3.6666666666666665,6.333333333333332,4.333333333333333,3.5,4.0,6.0,4.25,2.75,3.5,3.5,2.75,2.75,2.75,3.75,5.0,4.0,2.75,3.0,4.0
2,2,2.0,41.0,1.0,1.0,1.0,1.0,1.0,40.0,52.0,3.0,130.0,2082.9861689718377,2307.948675220796,12.017227897914449,9.24402145993419,1.0,3.0,1.0,0.0,2,,,,15.0,30.0,5.0,2.0,28.846153846153843,57.692307692307686,9.615384615384617,3.8461538461538467,3.3333333333333335,5.0,2.8333333333333335,3.5,3.6666666666666665,3.2,3.5,2.6666666666666665,3.3333333333333335,4.666666666666667,5.75,6.666666666666667,2.0,3.25,4.0,3.75,3.0,3.75,4.0,3.5,3.5,4.5,3.5,2.5,1.0,5.0
2,2,2.0,50.0,1.0,1.0,1.0,8.0,2.0,20.0,20.0,1.0,100.0,708.2152974504249,784.7025495750709,8.171714970581826,8.171714970581826,1.0,1.0,2.0,40.0,2,,,,20.0,1.0,0.0,0.0,28.5,49.16666666666667,4.500000000000001,12.833333333333332,3.1666666666666665,5.0,3.0,4.5,4.0,3.4,3.5,2.3333333333333335,3.0,5.333333333333333,5.75,6.0,4.0,3.5,4.5,3.25,2.75,3.75,4.5,1.25,3.0,3.5,3.25,2.0,3.0,3.0
2,2,2.0,29.0,2.0,1.0,1.0,5.0,3.0,8.0,15.0,3.0,187.5,291.6180636560571,323.1128145309117,8.412059528540114,4.486431748554727,1.0,1.0,1.0,0.0,2,,,,5.0,35.0,2.0,1.0,41.333333333333336,42.66666666666667,2.2666666666666657,7.333333333333334,3.5,4.0,3.0,2.25,3.3333333333333335,3.0,3.5,5.666666666666667,2.6666666666666665,5.666666666666667,6.0,7.0,2.6666666666666665,2.5,2.75,4.5,3.0,3.5,2.5,2.5,2.5,2.25,2.75,3.75,4.0,7.0
2,2,2.0,33.0,1.0,1.0,1.0,4.0,1.0,40.0,40.0,1.0,100.0,1791.3681053157807,1984.8358606898848,10.334815992206426,10.334815992206426,1.0,2.0,1.0,0.0,2,,,,18.0,19.0,1.0,2.0,45.0,47.5,2.5,5.0,3.3333333333333335,2.0,3.0,3.0,1.6666666666666667,2.6,3.5,3.6666666666666665,3.3333333333333335,5.0,5.5,6.666666666666667,2.3333333333333335,2.75,3.5,4.25,3.25,4.25,4.0,2.5,3.0,4.25,3.0,2.25,3.0,4.0
2,2,2.0,34.0,1.0,2.0,1.0,1.0,2.0,40.0,40.0,1.0,100.0,2082.9861689718377,2307.948675220796,12.017227897914449,12.017227897914449,1.0,2.0,1.0,0.0,2,,,,30.0,10.0,0.0,0.0,75.0,25.0,0.0,0.0,3.5,1.0,3.3333333333333335,1.0,1.3333333333333333,2.6,4.0,2.6666666666666665,2.3333333333333335,3.3333333333333335,5.75,6.666666666666667,3.3333333333333335,2.5,4.0,1.75,4.0,2.5,2.0,3.0,2.5,2.25,3.0,3.75,4.0,2.0
2,2,2.0,39.0,3.0,1.0,1.0,8.0,2.0,20.0,15.0,2.0,75.0,583.2361273121146,646.2256290618229,6.729647622832092,8.972863497109454,1.0,1.0,6.0,40.0,2,,,,15.0,0.0,0.0,0.0,100.0,0.0,0.0,0.0,2.1666666666666665,5.0,2.8333333333333335,2.5,2.6666666666666665,3.0,4.25,2.3333333333333335,2.0,3.3333333333333335,6.0,5.333333333333333,4.666666666666667,5.0,4.5,3.5,2.75,2.75,2.75,3.75,4.0,3.5,4.0,2.25,3.0,4.0
2,2,1.0,45.0,4.0,1.0,1.0,6.0,1.0,40.0,30.0,2.0,75.0,2082.9861689718377,2307.948675220796,12.017227897914449,16.0229705305526,1.0,2.0,5.0,10.0,2,,,,25.0,5.0,5.0,5.0,40.07142857142857,23.060846560846564,24.529100529100525,12.338624338624339,4.0,3.0,2.8333333333333335,2.5,3.3333333333333335,3.6,3.0,3.3333333333333335,5.333333333333333,4.0,4.0,4.666666666666667,3.0,2.5,2.5,2.0,2.0,3.5,3.25,2.6666666666666665,2.5,4.25,3.25,3.0,3.5999999999999996,2.0
2,2,1.0,28.0,2.0,1.0,1.0,1.0,2.0,28.0,40.0,3.0,142.85714285714286,1458.0903182802865,1615.564072654557,12.017227897914449,8.412059528540114,1.0,2.0,5.0,45.0,2,,,,10.0,20.0,2.0,5.0,25.0,50.0,5.0,12.5,4.166666666666667,3.0,2.6666666666666665,4.25,3.6666666666666665,2.6,2.5,3.6666666666666665,3.6666666666666665,4.666666666666667,3.25,5.333333333333333,2.3333333333333335,3.25,4.5,4.75,2.5,2.75,3.0,2.5,2.5,3.25,3.5,2.5,4.0,7.0
2,2,2.0,46.0,5.0,2.0,1.0,5.0,1.0,40.0,40.0,1.0,100.0,2291.2847858690216,2538.743542742876,13.218950687705894,13.218950687705894,1.0,3.0,1.0,0.0,2,,,,40.0,10.0,2.0,2.0,55.434782608695656,32.45652173913044,4.249999999999999,6.9891304347826075,3.3333333333333335,3.0,3.0,2.0,2.6666666666666665,2.8,3.25,1.9999999999999998,4.0,4.0,5.5,4.666666666666667,1.0,3.75,4.25,4.75,3.25,3.75,4.25,3.25,3.5,4.0,3.0,2.25,1.0,6.0
2,2,2.0,56.0,4.0,3.0,1.0,2.0,1.0,40.0,40.0,1.0,100.0,4165.9723379436755,4615.897350441592,24.034455795828897,24.034455795828897,4.0,3.0,2.0,8.0,2,,,,14.0,6.0,6.0,14.0,35.0,15.0,15.0,35.0,4.0,5.0,2.6666666666666665,4.25,4.333333333333333,4.2,3.5,6.333333333333333,5.0,6.333333333333333,6.0,6.333333333333333,3.0,4.25,4.5,2.75,3.25,3.75,2.75,2.75,3.75,4.5,3.25,2.75,3.0,6.0
2,2,1.0,40.0,1.0,2.0,1.0,6.0,1.0,40.0,40.0,1.0,100.0,2749.541743042826,3046.4922512914513,15.862740825247073,15.862740825247073,1.0,2.0,1.0,0.0,2,,,,8.0,8.0,16.0,8.0,20.0,20.0,40.0,20.0,4.333333333333333,5.0,2.6666666666666665,5.0,5.0,4.2,1.75,3.0,5.666666666666667,4.333333333333333,5.5,6.333333333333333,2.6666666666666665,3.75,2.5,3.5,2.75,4.0,4.25,4.0,3.5,4.75,3.75,2.5,1.0,7.0
2,2,1.0,33.0,2.0,1.0,1.0,2.0,2.0,32.0,32.0,1.0,100.0,1416.4305949008499,1569.4050991501415,10.214643713227282,10.214643713227282,1.0,2.0,1.0,0.0,2,,,,28.5,2.0,0.5,1.0,89.0625,6.25,1.5625,3.125,3.8333333333333335,5.0,2.5,5.0,4.333333333333333,3.6,1.75,3.0,2.0,5.0,5.5,5.333333333333333,2.0,2.75,3.0,5.0,2.75,4.25,3.75,3.5,3.25,5.0,3.75,2.75,1.0,4.0
2,2,2.0,58.0,5.0,1.0,1.0,6.0,1.0,40.0,40.0,1.0,100.0,1916.3472754540908,2123.3127812031325,11.055849666081293,11.055849666081293,3.0,2.0,1.0,0.0,2,,,,30.0,5.0,4.0,1.0,75.0,12.5,10.0,2.5,4.666666666666667,3.0,3.1666666666666665,3.0,4.333333333333333,3.8,3.75,6.0,6.333333333333332,5.666666666666667,6.25,6.666666666666667,3.0,4.75,5.0,4.5,3.25,3.5,4.25,2.0,3.75,4.25,3.25,3.0,3.0,5.0
2,2,1.0,49.0,2.0,2.0,1.0,2.0,1.0,40.0,40.0,1.0,100.0,1749.7083819363438,1938.6768871854688,10.094471434248138,10.094471434248138,1.0,3.0,1.0,0.0,2,,,,15.0,5.0,5.0,15.0,37.5,12.5,12.5,37.5,3.1666666666666665,3.0,3.1666666666666665,3.25,2.3333333333333335,3.2,2.75,3.0,3.6666666666666665,3.3333333333333335,2.5,4.666666666666667,4.333333333333333,2.0,1.5,1.5,2.75,3.25,2.5,3.5,2.25,1.75,2.75,2.75,4.0,5.0
2,2,2.0,50.0,1.0,2.0,1.0,8.0,1.0,40.0,40.0,1.0,100.0,1874.6875520746541,2077.1538076987167,10.815505108123004,10.815505108123004,1.0,2.0,2.0,20.0,2,,,,30.0,10.0,5.0,15.0,38.5,30.0,7.5,19.0,2.6666666666666665,3.0,3.1666666666666665,3.75,3.3333333333333335,2.6,3.75,1.9999999999999998,5.666666666666667,5.0,5.25,6.666666666666667,2.6666666666666665,3.5,4.25,2.75,3.75,3.5,3.0,2.75,3.25,4.25,3.25,3.5,3.0,5.0
2,2,1.0,30.0,3.0,1.0,1.0,8.0,2.0,20.0,20.0,1.0,100.0,833.1944675887353,923.1794700883186,9.613782318331559,9.613782318331559,1.0,3.0,1.0,0.0,2,,,,12.0,3.0,0.0,2.0,60.0,15.0,0.0,10.0,3.8333333333333335,3.0,3.0,3.25,2.3333333333333335,2.6,4.0,5.0,3.6666666666666665,5.333333333333333,4.75,4.666666666666667,4.0,3.75,2.25,3.75,3.5,3.0,2.25,2.5,2.0,2.5,3.0,4.0,4.0,3.0
2,2,1.0,44.0,3.0,1.0,1.0,6.0,1.0,60.0,60.0,1.0,100.0,2707.882019663389,3000.3332777870355,10.414930844859189,10.414930844859189,1.0,2.0,6.0,6.0,2,,,,45.0,5.0,2.0,8.0,75.0,8.333333333333336,3.333333333333334,13.333333333333334,2.5,3.0,2.5,4.5,2.6666666666666665,2.2,3.75,1.9999999999999998,1.0,3.6666666666666665,5.75,5.666666666666667,2.3333333333333335,1.75,4.25,2.5,3.75,3.25,2.75,3.5,2.25,3.5,3.25,3.0,4.0,4.0
2,2,2.0,28.0,3.0,1.0,1.0,5.0,3.0,28.0,56.0,3.0,200.0,833.1944675887353,923.1794700883186,6.866987370236828,3.433493685118414,1.0,1.0,1.0,0.0,2,,,,5.0,12.5,37.5,1.0,8.92857142857143,22.321428571428573,66.96428571428571,1.7857142857142865,3.6666666666666665,2.0,3.0,4.0,3.3333333333333335,3.0,4.25,1.666666666666667,1.6666666666666667,3.0,5.0,5.666666666666667,1.6666666666666667,3.0,3.5,2.75,4.0,3.25,4.0,3.5,4.0,3.75,3.5,3.5,4.0,7.0
2,2,2.0,61.0,1.0,1.0,1.0,8.0,3.0,40.0,52.0,3.0,130.0,1833.0278286952173,2030.9948341943007,10.575160550164716,8.13473888474209,2.0,2.0,5.0,13.5,2,,,,23.0,4.0,8.0,20.0,48.03333333333333,17.466666666666665,12.866666666666667,17.466666666666665,3.6666666666666665,2.0,2.8333333333333335,2.25,3.0,2.4,4.0,1.9999999999999998,1.6666666666666667,2.3333333333333335,5.0,4.0,3.3333333333333335,2.0,4.5,2.75,3.5,3.25,3.0,3.75,3.0,3.5,3.25,2.75,2.0,4.0
2,2,1.0,43.0,2.0,1.0,1.0,5.0,2.0,40.0,60.0,3.0,150.0,1682.469588401933,1864.1763039493417,9.706555317703458,6.471036878468974,1.0,3.0,1.0,0.0,2,,,,20.0,10.0,5.0,5.0,33.33333333333333,16.666666666666664,8.333333333333332,8.333333333333332,2.5,3.0,2.6666666666666665,4.75,4.0,3.2,3.5,3.0,2.6666666666666665,4.666666666666667,5.5,5.666666666666667,2.6666666666666665,2.75,3.0,3.5,3.25,3.0,3.25,3.5,2.75,3.75,3.75,2.75,2.0,4.0
2,2,1.0,31.0,1.0,1.0,1.0,8.0,2.0,40.0,25.0,2.0,62.5,1583.0694884185968,1754.0409931678053,9.133093202414981,14.61294912386397,1.0,1.0,1.0,0.0,2,,,,20.0,8.0,0.0,0.0,58.0,24.0,7.0,11.0,2.1666666666666665,2.0,3.3333333333333335,1.25,2.3333333333333335,2.4,3.75,3.3333333333333335,4.333333333333333,6.0,5.75,7.0,4.0,4.25,4.5,4.25,3.25,3.0,3.25,3.0,3.25,3.0,3.75,3.25,3.0,4.0
2,2,2.0,29.0,3.0,1.0,1.0,5.0,2.0,20.0,32.0,3.0,160.0,999.8333611064822,1107.815364105982,11.536538781997873,7.21033673874867,2.0,2.0,5.0,24.0,2,,,,16.0,8.0,4.0,4.0,50.0,25.0,12.5,12.5,4.166666666666667,4.0,2.6666666666666665,5.0,5.0,3.8,3.5,4.333333333333333,4.0,4.666666666666667,6.25,6.666666666666667,1.6666666666666667,3.25,3.5,3.75,3.25,3.0,2.5,2.5,3.0,4.25,3.25,3.0,3.0,4.0
2,2,1.0,51.0,2.0,2.0,1.0,4.0,1.0,40.0,40.0,1.0,100.0,3749.3751041493083,4154.307615397433,21.631010216246008,21.631010216246008,2.0,5.0,2.0,10.0,2,,,,8.0,22.0,5.0,5.0,20.0,55.00000000000001,12.5,12.5,3.6666666666666665,4.0,2.6666666666666665,3.75,3.6666666666666665,3.2,3.5,4.0,5.0,4.333333333333333,5.5,5.666666666666667,2.6666666666666665,3.5,4.0,3.25,3.5,2.75,2.5,2.0,3.25,3.75,3.0,2.5,3.0,4.0
2,2,2.0,24.0,2.0,1.0,1.0,5.0,2.0,20.0,30.0,3.0,150.0,833.1944675887353,923.1794700883186,9.613782318331559,6.409188212221039,1.0,1.0,1.0,0.0,2,,,,8.0,8.0,0.0,14.0,26.666666666666668,26.666666666666668,0.0,46.66666666666666,3.8333333333333335,4.0,2.5,4.0,3.6666666666666665,3.6,3.75,3.0,3.3333333333333335,4.666666666666667,5.75,5.333333333333333,3.0,4.0,4.75,4.5,4.0,2.5,2.0,2.75,3.5,3.0,3.0,2.75,3.0,7.0
2,2,2.0,50.0,1.0,3.0,1.0,8.0,2.0,40.0,40.0,1.0,100.0,1791.3681053157807,1984.8358606898848,10.334815992206426,10.334815992206426,1.0,3.0,4.0,25.0,2,,,,35.0,0.0,0.0,5.0,87.5,0.0,0.0,12.5,3.5,3.0,3.1666666666666665,1.75,4.666666666666667,2.8,3.5,1.9999999999999998,3.0,3.0,6.0,6.666666666666667,2.0,2.25,4.25,3.75,3.75,3.0,3.5,3.0,3.5,4.5,3.0,2.6666666666666665,2.4,4.0
2,2,2.0,41.0,2.0,1.0,1.0,5.0,1.0,28.0,28.0,1.0,100.0,1249.7917013831027,1384.7692051324777,10.30048105535524,10.30048105535524,1.0,2.0,1.0,0.0,2,,,,20.0,2.0,1.0,8.0,31.599999999999998,34.31666666666666,6.999999999999999,20.383333333333333,3.1666666666666665,4.0,2.6666666666666665,3.75,3.6666666666666665,2.6,3.25,3.6666666666666665,5.333333333333333,4.333333333333333,5.25,4.666666666666667,2.3333333333333335,1.75,2.5,3.5,2.75,3.5,2.75,3.0,2.75,2.75,3.5,3.75,4.0,4.0
2,2,2.0,46.0,2.0,2.0,1.0,5.0,1.0,40.0,40.0,1.0,100.0,1441.4264289285118,1597.100483252791,8.315921705356798,8.315921705356798,1.0,1.0,5.0,8.0,2,,,,13.5,1.5,3.0,2.5,33.75,3.75,7.5,6.25,3.8333333333333335,3.0,3.6666666666666665,3.0,4.333333333333333,3.2,4.25,4.333333333333333,3.3333333333333335,5.0,6.25,6.666666666666667,3.0,3.5,4.25,4.25,3.5,3.0,3.0,2.0,3.5,3.25,2.75,2.75,3.0,4.0
2,2,2.0,58.0,3.0,1.0,1.0,8.0,1.0,40.0,55.0,3.0,137.5,2395.4340943176135,2654.1409765039157,13.819812082601615,10.050772423710265,1.0,3.0,7.0,0.0,2,,,,30.0,10.0,2.5,9.0,54.54545454545454,18.181818181818183,4.545454545454546,16.363636363636363,3.8333333333333335,3.0,2.3333333333333335,5.0,3.6666666666666665,3.8,4.0,3.3333333333333335,4.0,5.666666666666667,5.25,4.0,2.6666666666666665,2.5,3.75,3.75,3.3333333333333335,3.0,2.5,2.3333333333333335,3.0,2.5,2.5,2.6666666666666665,3.2,4.0
2,2,1.0,43.0,1.0,2.0,1.0,5.0,1.0,40.0,57.0,3.0,142.5,4582.569571738043,5077.487085485753,26.437901375411787,18.552913245903007,3.0,3.0,1.0,0.0,2,,,,16.0,8.0,16.0,17.5,26.983084577114425,34.71641791044776,22.58507462686567,14.585074626865671,3.6666666666666665,3.0,3.1666666666666665,2.0,3.0,3.4,4.0,1.0,1.0,2.3333333333333335,6.25,6.666666666666667,1.0,3.5,4.25,2.25,3.25,3.75,4.25,2.0,4.0,3.75,2.75,2.0,1.0,6.0
2,2,2.0,42.0,1.0,2.0,1.0,8.0,2.0,40.0,40.0,1.0,100.0,1624.7292117980335,1800.199966672221,9.373437760373271,9.373437760373271,1.0,4.0,1.0,0.0,2,,,,20.0,10.0,6.0,10.0,54.0,32.7,9.5,9.3,3.0,4.0,2.8333333333333335,4.75,4.0,2.8,4.0,4.0,3.3333333333333335,5.666666666666667,6.25,6.333333333333333,3.6666666666666665,4.0,5.0,4.75,3.5,3.75,4.0,2.75,3.0,4.5,3.5,3.0,3.0,4.0
2,2,2.0,44.0,1.0,2.0,1.0,8.0,1.0,40.0,40.0,1.0,100.0,2499.5834027662054,2769.5384102649555,14.420673477497337,14.420673477497337,2.0,5.0,1.0,0.0,2,,,,30.0,4.0,2.0,4.0,75.0,10.0,5.0,10.0,3.3333333333333335,5.0,2.5,3.5,3.6666666666666665,3.8,3.75,3.0,4.0,4.0,5.5,5.666666666666667,2.0,1.75,2.25,2.25,3.25,3.0,2.75,3.5,3.0,4.5,2.75,3.5,4.0,4.0
2,2,1.0,41.0,2.0,2.0,1.0,6.0,1.0,40.0,40.0,1.0,100.0,3874.3542742876184,4292.784535910681,22.352043890120875,22.352043890120875,1.0,3.0,1.0,0.0,2,,,,15.0,20.0,5.0,5.0,26.5,32.5,31.000000000000004,10.0,4.5,4.0,2.8333333333333335,5.0,4.333333333333333,3.6,3.0,5.5,2.0,4.0,5.5,5.666666666666667,2.6666666666666665,3.25,3.25,2.25,3.0,3.0,3.0,3.0,3.0,3.25,3.0,3.0,4.0,5.0
2,2,1.0,57.0,1.0,1.0,1.0,5.0,1.0,40.0,40.0,1.0,100.0,1666.3889351774703,1846.3589401766371,9.613782318331559,9.613782318331559,2.0,5.0,1.0,0.0,2,,,,20.0,0.0,0.0,3.0,50.0,0.0,0.0,7.5,4.333333333333333,4.0,3.033333333333333,3.0,3.6666666666666665,4.0,4.25,3.5,5.333333333333333,5.666666666666667,6.0,5.666666666666667,4.666666666666667,4.0,3.5,4.5,4.25,3.5,4.0,2.5,3.25,4.0,3.25,2.75,3.0,4.0
2,2,1.0,48.0,3.0,1.0,1.0,1.0,1.0,40.0,45.0,3.0,112.5,1249.7917013831027,1384.7692051324777,7.210336738748668,6.4091882122210375,4.0,3.0,1.0,0.0,2,,,,20.0,15.0,10.0,1.0,44.0,23.200000000000003,14.0,18.8,3.5,2.0,2.8333333333333335,2.25,2.6666666666666665,2.4,3.0,3.0,3.0,3.3333333333333335,5.25,4.333333333333333,2.3333333333333335,3.25,3.25,4.0,2.75,3.25,3.25,2.5,3.0,3.0,3.0,3.5,4.0,4.0
2,2,1.0,44.0,1.0,2.0,1.0,2.0,1.0,40.0,40.0,1.0,100.0,1874.6875520746541,2077.1538076987167,10.815505108123004,10.815505108123004,1.0,3.0,1.0,0.0,2,,,,12.0,20.0,3.0,5.0,30.0,50.0,7.5,12.5,2.8333333333333335,5.0,2.5,4.25,4.0,2.6,2.0,4.333333333333333,4.333333333333333,5.333333333333333,4.75,6.333333333333333,2.3333333333333335,2.25,2.0,5.0,2.75,2.5,2.0,2.75,2.5,3.75,3.0,3.5,4.0,4.0
2,2,2.0,50.0,1.0,1.0,1.0,8.0,2.0,40.0,40.0,1.0,100.0,1249.7917013831027,1384.7692051324777,7.210336738748668,7.210336738748668,1.0,3.0,2.0,60.0,2,,,,6.0,3.0,3.0,3.0,15.0,7.5,7.5,7.5,4.166666666666667,4.0,2.6666666666666665,3.75,3.6666666666666665,3.6,3.0,2.6666666666666665,1.6666666666666667,3.6666666666666665,5.75,7.0,2.0,4.0,4.5,4.5,4.25,3.25,3.5,2.75,3.5,4.5,3.0,3.25,3.0,4.0
2,2,2.0,38.0,3.0,1.0,1.0,1.0,1.0,40.0,50.0,3.0,125.0,1541.40976503916,1707.8820196633892,8.892748644456693,7.114198915565355,1.0,3.0,1.0,0.0,2,,,,20.0,7.0,0.0,10.0,40.0,14.0,0.0,20.0,3.3333333333333335,2.0,2.8333333333333335,3.3333333333333335,2.3333333333333335,2.8,3.25,4.0,3.0,4.333333333333333,5.75,5.333333333333333,2.3333333333333335,3.5,4.25,4.5,2.75,3.25,2.75,1.75,1.75,2.25,2.0,3.5,4.0,4.0
2,2,1.0,54.0,1.0,2.0,1.0,8.0,1.0,48.0,40.0,2.0,83.33333333333334,3332.7778703549407,3692.7178803532743,16.0229705305526,19.227564636663118,2.0,5.0,7.0,15.0,2,,,,10.0,10.0,5.0,15.0,25.0,25.0,12.5,37.5,3.0,4.0,2.6666666666666665,4.0,4.0,3.2,3.0,3.0,4.333333333333333,5.0,5.0,5.0,2.6666666666666665,3.75,3.25,3.25,2.75,3.75,4.0,3.5,3.5,3.75,3.25,2.5,1.0,6.0
2,2,2.0,46.0,1.0,2.0,1.0,8.0,2.0,20.0,20.0,1.0,100.0,874.8541909681719,969.3384435927344,10.094471434248138,10.094471434248138,1.0,2.0,5.0,20.0,2,,,,19.0,1.0,0.0,0.0,95.0,5.0,0.0,0.0,2.6666666666666665,5.0,3.0,4.25,2.6666666666666665,2.0,3.0,5.0,3.0,6.0,6.25,6.666666666666667,3.0,4.25,2.0,4.25,2.75,3.75,4.5,3.0,3.0,4.5,3.25,2.0,1.0,4.0
2,2,1.0,45.0,1.0,2.0,1.0,8.0,2.0,40.0,40.0,1.0,100.0,1541.40976503916,1707.8820196633892,8.892748644456693,8.892748644456692,1.0,2.0,3.0,21.0,2,,,,20.0,8.0,2.0,5.0,50.0,20.0,5.0,12.5,3.1666666666666665,4.0,2.6666666666666665,3.25,3.6666666666666665,3.0,3.5,3.0,2.6666666666666665,4.666666666666667,4.75,5.333333333333333,3.6666666666666665,3.75,4.0,4.0,3.5,3.25,3.25,3.75,3.5,4.0,3.0,3.25,3.0,4.0
2,2,2.0,54.0,1.0,1.0,1.0,4.0,2.0,8.0,15.0,3.0,187.5,249.95834027662067,276.9538410264954,7.21033673874867,3.8455129273326243,1.0,3.0,3.0,12.0,2,,,,15.0,20.0,5.0,5.0,55.70370370370371,9.333333333333336,5.0,15.814814814814815,4.0,4.0,2.6666666666666665,2.75,3.3333333333333335,3.0,3.5,1.0,1.0,2.3333333333333335,5.75,6.333333333333333,1.0,3.0,4.25,3.75,4.25,4.5,3.75,2.75,4.0,4.75,3.0,2.25,1.0,4.0
2,2,2.0,41.0,1.0,2.0,1.0,8.0,1.0,20.0,20.0,1.0,100.0,583.2361273121146,646.2256290618229,6.729647622832092,6.729647622832092,1.0,1.0,5.0,14.0,2,,,,12.0,0.0,0.0,2.0,60.0,0.0,0.0,10.0,2.6666666666666665,5.0,2.3333333333333335,5.0,4.333333333333333,2.8,2.25,1.9999999999999998,2.6666666666666665,5.0,5.5,6.0,3.0,3.25,4.0,4.5,3.25,4.0,3.0,2.75,3.25,4.75,3.5,1.75,1.0,2.0
2,2,1.0,34.0,2.0,1.0,1.0,1.0,2.0,40.0,67.0,3.0,167.5,1749.7083819363438,1938.6768871854688,10.094471434248138,6.0265501099988885,1.0,2.0,1.0,0.0,2,,,,15.0,35.0,20.0,10.0,18.021445221445223,32.68531468531469,11.343589743589742,26.313286713286715,3.5,3.0,3.1666666666666665,2.75,4.0,2.8,3.75,4.666666666666667,5.333333333333333,4.666666666666667,4.0,4.0,4.333333333333333,3.5,4.5,4.5,3.25,3.0,3.5,2.5,3.25,2.25,3.0,2.75,3.0,4.0
2,2,2.0,50.0,1.0,4.0,1.0,5.0,2.0,40.0,48.0,3.0,120.0,1458.0903182802865,1615.564072654557,8.412059528540114,7.010049607116762,1.0,3.0,1.0,0.0,2,,,,36.0,5.0,2.0,5.0,75.0,10.416666666666668,4.166666666666666,10.416666666666668,2.3333333333333335,4.0,2.8333333333333335,4.75,4.333333333333333,2.8,4.5,5.0,5.0,6.0,6.5,6.333333333333333,2.6666666666666665,2.5,4.0,4.75,4.0,3.0,3.5,2.75,3.25,4.0,3.75,2.75,3.0,4.0
2,2,2.0,34.0,3.0,1.0,1.0,1.0,2.0,10.0,17.0,3.0,170.0,395.767372104649,438.51024829195126,9.133093202414981,5.372407766126459,1.0,3.0,2.0,25.0,2,,,,12.0,5.0,0.0,2.0,35.476190476190474,32.023809523809526,8.916666666666666,10.083333333333332,3.6666666666666665,3.0,2.8333333333333335,4.25,3.3333333333333335,3.2,3.25,2.3333333333333335,4.333333333333333,4.666666666666667,5.75,6.0,1.0,3.25,4.5,4.25,3.5,3.75,3.0,1.25,2.5,2.0,3.75,3.5,4.0,4.0
2,2,2.0,40.0,1.0,2.0,1.0,4.0,2.0,12.0,12.0,1.0,100.0,416.59723379436764,461.58973504415917,8.0114852652763,8.0114852652763,1.0,1.0,2.0,32.0,2,,,,4.0,4.0,4.0,2.0,28.49247311827957,33.17956989247312,5.64516129032258,23.256989247311825,3.6666666666666665,3.0,3.3333333333333335,3.0,3.3333333333333335,3.4,3.0,2.6666666666666665,4.0,3.3333333333333335,4.0,4.333333333333333,2.3333333333333335,2.5,3.75,4.25,2.75,4.0,3.5,1.75,2.0,4.25,3.75,3.75,4.0,7.0
2,2,1.0,46.0,1.0,2.0,1.0,2.0,1.0,40.0,40.0,1.0,100.0,1583.0694884185968,1754.0409931678053,9.133093202414981,9.133093202414981,2.0,3.0,1.0,0.0,2,,,,14.0,8.0,2.0,10.0,35.0,20.0,5.0,25.0,3.3333333333333335,4.0,2.8333333333333335,3.25,4.0,2.8,3.0,5.333333333333333,4.666666666666667,5.333333333333333,5.25,6.666666666666667,2.6666666666666665,3.75,3.0,4.25,4.0,3.0,3.25,1.75,3.25,4.0,3.5,2.75,3.0,4.0
2,2,2.0,59.0,1.0,1.0,1.0,9.0,1.0,50.0,50.0,1.0,100.0,1749.7083819363438,1938.6768871854688,8.07557714739851,8.07557714739851,1.0,1.0,2.0,6.0,2,,,,30.0,18.0,0.0,2.0,60.0,36.0,0.0,4.0,3.6666666666666665,4.0,2.6666666666666665,4.0,3.3333333333333335,3.0,3.25,4.333333333333333,3.0,3.6666666666666665,5.75,6.0,2.6666666666666665,4.0,4.0,4.25,4.0,3.5,4.0,2.5,3.5,4.0,3.5,3.0,3.0,5.0
2,2,1.0,54.0,4.0,2.0,2.0,5.0,2.0,40.0,9.0,2.0,22.5,1624.7292117980335,1800.199966672221,9.373437760373271,41.65972337943676,1.0,1.0,2.0,20.0,2,,,,16.5,25.0,0.0,0.0,70.33333333333333,20.666666666666664,2.666666666666666,6.333333333333332,1.6666666666666667,5.0,2.6666666666666665,3.0,3.3333333333333335,2.2,3.25,4.666666666666667,2.3333333333333335,6.333333333333333,5.5,7.0,2.3333333333333335,5.0,2.25,5.0,2.75,3.0,4.75,3.0,3.25,4.75,2.5,1.75,1.0,4.0
2,2,1.0,40.0,2.0,2.0,1.0,2.0,2.0,12.0,12.0,1.0,100.0,374.9375104149308,415.43076153974334,7.21033673874867,7.21033673874867,1.0,3.0,6.0,30.0,2,,,,6.0,1.0,4.0,1.0,50.0,8.333333333333336,33.33333333333333,8.333333333333332,4.166666666666667,5.0,2.3333333333333335,5.0,5.0,4.0,3.25,1.0,1.0,4.333333333333333,6.0,6.0,3.0,3.25,4.25,4.5,3.25,4.0,5.0,3.0,3.5,3.75,3.25,2.75,3.0,4.0
2,2,1.0,31.0,1.0,1.0,1.0,4.0,2.0,40.0,40.0,1.0,100.0,1708.0486585569074,1892.517913681053,9.85412687628985,9.85412687628985,2.0,3.0,2.0,10.0,2,,,,25.0,5.0,2.0,10.0,40.0,35.0,9.5,10.0,3.1666666666666665,4.0,2.8333333333333335,3.25,3.3333333333333335,3.0,2.5,1.666666666666667,2.0,3.3333333333333335,4.75,4.666666666666667,3.0,3.0,2.5,3.0,3.0,3.5,3.0,3.0,3.75,3.5,3.0,2.75,2.0,4.0
2,2,1.0,57.0,1.0,1.0,1.0,2.0,2.0,24.0,24.0,1.0,100.0,1083.1528078653557,1200.1333111148142,10.41493084485919,10.41493084485919,1.0,1.0,6.0,32.0,2,,,,20.0,4.0,0.0,0.0,83.33333333333334,16.666666666666664,0.0,0.0,3.1666666666666665,3.0,2.3333333333333335,2.0,2.0,2.8,3.0,1.0,1.0,2.3333333333333335,6.25,5.0,1.0,4.0,4.0,2.75,2.75,3.5,4.5,2.25,3.25,5.0,3.0,2.25,1.0,4.0
2,2,2.0,34.0,2.0,1.0,1.0,8.0,2.0,40.0,40.0,1.0,100.0,1541.40976503916,1707.8820196633892,8.892748644456693,8.892748644456692,1.0,3.0,1.0,0.0,2,,,,17.0,8.0,5.0,10.0,42.5,20.0,12.5,25.0,3.3333333333333335,3.0,2.8333333333333335,2.25,3.3333333333333335,2.8,3.5,5.0,3.3333333333333335,5.666666666666667,4.75,5.0,2.6666666666666665,3.75,4.0,4.75,3.0,2.5,3.0,2.25,3.25,3.25,3.5,3.0,3.0,4.0
2,2,2.0,44.0,1.0,2.0,1.0,2.0,1.0,40.0,40.0,1.0,100.0,1583.0694884185968,1754.0409931678053,9.133093202414981,9.133093202414981,1.0,1.0,1.0,0.0,2,,,,20.0,6.0,0.0,1.0,50.0,15.0,0.0,2.5,1.8333333333333333,1.0,2.5,2.75,1.3333333333333333,2.4,3.75,4.0,3.6666666666666665,4.0,4.25,4.333333333333333,3.6666666666666665,3.0,3.0,3.3333333333333335,2.0,3.25,2.5,2.3333333333333335,3.0,2.6666666666666665,2.6666666666666665,3.0,3.6,4.0
2,2,2.0,26.0,3.0,1.0,1.0,4.0,2.0,40.0,60.0,3.0,150.0,1666.3889351774703,1846.3589401766371,9.613782318331559,6.409188212221039,1.0,4.0,1.0,0.0,2,,,,20.0,10.0,2.0,10.0,33.33333333333333,16.666666666666664,3.333333333333334,16.666666666666664,3.1666666666666665,3.0,3.0,4.25,4.0,2.8,4.0,5.0,3.6666666666666665,6.666666666666667,6.25,6.0,3.0,4.5,5.0,5.0,4.0,3.5,4.25,3.25,3.5,3.25,3.25,3.0,3.0,3.0
2,2,1.0,45.0,1.0,2.0,1.0,5.0,1.0,40.0,64.0,3.0,160.0,1791.3681053157807,1984.8358606898848,10.334815992206426,6.459259995129017,3.0,3.0,1.0,0.0,2,,,,35.0,8.0,5.0,15.0,54.6875,12.5,7.8125,23.4375,3.3333333333333335,2.0,3.0,2.75,2.6666666666666665,2.0,4.0,4.333333333333333,3.6666666666666665,4.666666666666667,5.75,6.333333333333333,2.6666666666666665,3.75,4.25,3.75,4.0,2.75,2.75,3.25,3.25,3.25,2.75,2.5,3.0,4.0
2,2,2.0,38.0,1.0,2.0,1.0,8.0,2.0,20.0,20.0,1.0,100.0,874.8541909681719,969.3384435927344,10.094471434248138,10.094471434248138,1.0,1.0,3.0,20.0,2,,,,15.0,5.0,0.0,0.0,75.0,25.0,0.0,0.0,3.0,5.0,2.3333333333333335,4.5,4.333333333333333,2.4,2.5,1.0,1.6666666666666667,5.0,6.0,7.0,3.0,3.5,4.0,4.5,2.75,3.5,3.25,2.5,3.25,4.75,3.25,2.5,3.0,4.0
2,2,2.0,50.0,1.0,1.0,1.0,2.0,1.0,40.0,40.0,1.0,100.0,2499.5834027662054,2769.5384102649555,14.420673477497337,14.420673477497337,2.0,3.0,1.0,0.0,2,,,,25.0,8.0,5.0,6.0,36.5,26.0,16.5,21.0,3.1666666666666665,3.0,2.8333333333333335,4.75,4.0,3.6,3.75,1.0,5.666666666666667,4.666666666666667,5.25,5.333333333333333,1.0,3.0,3.25,3.0,2.5,3.5,3.0,3.0,3.0,3.5,3.0,3.25,2.0,5.0
2,2,2.0,75.0,5.0,1.0,3.0,5.0,2.0,40.0,40.0,1.0,100.0,1666.3889351774703,1846.3589401766371,9.613782318331559,9.613782318331559,1.0,4.0,1.0,0.0,2,,,,20.0,20.0,0.0,0.0,50.0,50.0,0.0,0.0,2.6666666666666665,4.0,2.6666666666666665,4.75,4.666666666666667,3.0,3.25,1.666666666666667,2.3333333333333335,4.333333333333333,5.25,5.666666666666667,2.6666666666666665,4.0,4.0,4.0,2.75,3.75,4.5,3.25,3.5,4.25,3.75,2.5,3.0,5.0
2,2,1.0,35.0,2.0,1.0,1.0,1.0,3.0,20.0,60.0,3.0,300.0,916.5139143476083,1015.4974170971504,10.575160550164716,3.525053516721572,1.0,2.0,2.0,40.0,2,,,,10.0,20.0,20.0,10.0,16.666666666666664,33.33333333333333,33.33333333333333,16.666666666666664,2.3333333333333335,5.0,2.6666666666666665,3.0,3.3333333333333335,2.8,4.25,4.333333333333333,3.3333333333333335,5.0,5.5,6.333333333333333,3.0,2.75,4.25,4.0,3.5,2.75,2.0,3.25,3.3333333333333335,2.25,3.25,2.3333333333333335,3.2,4.0
2,2,1.0,40.0,1.0,2.0,1.0,1.0,2.0,40.0,40.0,1.0,100.0,2082.9861689718377,2307.948675220796,12.017227897914449,12.017227897914449,1.0,4.0,1.0,0.0,2,,,,16.0,32.0,6.0,3.0,36.5,35.0,13.0,15.5,3.3333333333333335,5.0,2.5,5.0,4.666666666666667,3.0,2.5,1.0,1.0,2.6666666666666665,6.0,6.5,2.3333333333333335,3.5,3.5,4.25,3.25,3.5,3.0,3.25,3.5,4.75,3.25,2.5,1.0,4.0
2,2,2.0,37.0,1.0,2.0,1.0,4.0,1.0,40.0,40.0,1.0,100.0,916.5139143476083,1015.4974170971504,5.287580275082358,5.287580275082357,3.0,3.0,1.0,0.0,2,,,,30.0,5.0,4.0,1.0,75.0,12.5,10.0,2.5,3.5,3.0,3.3333333333333335,3.0,3.0,2.8,3.25,3.3333333333333335,5.0,4.666666666666667,4.5,5.333333333333333,2.6666666666666665,3.75,2.25,3.75,3.0,3.25,3.0,3.0,3.25,4.25,3.25,3.5,2.0,4.0
2,2,2.0,36.0,2.0,1.0,1.0,1.0,3.0,40.0,60.0,3.0,150.0,1249.7917013831027,1384.7692051324777,7.210336738748668,4.806891159165778,1.0,1.0,5.0,20.0,2,,,,40.0,20.0,10.0,10.0,56.696969696969695,17.042424242424243,9.036363636363637,13.224242424242423,2.6666666666666665,2.0,3.3333333333333335,2.0,2.6666666666666665,1.8,4.0,1.0,2.0,5.0,5.25,3.3333333333333335,3.3333333333333335,4.5,2.5,3.75,4.5,3.5,1.75,2.0,4.0,5.0,4.0,3.0,1.0,4.0
2,2,2.0,49.0,1.0,2.0,1.0,2.0,1.0,40.0,40.0,1.0,100.0,2041.3264455924011,2261.7897017163805,11.77688333995616,11.77688333995616,2.0,3.0,1.0,0.0,2,,,,20.0,10.0,10.0,10.0,40.0,25.0,18.0,25.0,3.3333333333333335,3.0,2.6666666666666665,4.666666666666667,3.5,2.8,3.75,1.0,2.3333333333333335,1.666666666666667,4.0,4.666666666666667,2.0,3.0,4.0,3.5,2.75,3.25,3.0,2.0,3.75,3.0,2.5,2.6666666666666665,3.0,5.0
2,2,2.0,50.0,1.0,2.0,1.0,8.0,1.0,40.0,55.0,3.0,137.5,2916.180636560573,3231.1281453091146,16.824119057080228,12.235722950603801,2.0,4.0,1.0,0.0,2,,,,25.0,10.0,10.0,10.0,45.45454545454545,18.181818181818183,18.181818181818183,18.181818181818183,3.8333333333333335,3.0,3.3333333333333335,3.25,2.6666666666666665,3.2,4.5,1.9999999999999998,3.3333333333333335,2.0,5.5,5.0,1.3333333333333333,2.0,4.75,3.5,3.25,3.0,2.75,2.25,3.25,3.5,3.0,3.5,4.0,5.0
2,2,2.0,29.0,3.0,1.0,1.0,5.0,2.0,40.0,40.0,1.0,100.0,1249.7917013831027,1384.7692051324777,7.210336738748668,7.210336738748668,1.0,3.0,1.0,0.0,2,,,,25.0,10.0,5.0,5.0,26.5,38.5,13.5,19.0,3.3333333333333335,4.0,2.6666666666666665,4.0,4.333333333333333,2.8,3.25,2.3333333333333335,2.6666666666666665,3.6666666666666665,6.0,7.0,1.0,4.5,3.0,3.75,3.0,3.0,3.25,3.25,3.5,5.0,2.75,2.25,1.0,2.0
2,2,1.0,42.0,1.0,2.0,1.0,2.0,1.0,20.0,30.0,3.0,150.0,1458.0903182802865,1615.564072654557,16.824119057080228,11.216079371386819,1.0,1.0,5.0,20.0,2,,,,10.0,5.0,14.0,1.0,33.33333333333333,16.666666666666664,46.666666666666664,3.333333333333334,3.6666666666666665,3.0,3.5,3.75,4.333333333333333,3.2,2.75,4.666666666666667,3.3333333333333335,5.0,4.25,3.6666666666666665,2.0,2.5,2.75,2.5,2.75,3.5,2.5,2.6666666666666665,2.25,3.0,3.0,3.3333333333333335,3.2,4.0
2,2,2.0,46.0,4.0,4.0,1.0,5.0,1.0,50.0,50.0,1.0,100.0,2499.5834027662054,2769.5384102649555,11.53653878199787,11.53653878199787,1.0,4.0,1.0,0.0,2,,,,12.0,12.0,12.0,10.0,24.0,24.0,24.0,20.0,4.833333333333333,5.0,2.6666666666666665,3.75,5.0,4.0,4.0,6.0,6.666666666666667,7.0,6.25,7.0,3.3333333333333335,3.75,4.75,3.5,3.5,4.0,3.25,2.5,4.0,4.25,3.5,3.0,3.0,4.0
2,2,2.0,37.0,2.0,2.0,1.0,5.0,1.0,40.0,50.0,3.0,125.0,2437.0938176970503,2700.2999500083315,14.060156640559905,11.248125312447923,1.0,1.0,1.0,0.0,2,,,,30.0,13.0,2.0,5.0,60.0,26.0,4.0,10.0,4.5,3.0,3.0,2.75,2.6666666666666665,2.6,5.0,4.666666666666667,6.666666666666667,5.0,6.25,6.0,3.3333333333333335,3.5,3.0,2.25,3.25,3.25,3.25,2.25,3.25,3.5,3.5,2.75,3.0,4.0
2,2,1.0,34.0,2.0,2.0,1.0,1.0,1.0,40.0,40.0,1.0,100.0,1541.40976503916,1707.8820196633892,8.892748644456693,8.892748644456692,1.0,1.0,3.0,55.0,2,,,,10.0,30.0,0.0,0.0,25.0,75.0,0.0,0.0,2.8333333333333335,2.0,2.6666666666666665,3.5,3.6666666666666665,2.2,3.5,2.3333333333333335,3.6666666666666665,5.333333333333333,5.75,4.666666666666667,2.0,3.75,3.25,4.0,2.75,3.5,4.25,2.5,2.0,1.0,2.75,3.75,4.0,4.0
2,2,1.0,41.0,1.0,2.0,1.0,5.0,1.0,40.0,40.0,1.0,100.0,1666.3889351774703,1846.3589401766371,9.613782318331559,9.613782318331559,1.0,4.0,1.0,0.0,2,,,,20.0,10.0,5.0,5.0,50.0,25.0,12.5,12.5,3.3333333333333335,4.0,2.8333333333333335,4.0,3.0,3.2,4.0,3.0,4.666666666666667,4.666666666666667,5.25,6.0,2.3333333333333335,2.5,3.25,2.5,2.5,2.5,2.0,2.75,2.75,3.75,3.0,3.0,4.0,4.0
2,2,1.0,49.0,1.0,4.0,1.0,5.0,1.0,40.0,55.0,3.0,137.5,1395.6007332111315,1546.3256123979336,8.051542691602682,5.855667412074679,3.0,1.0,1.0,0.0,2,,,,12.0,20.0,10.0,8.0,21.818181818181817,36.36363636363637,18.181818181818183,14.545454545454545,3.6666666666666665,3.0,2.6666666666666665,2.5,2.3333333333333335,3.0,4.0,3.0,2.3333333333333335,3.6666666666666665,6.5,5.666666666666667,1.3333333333333333,3.0,4.25,2.5,3.0,3.5,2.75,3.0,2.5,2.0,3.25,3.25,4.0,4.0
2,2,2.0,33.0,3.0,1.0,1.0,5.0,3.0,18.0,40.0,3.0,222.22222222222223,520.7465422429598,576.987168805199,6.676237721063583,3.0043069744786113,1.0,1.0,3.0,20.0,2,,,,40.0,20.0,0.0,0.0,27.825,35.607142857142854,7.466666666666667,20.767857142857142,3.1666666666666665,3.0,2.8333333333333335,4.25,3.6666666666666665,1.8,4.0,5.333333333333333,5.333333333333333,5.666666666666667,6.0,5.333333333333333,2.3333333333333335,4.0,4.5,4.25,3.5,3.25,2.5,2.75,3.25,3.25,2.75,2.5,3.0,3.0
2,2,1.0,36.0,1.0,1.0,1.0,1.0,2.0,40.0,40.0,1.0,100.0,3332.7778703549407,3692.7178803532743,19.227564636663118,19.227564636663118,1.0,2.0,3.0,20.0,2,,,,15.0,20.0,0.0,5.0,37.5,50.0,0.0,12.5,4.833333333333333,5.0,2.8333333333333335,3.75,4.0,4.4,2.75,2.3333333333333335,3.0,3.6666666666666665,5.0,4.666666666666667,3.3333333333333335,4.25,4.0,3.5,3.0,4.0,4.0,3.0,3.75,4.25,3.5,2.75,1.0,4.0
2,2,1.0,52.0,1.0,2.0,1.0,4.0,1.0,40.0,40.0,1.0,100.0,2291.2847858690216,2538.743542742876,13.218950687705894,13.218950687705894,1.0,2.0,1.0,0.0,2,,,,20.0,15.0,5.0,5.0,48.5,14.250000000000004,7.25,30.0,2.8333333333333335,2.0,2.8333333333333335,3.0,3.3333333333333335,2.6,3.75,4.0,6.0,4.333333333333333,4.75,2.6666666666666665,2.3333333333333335,2.5,3.25,2.75,3.25,3.25,2.25,2.75,2.5,2.25,2.75,3.25,4.0,5.0
2,2,1.0,30.0,1.0,2.0,1.0,4.0,2.0,4.0,4.0,1.0,100.0,104.14930844859191,115.39743376103979,6.008613948957224,6.008613948957224,1.0,3.0,6.0,55.0,2,,,,4.0,0.0,0.0,0.0,100.0,0.0,0.0,0.0,4.333333333333333,5.0,2.3333333333333335,5.0,5.0,3.4,1.0,5.0,1.0,4.0,5.5,7.0,1.0,3.0,1.0,2.0,4.0,4.0,4.0,4.0,4.0,5.0,4.0,3.25,2.0,3.0
2,2,1.0,57.0,1.0,1.0,1.0,1.0,1.0,44.0,44.0,1.0,100.0,4165.9723379436755,4615.897350441592,21.84950526893536,21.84950526893536,1.0,2.0,1.0,0.0,2,,,,20.0,4.0,18.0,2.0,45.45454545454545,9.090909090909093,40.909090909090914,4.545454545454547,4.0,4.0,2.8333333333333335,2.5,2.6666666666666665,3.6,2.0,2.3333333333333335,3.3333333333333335,4.0,4.75,6.333333333333333,2.3333333333333335,2.75,3.0,2.25,3.0,3.5,4.0,3.75,3.25,4.5,3.25,3.25,2.0,5.0
2,2,1.0,32.0,2.0,1.0,1.0,1.0,2.0,40.0,50.0,3.0,125.0,1666.3889351774703,1846.3589401766371,9.613782318331559,7.691025854665247,1.0,4.0,6.0,20.0,2,,,,38.0,0.0,10.0,2.0,76.0,0.0,20.0,4.0,2.5,3.0,3.3333333333333335,3.0,1.6666666666666667,2.2,4.5,5.0,2.0,6.333333333333333,6.5,5.333333333333333,4.333333333333333,3.5,4.5,4.0,4.0,2.0,1.5,2.25,2.25,1.0,2.75,3.25,4.0,4.0
2,2,1.0,38.0,1.0,2.0,1.0,8.0,1.0,16.0,20.0,3.0,125.0,1846.650558240293,2046.0888185302447,26.634383051542688,21.30750644123415,1.0,2.0,5.0,30.0,2,,,,16.0,1.0,0.0,3.0,80.0,5.0,0.0,15.0,2.5,4.0,2.8333333333333335,4.0,4.0,3.0,2.25,3.0,2.0,3.3333333333333335,4.5,5.333333333333333,2.6666666666666665,3.25,4.0,3.0,3.25,3.5,3.75,2.25,3.0,4.25,3.0,3.5,3.0,2.0
2,2,1.0,64.0,1.0,1.0,1.0,5.0,1.0,40.0,50.0,3.0,125.0,2916.180636560573,3231.1281453091146,16.824119057080228,13.459295245664181,1.0,4.0,2.0,8.0,2,,,,10.0,22.5,12.5,10.0,42.0040404040404,19.923232323232323,15.345454545454544,18.36969696969697,4.166666666666667,4.0,3.1666666666666665,3.5,4.0,3.6,3.5,4.333333333333333,2.3333333333333335,5.0,6.0,6.333333333333333,3.3333333333333335,3.25,3.25,4.0,4.0,3.75,3.0,3.25,3.5,4.75,3.25,2.25,1.0,6.0
2,2,1.0,39.0,1.0,2.0,1.0,1.0,1.0,40.0,40.0,1.0,100.0,2299.616730544909,2547.9753374437587,13.267019599297551,13.267019599297551,1.0,3.0,1.0,0.0,2,,,,10.0,15.0,7.0,8.0,25.0,37.5,17.5,20.0,3.3333333333333335,5.0,2.5,4.333333333333333,3.6666666666666665,3.0,3.0,4.333333333333333,4.666666666666667,5.0,5.0,6.333333333333333,2.3333333333333335,3.75,2.75,3.25,2.25,3.75,3.5,3.75,3.25,4.5,3.25,2.75,1.0,5.0
2,2,2.0,39.0,1.0,2.0,1.0,8.0,2.0,20.0,20.0,1.0,100.0,374.9375104149308,415.43076153974334,4.326202043249202,4.326202043249202,1.0,1.0,6.0,27.5,2,,,,20.0,5.0,0.0,0.0,51.02564102564102,18.243589743589745,14.333333333333334,7.974358974358973,2.5,4.0,3.1666666666666665,2.25,3.3333333333333335,2.4,3.5,3.3333333333333335,2.3333333333333335,4.666666666666667,5.75,5.333333333333333,2.0,2.0,1.75,1.5,2.0,3.0,2.75,4.5,3.25,4.75,3.0,2.25,2.0,2.0
2,2,1.0,71.0,1.0,1.0,1.0,2.0,1.0,40.0,40.0,1.0,100.0,2832.8611898016998,3138.810198300283,16.343429941163652,16.343429941163652,1.0,3.0,1.0,0.0,2,,,,30.0,10.0,20.0,1.0,28.636363636363637,29.772727272727273,11.236363636363636,29.954545454545457,4.833333333333333,5.0,2.6666666666666665,5.0,5.0,4.0,3.5,5.0,1.0,7.0,6.0,7.0,2.6666666666666665,4.5,4.25,5.0,4.0,2.75,4.0,3.25,3.75,5.0,3.0,2.25,1.0,6.0
2,2,1.0,54.0,1.0,4.0,1.0,5.0,1.0,40.0,40.0,1.0,100.0,3332.7778703549407,3692.7178803532743,19.227564636663118,19.227564636663118,1.0,5.0,1.0,0.0,2,,,,20.0,10.0,2.0,8.0,50.0,25.0,5.0,20.0,4.833333333333333,5.0,2.6666666666666665,5.0,4.333333333333333,4.2,3.0,4.333333333333333,5.0,5.333333333333333,5.75,5.666666666666667,2.6666666666666665,3.0,2.5,1.5,2.75,3.5,3.25,3.5,3.5,4.0,3.25,3.25,2.0,6.0
2,2,1.0,26.0,1.0,1.0,1.0,5.0,2.0,10.0,40.0,3.0,400.0,916.5139143476083,1015.4974170971504,21.150321100329432,5.287580275082357,1.0,1.0,1.0,0.0,2,,,,0.5,37.0,2.0,2.0,11.866666666666667,56.857142857142854,11.799999999999999,13.476190476190476,2.3333333333333335,2.0,2.6666666666666665,3.25,2.6666666666666665,1.6,3.75,2.3333333333333335,1.6666666666666667,6.0,5.75,5.666666666666667,3.3333333333333335,4.25,4.0,2.0,3.25,3.25,3.0,3.5,2.75,2.5,3.25,2.25,3.0,7.0
2,2,1.0,29.0,3.0,1.0,1.0,8.0,2.0,40.0,55.0,3.0,137.5,1124.8125312447926,1246.29228461923,6.489303064873804,4.719493138090039,1.0,2.0,6.0,10.0,2,,,,20.0,4.0,0.0,10.0,36.36363636363637,7.272727272727273,0.0,18.181818181818183,3.1666666666666665,3.0,2.6666666666666665,3.5,3.0,3.0,3.75,4.333333333333333,3.6666666666666665,3.3333333333333335,4.5,4.666666666666667,3.3333333333333335,3.75,4.75,4.0,4.25,3.25,2.75,2.5,3.25,2.75,2.75,3.5,3.0,2.0
2,2,1.0,49.0,1.0,2.0,1.0,5.0,1.0,40.0,40.0,1.0,100.0,2499.5834027662054,2769.5384102649555,14.420673477497337,14.420673477497337,1.0,3.0,1.0,0.0,2,,,,20.0,15.0,5.0,2.0,28.0,45.5,18.0,10.0,4.166666666666667,4.0,2.6666666666666665,4.5,4.0,3.6,2.75,3.6666666666666665,4.0,6.0,6.0,7.0,2.3333333333333335,4.5,2.5,2.75,3.75,3.5,3.25,2.5,3.0,4.0,3.25,2.0,3.0,5.0
2,2,2.0,41.0,1.0,2.0,1.0,8.0,1.0,40.0,30.0,2.0,75.0,1583.0694884185968,1754.0409931678053,9.133093202414981,12.177457603219976,1.0,4.0,1.0,0.0,2,,,,15.0,5.0,5.0,10.0,23.03174603174603,19.793650793650798,5.388888888888889,16.563492063492063,3.8333333333333335,5.0,2.0,5.0,4.666666666666667,4.0,3.5,4.333333333333333,3.6666666666666665,3.3333333333333335,6.25,7.0,1.3333333333333333,4.25,4.25,4.5,3.25,4.0,4.0,2.5,3.25,3.25,2.75,2.25,3.0,4.0
2,2,2.0,48.0,2.0,3.0,1.0,5.0,1.0,40.0,60.0,3.0,150.0,3541.0764872521245,3923.512747875354,20.429287426454565,13.61952495096971,2.0,2.0,1.0,0.0,2,,,,10.0,20.0,20.0,10.0,16.666666666666664,33.33333333333333,33.33333333333333,16.666666666666664,4.166666666666667,3.0,2.6666666666666665,2.25,3.0,3.2,3.75,1.666666666666667,3.0,3.3333333333333335,6.5,7.0,1.0,3.25,2.0,2.25,2.25,3.75,1.5,2.0,2.75,4.25,2.5,3.25,2.0,5.0
2,2,1.0,43.6,1.0,2.0,1.0,5.0,2.0,40.0,40.0,1.0,100.0,1541.40976503916,1707.8820196633892,8.892748644456693,8.892748644456692,1.0,2.0,6.0,52.0,2,,,,25.0,15.0,13.0,2.0,76.64285714285714,9.0,4.500000000000001,9.857142857142858,2.2,1.0,3.3333333333333335,1.5,2.0,2.6,4.0,1.666666666666667,2.5,6.0,5.75,6.333333333333333,4.333333333333333,3.75,4.25,4.5,4.25,3.75,3.5,2.75,3.25,2.25,3.0,2.3333333333333335,3.0,5.0
2,2,2.0,29.0,3.0,1.0,1.0,4.0,2.0,40.0,60.0,3.0,150.0,1249.7917013831027,1384.7692051324777,7.210336738748668,4.806891159165778,1.0,2.0,3.0,20.0,2,,,,30.0,5.0,10.0,15.0,50.0,8.333333333333336,16.666666666666664,25.0,2.3333333333333335,2.0,3.5,2.0,2.0,2.4,2.75,1.0,5.5,4.666666666666667,6.25,7.0,2.0,3.75,3.0,4.5,2.75,3.75,4.25,1.5,2.0,2.5,3.25,3.5,4.0,3.0
2,2,2.0,33.2,3.0,2.0,1.0,5.0,2.0,12.0,12.0,1.0,100.0,499.9166805532411,553.907682052991,9.61378231833156,9.613782318331562,1.0,1.0,5.0,25.0,2,,,,4.0,4.0,0.0,1.0,33.33333333333333,33.33333333333333,0.0,8.333333333333332,3.6666666666666665,4.0,3.0,3.5,2.3333333333333335,2.6,2.75,2.3333333333333335,3.3333333333333335,3.6666666666666665,4.75,4.666666666666667,1.0,3.5,2.25,2.75,2.75,4.0,3.0,1.75,3.25,5.0,3.25,2.75,2.0,4.0
2,2,1.0,41.0,1.0,1.0,1.0,1.0,1.0,40.0,40.0,1.0,100.0,3332.7778703549407,3692.7178803532743,19.227564636663118,19.227564636663118,1.0,4.0,1.0,0.0,2,,,,20.0,20.0,3.0,2.0,38.833333333333336,38.666666666666664,10.0,12.5,2.5,2.0,2.6666666666666665,4.25,2.6666666666666665,3.6,3.75,1.9999999999999998,1.3333333333333333,4.666666666666667,5.75,4.333333333333333,4.666666666666667,2.0,4.0,5.0,3.5,2.75,3.0,2.75,3.75,3.25,2.75,3.25,3.0,5.0
2,2,1.0,46.0,1.0,2.0,1.0,5.0,1.0,40.0,40.0,1.0,100.0,2249.625062489585,2492.58456923846,12.978606129747607,12.978606129747607,1.0,3.0,1.0,0.0,2,,,,26.0,6.0,1.0,7.0,65.0,15.0,2.5,17.5,4.166666666666667,3.0,3.0,5.0,3.6666666666666665,3.2,4.25,4.666666666666667,5.333333333333333,5.333333333333333,5.25,4.666666666666667,3.0,3.25,3.25,2.75,3.5,2.25,1.75,3.0,2.25,2.75,3.25,2.25,4.0,4.0
2,2,1.0,42.0,1.0,2.0,1.0,5.0,2.0,40.0,55.0,3.0,137.5,2916.180636560573,3231.1281453091146,16.824119057080228,12.235722950603801,3.0,2.0,1.0,0.0,2,,,,30.0,10.0,20.0,10.0,13.987878787878788,27.80606060606061,14.557575757575759,34.4969696969697,3.1666666666666665,3.0,3.1666666666666665,2.25,2.6666666666666665,2.6,4.25,3.6666666666666665,4.666666666666667,3.3333333333333335,4.25,4.333333333333333,2.6666666666666665,3.5,4.0,4.75,4.0,2.75,3.0,3.0,3.0,3.75,3.5,3.25,3.0,4.0
2,2,2.0,49.0,1.0,2.0,1.0,5.0,1.0,40.0,40.0,1.0,100.0,1874.6875520746541,2077.1538076987167,10.815505108123004,10.815505108123004,1.0,1.0,1.0,0.0,2,,,,20.0,13.0,2.0,5.0,50.0,32.5,5.0,12.5,3.6666666666666665,4.0,3.3333333333333335,1.75,2.3333333333333335,2.4,3.5,4.333333333333333,5.333333333333333,3.6666666666666665,5.0,3.6666666666666665,3.0,3.75,3.5,3.75,3.0,2.5,2.0,1.75,3.5,3.0,3.5,2.75,4.0,5.0
2,2,1.0,28.0,1.0,1.0,1.0,5.0,2.0,40.0,50.0,3.0,125.0,2916.180636560573,3231.1281453091146,16.824119057080228,13.459295245664181,1.0,1.0,1.0,0.0,2,,,,10.0,30.0,2.0,8.0,20.0,60.0,4.0,16.0,3.0,5.0,2.3333333333333335,5.0,4.0,4.0,3.25,4.0,4.333333333333333,7.0,6.25,7.0,2.6666666666666665,5.0,3.75,5.0,3.75,4.0,5.0,3.75,3.0,5.0,3.25,1.75,1.0,3.0
2,2,2.0,39.0,1.0,2.0,1.0,5.0,1.0,40.0,50.0,3.0,125.0,3124.479253457757,3461.9230128311947,18.025841846871675,14.420673477497338,3.0,2.0,1.0,0.0,2,,,,20.0,20.0,5.0,5.0,40.0,40.0,10.0,10.0,4.833333333333333,4.0,2.6666666666666665,3.5,5.0,3.8,2.75,1.9999999999999998,5.666666666666667,4.0,6.25,6.333333333333333,2.6666666666666665,4.5,3.0,3.25,3.0,3.5,4.0,2.75,3.75,5.0,3.25,2.5,1.0,4.0
2,2,1.0,40.0,1.0,2.0,1.0,4.0,1.0,14.0,5.0,2.0,35.714285714285715,833.1944675887353,923.1794700883186,13.733974740473656,38.455129273326236,1.0,2.0,6.0,40.0,2,,,,5.0,0.0,0.0,0.0,100.0,0.0,0.0,0.0,3.0,4.0,2.5,3.25,4.0,3.0,1.25,2.6666666666666665,2.0,4.333333333333333,4.75,4.666666666666667,3.3333333333333335,2.25,3.0,3.75,2.0,3.25,3.5,3.25,3.5,4.75,3.75,3.25,2.0,4.0
2,2,1.0,67.0,1.0,1.0,1.0,1.0,2.0,40.0,40.0,1.0,100.0,2707.882019663389,3000.3332777870355,15.622396267288783,15.622396267288783,2.0,2.0,1.0,0.0,2,,,,15.0,5.0,5.0,15.0,37.5,12.5,12.5,37.5,3.0,4.0,2.6666666666666665,4.25,3.3333333333333335,3.6,3.5,1.3333333333333335,2.0,6.0,5.5,6.333333333333333,1.0,3.0,1.75,3.0,2.75,4.0,3.0,2.5,2.75,3.5,3.25,3.5,2.0,5.0
2,2,1.0,39.0,1.0,2.0,1.0,7.0,2.0,40.0,40.0,1.0,100.0,3749.3751041493083,4154.307615397433,21.631010216246008,21.631010216246008,3.0,3.0,4.0,10.0,2,,,,1.0,2.0,20.0,17.0,2.5000000000000036,5.0,50.0,42.5,3.1666666666666665,4.0,3.5,2.5,3.3333333333333335,3.4,3.25,3.0,5.0,3.6666666666666665,5.5,5.0,2.6666666666666665,2.5,4.0,2.5,3.5,3.25,3.0,3.25,3.0,4.0,3.0,2.6666666666666665,2.6,7.0
2,2,2.0,44.0,2.0,2.0,1.0,5.0,1.0,40.0,50.0,3.0,125.0,2082.9861689718377,2307.948675220796,12.017227897914449,9.613782318331559,2.0,4.0,1.0,0.0,2,,,,15.0,7.0,8.0,20.0,30.0,14.0,16.0,40.0,3.8333333333333335,3.0,3.0,3.5,4.0,3.2,4.0,2.3333333333333335,4.333333333333333,6.666666666666667,6.0,5.666666666666667,3.0,3.5,4.0,3.25,3.25,2.75,3.0,2.0,3.25,3.75,2.75,2.75,3.0,4.0
2,2,2.0,39.0,1.0,1.0,1.0,9.0,2.0,40.0,40.0,1.0,100.0,1541.40976503916,1707.8820196633892,8.892748644456693,8.892748644456692,2.0,4.0,7.0,7.0,2,,,,22.0,4.0,8.0,6.0,55.00000000000001,10.0,20.0,15.0,3.6666666666666665,4.0,2.5,4.0,3.6666666666666665,2.8,3.25,4.0,5.0,5.666666666666667,5.5,6.666666666666667,1.3333333333333333,4.5,4.75,3.0,3.5,3.75,3.5,2.5,3.75,4.0,3.5,2.75,3.0,4.0
2,2,2.0,37.0,1.0,2.0,1.0,1.0,2.0,32.0,32.0,1.0,100.0,1708.0486585569074,1892.517913681053,12.317658595362312,12.317658595362312,1.0,1.0,1.0,0.0,2,,,,5.0,25.0,1.0,5.0,15.5,54.5,16.5,13.5,4.5,4.0,2.6666666666666665,4.5,4.0,2.8,2.5,4.666666666666667,5.333333333333333,5.333333333333333,5.75,6.0,3.0,3.25,3.25,3.75,2.0,3.75,3.75,2.75,3.25,4.0,2.75,2.25,2.0,7.0
2,2,2.0,24.0,2.0,1.0,1.0,5.0,2.0,12.0,20.0,3.0,166.66666666666669,416.59723379436764,461.58973504415917,8.0114852652763,4.8068911591657795,1.0,2.0,1.0,0.0,2,,,,0.0,10.0,10.0,5.0,36.0,36.0,3.166666666666666,7.166666666666664,4.5,4.0,2.5,5.0,4.666666666666667,3.2,4.0,4.333333333333333,3.6666666666666665,5.666666666666667,6.5,7.0,2.0,4.25,2.75,4.25,2.25,2.75,2.5,2.25,3.25,3.25,3.3333333333333335,3.3333333333333335,2.6,4.0
2,2,1.0,45.0,1.0,2.0,1.0,5.0,1.0,40.0,40.0,1.0,100.0,1249.7917013831027,1384.7692051324777,7.210336738748668,7.210336738748668,1.0,3.0,6.0,15.0,2,,,,25.0,5.0,2.0,5.0,62.5,12.5,5.0,12.5,2.6666666666666665,4.0,3.1666666666666665,2.25,2.6666666666666665,3.6,4.0,5.333333333333333,2.3333333333333335,5.0,5.5,6.666666666666667,3.3333333333333335,2.0,4.25,4.0,4.25,2.75,2.75,2.5,3.5,2.25,2.5,3.0,4.0,4.0
2,2,2.0,44.0,1.0,2.0,1.0,8.0,1.0,2.0,2.0,1.0,100.0,791.5347442092984,877.0204965839025,91.33093202414982,91.33093202414982,1.0,3.0,6.0,25.0,2,,,,15.0,1.0,0.0,1.0,43.11904761904762,31.047619047619047,6.0,12.047619047619047,3.6666666666666665,2.0,2.6666666666666665,2.0,2.3333333333333335,2.4,3.25,1.0,2.0,4.0,6.0,5.666666666666667,3.0,4.25,3.25,3.5,3.5,4.0,4.0,1.25,3.0,4.25,3.0,3.25,3.0,4.0
2,2,2.0,32.0,1.0,1.0,1.0,5.0,2.0,40.0,40.0,1.0,100.0,2082.9861689718377,2307.948675220796,12.017227897914449,12.017227897914449,1.0,3.0,1.0,0.0,2,,,,10.0,24.0,0.0,6.0,25.0,60.0,0.0,15.0,4.333333333333333,4.0,2.6666666666666665,5.0,4.666666666666667,3.8,3.75,5.333333333333333,5.333333333333333,5.0,4.75,5.0,2.6666666666666665,2.25,2.5,3.25,2.25,3.0,3.0,3.75,3.25,2.75,3.25,3.75,4.0,4.0
2,2,1.0,41.0,1.0,2.0,1.0,6.0,1.0,40.0,30.0,2.0,75.0,1666.3889351774703,1846.3589401766371,9.613782318331559,12.818376424442079,1.0,3.0,2.0,15.0,2,,,,20.0,2.0,2.0,6.0,66.66666666666666,6.666666666666668,6.666666666666667,20.0,3.0,2.0,2.6666666666666665,4.0,3.3333333333333335,3.2,3.0,3.0,2.3333333333333335,3.0,3.6666666666666665,5.333333333333333,2.0,2.0,1.5,2.0,2.25,3.25,2.75,3.5,3.25,3.5,2.75,3.0,2.0,4.0
2,2,1.0,57.0,1.0,2.0,1.0,5.0,1.0,40.0,40.0,1.0,100.0,2291.2847858690216,2538.743542742876,13.218950687705894,13.218950687705894,1.0,3.0,1.0,0.0,2,,,,25.0,1.0,0.0,14.0,62.5,2.5,0.0,35.0,4.833333333333333,5.0,2.3333333333333335,3.25,4.666666666666667,4.2,2.0,2.3333333333333335,3.3333333333333335,2.0,4.0,3.6666666666666665,2.6666666666666665,1.0,1.5,1.75,2.5,2.75,1.2499999999999998,2.75,2.25,2.75,2.5,3.25,2.0,4.0
2,2,1.0,35.0,3.0,1.0,1.0,1.0,1.0,40.0,50.0,3.0,125.0,1.6663889351775651,1.8463589401767422,0.00961378231833156,0.007691025854665412,1.0,4.0,1.0,0.0,2,,,,25.0,20.0,1.0,5.0,36.58181818181818,42.290909090909096,7.163636363636364,13.963636363636365,3.3333333333333335,5.0,2.8333333333333335,3.5,3.6666666666666665,2.6,3.75,1.0,5.0,3.0,4.75,5.666666666666667,2.6666666666666665,2.5,4.0,4.5,3.5,3.75,3.0,2.75,2.25,2.25,3.25,3.0,4.0,4.0
2,2,1.0,54.0,1.0,2.0,1.0,9.0,2.0,40.0,40.0,1.0,100.0,2082.9861689718377,2307.948675220796,12.017227897914449,12.017227897914449,2.0,5.0,1.0,0.0,2,,,,16.0,2.0,2.0,20.0,40.0,5.0,5.0,50.0,3.5,4.0,2.6666666666666665,3.75,4.333333333333333,2.6,3.75,1.666666666666667,4.666666666666667,5.333333333333333,6.25,6.666666666666667,3.0,3.25,3.5,3.75,3.0,4.25,3.25,2.75,2.75,4.5,2.75,2.5,1.0,6.0
2,2,1.0,27.0,2.0,1.0,1.0,5.0,4.0,20.0,40.0,3.0,200.0,833.1944675887353,923.1794700883186,9.613782318331559,4.8068911591657795,1.0,1.0,3.0,7.0,2,,,,0.0,20.0,2.0,6.0,0.0,50.0,5.0,15.0,3.1666666666666665,5.0,2.5,3.25,3.3333333333333335,3.0,3.5,3.0,4.666666666666667,4.666666666666667,5.5,5.333333333333333,2.6666666666666665,4.25,3.75,2.75,2.5,3.5,3.5,2.25,3.25,2.5,3.25,3.5,4.0,8.0
2,2,1.0,49.0,1.0,2.0,1.0,5.0,1.0,40.0,40.0,1.0,100.0,1458.0903182802865,1615.564072654557,8.412059528540114,8.412059528540114,1.0,1.0,1.0,0.0,2,,,,10.0,10.0,10.0,10.0,25.0,25.0,25.0,25.0,3.5,1.0,3.6666666666666665,1.25,1.0,2.6,4.5,1.0,1.3333333333333333,1.0,4.5,6.0,2.6666666666666665,4.0,2.25,2.0,2.75,4.25,2.25,2.25,2.75,1.75,3.0,4.0,4.0,4.0
2,2,2.0,53.0,1.0,2.0,1.0,6.0,1.0,40.0,40.0,1.0,100.0,2082.9861689718377,2307.948675220796,12.017227897914449,12.017227897914449,1.0,3.0,5.0,15.0,2,,,,30.0,15.0,5.0,2.0,52.0,19.000000000000004,6.0,18.0,3.1666666666666665,4.0,3.3333333333333335,4.25,3.0,3.4,4.0,2.6666666666666665,3.3333333333333335,4.666666666666667,5.5,4.0,2.6666666666666665,2.25,3.5,3.5,3.25,3.0,3.5,3.0,2.75,4.0,3.0,3.75,4.0,4.0
2,2,2.0,42.0,1.0,2.0,1.0,5.0,2.0,13.0,13.0,1.0,100.0,374.9375104149308,415.43076153974334,6.655695451152619,6.655695451152619,1.0,1.0,2.0,21.0,2,,,,12.0,0.0,0.0,1.0,92.30769230769229,0.0,0.0,7.692307692307693,4.166666666666667,5.0,2.6666666666666665,4.75,4.0,3.2,4.5,3.0,2.0,5.0,6.5,6.333333333333333,2.6666666666666665,4.0,3.25,4.25,3.5,3.5,2.25,2.25,4.0,5.0,4.0,2.0,3.0,2.0
2,2,1.0,33.0,2.0,1.0,1.0,5.0,2.0,40.0,100.0,3.0,250.0,1583.0694884185968,1754.0409931678053,9.133093202414981,3.6532372809659925,1.0,2.0,1.0,0.0,2,,,,60.0,35.0,4.0,1.0,60.0,35.0,4.0,1.0000000000000018,4.333333333333333,5.0,2.8333333333333335,4.25,4.333333333333333,3.2,3.75,1.666666666666667,3.0,3.6666666666666665,5.0,6.333333333333333,2.3333333333333335,4.25,5.0,5.0,4.0,3.25,4.0,2.75,3.75,4.25,3.5,2.75,3.0,4.0
2,2,1.0,40.0,3.0,1.0,1.0,8.0,2.0,12.0,12.0,1.0,100.0,583.2361273121146,646.2256290618229,11.216079371386819,11.216079371386819,1.0,2.0,4.0,30.0,2,,,,12.0,1.0,0.0,0.0,45.0,26.5,9.5,11.0,4.0,4.0,2.8333333333333335,4.25,4.333333333333333,2.4,3.25,1.666666666666667,1.3333333333333333,5.0,6.0,6.333333333333333,3.0,2.75,4.0,4.0,3.0,3.0,3.5,3.25,3.5,4.0,3.25,3.0,1.0,2.0
2,2,2.0,49.0,3.0,1.0,1.0,5.0,1.0,40.0,40.0,1.0,100.0,1999.6667222129645,2215.630728211964,11.536538781997873,11.536538781997873,1.0,3.0,1.0,0.0,2,,,,15.0,10.0,5.0,10.0,37.5,25.0,12.5,25.0,3.3333333333333335,2.0,2.5,3.25,2.3333333333333335,3.0,3.75,3.3333333333333335,2.6666666666666665,5.0,4.75,5.333333333333333,2.0,3.25,3.25,3.5,3.5,3.25,4.0,2.0,3.0,4.25,3.0,3.5,3.0,4.0
2,2,1.0,30.0,1.0,1.0,1.0,5.0,2.0,8.0,12.0,3.0,150.0,249.95834027662067,276.9538410264954,7.21033673874867,4.806891159165781,1.0,1.0,6.0,60.0,2,,,,1.0,8.0,5.0,5.0,35.86666666666667,40.923809523809524,3.5777777777777775,9.431746031746032,3.0,3.0,2.6666666666666665,4.0,2.3333333333333335,2.0,4.25,5.333333333333333,5.333333333333333,6.0,6.25,6.0,2.6666666666666665,5.0,5.0,4.5,4.0,2.5,5.0,4.0,4.0,5.0,2.75,2.5,3.0,3.0
2,2,1.0,51.0,2.0,1.0,1.0,6.0,1.0,40.0,50.0,3.0,125.0,3124.479253457757,3461.9230128311947,18.025841846871675,14.420673477497338,1.0,2.0,1.0,0.0,2,,,,25.0,15.0,5.0,5.0,50.0,30.0,10.0,10.0,4.0,5.0,2.5,4.75,4.666666666666667,3.8,3.0,1.0,1.3333333333333333,3.6666666666666665,6.0,6.666666666666667,3.0,3.25,3.5,4.25,2.75,4.0,3.25,3.5,3.5,4.0,3.0,2.0,1.0,5.0
2,2,2.0,42.0,2.0,1.0,1.0,5.0,1.0,40.0,10.0,2.0,25.0,1541.40976503916,1707.8820196633892,8.892748644456693,35.570994577826774,1.0,2.0,6.0,10.0,2,,,,20.0,18.0,10.0,2.0,41.666666666666664,16.333333333333332,16.77777777777778,22.305555555555557,2.0,2.0,3.0,3.5,2.6666666666666665,2.4,4.0,1.3333333333333335,3.0,2.3333333333333335,4.25,5.0,5.0,3.25,2.5,3.25,3.75,3.5,3.0,4.5,2.75,4.25,2.5,3.25,2.0,4.0
2,2,2.0,35.0,1.0,2.0,1.0,10.0,2.0,40.0,40.0,1.0,100.0,1333.1111481419762,1477.0871521413096,7.691025854665247,7.691025854665247,1.0,1.0,5.0,4.0,2,,,,30.0,5.0,5.0,5.0,53.5,18.5,8.5,17.0,3.6666666666666665,4.0,2.5,4.0,3.3333333333333335,3.6,3.75,3.3333333333333335,3.3333333333333335,4.333333333333333,5.0,6.333333333333333,2.6666666666666665,3.75,4.0,3.0,4.0,3.0,3.25,2.25,3.25,4.0,3.25,2.75,3.0,2.0
2,2,1.0,43.0,3.0,1.0,1.0,5.0,2.0,40.0,65.0,3.0,162.5,4040.9931678053654,4477.420429928345,23.31342212195403,14.346721305817866,1.0,4.0,5.0,5.0,2,,,,40.0,10.0,10.0,5.0,61.53846153846154,15.384615384615387,15.384615384615385,7.692307692307693,3.8333333333333335,3.0,2.5,4.5,2.3333333333333335,4.0,3.5,6.0,5.666666666666667,6.0,6.25,7.0,2.6666666666666665,4.25,4.0,3.5,2.75,2.25,1.75,3.25,3.25,4.25,4.0,3.25,3.0,4.0
2,2,2.0,47.0,2.0,1.0,1.0,4.0,1.0,32.0,40.0,3.0,125.0,1541.40976503916,1707.8820196633892,11.115935805570867,8.892748644456692,2.0,4.0,2.0,30.0,2,,,,24.0,1.0,0.0,15.0,60.0,2.5,0.0,37.5,3.3333333333333335,1.0,3.3333333333333335,2.5,4.0,2.2,3.0,2.6666666666666665,1.3333333333333333,3.6666666666666665,4.25,4.333333333333333,2.6666666666666665,2.75,5.0,3.5,3.75,3.0,2.25,2.5,3.5,2.75,2.0,3.5,4.0,3.0
2,2,2.0,28.0,2.0,1.0,1.0,5.0,3.0,16.0,25.0,3.0,156.25,666.5555740709881,738.5435760706548,9.613782318331559,6.152820683732198,1.0,3.0,3.0,55.0,2,,,,7.0,15.0,2.0,12.0,37.0,41.16666666666667,19.155555555555555,13.477777777777778,4.5,4.0,2.6666666666666665,4.75,3.6666666666666665,2.4,4.0,4.333333333333333,4.333333333333333,5.0,5.0,6.666666666666667,2.3333333333333335,4.25,4.0,4.5,3.0,4.0,4.75,2.25,3.25,4.0,3.25,2.75,3.0,7.0
2,2,2.0,42.0,1.0,2.0,1.0,8.0,1.0,28.0,28.0,1.0,100.0,1727.5870688218629,1914.166472254624,14.238354962817551,14.238354962817551,1.0,3.0,1.0,0.0,2,,,,15.0,4.0,1.0,8.0,53.57142857142857,14.285714285714285,3.571428571428571,28.57142857142857,3.0,5.0,3.3333333333333335,3.0,3.0,2.6,3.75,1.9999999999999998,3.0,4.0,6.25,6.333333333333333,3.0,3.75,4.0,3.75,2.25,4.0,5.0,2.0,2.3333333333333335,5.0,4.0,3.3333333333333335,2.8,4.0
2,2,1.0,28.0,2.0,1.0,1.0,1.0,2.0,40.0,55.0,3.0,137.5,1166.4722546242292,1292.4512581236459,6.729647622832092,4.89428918024152,1.0,2.0,2.0,15.0,2,,,,16.0,24.0,8.0,4.0,29.09090909090909,43.63636363636363,14.545454545454545,7.272727272727273,3.1666666666666665,4.0,2.6666666666666665,4.25,3.3333333333333335,3.2,3.0,4.0,5.0,5.333333333333333,5.0,5.666666666666667,3.3333333333333335,3.5,3.5,3.75,4.0,2.75,2.25,3.75,2.75,4.0,3.5,3.75,4.0,7.0
2,2,1.0,70.0,1.0,1.0,1.0,9.0,1.0,40.0,40.0,1.0,100.0,1458.0903182802865,1615.564072654557,8.412059528540114,8.412059528540114,1.0,4.0,1.0,0.0,2,,,,5.0,2.0,0.0,1.0,12.5,5.0,0.0,2.5,3.0,4.2,3.3333333333333335,2.75,4.666666666666667,3.0,2.75,1.0,1.0,3.0,5.75,7.0,1.0,3.75,4.0,4.75,3.25,3.0,4.0,2.75,3.5,3.75,3.25,3.25,3.0,6.0
2,2,2.0,40.0,1.0,2.0,1.0,1.0,1.0,40.0,65.0,3.0,162.5,2707.882019663389,3000.3332777870355,15.622396267288783,9.613782318331559,2.0,4.0,1.0,0.0,2,,,,10.0,10.0,5.0,25.0,15.384615384615387,15.384615384615387,7.6923076923076925,38.46153846153847,3.8333333333333335,5.0,2.5,2.75,4.666666666666667,4.0,4.0,3.3333333333333335,3.6666666666666665,2.3333333333333335,6.25,7.0,1.0,3.0,4.5,2.0,4.25,3.0,2.0,3.25,3.25,4.75,3.25,2.25,3.0,4.0
2,2,1.0,48.0,1.0,2.0,1.0,6.0,1.0,40.0,40.0,1.0,100.0,3124.479253457757,3461.9230128311947,18.025841846871675,18.025841846871675,2.0,5.0,1.0,0.0,2,,,,20.0,5.0,5.0,20.0,55.772727272727266,13.636363636363637,7.954545454545454,22.63636363636364,3.3333333333333335,1.0,3.3333333333333335,1.0,1.3333333333333333,2.6,4.5,5.666666666666667,3.3333333333333335,5.0,6.5,2.0,3.3333333333333335,4.0,5.0,4.25,4.0,4.0,4.0,2.25,3.75,1.25,2.75,2.25,3.0,5.0
2,2,1.0,49.0,1.0,1.0,1.0,5.0,1.0,40.0,60.0,3.0,150.0,3749.3751041493083,4154.307615397433,21.631010216246008,14.420673477497338,1.0,2.0,5.0,10.0,2,,,,20.0,10.0,25.0,5.0,33.33333333333333,16.666666666666664,41.66666666666667,8.333333333333332,4.0,4.0,2.8333333333333335,3.75,4.333333333333333,3.6,3.5,4.666666666666667,5.333333333333333,5.666666666666667,5.5,6.333333333333333,2.6666666666666665,4.25,4.5,3.25,3.5,3.5,3.25,3.0,3.5,3.5,3.75,2.75,3.0,6.0
2,2,2.0,38.0,1.0,2.0,1.0,5.0,1.0,20.0,20.0,1.0,100.0,624.8958506915515,692.3846025662388,7.210336738748668,7.210336738748668,1.0,1.0,1.0,0.0,2,,,,9.0,8.0,2.0,1.0,45.0,40.0,10.0,5.0,3.1666666666666665,5.0,3.1666666666666665,3.75,3.3333333333333335,2.6,4.0,5.0,6.666666666666667,4.0,6.5,5.0,3.0,3.0,4.75,4.0,3.0,3.5,2.75,1.25,2.25,4.0,3.0,3.75,4.0,4.0
2,2,1.0,37.0,1.0,2.0,1.0,4.0,1.0,4.0,4.0,1.0,100.0,391.6013997667055,433.89435094150963,22.592388448079166,22.592388448079166,1.0,3.0,2.0,5.5,2,,,,4.0,3.0,1.0,0.0,77.60000000000001,6.399999999999999,0.0,14.799999999999999,3.1666666666666665,5.0,3.1666666666666665,2.0,4.0,3.2,2.75,2.6666666666666665,1.6666666666666667,2.3333333333333335,3.0,2.0,2.3333333333333335,3.25,3.5,3.25,2.5,3.75,3.0,3.75,3.0,4.75,4.0,3.5,2.0,4.0
2,2,1.0,33.0,1.0,2.0,1.0,2.0,2.0,47.0,47.0,1.0,100.0,3041.159806698883,3369.6050658223626,14.932044877408591,14.932044877408591,1.0,2.0,1.0,0.0,2,,,,20.0,20.0,3.0,4.0,42.5531914893617,42.5531914893617,6.382978723404255,8.51063829787234,3.8333333333333335,5.0,2.3333333333333335,5.0,4.333333333333333,3.2,2.75,1.0,1.0,1.0,5.25,6.666666666666667,1.0,3.0,2.5,3.0,4.0,4.0,4.0,2.5,3.0,4.0,4.0,2.0,2.0,4.0
2,2,2.0,45.0,2.0,1.0,1.0,9.0,1.0,40.0,35.0,2.0,87.5,1666.3889351774703,1846.3589401766371,9.613782318331559,10.987179792378925,2.0,2.0,5.0,15.0,2,,,,30.0,0.0,0.0,5.0,85.71428571428571,0.0,0.0,14.285714285714285,1.8333333333333333,2.0,3.3333333333333335,1.25,2.0,1.6,4.25,1.9999999999999998,1.0,4.666666666666667,6.25,4.0,4.0,3.0,4.25,4.5,4.0,3.0,3.0,1.75,2.75,2.25,3.0,2.75,3.0,4.0
2,2,2.0,29.0,2.0,1.0,1.0,1.0,2.0,40.0,46.0,3.0,114.99999999999999,1583.0694884185968,1754.0409931678053,9.133093202414981,7.941820176013027,1.0,1.0,1.0,0.0,2,,,,6.0,40.0,0.0,0.0,13.043478260869563,86.95652173913044,0.0,0.0,3.6666666666666665,2.0,3.5,1.5,2.3333333333333335,2.8,4.5,2.3333333333333335,2.6666666666666665,5.333333333333333,6.0,7.0,1.3333333333333333,3.75,4.25,4.75,3.75,3.25,3.5,2.25,3.25,3.0,2.75,2.5,3.0,7.0
2,2,2.0,36.0,1.0,2.0,1.0,5.0,2.0,40.0,40.0,1.0,100.0,1666.3889351774703,1846.3589401766371,9.613782318331559,9.613782318331559,1.0,2.0,1.0,0.0,2,,,,30.0,5.0,4.0,1.0,75.0,12.5,10.0,2.5,3.6666666666666665,3.0,3.3333333333333335,2.75,4.333333333333333,2.6,3.75,4.333333333333333,5.333333333333333,4.666666666666667,6.25,7.0,1.6666666666666667,5.0,4.0,4.5,3.5,2.75,3.25,1.75,4.0,4.5,4.0,3.25,3.0,4.0
2,2,2.0,54.0,1.0,3.0,1.0,8.0,1.0,40.0,40.0,1.0,100.0,1666.3889351774703,1846.3589401766371,9.613782318331559,9.613782318331559,1.0,2.0,1.0,0.0,2,,,,30.0,8.0,1.0,1.0,75.0,20.0,2.5,2.5,3.1666666666666665,3.0,3.0,3.5,3.6666666666666665,2.8,3.25,4.0,5.333333333333333,3.0,4.75,5.333333333333333,2.3333333333333335,3.25,3.5,2.5,2.25,4.0,2.75,3.5,2.75,3.5,3.25,2.5,4.0,4.0
2,2,2.0,50.0,1.0,1.0,1.0,5.0,1.0,40.0,40.0,1.0,100.0,3041.159806698883,3369.6050658223626,17.545152730955095,17.545152730955095,3.0,2.0,1.0,0.0,2,,,,22.0,18.0,4.0,1.0,40.16666666666667,23.166666666666664,12.966666666666667,23.7,3.8333333333333335,5.0,2.8333333333333335,2.0,4.0,3.4,3.25,2.6666666666666665,4.0,3.3333333333333335,5.25,6.666666666666667,1.6666666666666667,3.5,2.5,4.0,3.5,4.25,3.25,3.75,2.75,4.5,3.5,2.75,1.0,5.0
2,2,2.0,57.0,1.0,1.0,1.0,1.0,1.0,40.0,40.0,1.0,100.0,2207.9653391101483,2446.4255957340442,12.738261571789318,12.738261571789318,2.0,5.0,1.0,0.0,2,,,,30.0,2.0,2.0,6.0,75.0,5.0,5.0,15.0,4.5,4.0,2.6666666666666665,3.75,3.6666666666666665,3.4,4.0,4.333333333333333,4.0,5.333333333333333,6.25,6.0,3.0,2.25,3.0,2.25,3.0,3.5,3.25,2.75,2.75,3.75,2.75,3.5,2.0,4.0
2,2,1.0,31.0,2.0,1.0,1.0,1.0,2.0,40.0,50.0,3.0,125.0,1333.1111481419762,1477.0871521413096,7.691025854665247,6.152820683732198,1.0,3.0,1.0,0.0,2,,,,2.0,46.0,2.0,0.0,4.0,92.0,4.0,0.0,4.166666666666667,4.0,3.6666666666666665,2.25,4.0,3.4,4.5,6.0,6.0,6.0,5.75,5.0,4.333333333333333,3.75,5.0,5.0,3.75,3.5,4.5,2.25,3.0,3.0,3.5,2.0,3.0,7.0
2,2,1.0,37.0,1.0,2.0,1.0,5.0,3.0,40.0,40.0,1.0,100.0,2166.3056157307115,2400.2666222296284,12.497917013831028,12.497917013831028,1.0,1.0,3.0,4.0,2,,,,1.0,27.0,10.0,2.0,2.5000000000000036,67.5,25.0,5.0,3.5,4.0,2.5,2.5,2.3333333333333335,3.2,3.25,1.0,1.0,2.0,6.25,6.333333333333333,2.0,3.0,4.0,4.0,2.75,3.75,1.0,2.5,2.75,3.75,2.75,3.25,2.0,7.0
2,2,1.0,45.0,3.0,1.0,3.0,2.0,2.0,40.0,50.0,3.0,125.0,1374.770871521413,1523.2461256457254,7.9313704126235365,6.345096330098828,1.0,1.0,1.0,0.0,2,,,,30.0,20.0,0.0,0.0,60.0,40.0,0.0,0.0,3.0,4.0,2.6666666666666665,4.0,3.0,3.0,1.0,4.666666666666667,6.0,3.6666666666666665,6.0,6.333333333333333,2.0,2.3333333333333335,3.0,3.3333333333333335,2.5,3.5,3.6666666666666665,3.0,3.05,2.0,3.25,1.6666666666666667,2.0,3.0
2,2,1.0,51.0,1.0,2.0,1.0,8.0,1.0,40.0,40.0,1.0,100.0,1666.3889351774703,1846.3589401766371,9.613782318331559,9.613782318331559,3.0,2.0,3.0,28.0,2,,,,30.0,20.0,5.0,0.0,51.5,21.25,5.75,21.5,2.8333333333333335,3.0,3.1666666666666665,3.75,3.3333333333333335,2.8,4.5,6.0,4.333333333333333,4.0,5.75,3.3333333333333335,4.0,4.0,4.5,3.75,3.0,3.0,3.25,2.75,3.5,1.5,3.5,3.0,3.0,5.0
2,2,1.0,31.0,1.0,2.0,1.0,1.0,2.0,40.0,40.0,1.0,100.0,1874.6875520746541,2077.1538076987167,10.815505108123004,10.815505108123004,1.0,3.0,1.0,0.0,2,,,,20.0,10.0,2.0,4.0,50.0,25.0,5.0,10.0,4.666666666666667,4.0,2.6666666666666665,4.5,4.0,3.0,3.75,3.0,3.0,4.333333333333333,5.75,5.666666666666667,2.6666666666666665,4.0,4.5,5.0,3.5,3.5,4.5,3.0,3.5,5.0,3.25,3.0,3.0,4.0
2,2,2.0,46.0,1.0,4.0,1.0,5.0,1.0,40.0,50.0,3.0,125.0,2082.9861689718377,2307.948675220796,12.017227897914449,9.613782318331559,1.0,3.0,1.0,0.0,2,,,,15.0,15.0,10.0,10.0,30.0,30.0,20.0,20.0,3.1666666666666665,1.0,3.1666666666666665,1.75,3.3333333333333335,1.8,4.0,5.666666666666667,7.0,3.0,3.75,2.0,2.3333333333333335,4.25,5.0,4.5,3.5,4.25,5.0,3.25,3.5,4.0,2.75,2.25,1.0,5.0
2,2,1.0,48.0,1.0,2.0,1.0,8.0,1.0,40.0,40.0,1.0,100.0,2499.5834027662054,2769.5384102649555,14.420673477497337,14.420673477497337,2.0,5.0,6.0,40.0,2,,,,20.0,5.0,5.0,10.0,50.0,12.5,12.5,25.0,3.6666666666666665,2.0,2.8333333333333335,2.5,2.0,3.6,4.25,4.666666666666667,4.333333333333333,5.0,5.0,5.666666666666667,3.3333333333333335,3.75,4.75,3.75,3.75,2.5,4.0,3.0,4.0,3.75,3.5,2.75,3.0,4.0
2,2,2.0,53.0,4.0,1.0,1.0,5.0,1.0,40.0,40.0,1.0,100.0,1791.3681053157807,1984.8358606898848,10.334815992206426,10.334815992206426,1.0,3.0,1.0,0.0,2,,,,25.0,7.0,2.0,6.0,62.5,17.5,5.0,15.0,3.3333333333333335,4.0,3.3333333333333335,3.5,2.6666666666666665,3.4,2.0,1.666666666666667,2.0,3.0,5.5,5.666666666666667,1.0,1.75,3.0,2.0,3.0,3.75,2.5,3.75,2.75,4.5,3.0,3.0,2.0,4.0
2,2,1.0,40.0,1.0,2.0,1.0,8.0,2.0,12.0,20.0,3.0,166.66666666666669,1041.4930844859189,1153.974337610398,20.028713163190748,12.017227897914449,1.0,1.0,1.0,0.0,2,,,,6.0,4.0,6.0,6.0,49.89247311827957,23.27956989247312,11.64516129032258,4.873655913978494,3.3333333333333335,3.0,3.6666666666666665,1.75,2.3333333333333335,3.0,3.0,2.6666666666666665,3.3333333333333335,1.0,3.75,4.666666666666667,2.3333333333333335,2.0,2.75,2.25,2.75,4.0,2.5,2.25,2.75,3.5,3.25,2.75,2.0,4.0
2,2,1.0,43.0,2.0,2.0,1.0,6.0,1.0,26.0,26.0,1.0,100.0,2624.562572904516,2908.015330778204,23.294934079034167,23.294934079034167,1.0,3.0,2.0,10.0,2,,,,12.0,8.0,2.0,4.0,46.15384615384615,30.76923076923077,7.6923076923076925,15.384615384615385,4.5,5.0,2.5,4.5,4.666666666666667,4.2,2.5,1.9999999999999998,2.6666666666666665,4.333333333333333,5.75,7.0,2.0,2.5,1.75,2.75,2.5,3.75,2.5,3.5,3.75,5.0,3.25,3.5,2.0,4.0
2,2,1.0,35.0,1.0,2.0,1.0,1.0,2.0,40.0,40.0,1.0,100.0,1749.7083819363438,1938.6768871854688,10.094471434248138,10.094471434248138,1.0,1.0,1.0,0.0,2,,,,2.0,12.0,10.0,16.0,5.0,30.0,25.0,40.0,4.166666666666667,5.0,3.1666666666666665,4.0,3.6666666666666665,3.8,3.75,4.333333333333333,3.0,5.333333333333333,5.0,5.666666666666667,2.0,2.75,3.5,4.25,2.5,3.75,4.5,3.25,3.25,4.75,3.0,3.0,1.0,7.0
2,2,2.0,51.0,1.0,2.0,1.0,4.0,1.0,40.0,60.0,3.0,150.0,3332.7778703549407,3692.7178803532743,19.227564636663118,12.818376424442079,2.0,5.0,1.0,0.0,2,,,,20.0,5.0,5.0,30.0,33.33333333333333,8.333333333333336,8.333333333333332,50.0,4.5,4.0,2.8333333333333335,4.25,3.6666666666666665,3.4,3.75,6.0,7.0,4.0,5.75,3.6666666666666665,2.6666666666666665,2.25,5.0,4.75,3.25,3.25,4.0,2.5,3.0,3.75,2.75,3.5,3.0,4.0
2,2,2.0,31.0,1.0,1.0,1.0,10.0,2.0,28.0,28.0,1.0,100.0,3332.7778703549407,3692.7178803532743,27.46794948094731,27.46794948094731,1.0,2.0,6.0,20.0,2,,,,12.0,8.0,0.0,4.0,42.857142857142854,28.57142857142857,0.0,14.285714285714285,4.0,3.0,3.0,3.5,4.666666666666667,3.4,3.5,1.9999999999999998,5.0,4.0,5.5,6.333333333333333,3.0,3.5,3.5,4.25,3.75,3.5,2.0,2.25,3.75,4.5,3.0,3.25,3.0,4.0
2,2,2.0,46.0,1.0,2.0,1.0,1.0,1.0,40.0,50.0,3.0,125.0,1916.3472754540908,2123.3127812031325,11.055849666081293,8.844679732865036,2.0,3.0,2.0,6.0,2,,,,16.0,16.0,2.0,16.0,32.0,32.0,4.0,32.0,3.5,4.0,2.5,3.25,3.6666666666666665,3.0,3.75,5.0,5.0,5.666666666666667,6.25,7.0,2.0,4.25,3.5,4.0,3.25,2.75,3.0,3.25,2.75,4.25,3.5,2.0,3.0,4.0
2,2,1.0,50.0,1.0,2.0,1.0,5.0,1.0,40.0,40.0,1.0,100.0,1499.7500416597234,1661.7230461589734,8.652404086498404,8.652404086498404,1.0,3.0,7.0,7.0,2,,,,20.0,15.0,2.0,3.0,50.0,37.5,5.0,7.5,3.1666666666666665,3.0,2.3333333333333335,4.75,3.6666666666666665,3.2,3.0,5.0,5.0,4.0,4.5,4.666666666666667,3.6666666666666665,3.25,3.75,3.5,4.0,3.0,2.75,2.5,2.75,2.25,3.75,2.75,4.0,4.0
2,2,2.0,47.0,1.0,2.0,1.0,6.0,1.0,40.0,50.0,3.0,125.0,2082.9861689718377,2307.948675220796,12.017227897914449,9.613782318331559,1.0,5.0,1.0,0.0,2,,,,20.0,10.0,10.0,10.0,40.0,20.0,20.0,20.0,2.5,4.0,2.8333333333333335,4.0,4.333333333333333,3.2,4.25,3.3333333333333335,4.0,6.333333333333333,6.25,6.0,3.0,4.5,3.75,4.75,3.25,3.0,3.25,2.5,2.0,4.0,2.75,2.25,3.0,4.0
2,2,1.0,49.0,1.0,2.0,1.0,5.0,1.0,40.0,50.0,3.0,125.0,1374.770871521413,1523.2461256457254,7.9313704126235365,6.345096330098828,1.0,3.0,1.0,0.0,2,,,,10.0,15.0,5.0,10.0,20.0,30.0,10.0,20.0,3.5,2.0,2.8333333333333335,3.25,3.0,3.0,3.25,4.666666666666667,4.666666666666667,6.0,5.25,5.666666666666667,3.0,3.0,3.0,2.5,3.25,2.5,2.25,2.25,2.25,2.25,3.0,3.75,4.0,4.0
2,2,2.0,34.0,1.0,2.0,1.0,1.0,2.0,40.0,45.0,3.0,112.5,2082.9861689718377,2307.948675220796,12.017227897914449,10.681980353701732,1.0,2.0,1.0,0.0,2,,,,25.0,8.0,0.0,12.0,55.55555555555556,17.77777777777778,0.0,26.666666666666668,4.666666666666667,4.0,2.6666666666666665,2.75,4.666666666666667,3.6,3.75,1.9999999999999998,4.333333333333333,2.6666666666666665,6.25,6.666666666666667,2.0,2.25,4.5,4.0,3.5,4.0,3.0,1.5,2.75,4.75,2.75,3.0,3.0,2.0
2,2,2.0,47.0,1.0,2.0,1.0,8.0,1.0,40.0,40.0,1.0,100.0,1458.0903182802865,1615.564072654557,8.412059528540114,8.412059528540114,1.0,4.0,5.0,5.0,2,,,,20.0,3.0,3.0,14.0,50.0,7.5,7.5,35.0,2.5,4.0,3.0,2.75,2.0,3.0,4.0,4.0,3.3333333333333335,4.333333333333333,5.25,5.666666666666667,3.3333333333333335,3.0,3.0,2.5,3.75,3.5,3.75,2.5,1.75,3.75,3.5,2.75,4.0,2.0
2,2,1.0,52.0,1.0,2.0,1.0,1.0,1.0,40.0,45.0,3.0,112.5,2499.5834027662054,2769.5384102649555,14.420673477497337,12.818376424442077,3.0,5.0,6.0,5.0,2,,,,20.0,10.0,5.0,10.0,44.44444444444444,22.22222222222222,11.11111111111111,22.22222222222222,3.5,4.0,2.8333333333333335,3.75,4.0,3.2,2.25,1.0,1.6666666666666667,2.5,3.75,5.333333333333333,1.0,2.75,2.75,2.75,2.5,4.0,2.5,2.5,3.0,4.0,3.0,3.25,2.0,5.0
2,2,2.0,45.0,1.0,2.0,1.0,4.0,2.0,28.0,28.0,1.0,100.0,958.1736377270454,1061.6563906015665,7.897035475772353,7.897035475772353,1.0,3.0,1.0,0.0,2,,,,14.0,15.0,0.5,0.5,48.5,25.0,5.5,18.5,3.3333333333333335,3.0,2.3333333333333335,4.75,4.333333333333333,2.6,3.0,2.3333333333333335,3.6666666666666665,4.0,5.5,5.666666666666667,1.6666666666666667,3.0,3.25,4.5,2.75,4.0,3.0,2.25,3.0,3.75,3.0,2.75,3.0,3.0
2,2,1.0,39.0,1.0,2.0,1.0,8.0,1.0,40.0,40.0,1.0,100.0,1728.8785202466252,1915.597400433261,9.974299155268993,9.974299155268993,1.0,4.0,2.0,15.0,2,,,,25.0,5.0,5.0,15.0,40.92857142857143,29.2,12.5,16.3,3.3333333333333335,3.0,3.0,1.5,3.6666666666666665,2.6,3.75,3.3333333333333335,2.0,4.333333333333333,6.25,5.666666666666667,2.3333333333333335,3.0,3.5,4.0,2.75,2.75,1.5,2.5,2.75,1.75,2.75,3.0,4.0,4.0
2,2,1.0,59.0,5.0,2.0,1.0,2.0,1.0,40.0,40.0,1.0,100.0,1619.521746375604,1794.430094984169,9.343394690628484,9.343394690628484,1.0,1.0,1.0,0.0,2,,,,26.0,5.0,4.0,5.0,65.0,12.5,10.0,12.5,3.6666666666666665,3.0,2.6666666666666665,4.0,3.3333333333333335,3.4,4.0,2.6666666666666665,5.333333333333333,6.666666666666667,5.75,6.333333333333333,3.0,3.0,4.0,4.75,2.75,2.75,3.25,2.75,3.25,4.25,3.25,2.5,3.0,4.0
2,2,1.0,32.0,1.0,1.0,1.0,10.0,2.0,40.0,40.0,1.0,100.0,1583.0694884185968,1754.0409931678053,9.133093202414981,9.133093202414981,1.0,1.0,5.0,12.0,2,,,,20.0,5.0,10.0,5.0,50.0,12.5,25.0,12.5,3.0,2.0,2.8333333333333335,2.0,4.0,3.4,3.5,5.666666666666667,6.0,3.6666666666666665,5.0,5.333333333333333,3.0,2.0,2.5,3.75,3.5,2.75,2.75,2.0,3.75,4.0,2.75,2.5,4.0,4.0
2,2,2.0,47.0,1.0,4.0,1.0,5.0,1.0,40.0,70.0,3.0,175.0,3124.479253457757,3461.9230128311947,18.025841846871675,10.300481055355242,2.0,3.0,1.0,0.0,2,,,,20.0,20.0,5.0,30.0,37.27272727272727,28.257575757575758,8.734848484848484,21.674242424242422,3.5,2.0,2.6666666666666665,3.0,3.6666666666666665,3.0,4.0,2.3333333333333335,3.0,4.666666666666667,5.75,5.666666666666667,2.6666666666666665,3.25,4.5,3.5,2.75,3.25,3.5,2.0,3.5,3.0,3.5,3.0,3.0,5.0
2,2,2.0,43.0,1.0,2.0,1.0,5.0,2.0,40.0,40.0,1.0,100.0,1958.0069988335276,2169.471754707549,11.296194224039583,11.296194224039583,1.0,1.0,1.0,0.0,2,,,,25.0,5.0,2.0,8.0,62.5,12.5,5.0,20.0,3.5,4.0,2.8333333333333335,3.0,3.0,3.4,4.0,4.0,2.6666666666666665,5.0,5.25,5.666666666666667,1.0,2.25,3.5,3.0,2.75,4.0,3.25,2.75,3.25,4.25,3.0,2.0,2.0,4.0
2,2,2.0,42.0,1.0,2.0,1.0,5.0,1.0,48.0,48.0,1.0,100.0,1458.0903182802865,1615.564072654557,7.010049607116762,7.010049607116762,3.0,4.0,1.0,0.0,2,,,,16.0,24.0,8.0,4.0,28.75,21.25,19.0,18.25,3.3333333333333335,5.0,2.8333333333333335,4.25,4.666666666666667,3.2,3.75,4.666666666666667,4.0,5.0,5.25,5.333333333333333,2.3333333333333335,3.0,4.25,3.75,3.75,3.0,3.75,1.5,3.5,2.75,2.75,3.0,4.0,4.0
2,2,1.0,46.0,1.0,2.0,1.0,8.0,1.0,40.0,60.0,3.0,150.0,3332.7778703549407,3692.7178803532743,19.227564636663118,12.818376424442079,2.0,3.0,1.0,0.0,2,,,,6.0,20.0,10.0,24.0,10.0,33.33333333333333,16.666666666666664,40.0,3.6666666666666665,2.0,3.8333333333333335,3.5,3.6666666666666665,3.4,3.75,4.0,4.333333333333333,4.333333333333333,4.75,5.0,4.0,3.5,3.5,3.5,3.25,3.0,3.5,2.75,3.25,3.0,3.25,2.75,3.0,6.0
2,2,2.0,26.0,3.0,1.0,1.0,2.0,3.0,30.0,45.0,3.0,150.0,1791.3681053157807,1984.8358606898848,13.779754656275236,9.18650310418349,3.0,1.0,3.0,10.0,2,,,,8.0,15.0,15.0,7.0,17.77777777777778,33.33333333333333,33.33333333333333,15.555555555555555,3.1666666666666665,2.0,2.8333333333333335,3.25,3.3333333333333335,3.0,3.25,1.666666666666667,3.3333333333333335,3.0,4.75,5.0,1.3333333333333333,2.5,3.5,2.75,3.25,3.25,2.75,3.5,2.75,4.5,3.25,2.75,4.0,4.0
2,2,1.0,32.0,1.0,1.0,1.0,1.0,2.0,40.0,50.0,3.0,125.0,1999.6667222129645,2215.630728211964,11.536538781997873,9.229231025598297,1.0,1.0,2.0,30.0,2,,,,20.0,15.0,5.0,10.0,40.0,30.0,10.0,20.0,2.1666666666666665,1.0,3.5,1.25,1.3333333333333333,1.8,3.75,4.333333333333333,1.6666666666666667,5.666666666666667,5.5,5.666666666666667,3.0,4.0,4.5,4.5,3.0,2.5,1.0,2.0,3.0,3.5,3.5,3.75,4.0,4.0
2,2,2.0,48.0,1.0,2.0,1.0,5.0,1.0,40.0,50.0,3.0,125.0,2082.9861689718377,2307.948675220796,12.017227897914449,9.613782318331559,1.0,2.0,1.0,0.0,2,,,,25.0,5.0,5.0,5.0,50.0,10.0,10.0,10.0,3.8333333333333335,3.0,3.0,3.25,3.6666666666666665,3.2,3.0,3.3333333333333335,4.0,3.0,5.5,7.0,2.6666666666666665,3.5,4.5,4.25,4.0,3.25,2.75,4.0,4.0,5.0,3.75,2.75,3.0,5.0
2,2,2.0,47.0,2.0,2.0,1.0,5.0,1.0,40.0,40.0,1.0,100.0,1958.0069988335276,2169.471754707549,11.296194224039583,11.296194224039583,4.0,3.0,2.0,20.0,2,,,,25.0,15.0,10.0,5.0,51.9,28.4,5.299999999999999,13.399999999999999,3.3333333333333335,3.0,2.0,2.0,3.3333333333333335,3.6,4.5,5.666666666666667,3.3333333333333335,6.666666666666667,6.5,7.0,3.0,3.5,4.75,3.25,3.25,3.25,2.25,2.5,2.5,4.0,4.0,2.5,3.0,4.0
2,2,2.0,44.0,2.0,2.0,1.0,6.0,1.0,40.0,40.0,1.0,100.0,2916.180636560573,3231.1281453091146,16.824119057080228,16.824119057080228,2.0,4.0,1.0,0.0,2,,,,20.0,10.0,0.0,10.0,50.0,25.0,0.0,25.0,3.5,3.0,3.1666666666666665,3.25,3.6666666666666665,3.6,3.5,5.0,5.0,6.0,5.25,5.333333333333333,3.0,2.75,3.0,4.0,3.0,3.75,2.5,2.5,2.75,3.0,3.0,3.75,4.0,4.0
2,2,1.0,37.0,1.0,2.0,2.0,2.0,1.0,40.0,40.0,1.0,100.0,1749.7083819363438,1938.6768871854688,10.094471434248138,10.094471434248138,2.0,4.0,1.0,0.0,2,,,,15.0,0.5,0.5,24.0,37.5,1.25,1.25,60.0,1.8333333333333333,3.0,3.1666666666666665,3.25,3.3333333333333335,2.8,4.25,4.333333333333333,4.666666666666667,5.333333333333333,4.75,2.6666666666666665,4.0,2.5,4.0,4.0,3.5,3.25,3.25,2.75,2.5,2.0,3.0,3.5,4.0,4.0
2,2,2.0,40.0,1.0,2.0,2.0,6.0,1.0,40.0,40.0,1.0,100.0,1791.3681053157807,1984.8358606898848,10.334815992206426,10.334815992206426,2.0,4.0,1.0,0.0,2,,,,25.0,10.0,1.0,4.0,62.5,25.0,2.5,10.0,2.6666666666666665,3.0,3.3333333333333335,3.75,4.0,2.8,3.5,3.3333333333333335,6.333333333333332,3.6666666666666665,3.25,5.0,3.3333333333333335,3.75,3.5,2.5,2.25,3.0,3.75,2.5,3.5,3.5,3.0,2.25,1.0,4.0
2,2,1.0,38.0,1.0,2.0,2.0,6.0,4.0,4.0,6.0,3.0,150.0,145.80903182802876,161.55640726545562,8.412059528540114,5.608039685693411,1.0,1.0,2.0,50.0,2,,,,2.0,0.0,0.0,0.0,33.33333333333333,0.0,0.0,0.0,1.3333333333333333,2.0,3.3333333333333335,2.25,2.0,2.6,3.5,1.9999999999999998,4.0,3.0,4.5,2.6666666666666665,4.666666666666667,2.5,2.75,2.25,3.75,3.5,3.0,3.25,2.75,3.75,3.0,2.75,2.0,4.0
2,2,2.0,40.0,2.0,2.0,1.0,9.0,1.0,52.0,52.0,1.0,100.0,1874.6875520746541,2077.1538076987167,8.319619313940773,8.319619313940773,1.0,5.0,1.0,0.0,2,,,,30.0,10.0,0.0,12.0,57.692307692307686,19.230769230769234,0.0,23.076923076923077,3.5,4.0,3.0,4.0,5.0,3.0,4.75,3.0,1.3333333333333333,5.333333333333333,6.5,6.333333333333333,2.0,2.25,4.5,3.25,4.0,3.0,2.25,3.0,2.75,4.25,3.0,2.5,3.0,4.0
2,2,2.0,52.0,1.0,1.0,2.0,6.0,1.0,40.0,40.0,1.0,100.0,1666.3889351774703,1846.3589401766371,9.613782318331559,9.613782318331559,2.0,2.0,1.0,0.0,2,,,,20.0,10.0,5.0,10.0,39.25,24.75,10.5,12.75,2.6666666666666665,2.0,3.3333333333333335,2.5,3.6666666666666665,3.0,3.25,4.666666666666667,4.0,4.666666666666667,5.5,5.666666666666667,2.6666666666666665,2.5,4.0,4.0,4.0,2.75,3.75,2.25,3.5,3.75,3.0,2.5,3.0,4.0
2,2,2.0,31.0,2.0,1.0,1.0,9.0,2.0,40.0,30.0,2.0,75.0,1770.5382436260622,1961.756373937677,10.214643713227282,13.61952495096971,2.0,4.0,7.0,15.0,2,,,,15.0,5.0,5.0,5.0,50.0,16.666666666666664,16.666666666666664,16.666666666666664,3.1666666666666665,5.0,3.0,3.5,3.6666666666666665,3.4,4.0,4.0,2.0,4.333333333333333,6.0,6.333333333333333,2.0,4.0,3.0,3.25,3.25,3.25,3.5,3.0,3.0,3.75,3.5,2.75,3.0,4.0
2,2,1.0,53.0,1.0,2.0,1.0,9.0,2.0,24.0,20.0,2.0,83.33333333333334,1249.7917013831027,1384.7692051324777,12.017227897914447,14.420673477497337,1.0,3.0,5.0,20.0,2,,,,11.0,1.0,1.0,7.0,55.00000000000001,5.0,5.0,35.0,3.5,4.0,2.3333333333333335,3.75,4.0,3.2,3.0,1.9999999999999998,3.0,2.3333333333333335,5.0,5.333333333333333,2.3333333333333335,2.5,3.25,3.25,2.5,3.5,3.5,2.5,3.0,3.75,3.0,3.0,2.0,4.0
2,2,2.0,52.0,1.0,4.0,1.0,9.0,5.0,40.0,40.0,1.0,100.0,1499.7500416597234,1661.7230461589734,8.652404086498404,8.652404086498404,1.0,4.0,1.0,0.0,2,,,,25.0,10.0,2.0,3.0,62.5,25.0,5.0,7.5,2.1666666666666665,5.0,2.3333333333333335,5.0,4.333333333333333,2.6,2.75,3.0,1.0,5.0,6.0,7.0,3.0,3.25,4.25,4.5,3.75,3.5,5.0,3.25,3.75,3.75,3.0,1.75,1.0,4.0
2,2,2.0,58.0,1.0,3.0,1.0,8.0,1.0,40.0,50.0,3.0,125.0,1499.7500416597234,1661.7230461589734,8.652404086498404,6.921923269198723,3.0,2.0,4.0,4.0,2,,,,32.0,8.0,8.0,2.0,64.0,16.0,16.0,4.0,3.5,3.0,3.1666666666666665,2.5,3.3333333333333335,2.6,4.5,1.666666666666667,4.0,3.6666666666666665,5.75,5.333333333333333,2.3333333333333335,3.5,4.75,4.75,3.25,4.25,3.5,3.0,2.5,4.75,3.0,2.25,1.0,4.0
2,2,1.0,54.0,1.0,1.0,1.0,5.0,1.0,40.0,56.0,3.0,140.0,2082.9861689718377,2307.948675220796,12.017227897914449,8.583734212796035,1.0,2.0,5.0,56.0,2,,,,8.0,16.0,4.0,28.0,14.285714285714285,28.57142857142857,7.142857142857142,50.0,2.8333333333333335,3.0,3.3333333333333335,2.0,2.0,2.8,2.0,1.0,1.0,3.3333333333333335,5.25,6.333333333333333,2.3333333333333335,1.25,2.25,2.25,2.25,4.25,1.75,1.75,2.75,3.5,3.25,3.75,4.0,5.0
2,2,2.0,30.0,2.0,1.0,1.0,5.0,2.0,40.0,60.0,3.0,150.0,1458.0903182802865,1615.564072654557,8.412059528540114,5.608039685693411,3.0,1.0,1.0,0.0,2,,,,40.0,10.0,5.0,5.0,66.66666666666666,16.666666666666664,8.333333333333332,8.333333333333332,2.3333333333333335,4.0,3.3333333333333335,1.75,2.6666666666666665,2.2,4.5,5.666666666666667,5.666666666666667,6.666666666666667,6.5,6.666666666666667,3.0,3.25,3.75,4.5,2.75,3.5,2.5,2.25,3.0,3.25,3.75,3.5,4.0,4.0
2,2,2.0,44.0,1.0,2.0,1.0,5.0,1.0,40.0,40.0,1.0,100.0,1583.0694884185968,1754.0409931678053,9.133093202414981,9.133093202414981,2.0,5.0,1.0,0.0,2,,,,15.0,8.0,8.0,9.5,45.76923076923077,26.538461538461537,7.423076923076923,20.26923076923077,3.0,3.0,2.5,3.75,4.333333333333333,2.4,3.75,1.3333333333333335,5.0,3.3333333333333335,6.25,6.666666666666667,1.0,2.5,4.25,4.0,3.5,4.25,4.0,3.0,3.0,4.25,3.75,2.75,1.0,4.0
2,2,1.0,28.0,1.0,1.0,1.0,1.0,2.0,20.0,60.0,3.0,300.0,1124.8125312447926,1246.29228461923,12.978606129747607,4.326202043249202,1.0,1.0,1.0,0.0,2,,,,4.0,40.0,10.0,6.0,6.666666666666668,66.66666666666666,16.666666666666664,10.0,3.3333333333333335,2.0,3.3333333333333335,1.75,3.3333333333333335,2.4,4.25,2.3333333333333335,1.6666666666666667,3.0,4.75,4.333333333333333,3.3333333333333335,4.0,4.5,3.75,3.75,3.5,2.25,3.25,3.25,2.5,3.25,3.5,3.0,7.0
2,2,2.0,31.0,3.0,1.0,1.0,5.0,2.0,40.0,45.0,3.0,112.5,1458.0903182802865,1615.564072654557,8.412059528540114,7.4773862475912125,4.0,4.0,5.0,12.5,2,,,,20.0,10.0,5.0,10.0,44.44444444444444,22.22222222222222,11.11111111111111,22.22222222222222,3.5,4.0,2.5,4.25,4.0,3.6,3.75,6.0,5.666666666666667,7.0,6.0,7.0,3.0,5.0,4.25,4.5,3.5,2.75,3.5,3.0,4.0,4.0,3.25,2.5,3.0,4.0
2,2,2.0,50.0,2.0,2.0,1.0,7.0,1.0,40.0,50.0,3.0,125.0,1666.3889351774703,1846.3589401766371,9.613782318331559,7.691025854665247,2.0,3.0,1.0,0.0,2,,,,30.0,20.0,0.0,2.0,38.9375,30.0,12.695833333333333,16.020833333333332,3.8333333333333335,2.0,2.8333333333333335,3.5,3.0,2.4,4.75,3.6666666666666665,6.333333333333332,5.0,6.5,7.0,2.3333333333333335,3.25,5.0,5.0,3.75,3.75,3.25,3.0,3.25,3.5,3.25,2.25,3.0,4.0
2,2,1.0,33.0,1.0,2.0,1.0,1.0,2.0,40.0,50.0,3.0,125.0,1499.7500416597234,1661.7230461589734,8.652404086498404,6.921923269198723,1.0,1.0,1.0,0.0,2,,,,1.0,40.0,1.0,0.0,2.0,80.0,2.0,0.0,3.5,5.0,2.1666666666666665,3.75,4.0,2.8,3.0,1.0,3.3333333333333335,3.0,6.25,7.0,3.0,3.5,4.0,4.25,3.5,3.5,2.75,2.5,3.0,4.5,3.25,2.75,3.0,7.0
2,2,2.0,46.0,3.0,3.0,1.0,5.0,1.0,40.0,40.0,1.0,100.0,1041.4930844859189,1153.974337610398,6.008613948957224,6.008613948957224,1.0,1.0,6.0,10.0,2,,,,35.0,2.0,0.0,10.0,48.5,22.5,14.5,14.5,3.1666666666666665,2.0,2.6666666666666665,3.0,2.6666666666666665,2.6,3.25,1.0,1.6666666666666667,1.666666666666667,6.0,6.0,2.6666666666666665,1.5,3.75,4.0,2.5,3.5,2.25,3.25,2.5,3.5,3.75,3.25,2.0,4.0
2,2,2.0,46.0,1.0,2.0,1.0,8.0,1.0,40.0,50.0,3.0,125.0,1958.0069988335276,2169.471754707549,11.296194224039583,9.036955379231665,1.0,1.0,1.0,0.0,2,,,,25.0,20.0,1.0,5.0,39.743059777102324,35.15690645052347,8.93981762917933,20.179128672745694,3.1666666666666665,3.0,2.8333333333333335,2.75,2.3333333333333335,2.8,2.75,3.3333333333333335,3.0,4.333333333333333,5.0,5.333333333333333,2.3333333333333335,2.75,2.25,2.75,2.75,3.5,3.75,3.5,3.25,3.75,3.5,2.25,2.0,4.0
2,2,1.0,46.0,1.0,2.0,1.0,10.0,1.0,40.0,40.0,1.0,100.0,2082.9861689718377,2307.948675220796,12.017227897914449,12.017227897914449,1.0,1.0,1.0,0.0,2,,,,6.0,25.0,9.0,5.0,49.0,23.5,7.5,17.0,3.3333333333333335,3.0,3.0,3.25,4.0,3.8,2.25,1.3333333333333335,4.333333333333333,2.3333333333333335,4.75,5.333333333333333,2.0,2.25,3.25,3.5,3.75,3.5,3.5,3.75,3.5,5.0,4.0,1.75,2.0,7.0
2,2,2.0,36.0,2.0,1.0,1.0,5.0,1.0,40.0,60.0,3.0,150.0,1666.3889351774703,1846.3589401766371,9.613782318331559,6.409188212221039,1.0,4.0,1.0,0.0,2,,,,30.0,10.0,0.0,20.0,50.0,16.666666666666664,0.0,33.33333333333333,2.3333333333333335,4.0,3.0,3.25,2.6666666666666665,2.0,4.0,1.3333333333333335,1.0,5.0,6.25,6.0,3.0,3.0,3.75,4.0,3.5,3.75,4.5,3.75,3.5,4.0,3.5,1.75,1.0,4.0
2,2,1.0,27.0,2.0,1.0,1.0,1.0,2.0,10.0,50.0,3.0,500.0,1124.8125312447926,1246.29228461923,25.957212259495215,5.191442451899043,1.0,2.0,1.0,0.0,2,,,,4.0,46.0,2.0,1.0,12.533333333333335,66.66666666666667,10.799999999999997,10.0,3.8333333333333335,2.0,2.6666666666666665,3.5,3.6666666666666665,2.6,4.25,2.6666666666666665,5.0,6.0,5.5,6.0,2.0,4.5,5.0,5.0,3.25,4.0,3.75,3.25,3.0,3.25,3.25,2.75,1.0,7.0
2,2,1.0,38.0,1.0,2.0,1.0,1.0,1.0,40.0,55.0,3.0,137.5,2082.9861689718377,2307.948675220796,12.017227897914449,8.739802107574144,3.0,2.0,1.0,0.0,2,,,,4.0,20.0,25.0,1.0,7.27272727272727,36.36363636363637,45.45454545454545,1.8181818181818201,3.1666666666666665,2.0,3.0,3.25,3.6666666666666665,3.2,4.25,3.0,3.6666666666666665,2.6666666666666665,5.25,5.666666666666667,3.0,4.25,4.75,4.5,4.0,3.0,3.5,2.25,2.75,3.5,3.75,2.5,3.0,4.0
2,2,1.0,37.0,1.0,2.0,1.0,5.0,2.0,40.0,40.0,1.0,100.0,2041.3264455924011,2261.7897017163805,11.77688333995616,11.77688333995616,1.0,1.0,1.0,0.0,2,,,,10.0,25.0,5.0,0.0,25.0,62.5,12.5,0.0,3.0,4.0,2.5,4.0,3.6666666666666665,2.6,2.0,1.9999999999999998,4.0,3.6666666666666665,3.75,5.333333333333333,2.3333333333333335,3.25,2.5,3.5,3.75,3.75,3.25,3.0,3.0,3.75,3.25,3.0,2.0,4.0
2,2,2.0,50.0,1.0,2.0,1.0,10.0,1.0,40.0,50.0,3.0,125.0,1874.6875520746541,2077.1538076987167,10.815505108123004,8.652404086498404,1.0,2.0,5.0,60.0,2,,,,20.0,22.0,3.0,5.0,40.0,44.0,6.0,10.0,3.1666666666666665,2.0,3.1666666666666665,3.75,3.3333333333333335,3.2,3.25,5.0,5.0,5.333333333333333,4.25,3.0,4.0,2.25,4.0,1.75,3.25,3.5,2.25,2.25,3.0,3.75,3.0,3.25,4.0,4.0
2,2,1.0,74.0,1.0,1.0,1.0,8.0,1.0,8.0,15.0,3.0,187.5,416.59723379436764,461.58973504415917,12.017227897914449,6.409188212221039,1.0,2.0,1.0,0.0,2,,,,8.0,2.0,2.0,2.0,53.333333333333336,13.333333333333336,13.333333333333334,13.333333333333334,3.5,4.0,3.0,3.0,3.3333333333333335,3.0,3.0,3.0,3.0,5.0,4.75,5.0,3.3333333333333335,3.0,2.75,4.0,3.25,2.5,2.75,3.5,3.25,3.75,3.25,3.5,4.0,5.0
2,2,2.0,30.0,2.0,1.0,1.0,5.0,2.0,40.0,40.0,1.0,100.0,1333.1111481419762,1477.0871521413096,7.691025854665247,7.691025854665247,1.0,2.0,4.0,24.0,2,,,,15.0,10.0,10.0,5.0,37.5,25.0,25.0,12.5,3.6666666666666665,5.0,2.5,5.0,5.0,3.6,3.25,1.9999999999999998,2.0,7.0,5.75,7.0,3.0,3.5,2.5,3.25,2.5,3.0,3.0,2.5,3.25,4.75,3.25,3.0,2.0,4.0
2,2,2.0,44.0,1.0,3.0,1.0,8.0,1.0,40.0,70.0,3.0,175.0,1666.3889351774703,1846.3589401766371,9.613782318331559,5.493589896189462,3.0,1.0,4.0,70.0,2,,,,16.0,2.0,2.0,50.0,22.857142857142858,2.8571428571428577,2.8571428571428577,71.42857142857143,2.3333333333333335,3.0,3.0,3.0,3.0,2.2,4.5,1.9999999999999998,2.0,2.6666666666666665,4.0,4.0,3.0,3.5,3.0,3.5,2.0,3.0,2.5,2.3333333333333335,2.5,3.5,3.0,3.0,3.4,4.0
2,2,1.0,40.0,2.0,2.0,1.0,1.0,1.0,40.0,40.0,1.0,100.0,2916.180636560573,3231.1281453091146,16.824119057080228,16.824119057080228,3.0,4.0,3.0,15.0,2,,,,12.0,10.0,10.0,8.0,30.0,25.0,25.0,20.0,3.0,3.0,2.3333333333333335,4.75,4.666666666666667,3.6,3.0,2.3333333333333335,3.0,2.3333333333333335,5.25,6.0,2.3333333333333335,4.5,4.0,3.75,3.75,3.25,3.25,2.75,4.0,5.0,2.75,3.0,1.0,5.0
2,2,2.0,32.0,4.0,1.0,1.0,8.0,2.0,28.0,28.0,1.0,100.0,958.1736377270454,1061.6563906015665,7.897035475772353,7.897035475772353,1.0,2.0,6.0,10.0,2,,,,15.0,15.0,2.0,5.0,52.0,21.833333333333332,11.083333333333334,15.083333333333332,3.1666666666666665,4.0,3.1666666666666665,2.75,3.3333333333333335,2.8,3.75,2.6666666666666665,4.333333333333333,4.333333333333333,5.5,6.0,3.0,4.0,4.0,2.5,3.25,3.5,4.0,3.25,2.75,2.25,3.0,2.75,4.0,3.0
2,2,2.0,46.0,3.0,1.0,1.0,5.0,1.0,40.0,50.0,3.0,125.0,1666.3889351774703,1846.3589401766371,9.613782318331559,7.691025854665247,3.0,2.0,5.0,6.0,2,,,,15.0,15.0,15.0,5.0,30.0,30.0,30.0,10.0,2.0,2.0,3.1,3.0,2.6666666666666665,1.8,4.0,3.3333333333333335,7.0,3.6666666666666665,5.5,5.666666666666667,3.0,2.5,2.75,2.75,3.5,3.0,2.75,2.5,2.25,2.75,2.25,3.75,4.0,4.0
2,2,2.0,55.0,4.0,1.0,1.0,10.0,1.0,40.0,40.0,1.0,100.0,1249.7917013831027,1384.7692051324777,7.210336738748668,7.210336738748668,1.0,1.0,1.0,0.0,2,,,,25.0,20.0,1.0,0.0,39.45454545454545,25.772727272727273,12.386363636363637,9.886363636363637,3.3333333333333335,4.0,2.6666666666666665,3.25,2.6666666666666665,2.4,3.5,1.9999999999999998,1.0,6.0,6.25,7.0,2.6666666666666665,4.5,5.0,5.0,4.0,3.25,2.5,2.0,2.75,4.25,3.0,2.5,3.0,4.0
2,2,2.0,41.0,2.0,4.0,1.0,8.0,1.0,40.0,40.0,1.0,100.0,1249.7917013831027,1384.7692051324777,7.210336738748668,7.210336738748668,1.0,2.0,4.0,12.0,2,,,,25.0,10.0,2.0,3.0,62.5,25.0,5.0,7.5,2.5,3.0,3.5,1.25,1.6666666666666667,1.4,3.5,2.6666666666666665,2.3333333333333335,5.666666666666667,5.75,3.6666666666666665,4.0,4.0,3.75,4.0,3.25,3.5,3.5,3.25,3.25,3.5,3.25,2.25,3.0,4.0
2,2,1.0,44.0,1.0,2.0,1.0,10.0,1.0,40.0,24.0,2.0,60.0,1749.7083819363438,1938.6768871854688,10.094471434248138,16.824119057080228,1.0,4.0,6.0,24.0,2,,,,15.0,5.0,2.0,2.0,62.5,20.833333333333336,8.333333333333332,8.333333333333332,3.1666666666666665,5.0,2.6666666666666665,2.75,3.3333333333333335,2.8,2.0,1.666666666666667,1.0,2.3333333333333335,5.75,6.333333333333333,2.0,3.75,2.75,2.5,2.25,3.0,4.25,2.75,4.0,4.75,2.75,2.0,1.0,4.0
2,2,1.0,44.0,2.0,2.0,1.0,5.0,1.0,40.0,40.0,1.0,100.0,1583.0694884185968,1754.0409931678053,9.133093202414981,9.133093202414981,1.0,4.0,1.0,0.0,2,,,,20.0,15.0,2.0,5.0,45.0,26.5,7.5,18.5,4.166666666666667,4.0,2.5,4.5,4.666666666666667,3.2,3.0,2.6666666666666665,3.6666666666666665,3.0,5.0,6.333333333333333,2.3333333333333335,3.0,3.5,3.25,3.25,3.75,3.25,3.0,3.25,3.75,3.0,2.5,2.0,4.0
2,2,1.0,35.0,1.0,2.0,1.0,5.0,1.0,40.0,48.0,3.0,120.0,1458.0903182802865,1615.564072654557,8.412059528540114,7.010049607116762,1.0,2.0,1.0,0.0,2,,,,20.0,10.0,10.0,10.0,38.02222222222222,31.555555555555554,6.155555555555555,16.044444444444444,2.3333333333333335,4.0,2.6666666666666665,4.75,4.333333333333333,2.8,3.5,1.3333333333333335,3.3333333333333335,3.0,5.75,6.666666666666667,2.0,3.75,3.75,3.75,3.5,3.5,3.75,2.0,3.0,4.75,3.5,2.5,3.0,4.0
2,2,1.0,48.0,1.0,2.0,1.0,5.0,1.0,40.0,40.0,1.0,100.0,1458.0903182802865,1615.564072654557,8.412059528540114,8.412059528540114,1.0,3.0,1.0,0.0,2,,,,10.0,25.0,5.0,0.0,25.0,62.5,12.5,0.0,4.166666666666667,4.0,2.3333333333333335,4.25,4.0,3.2,2.5,2.6666666666666665,4.666666666666667,4.333333333333333,5.25,6.0,2.3333333333333335,2.75,2.5,3.25,3.0,3.5,4.0,2.75,3.5,4.0,3.25,2.75,2.0,4.0
2,2,2.0,39.0,2.0,2.0,1.0,5.0,1.0,40.0,40.0,1.0,100.0,1874.6875520746541,2077.1538076987167,10.815505108123004,10.815505108123004,3.0,4.0,1.0,0.0,2,,,,20.0,10.0,5.0,5.0,50.0,25.0,12.5,12.5,3.6666666666666665,5.0,2.3333333333333335,5.0,4.333333333333333,3.4,3.0,1.666666666666667,3.0,4.666666666666667,6.25,6.666666666666667,2.6666666666666665,3.5,4.5,4.25,2.5,3.5,3.75,3.25,4.0,4.0,3.75,2.75,1.0,4.0
2,2,2.0,59.0,1.0,1.0,1.0,5.0,1.0,40.0,50.0,3.0,125.0,2082.9861689718377,2307.948675220796,12.017227897914449,9.613782318331559,3.0,4.0,1.0,0.0,2,,,,20.0,20.0,5.0,5.0,40.0,40.0,10.0,10.0,3.8333333333333335,3.0,2.5,5.0,4.333333333333333,3.2,3.75,3.6666666666666665,3.6666666666666665,6.333333333333333,6.0,6.666666666666667,3.0,3.75,4.25,4.5,3.25,4.25,4.5,3.5,3.5,4.75,3.5,2.5,1.0,5.0
2,2,2.0,59.0,1.0,1.0,1.0,7.0,1.0,40.0,50.0,3.0,125.0,2082.9861689718377,2307.948675220796,12.017227897914449,9.613782318331559,4.0,3.0,5.0,5.0,2,,,,15.0,20.0,10.0,5.0,30.0,40.0,20.0,10.0,4.0,5.0,2.3333333333333335,3.75,4.0,3.0,3.0,2.6666666666666665,3.0,3.6666666666666665,6.25,6.0,2.0,3.25,3.75,3.0,2.0,4.25,4.0,1.75,3.25,3.75,3.5,3.0,2.0,5.0
2,2,1.0,44.0,1.0,2.0,1.0,1.0,1.0,40.0,67.0,3.0,167.5,2707.882019663389,3000.3332777870355,15.622396267288783,9.326803741664946,3.0,3.0,1.0,0.0,2,,,,22.5,22.5,10.0,10.0,33.582089552238806,33.582089552238806,14.925373134328357,14.925373134328357,3.1666666666666665,4.0,3.0,2.0,3.3333333333333335,2.8,3.25,1.0,1.0,2.3333333333333335,6.0,7.0,1.0,1.75,5.0,3.0,3.25,4.25,3.0,2.25,3.25,4.5,3.0,3.25,2.0,5.0
2,2,2.0,50.0,3.0,2.0,1.0,5.0,1.0,40.0,40.0,1.0,100.0,2520.413264455924,2792.617897017164,14.540845756476486,14.540845756476486,1.0,1.0,1.0,0.0,2,,,,15.0,20.0,2.0,3.0,37.5,50.0,5.0,7.5,3.0,4.0,2.6666666666666665,4.0,3.3333333333333335,3.6,3.5,2.3333333333333335,3.0,2.3333333333333335,5.25,5.333333333333333,1.0,2.5,4.25,4.0,2.75,3.25,2.25,1.75,4.25,4.5,3.5,3.75,4.0,5.0
2,2,2.0,42.0,1.0,2.0,1.0,8.0,1.0,40.0,40.0,1.0,100.0,1583.0694884185968,1754.0409931678053,9.133093202414981,9.133093202414981,3.0,3.0,1.0,0.0,2,,,,20.0,5.0,5.0,10.0,50.0,12.5,12.5,25.0,2.3333333333333335,2.0,3.1666666666666665,3.0,3.6666666666666665,2.4,4.75,2.6666666666666665,4.333333333333333,3.6666666666666665,4.75,4.333333333333333,2.6666666666666665,3.5,4.0,4.5,3.25,3.5,2.75,2.25,2.5,2.6666666666666665,3.75,2.3333333333333335,3.2,4.0
2,2,1.0,37.0,2.0,1.0,1.0,3.0,2.0,40.0,50.0,3.0,125.0,1416.4305949008499,1569.4050991501415,8.171714970581826,6.53737197646546,1.0,1.0,1.0,0.0,2,,,,30.0,12.0,10.0,5.0,39.06666666666666,24.53333333333333,17.542857142857144,18.857142857142858,3.3333333333333335,2.0,3.3333333333333335,2.75,2.3333333333333335,2.6,3.0,3.3333333333333335,3.0,2.0,4.5,6.333333333333333,2.3333333333333335,3.25,3.75,4.0,3.25,3.25,3.0,2.75,2.25,2.25,2.5,2.5,4.0,4.0
2,2,2.0,44.0,1.0,2.0,1.0,3.0,1.0,40.0,50.0,3.0,125.0,1874.6875520746541,2077.1538076987167,10.815505108123004,8.652404086498404,1.0,3.0,1.0,0.0,2,,,,15.0,5.0,2.0,10.0,30.0,10.0,4.0,20.0,3.3333333333333335,2.0,2.6666666666666665,2.25,4.0,2.2,3.5,4.0,5.666666666666667,6.333333333333333,6.0,6.666666666666667,3.3333333333333335,2.25,4.25,5.0,3.75,3.5,4.25,2.5,3.25,4.25,3.25,3.0,2.0,4.0
2,2,2.0,42.0,1.0,2.0,1.0,3.0,2.0,40.0,10.0,2.0,25.0,1458.0903182802865,1615.564072654557,8.412059528540114,33.648238114160456,1.0,1.0,1.0,0.0,2,,,,8.0,6.0,4.0,6.0,54.121212121212125,24.742424242424242,6.606060606060606,14.530303030303031,2.0,3.0,3.6666666666666665,2.0,3.6666666666666665,2.4,3.75,1.3333333333333335,4.0,5.0,6.0,5.333333333333333,3.3333333333333335,2.0,2.5,3.75,3.5,3.25,3.0,2.75,3.25,3.0,3.0,2.75,4.0,4.0
2,2,2.0,41.0,2.0,2.0,1.0,3.0,2.0,40.0,50.0,3.0,125.0,1583.0694884185968,1754.0409931678053,9.133093202414981,7.306474561931985,1.0,2.0,1.0,0.0,2,,,,30.0,10.0,0.0,10.0,60.0,20.0,0.0,20.0,2.3333333333333335,3.0,3.5,3.5,4.666666666666667,3.0,3.75,1.666666666666667,3.0,3.6666666666666665,4.25,6.0,1.6666666666666667,2.25,4.0,2.75,4.0,3.75,3.75,3.25,2.75,3.5,2.5,3.25,2.0,4.0
2,2,2.0,47.0,3.0,4.0,1.0,10.0,1.0,40.0,47.0,3.0,117.5,1374.770871521413,1523.2461256457254,7.9313704126235365,6.750102478828541,1.0,2.0,7.0,12.5,2,,,,25.0,10.0,1.0,10.0,53.191489361702125,21.27659574468085,2.127659574468085,21.27659574468085,2.3333333333333335,4.0,2.6666666666666665,2.75,3.3333333333333335,2.0,3.0,1.0,1.0,4.333333333333333,6.0,6.333333333333333,3.0,3.25,2.5,2.5,3.5,3.25,3.75,3.5,3.5,3.25,3.75,2.75,2.0,4.0
2,2,2.0,45.0,1.0,2.0,1.0,3.0,1.0,20.0,20.0,1.0,100.0,833.1944675887353,923.1794700883186,9.613782318331559,9.613782318331559,1.0,3.0,1.0,0.0,2,,,,10.0,5.0,1.0,4.0,50.0,25.0,5.0,20.0,2.6666666666666665,5.0,2.6666666666666665,1.75,3.0,3.0,3.25,3.6666666666666665,5.333333333333333,5.666666666666667,5.75,5.0,4.333333333333333,2.75,4.5,4.25,2.5,3.75,3.75,2.25,3.0,3.25,3.25,2.5,3.0,4.0
2,2,2.0,37.0,1.0,2.0,1.0,5.0,1.0,40.0,55.0,3.0,137.5,1399.7667055490751,1550.9415097483752,8.07557714739851,5.873147016289826,1.0,1.0,5.0,10.0,2,,,,45.0,9.0,1.0,1.0,34.330735930735926,24.387878787878787,14.597402597402597,23.35064935064935,2.6666666666666665,3.0,2.8333333333333335,2.0,3.3333333333333335,2.0,3.75,1.9999999999999998,1.3333333333333333,5.0,5.75,5.0,3.6666666666666665,3.25,4.0,5.0,3.25,3.0,3.25,2.25,2.5,2.75,3.25,3.5,4.0,3.0
2,2,2.0,45.0,1.0,2.0,1.0,1.0,1.0,40.0,40.0,1.0,100.0,2082.9861689718377,2307.948675220796,12.017227897914449,12.017227897914449,1.0,4.0,1.0,0.0,2,,,,6.0,20.0,9.0,5.0,15.0,50.0,22.5,12.5,3.3333333333333335,3.0,3.0,3.5,4.0,2.8,3.25,3.6666666666666665,4.666666666666667,5.0,4.5,4.333333333333333,3.0,3.25,3.5,3.75,3.25,2.75,3.75,2.75,3.0,4.0,3.5,3.0,3.0,4.0
2,2,2.0,50.0,1.0,2.0,1.0,3.0,2.0,26.0,31.0,3.0,119.23076923076923,958.1736377270454,1061.6563906015665,8.504499743139457,7.132806236181479,1.0,2.0,1.0,0.0,2,,,,5.0,18.0,1.0,2.0,16.129032258064516,58.06451612903226,3.225806451612904,6.451612903225806,3.5,2.0,3.1666666666666665,3.25,3.0,2.4,3.25,2.6666666666666665,4.333333333333333,3.3333333333333335,3.5,4.666666666666667,2.6666666666666665,2.0,3.0,3.5,2.5,3.5,3.0,2.5,3.25,3.75,3.0,3.5,4.0,4.0
2,2,1.0,44.0,3.0,1.0,1.0,3.0,2.0,40.0,50.0,3.0,125.0,1541.40976503916,1707.8820196633892,8.892748644456693,7.114198915565355,1.0,2.0,1.0,0.0,2,,,,30.0,8.0,10.0,2.0,60.0,16.0,20.0,4.0,3.1666666666666665,2.0,3.0,2.5,3.3333333333333335,2.4,3.5,3.0,2.3333333333333335,4.666666666666667,5.0,4.0,2.6666666666666665,3.25,3.5,4.25,3.5,3.0,2.75,2.5,3.0,3.0,3.0,2.5,3.6,4.0
2,2,2.0,53.0,1.0,3.0,1.0,1.0,1.0,40.0,55.0,3.0,137.5,2082.9861689718377,2307.948675220796,12.017227897914449,8.739802107574144,1.0,1.0,1.0,0.0,2,,,,25.0,20.0,5.0,5.0,45.45454545454545,36.36363636363637,9.090909090909092,9.090909090909093,3.0,3.0,3.1666666666666665,2.75,3.6666666666666665,3.0,4.0,5.0,6.0,6.666666666666667,5.25,5.333333333333333,2.6666666666666665,3.5,4.25,4.5,3.0,3.5,4.0,3.25,3.0,2.75,3.25,3.75,3.0,4.0
2,2,2.0,38.0,1.0,2.0,1.0,5.0,2.0,20.0,40.0,3.0,200.0,833.1944675887353,923.1794700883186,9.613782318331559,4.8068911591657795,1.0,2.0,6.0,30.0,2,,,,20.0,20.0,15.0,5.0,30.033333333333335,57.35714285714286,2.9111111111111114,7.098412698412698,3.0,3.0,3.1666666666666665,3.0,3.6666666666666665,2.2,3.5,4.666666666666667,4.666666666666667,7.0,6.25,7.0,3.3333333333333335,4.5,4.5,3.5,4.0,3.0,4.75,3.5,2.75,5.0,3.25,2.75,1.0,9.0
2,2,2.0,63.0,3.0,1.0,1.0,3.0,1.0,8.0,8.0,1.0,100.0,291.6180636560571,323.1128145309117,8.412059528540114,8.412059528540114,1.0,1.0,1.0,0.0,2,,,,6.0,1.0,0.0,1.0,75.0,12.5,0.0,12.5,3.3333333333333335,2.0,3.5,3.25,3.3333333333333335,3.0,3.5,4.666666666666667,4.333333333333333,4.333333333333333,3.75,3.0,3.0,2.5,3.75,3.75,3.25,3.0,2.0,2.5,3.5,3.25,3.25,3.5,4.0,5.0
2,2,2.0,50.0,1.0,1.0,1.0,10.0,1.0,40.0,50.0,3.0,125.0,2166.3056157307115,2400.2666222296284,12.497917013831028,9.998333611064822,1.0,1.0,5.0,6.0,2,,,,20.0,10.0,12.0,18.0,33.635897435897434,38.07179487179487,20.58974358974359,7.702564102564102,4.0,4.0,2.8333333333333335,4.25,4.333333333333333,3.2,3.25,1.666666666666667,2.0,4.333333333333333,5.75,7.0,3.0,3.5,3.75,4.0,3.25,4.25,4.0,3.5,3.5,4.25,3.5,2.5,1.0,5.0
2,2,1.0,48.0,1.0,2.0,3.0,5.0,1.0,50.0,70.0,3.0,140.0,3332.7778703549407,3692.7178803532743,15.382051709330494,10.987179792378925,4.0,2.0,1.0,0.0,2,,,,20.0,20.0,10.0,20.0,28.57142857142857,28.57142857142857,14.285714285714285,28.57142857142857,1.8333333333333333,3.0,2.6666666666666665,2.0,3.6666666666666665,2.6,4.75,3.6666666666666665,4.333333333333333,4.666666666666667,6.25,5.666666666666667,4.333333333333333,3.25,3.75,4.5,4.25,3.0,3.6666666666666665,2.75,3.5,2.5,3.0,3.0,3.0,3.0
2,2,2.0,42.0,3.0,1.0,1.0,5.0,1.0,40.0,60.0,3.0,150.0,2499.5834027662054,2769.5384102649555,14.420673477497337,9.613782318331557,2.0,5.0,1.0,0.0,2,,,,30.0,10.0,5.0,20.0,33.287179487179486,22.153846153846153,12.0,24.97948717948718,2.8333333333333335,3.0,3.5,2.0,4.0,2.0,5.0,1.0,1.0,5.0,6.5,7.0,3.0,5.0,4.0,4.5,4.0,3.5,4.0,3.5,4.0,5.0,3.5,2.5,3.0,5.0
2,2,1.0,49.0,1.0,2.0,1.0,5.0,2.0,4.0,6.0,3.0,150.0,104.14930844859191,115.39743376103979,6.008613948957224,4.00574263263815,1.0,1.0,2.0,60.0,2,,,,6.0,0.0,0.0,0.0,100.0,0.0,0.0,0.0,2.8333333333333335,4.0,2.8333333333333335,2.6666666666666665,2.6666666666666665,3.2,3.5,3.3333333333333335,2.0,4.333333333333333,5.5,5.666666666666667,2.3333333333333335,3.75,4.5,4.25,3.75,3.75,3.75,3.5,3.75,3.75,3.75,3.25,3.0,2.0
2,2,2.0,43.0,1.0,2.0,1.0,4.0,2.0,40.0,35.0,2.0,87.5,1374.770871521413,1523.2461256457254,7.9313704126235365,9.064423328712612,1.0,4.0,1.0,0.0,2,,,,14.0,8.0,3.0,10.0,40.0,22.857142857142858,8.571428571428571,28.57142857142857,4.0,3.0,2.8333333333333335,2.75,5.0,2.2,3.5,4.333333333333333,6.333333333333332,6.0,4.75,5.0,5.0,2.75,3.0,3.0,2.25,3.0,3.25,2.25,2.5,3.5,2.75,3.25,2.0,4.0
2,2,1.0,38.0,1.0,2.0,1.0,3.0,2.0,40.0,40.0,1.0,100.0,1333.1111481419762,1477.0871521413096,7.691025854665247,7.691025854665247,3.0,2.0,5.0,40.0,2,,,,25.0,5.0,5.0,5.0,62.5,12.5,12.5,12.5,1.6666666666666667,1.0,3.5,1.25,1.6666666666666667,1.8,4.0,1.666666666666667,2.0,5.333333333333333,6.25,6.0,3.6666666666666665,3.0,5.0,4.5,3.75,3.5,3.75,2.5,2.75,1.75,3.0,2.25,3.0,4.0
2,2,2.0,42.0,1.0,2.0,1.0,8.0,1.0,40.0,60.0,3.0,150.0,2082.9861689718377,2307.948675220796,12.017227897914449,8.0114852652763,4.0,4.0,1.0,0.0,2,,,,20.0,10.0,5.0,25.0,33.33333333333333,16.666666666666664,8.333333333333332,41.66666666666667,4.0,4.0,2.1666666666666665,3.0,4.333333333333333,3.6,3.5,1.666666666666667,1.6666666666666667,6.666666666666667,6.25,6.0,3.0,3.75,4.0,4.75,3.75,3.75,5.0,2.75,3.75,5.0,3.25,2.75,1.0,4.0
2,2,2.0,48.0,4.0,2.0,1.0,5.0,1.0,40.0,50.0,3.0,125.0,1499.7500416597234,1661.7230461589734,8.652404086498404,6.921923269198723,1.0,1.0,1.0,0.0,2,,,,50.0,0.0,0.0,5.0,32.12121212121212,28.833333333333332,24.01010101010101,22.535353535353536,4.333333333333333,4.0,2.1666666666666665,4.0,4.0,2.8,4.0,2.6666666666666665,4.0,5.333333333333333,6.0,6.333333333333333,3.0,3.25,4.0,4.25,3.25,3.75,4.0,2.75,3.5,4.0,3.25,3.5,3.0,2.0
2,2,2.0,59.0,1.0,1.0,1.0,5.0,1.0,40.0,55.0,3.0,137.5,1874.6875520746541,2077.1538076987167,10.815505108123004,7.865821896816731,2.0,4.0,1.0,0.0,2,,,,20.0,20.0,5.0,10.0,36.36363636363637,36.36363636363637,9.090909090909092,18.181818181818183,4.166666666666667,4.0,2.3333333333333335,3.25,5.0,4.0,3.25,1.9999999999999998,2.0,6.0,5.25,6.0,2.6666666666666665,3.75,2.75,3.75,3.25,4.5,4.25,3.75,3.5,5.0,3.0,2.75,1.0,5.0
2,2,2.0,34.0,1.0,2.0,3.0,3.0,2.0,20.0,20.0,1.0,100.0,666.5555740709881,738.5435760706548,7.691025854665247,7.691025854665247,4.0,3.0,5.0,27.0,2,,,,10.0,10.0,2.0,0.0,29.5,42.1,16.6,11.8,3.5,4.0,2.1666666666666665,2.25,4.0,3.4,3.25,4.333333333333333,3.3333333333333335,6.0,5.5,5.666666666666667,1.3333333333333333,4.25,4.25,3.5,3.25,3.5,4.25,3.0,3.25,4.0,2.5,2.75,3.0,3.0
2,2,1.0,41.0,3.0,1.0,1.0,5.0,1.0,32.0,55.0,3.0,171.875,1083.1528078653557,1200.1333111148142,7.8111981336443925,4.544697095938556,1.0,3.0,1.0,0.0,2,,,,20.0,30.0,1.0,1.0,36.36363636363637,54.54545454545454,1.8181818181818183,1.8181818181818201,5.0,3.0,2.6666666666666665,4.5,4.0,4.0,3.25,2.3333333333333335,2.6666666666666665,4.333333333333333,6.25,7.0,2.6666666666666665,4.25,4.25,3.5,3.75,3.0,4.5,2.75,3.5,5.0,3.25,2.25,1.0,4.0
2,2,2.0,43.0,1.0,2.0,1.0,5.0,2.0,40.0,40.0,1.0,100.0,1666.3889351774703,1846.3589401766371,9.613782318331559,9.613782318331559,1.0,4.0,4.0,2.0,2,,,,24.0,10.0,3.0,2.0,60.0,25.0,7.5,5.0,3.6666666666666665,4.0,3.0,4.5,4.333333333333333,3.6,3.25,3.0,1.6666666666666667,3.6666666666666665,5.0,6.0,2.6666666666666665,2.75,4.25,2.0,3.75,3.5,3.25,2.25,3.0,5.0,3.5,2.0,3.0,4.0
2,2,1.0,47.0,1.0,2.0,1.0,2.0,1.0,40.0,40.0,1.0,100.0,1374.770871521413,1523.2461256457254,7.9313704126235365,7.9313704126235365,1.0,2.0,1.0,0.0,2,,,,24.0,15.0,0.0,1.0,60.0,37.5,0.0,2.5,3.3333333333333335,4.0,2.3333333333333335,4.0,3.0,2.8,2.25,2.3333333333333335,3.6666666666666665,4.666666666666667,5.0,4.666666666666667,3.0,3.0,2.0,4.75,2.5,4.0,2.75,3.5,2.5,3.25,3.0,3.25,2.0,3.0
2,2,2.0,53.0,2.0,2.0,1.0,1.0,2.0,40.0,40.0,1.0,100.0,1666.3889351774703,1846.3589401766371,9.613782318331559,9.613782318331559,1.0,2.0,1.0,0.0,2,,,,16.0,20.0,5.0,1.0,52.0,25.5,9.0,25.0,2.8333333333333335,5.0,2.6666666666666665,4.0,3.3333333333333335,3.4,3.5,2.3333333333333335,2.6666666666666665,4.0,5.75,6.333333333333333,2.6666666666666665,2.75,3.0,1.25,2.25,4.0,3.0,2.0,2.5,5.0,3.75,3.0,2.0,4.0
2,2,2.0,42.0,1.0,2.0,1.0,3.0,2.0,30.0,35.0,3.0,116.66666666666667,1249.7917013831027,1384.7692051324777,9.613782318331557,8.240384844284193,1.0,1.0,1.0,0.0,2,,,,20.0,5.0,5.0,5.0,57.14285714285714,14.285714285714285,14.285714285714285,14.285714285714285,3.8333333333333335,3.0,3.3333333333333335,1.75,3.6666666666666665,3.2,3.5,4.333333333333333,4.0,6.0,6.0,6.666666666666667,3.3333333333333335,3.75,4.0,3.75,3.0,3.25,2.75,2.25,3.0,4.0,3.25,1.75,3.0,4.0
2,2,2.0,33.0,1.0,1.0,1.0,3.0,2.0,24.0,24.0,1.0,100.0,1041.4930844859189,1153.974337610398,10.014356581595374,10.014356581595374,1.0,1.0,2.0,24.0,2,,,,15.0,9.0,1.0,1.0,34.5,30.416666666666668,2.75,22.833333333333332,2.0,2.0,2.6666666666666665,2.75,2.3333333333333335,2.6,4.0,5.0,3.6666666666666665,4.333333333333333,4.75,5.0,5.0,2.75,3.0,4.25,2.75,3.25,3.0,2.5,3.0,1.75,2.75,3.0,4.0,4.0
2,2,2.0,49.0,2.0,1.0,1.0,5.0,1.0,40.0,40.0,1.0,100.0,1249.7917013831027,1384.7692051324777,7.210336738748668,7.210336738748668,1.0,2.0,5.0,12.0,2,,,,30.0,15.0,10.0,5.0,53.638297872340424,20.127659574468083,12.127659574468085,19.75531914893617,3.3333333333333335,4.0,3.1666666666666665,4.25,3.0,3.0,3.5,5.333333333333333,4.666666666666667,2.0,3.25,4.333333333333333,3.0,2.0,2.5,2.25,3.25,2.75,1.75,2.75,2.5,2.75,3.0,3.5,4.0,3.0
2,2,1.0,60.0,6.0,1.0,1.0,5.0,2.0,20.0,20.0,1.0,100.0,832.319613397767,922.2101316447256,9.60368784689731,9.60368784689731,2.0,3.0,7.0,20.0,2,,,,5.0,5.0,2.0,8.0,25.0,25.0,10.0,40.0,3.6666666666666665,5.0,2.5,4.25,4.333333333333333,4.2,2.0,1.3333333333333335,1.6666666666666667,3.6666666666666665,5.5,6.666666666666667,1.0,3.0,2.25,2.25,2.25,3.6666666666666665,3.75,3.0,3.5,5.0,3.5,2.5,1.8,5.0
2,2,2.0,57.0,2.0,1.0,1.0,9.0,2.0,40.0,40.0,1.0,100.0,1666.3889351774703,1846.3589401766371,9.613782318331559,9.613782318331559,1.0,2.0,5.0,15.0,2,,,,40.0,0.0,0.0,2.0,23.0,42.5,19.0,17.5,3.5,4.0,2.6666666666666665,3.5,3.6666666666666665,3.0,3.75,4.5,5.666666666666667,5.0,4.75,5.0,2.6666666666666665,3.5,3.75,4.0,3.25,3.25,3.75,2.5,3.0,4.25,2.75,2.75,3.0,4.0
2,2,1.0,70.0,5.0,1.0,1.0,3.0,1.0,40.0,30.0,2.0,75.0,1874.6875520746541,2077.1538076987167,10.815505108123004,14.420673477497338,2.0,3.0,2.0,15.0,2,,,,20.0,6.0,2.0,2.0,66.66666666666666,20.0,6.666666666666667,6.666666666666668,3.1666666666666665,4.0,2.6666666666666665,2.75,4.0,3.4,2.75,4.333333333333333,2.3333333333333335,5.0,4.75,5.666666666666667,2.3333333333333335,3.75,3.25,3.75,3.25,3.5,4.0,3.0,3.25,4.0,3.0,2.5,1.0,6.0
2,2,2.0,32.0,2.0,1.0,1.0,3.0,2.0,40.0,50.0,3.0,125.0,1333.1111481419762,1477.0871521413096,7.691025854665247,6.152820683732198,1.0,5.0,1.0,0.0,2,,,,30.0,14.0,1.0,5.0,60.0,28.000000000000004,2.0,10.0,3.0,2.0,2.5,1.25,1.6666666666666667,1.6,3.75,1.666666666666667,2.3333333333333335,4.333333333333333,6.5,4.333333333333333,3.0,3.25,4.75,4.0,4.0,3.5,2.0,2.5,3.5,4.5,3.0,2.0,3.0,4.0
2,2,1.0,46.0,1.0,2.0,1.0,5.0,1.0,40.0,40.0,1.0,100.0,1458.0903182802865,1615.564072654557,8.412059528540114,8.412059528540114,1.0,2.0,4.0,5.0,2,,,,25.0,5.0,0.0,10.0,62.5,12.5,0.0,25.0,3.1666666666666665,2.0,3.3333333333333335,2.5,3.0,3.6,3.5,3.0,1.3333333333333333,3.3333333333333335,5.5,6.0,2.0,2.5,2.0,2.0,3.5,2.75,2.25,2.5,2.75,4.0,3.0,3.75,4.0,4.0
2,2,2.0,24.0,3.0,1.0,1.0,3.0,2.0,20.0,32.0,3.0,160.0,666.5555740709881,738.5435760706548,7.691025854665247,4.8068911591657795,1.0,2.0,1.0,0.0,2,,,,15.0,15.0,3.0,2.0,23.225806451612904,58.94623655913979,7.64516129032258,8.956989247311828,3.5,2.0,2.3333333333333335,3.5,3.3333333333333335,3.4,3.25,3.0,5.333333333333333,3.6666666666666665,3.75,4.333333333333333,3.0,2.0,2.25,2.5,2.25,2.5,1.75,2.75,2.5,3.0,3.5,3.5,4.0,3.0
2,2,2.0,32.0,1.0,2.0,1.0,4.0,2.0,40.0,40.0,1.0,100.0,1333.1111481419762,1477.0871521413096,7.691025854665247,7.691025854665247,1.0,2.0,5.0,12.0,2,,,,28.0,7.0,2.0,3.0,70.0,17.5,5.0,7.5,1.6666666666666667,1.0,3.5,1.6666666666666667,2.6666666666666665,2.6,4.0,3.0,2.6666666666666665,4.666666666666667,4.0,2.6666666666666665,4.0,2.5,3.0,3.0,3.25,3.25,4.0,2.75,2.75,2.5,3.0,3.75,4.0,3.0
2,2,2.0,35.0,1.0,2.0,1.0,1.0,1.0,40.0,40.0,1.0,100.0,1666.3889351774703,1846.3589401766371,9.613782318331559,9.613782318331559,1.0,3.0,1.0,0.0,2,,,,10.0,20.0,10.0,5.0,26.0,33.5,10.0,16.5,3.5,3.0,2.3333333333333335,5.0,4.333333333333333,2.6,3.75,3.0,3.6666666666666665,4.0,5.25,6.0,1.6666666666666667,3.75,2.5,4.0,2.75,3.5,3.75,2.0,3.0,3.5,2.75,2.25,3.0,5.0
2,2,1.0,30.0,1.0,1.0,1.0,1.0,2.0,40.0,40.0,1.0,100.0,1208.131978003666,1338.610231628062,6.96999218079038,6.9699921807903795,1.0,3.0,6.0,20.0,2,,,,20.0,10.0,2.0,3.0,50.0,25.0,5.0,7.5,3.8333333333333335,4.0,2.8333333333333335,4.25,4.666666666666667,3.2,3.25,2.6666666666666665,3.0,4.0,5.75,6.333333333333333,2.3333333333333335,3.25,3.5,3.5,2.75,3.5,2.5,2.75,3.25,4.25,3.25,2.75,3.0,4.0
2,2,2.0,40.0,1.0,1.0,1.0,5.0,1.0,40.0,40.0,1.0,100.0,2082.9861689718377,2307.948675220796,12.017227897914449,12.017227897914449,1.0,2.0,1.0,0.0,2,,,,20.0,15.0,4.0,1.0,50.0,37.5,10.0,2.5,4.0,3.0,2.5,5.0,4.0,3.8,3.0,5.0,4.333333333333333,4.333333333333333,4.5,5.0,3.6666666666666665,1.25,2.25,2.75,2.5,3.0,2.25,2.5,2.75,4.0,3.25,3.25,4.0,4.0
2,2,2.0,32.0,2.0,1.0,1.0,3.0,2.0,40.0,62.0,3.0,155.0,1274.7875354107648,1412.4645892351273,7.354543473523644,4.744866757112028,1.0,1.0,3.0,12.5,2,,,,43.0,27.0,5.0,0.0,32.36363636363636,20.10909090909091,9.636363636363637,29.757575757575754,2.1666666666666665,2.0,3.3333333333333335,1.5,2.3333333333333335,2.6,3.75,3.0,2.0,3.6666666666666665,5.0,5.333333333333333,3.0,4.25,3.75,3.25,3.5,3.0,2.75,2.25,4.0,3.25,4.0,3.0,4.0,3.0
2,2,2.0,39.0,2.0,1.0,1.0,3.0,2.0,40.0,40.0,1.0,100.0,1666.3889351774703,1846.3589401766371,9.613782318331559,9.613782318331559,1.0,2.0,1.0,0.0,2,,,,30.0,10.0,10.0,5.0,57.77963525835867,26.26595744680851,3.2765957446808507,10.75531914893617,2.6666666666666665,2.0,3.1666666666666665,2.5,3.6666666666666665,1.8,4.0,1.0,1.6666666666666667,2.0,5.75,6.333333333333333,1.3333333333333333,2.5,3.75,4.25,3.5,2.5,3.0,2.5,2.0,3.75,3.25,3.25,4.0,4.0
2,2,1.0,43.6,4.0,3.0,1.0,1.0,1.0,40.0,40.0,1.0,100.0,2082.9861689718377,2307.948675220796,12.017227897914449,12.017227897914449,1.0,2.0,5.0,5.0,2,,,,12.0,10.0,3.0,15.0,30.0,25.0,7.5,37.5,3.0,4.0,3.0,2.5,1.6666666666666667,3.2,3.75,4.0,4.333333333333333,6.333333333333333,5.75,6.333333333333333,4.0,3.5,3.0,4.5,2.75,2.5,4.0,2.0,3.75,3.5,3.5,2.5,3.0,5.0
2,2,1.0,45.0,1.0,2.0,1.0,1.0,5.0,40.0,30.0,2.0,75.0,2582.902849525079,2861.8563572737876,14.901362593413918,19.868483457885226,1.0,2.0,1.0,0.0,2,,,,8.0,18.0,1.0,3.0,26.666666666666668,60.0,3.333333333333334,10.0,4.333333333333333,5.0,2.5,4.0,5.0,3.6,3.25,4.333333333333333,5.0,4.666666666666667,4.75,6.666666666666667,1.6666666666666667,3.0,2.5,3.75,2.25,3.0,3.25,3.0,3.5,4.75,4.0,2.75,3.0,7.0
2,2,2.0,40.0,1.0,2.0,1.0,1.0,1.0,40.0,40.0,1.0,100.0,1874.6875520746541,2077.1538076987167,10.815505108123004,10.815505108123004,1.0,2.0,1.0,0.0,2,,,,10.0,20.0,5.0,5.0,25.0,50.0,12.5,12.5,4.666666666666667,5.0,2.3333333333333335,5.0,5.0,4.2,2.75,4.0,1.0,7.0,5.75,7.0,4.0,4.25,3.25,3.25,3.25,3.5,3.0,2.25,2.75,5.0,3.0,2.0,1.0,7.0
2,2,1.0,36.0,2.0,1.0,1.0,5.0,1.0,40.0,40.0,1.0,100.0,1291.4514247625395,1430.9281786368938,7.450681296706959,7.450681296706959,2.0,2.0,1.0,0.0,2,,,,30.0,5.0,5.0,10.0,47.0,28.5,8.0,11.5,2.3333333333333335,2.0,2.8333333333333335,2.5,4.0,3.0,3.75,3.6666666666666665,3.6666666666666665,7.0,6.0,7.0,2.0,3.75,4.5,3.75,2.75,3.75,3.25,3.0,3.0,3.75,3.25,2.5,3.0,4.0
2,2,1.0,39.0,1.0,2.0,1.0,6.0,1.0,40.0,50.0,3.0,125.0,1666.3889351774703,1846.3589401766371,9.613782318331559,7.691025854665247,1.0,3.0,3.0,15.0,2,,,,30.0,5.0,5.0,10.0,60.0,10.0,10.0,20.0,4.0,2.0,3.1666666666666665,2.0,2.0,3.2,4.75,3.3333333333333335,4.666666666666667,3.0,4.25,3.3333333333333335,4.333333333333333,4.0,5.0,5.0,4.25,3.25,4.5,3.5,4.0,2.75,3.0,2.5,3.0,4.0
2,2,2.0,40.0,1.0,1.0,1.0,5.0,1.0,40.0,50.0,3.0,125.0,1291.4514247625395,1430.9281786368938,7.450681296706959,5.960545037365568,1.0,1.0,1.0,0.0,2,,,,26.0,1.0,3.0,10.0,52.0,2.0,6.0,20.0,1.1666666666666667,3.0,3.6666666666666665,2.0,2.6666666666666665,2.2,4.0,4.666666666666667,3.6666666666666665,6.0,6.25,5.666666666666667,1.6666666666666667,3.75,3.75,3.75,3.0,3.25,3.0,2.25,2.75,2.75,3.0,3.0,3.0,4.0
2,2,2.0,32.0,2.0,1.0,1.0,1.0,3.0,40.0,60.0,3.0,150.0,999.8333611064822,1107.815364105982,5.768269390998936,3.8455129273326243,1.0,2.0,1.0,0.0,2,,,,20.0,20.0,15.0,5.0,33.33333333333333,33.33333333333333,25.0,8.333333333333332,2.5,2.0,2.8333333333333335,2.5,2.3333333333333335,2.6,4.0,3.0,3.3333333333333335,5.0,4.0,4.333333333333333,3.3333333333333335,4.0,4.0,3.25,3.25,3.5,3.0,3.5,3.75,2.75,3.0,2.5,3.0,7.0
2,2,2.0,39.0,2.0,1.0,1.0,5.0,1.0,40.0,72.0,3.0,180.0,1583.0694884185968,1754.0409931678053,9.133093202414981,5.073940668008323,1.0,1.0,1.0,0.0,2,,,,40.0,20.0,10.0,2.0,55.55555555555556,27.77777777777778,13.88888888888889,2.7777777777777786,3.6666666666666665,2.0,2.8333333333333335,1.75,2.6666666666666665,3.0,3.75,6.666666666666667,5.666666666666667,6.0,5.5,3.6666666666666665,3.3333333333333335,3.5,4.75,5.0,3.75,2.75,2.0,1.25,3.5,2.75,3.5,2.25,3.0,4.0
2,2,1.0,28.0,3.0,1.0,1.0,1.0,2.0,32.5,42.5,3.0,130.76923076923077,958.1736377270454,1061.6563906015665,6.803599794511565,5.202752784038255,1.0,5.0,2.0,50.0,2,,,,5.0,35.0,0.0,5.0,29.128571428571426,21.457142857142856,5.157142857142857,14.057142857142857,3.3333333333333335,4.0,3.3333333333333335,3.25,4.333333333333333,2.4,2.75,4.333333333333333,4.0,4.0,5.5,5.0,3.0,3.75,3.75,4.25,3.5,3.0,3.75,1.75,3.75,3.5,4.0,2.0,3.0,7.0
2,2,2.0,40.0,1.0,2.0,1.0,4.0,2.0,40.0,50.0,3.0,125.0,1416.4305949008499,1569.4050991501415,8.171714970581826,6.53737197646546,3.0,3.0,1.0,0.0,2,,,,20.0,10.0,10.0,10.0,40.0,20.0,20.0,20.0,2.8333333333333335,3.0,3.0,1.5,2.0,2.2,3.25,2.6666666666666665,4.666666666666667,4.333333333333333,5.25,4.333333333333333,2.6666666666666665,3.0,4.25,4.0,3.75,3.5,3.5,2.75,3.0,3.75,3.0,2.75,3.0,4.0
2,2,1.0,48.0,2.0,2.0,1.0,7.0,1.0,20.0,8.0,2.0,40.0,833.1944675887353,923.1794700883186,9.613782318331559,24.034455795828897,1.0,2.0,2.0,40.0,2,,,,8.0,17.0,2.0,2.0,41.02564102564102,43.07692307692308,2.0,6.974358974358973,2.6666666666666665,4.0,2.6666666666666665,3.4,2.6666666666666665,2.6,3.5,2.3333333333333335,1.3333333333333333,4.666666666666667,5.0,6.0,3.3333333333333335,4.0,3.75,4.0,3.0,3.75,4.25,3.25,3.0,2.75,3.0,2.6666666666666665,2.4,4.0
2,2,2.0,42.0,1.0,1.0,1.0,5.0,1.0,40.0,55.0,3.0,137.5,1249.7917013831027,1384.7692051324777,7.210336738748668,5.243881264544486,4.0,4.0,1.0,0.0,2,,,,25.0,5.0,7.5,15.0,45.45454545454545,9.090909090909093,13.636363636363635,27.27272727272727,2.5,1.0,3.8333333333333335,1.75,2.0,1.8,4.75,5.666666666666667,3.3333333333333335,6.666666666666667,5.75,4.666666666666667,3.0,4.75,5.0,5.0,3.5,3.25,4.25,1.75,3.0,2.25,4.0,2.5,3.0,4.0
2,2,1.0,52.0,1.0,2.0,1.0,9.0,2.0,40.0,40.0,1.0,100.0,2291.2847858690216,2538.743542742876,13.218950687705894,13.218950687705894,2.0,4.0,5.0,20.0,2,,,,12.0,4.0,8.0,16.0,30.0,10.0,20.0,40.0,2.3333333333333335,4.0,2.6666666666666665,3.0,4.333333333333333,2.8,4.25,1.3333333333333335,2.0,3.0,6.25,7.0,1.0,4.0,4.5,4.75,4.0,3.5,4.25,2.25,2.5,4.0,3.0,2.75,3.0,6.0
2,2,2.0,69.0,3.0,1.0,1.0,9.0,3.0,20.0,35.0,3.0,175.0,833.1944675887353,923.1794700883186,9.613782318331559,5.493589896189462,1.0,4.0,1.0,0.0,2,,,,18.0,4.0,4.0,2.0,51.42857142857142,11.42857142857143,11.428571428571429,5.714285714285715,3.5,4.0,2.8333333333333335,3.25,4.333333333333333,3.2,2.75,1.0,1.0,2.0,6.0,7.0,3.0,2.0,3.75,4.5,4.0,2.75,5.0,3.75,3.5,5.0,3.0,2.5,1.0,5.0
2,2,2.0,34.0,1.0,2.0,1.0,9.0,2.0,40.0,40.0,1.0,100.0,1416.4305949008499,1569.4050991501415,8.171714970581826,8.171714970581826,1.0,1.0,1.0,0.0,2,,,,22.0,2.0,0.0,2.0,55.00000000000001,5.0,0.0,5.0,3.3333333333333335,2.0,2.6666666666666665,1.5,2.0,1.6,3.5,3.6666666666666665,4.666666666666667,5.333333333333333,5.5,5.666666666666667,2.6666666666666665,4.25,5.0,4.5,3.75,3.5,4.25,1.25,3.5,3.25,3.25,3.0,3.0,3.0
2,2,2.0,45.0,3.0,1.0,1.0,1.0,1.0,40.0,40.0,1.0,100.0,1499.7500416597234,1661.7230461589734,8.652404086498404,8.652404086498404,1.0,1.0,1.0,50.0,2,,,,17.0,17.0,4.0,2.0,42.5,42.5,10.0,5.0,4.0,3.0,3.0,3.5,3.0,2.4,3.75,5.0,5.666666666666667,5.333333333333333,4.75,5.333333333333333,2.6666666666666665,3.75,4.5,5.0,4.0,2.5,2.75,2.0,2.75,3.0,3.5,3.0,3.0,4.0
2,2,1.0,57.0,1.0,1.0,1.0,9.0,2.0,40.0,40.0,1.0,100.0,2082.9861689718377,2307.948675220796,12.017227897914449,12.017227897914449,2.0,5.0,6.0,0.0,2,,,,18.0,6.0,1.0,9.0,45.0,15.0,2.5,22.5,3.5,5.0,2.8333333333333335,3.0,4.333333333333333,3.4,3.25,3.0,3.0,1.333333333333333,5.5,6.0,1.3333333333333333,3.0,3.0,2.25,3.5,3.25,4.0,3.0,3.75,4.5,3.75,2.75,1.0,6.0
2,2,1.0,40.0,2.0,1.0,1.0,5.0,1.0,40.0,40.0,1.0,100.0,1791.3681053157807,1984.8358606898848,10.334815992206426,10.334815992206426,3.0,4.0,5.0,20.0,2,,,,22.0,6.0,4.0,8.0,55.00000000000001,15.0,10.0,20.0,3.8333333333333335,4.0,3.0,3.5,4.0,3.6,3.0,4.333333333333333,4.0,5.0,5.0,5.333333333333333,2.6666666666666665,3.25,2.25,3.25,3.0,4.0,3.25,3.5,3.5,4.0,3.5,3.0,2.0,4.0
2,2,2.0,29.0,2.0,1.0,1.0,3.0,2.0,40.0,40.0,1.0,100.0,1666.3889351774703,1846.3589401766371,9.613782318331559,9.613782318331559,1.0,1.0,1.0,35.0,2,,,,5.0,1.0,1.0,1.0,12.5,2.5,2.5,2.5,3.3333333333333335,4.0,2.8333333333333335,4.25,4.666666666666667,2.8,3.75,5.0,5.333333333333333,4.0,4.0,5.666666666666667,3.0,4.0,3.75,4.0,3.0,2.75,3.25,2.25,3.0,3.75,3.5,2.5,3.0,4.0
2,2,2.0,50.0,1.0,1.0,1.0,9.0,1.0,40.0,40.0,1.0,100.0,2041.3264455924011,2261.7897017163805,11.77688333995616,11.77688333995616,2.0,2.0,5.0,0.0,2,,,,12.0,20.0,1.0,10.0,45.32857142857143,21.0,5.0,24.0,2.1666666666666665,3.0,3.3333333333333335,2.0,4.666666666666667,2.2,3.5,1.3333333333333335,1.0,2.5,5.75,6.0,1.0,2.5,2.75,2.0,3.0,3.6666666666666665,1.5,2.0,3.0,4.5,2.75,3.6666666666666665,3.5999999999999996,5.0
2,2,2.0,40.4,1.0,2.0,3.0,8.0,2.0,16.0,16.0,1.0,100.0,624.8958506915515,692.3846025662388,9.012920923435836,9.012920923435836,1.0,3.0,1.0,50.0,2,,,,10.0,10.0,2.0,2.0,42.0,21.93333333333333,8.6,21.466666666666665,3.3333333333333335,4.0,2.6666666666666665,3.25,3.3333333333333335,2.8,3.25,4.0,3.6666666666666665,5.0,5.5,5.666666666666667,2.3333333333333335,4.75,4.0,4.0,2.5,3.5,3.25,2.5,3.0,4.25,2.75,2.5,3.0,4.0
1,1,2.0,48.0,2.0,1.0,6.0,5.0,2.0,25.0,25.0,1.0,100.0,1900.0,1679.6,17.538461538461537,17.538461538461537,1.0,1.0,5.0,40.0,2,,,,4.5,3.0,0.0,16.0,18.0,12.0,0.0,64.0,3.5,3.0,3.3333333333333335,3.75,4.333333333333333,2.4,3.25,4.0,4.0,4.0,4.5,4.333333333333333,2.6666666666666665,3.0,4.0,3.5,2.25,3.25,3.5,3.25,3.0,3.75,3.5,3.75,4.0,13.0
1,1,2.0,64.0,3.0,1.0,4.0,11.0,6.0,40.0,40.0,1.0,100.0,3000.0,2652.0,17.307692307692307,17.307692307692307,1.0,2.0,1.0,0.0,2,,,,0.0,0.0,0.0,40.0,0.0,0.0,0.0,100.0,5.0,3.0,3.3333333333333335,2.5,2.6666666666666665,4.2,3.25,3.0,1.3333333333333333,4.0,4.5,6.0,4.0,3.25,2.5,4.25,3.5,2.75,3.5,2.5,2.25,2.75,2.75,2.75,4.0,13.0
1,1,2.0,47.0,2.0,1.0,4.0,6.0,1.0,36.0,55.0,3.0,152.77777777777777,6000.0,5304.0,38.46153846153846,25.174825174825173,1.0,5.0,1.0,0.0,2,,,,0.0,40.0,5.0,10.0,0.0,72.72727272727273,9.090909090909092,18.181818181818183,2.5,3.0,3.1666666666666665,3.0,2.3333333333333335,4.0,3.75,3.0,4.0,1.0,1.75,3.0,4.0,1.0,2.75,1.0,2.75,2.75,1.0,2.0,1.75,2.75,3.0,3.75,4.0,7.0
1,1,1.0,35.0,1.0,1.0,5.0,6.0,1.0,20.0,20.0,1.0,100.0,2000.0,1768.0,23.076923076923077,23.076923076923077,1.0,2.0,3.0,50.0,2,,,,15.0,4.0,0.0,1.0,75.0,20.0,0.0,5.0,3.2,4.0,2.6666666666666665,3.3333333333333335,3.0,2.8,2.0,2.6666666666666665,4.333333333333333,2.6666666666666665,4.0,5.333333333333333,2.0,4.75,2.75,3.25,3.75,2.5,4.0,3.0,4.0,4.25,3.5,3.0,1.0,7.0
1,1,2.0,51.0,4.0,2.0,5.0,9.0,1.0,20.0,20.0,1.0,100.0,1800.0,1591.2,20.769230769230766,20.769230769230766,1.0,2.0,5.0,10.0,2,,,,18.0,10.0,2.0,2.0,19.6,33.733333333333334,5.0,32.46666666666666,2.1666666666666665,2.0,3.0,3.25,3.0,2.4,3.5,5.0,6.666666666666667,4.333333333333333,6.0,6.0,2.0,3.75,4.25,3.25,2.5,2.75,2.75,2.25,3.25,3.75,3.75,3.5,4.0,7.0
1,1,1.0,37.0,2.0,1.0,5.0,2.0,1.0,40.0,45.0,3.0,112.5,5567.0,4921.228,32.11730769230769,28.548717948717947,3.0,3.0,1.0,0.0,2,,,,5.0,30.0,5.0,5.0,11.11111111111111,66.66666666666666,11.11111111111111,11.11111111111111,2.8333333333333335,4.0,2.6666666666666665,4.75,3.6666666666666665,3.0,3.75,4.666666666666667,5.0,4.666666666666667,5.25,6.0,2.0,3.0,3.5,4.25,3.25,3.25,2.75,3.0,3.0,3.25,3.0,4.0,4.0,7.0
1,1,1.0,43.0,1.0,2.0,5.0,4.0,1.0,40.0,40.0,1.0,100.0,5400.0,4773.6,31.153846153846153,31.153846153846153,2.0,4.0,1.0,0.0,2,,,,5.0,5.0,10.0,20.0,12.5,12.5,25.0,50.0,4.0,2.0,3.3333333333333335,3.25,2.6666666666666665,4.0,3.25,2.6666666666666665,2.6666666666666665,2.0,2.75,3.0,3.6666666666666665,1.0,1.0,1.5,4.0,3.5,2.25,3.0,2.25,3.0,3.0,3.75,4.0,7.0
1,1,2.0,40.0,1.0,2.0,4.0,2.0,2.0,40.0,40.0,1.0,100.0,5000.0,4420.0,28.846153846153847,28.846153846153847,3.0,2.0,1.0,0.0,2,,,,11.0,8.0,10.0,11.0,27.500000000000004,20.0,25.0,27.500000000000004,3.1666666666666665,2.0,3.1666666666666665,2.0,4.666666666666667,3.0,3.75,4.333333333333333,3.0,4.333333333333333,6.0,5.0,2.0,3.5,2.0,2.0,2.5,2.75,3.0,2.0,4.0,4.75,3.0,2.25,2.0,7.0
1,1,2.0,44.0,1.0,2.0,4.0,1.0,2.0,40.0,62.0,3.0,155.0,5000.0,4420.0,28.846153846153847,18.610421836228287,3.0,2.0,1.0,0.0,2,,,,6.0,22.0,14.0,20.0,9.677419354838712,35.483870967741936,22.58064516129032,32.25806451612903,3.6666666666666665,2.0,3.5,3.0,3.3333333333333335,2.4,3.75,1.666666666666667,1.6666666666666667,2.0,5.5,4.333333333333333,2.6666666666666665,3.5,4.75,2.75,3.25,2.75,3.75,2.25,3.5,3.5,3.5,3.5,4.0,7.0
1,1,1.0,41.0,2.0,1.0,4.0,1.0,2.0,40.0,60.0,3.0,150.0,5600.0,4950.4,32.30769230769231,21.53846153846154,3.0,1.0,1.0,0.0,2,,,,8.0,45.0,2.0,5.0,13.333333333333336,75.0,3.333333333333334,8.333333333333332,3.8333333333333335,4.0,3.1666666666666665,4.0,4.0,3.0,3.75,4.0,2.3333333333333335,4.333333333333333,5.25,7.0,2.3333333333333335,5.0,3.25,3.0,3.75,3.75,4.5,3.25,3.0,3.75,3.75,3.25,3.0,7.0
1,1,2.0,54.0,2.0,1.0,4.0,5.0,2.0,40.0,75.0,3.0,187.5,4982.3,4404.353200000001,28.744038461538462,15.330153846153847,1.0,1.0,1.0,0.0,2,,,,15.0,20.0,12.0,8.0,20.0,26.666666666666668,16.0,10.666666666666668,3.0,3.0,2.6666666666666665,5.0,3.6666666666666665,2.2,4.0,4.0,4.666666666666667,4.333333333333333,6.0,7.0,2.0,3.0,5.0,4.0,2.75,2.75,2.75,2.25,3.0,4.0,2.75,2.75,3.0,7.0
1,1,2.0,49.0,1.0,2.0,4.0,5.0,2.0,40.0,40.0,1.0,100.0,5000.0,4420.0,28.846153846153847,28.846153846153847,3.0,2.0,1.0,0.0,2,,,,20.0,10.0,5.0,5.0,50.0,25.0,12.5,12.5,3.6666666666666665,4.0,3.0,3.5,4.666666666666667,3.6,3.5,6.333333333333333,5.666666666666667,6.0,6.25,7.0,2.6666666666666665,3.5,3.75,4.0,2.75,3.5,4.25,1.5,3.5,4.5,3.5,2.75,3.0,7.0
1,1,2.0,33.0,1.0,1.0,4.0,5.0,2.0,40.0,60.0,3.0,150.0,6000.0,5304.0,34.61538461538461,23.076923076923077,3.0,2.0,1.0,0.0,2,,,,10.0,30.0,5.0,15.0,16.666666666666664,50.0,8.333333333333332,25.0,2.5,2.0,3.5,1.75,2.3333333333333335,2.4,4.25,3.6666666666666665,5.333333333333333,5.666666666666667,6.0,5.0,2.3333333333333335,4.5,5.0,4.0,2.5,3.0,3.75,2.0,2.75,3.5,3.75,3.75,3.0,7.0
1,1,2.0,63.0,4.0,1.0,4.0,4.0,6.0,40.0,47.5,3.0,118.75,5250.0,4641.0,30.288461538461537,25.506072874493924,1.0,2.0,4.0,7.5,2,,,,35.0,10.0,0.5,2.0,73.68421052631578,21.052631578947366,1.0526315789473681,4.210526315789473,2.6666666666666665,1.0,2.8333333333333335,2.25,3.0,1.8,3.0,1.3333333333333335,1.6666666666666667,4.0,6.0,6.0,2.6666666666666665,3.5,4.5,3.75,3.5,3.5,3.75,3.75,3.25,5.0,2.75,2.75,1.0,7.0
1,1,2.0,46.0,1.0,1.0,4.0,5.0,2.0,40.0,55.0,3.0,137.5,6000.0,5304.0,34.61538461538461,25.174825174825173,3.0,4.0,1.0,0.0,2,,,,15.0,20.0,15.0,5.0,27.27272727272727,36.36363636363637,27.27272727272727,9.090909090909093,4.166666666666667,5.0,2.8333333333333335,4.25,4.333333333333333,4.0,3.25,4.666666666666667,3.6666666666666665,5.666666666666667,5.25,6.666666666666667,2.0,4.25,4.25,3.5,3.25,3.25,2.75,2.25,3.25,3.5,3.0,3.25,3.0,7.0
1,1,1.0,36.0,1.0,2.0,4.0,5.0,2.0,40.0,40.0,1.0,100.0,6500.0,5746.0,37.5,37.5,2.0,2.0,1.0,0.0,2,,,,10.0,15.0,5.0,10.0,25.0,37.5,12.5,25.0,4.666666666666667,3.0,2.8333333333333335,4.25,4.333333333333333,3.6,3.25,4.666666666666667,4.666666666666667,5.333333333333333,6.0,6.0,2.6666666666666665,4.25,2.25,2.75,2.0,3.75,4.0,3.25,3.5,4.5,3.25,3.0,1.0,7.0
1,1,1.0,35.0,1.0,2.0,4.0,1.0,1.0,40.0,45.0,3.0,112.5,6667.0,5893.628000000001,38.46346153846154,34.189743589743586,4.0,4.0,1.0,0.0,2,,,,5.0,10.0,10.0,20.0,11.11111111111111,22.22222222222222,22.22222222222222,44.44444444444444,3.6666666666666665,4.0,3.0,5.0,5.0,4.2,3.5,5.0,1.0,5.333333333333333,6.0,7.0,2.6666666666666665,4.5,4.5,4.25,3.75,3.5,4.5,3.5,4.0,4.25,3.25,3.0,1.0,7.0
1,1,2.0,44.0,1.0,3.0,7.0,5.0,2.0,20.0,40.0,3.0,200.0,1850.0,1635.4,21.346153846153847,10.673076923076923,1.0,2.0,7.0,10.0,2,,,,30.0,10.0,3.0,10.0,53.17460317460317,24.933333333333337,10.774603174603175,11.117460317460317,2.5,4.0,2.5,3.5,3.3333333333333335,3.0,3.75,1.9999999999999998,2.3333333333333335,6.0,6.25,5.666666666666667,3.0,3.0,3.75,2.25,3.0,3.75,4.0,3.0,1.75,4.0,3.0,3.0,3.0,7.0
1,1,1.0,46.0,2.0,2.0,4.0,5.0,1.0,40.0,50.0,3.0,125.0,5000.0,4420.0,28.846153846153847,23.076923076923077,3.0,2.0,1.0,0.0,2,,,,4.0,10.0,20.0,3.0,8.0,20.0,40.0,6.0,3.3333333333333335,4.0,2.8333333333333335,3.0,2.3333333333333335,4.0,3.5,3.3333333333333335,1.6666666666666667,4.666666666666667,6.0,7.0,2.6666666666666665,4.25,2.5,2.0,2.25,3.5,2.75,2.25,3.5,4.25,2.75,2.75,1.0,7.0
1,1,1.0,40.0,2.0,2.0,4.0,2.0,2.0,40.0,50.0,3.0,125.0,6000.0,5304.0,34.61538461538461,27.69230769230769,2.0,2.0,1.0,0.0,2,,,,10.0,20.0,10.0,10.0,20.0,40.0,20.0,20.0,3.5,4.0,2.5,5.0,4.333333333333333,3.2,2.0,3.0,3.0,6.0,5.25,7.0,2.0,3.5,2.5,3.5,2.75,3.25,3.75,3.5,3.5,4.5,3.0,3.25,2.0,7.0
1,1,2.0,56.0,4.0,1.0,4.0,5.0,1.0,40.0,50.0,3.0,125.0,6000.0,5304.0,34.61538461538461,27.69230769230769,4.0,5.0,4.0,10.0,2,,,,15.0,10.0,15.0,10.0,30.0,20.0,30.0,20.0,4.333333333333333,5.0,2.8333333333333335,3.5,5.0,3.6,3.75,1.666666666666667,1.3333333333333333,3.6666666666666665,6.0,7.0,2.0,2.5,4.25,2.5,3.0,3.5,3.25,2.0,3.75,4.5,2.25,2.25,2.0,6.0
1,1,1.0,47.0,1.0,1.0,4.0,5.0,1.0,40.0,40.0,1.0,100.0,3800.0,3359.2,21.923076923076923,21.923076923076923,1.0,3.0,1.0,0.0,2,,,,15.0,15.0,5.0,5.0,37.5,37.5,12.5,12.5,3.3333333333333335,3.0,2.5,3.75,3.3333333333333335,3.4,3.0,3.0,3.3333333333333335,5.0,5.25,5.0,3.3333333333333335,2.75,2.25,2.5,2.25,3.0,2.0,2.75,3.0,3.5,2.75,3.0,4.0,6.0
1,1,2.0,46.0,1.0,2.0,4.0,5.0,1.0,40.0,40.0,1.0,100.0,5500.0,4862.0,31.730769230769234,31.730769230769234,3.0,2.0,1.0,0.0,2,,,,15.0,8.0,8.0,9.0,37.5,20.0,20.0,22.5,3.8333333333333335,3.0,2.5,4.0,4.333333333333333,4.0,3.75,5.333333333333333,3.3333333333333335,6.0,5.5,6.0,3.0,3.25,3.25,4.0,3.0,2.75,2.25,3.0,3.5,4.25,3.5,2.5,3.0,6.0
1,1,2.0,44.0,1.0,2.0,5.0,7.0,2.0,40.0,55.0,3.0,137.5,6650.0,5878.6,38.36538461538461,27.9020979020979,2.0,3.0,1.0,0.0,2,,,,15.0,15.0,10.0,15.0,27.27272727272727,27.27272727272727,18.181818181818183,27.27272727272727,3.8333333333333335,5.0,2.8333333333333335,3.75,3.6666666666666665,2.8,3.25,4.333333333333333,3.0,4.0,5.5,7.0,1.3333333333333333,5.0,3.25,3.0,3.0,4.0,3.5,3.25,3.75,4.75,2.75,2.5,1.0,6.0
1,1,1.0,54.0,1.0,2.0,5.0,5.0,2.0,40.0,50.0,3.0,125.0,6500.0,5746.0,37.5,30.0,2.0,2.0,1.0,0.0,2,,,,16.0,8.0,2.0,24.0,32.0,16.0,4.0,48.0,3.3333333333333335,2.0,2.5,4.5,3.6666666666666665,2.4,3.75,2.3333333333333335,1.6666666666666667,3.0,6.0,6.0,2.6666666666666665,4.5,2.25,2.0,3.75,3.5,2.75,2.75,3.0,3.0,2.75,2.0,3.0,6.0
1,1,1.0,53.0,1.0,2.0,4.0,1.0,1.0,40.0,40.0,1.0,100.0,7000.0,6188.0,40.38461538461539,40.38461538461539,3.0,2.0,1.0,0.0,2,,,,15.0,10.0,10.0,5.0,37.5,25.0,25.0,12.5,3.6666666666666665,3.0,2.8333333333333335,4.25,4.0,3.6,3.5,5.0,1.3333333333333333,3.6666666666666665,5.0,5.0,1.6666666666666667,2.75,1.5,3.25,2.0,4.0,3.0,3.5,3.5,3.5,3.25,3.0,2.0,6.0
1,1,1.0,48.0,1.0,1.0,4.0,2.0,1.0,40.0,55.0,3.0,137.5,6500.0,5746.0,37.5,27.272727272727273,3.0,4.0,1.0,0.0,2,,,,15.0,10.0,15.0,15.0,27.27272727272727,18.181818181818183,27.27272727272727,27.27272727272727,3.1666666666666665,3.0,3.1666666666666665,2.25,4.333333333333333,3.4,3.75,4.666666666666667,3.6666666666666665,3.6666666666666665,6.25,6.0,2.3333333333333335,3.25,4.0,4.0,3.0,2.75,2.75,2.5,3.5,4.0,3.25,4.0,3.0,6.0
1,1,1.0,49.0,1.0,2.0,4.0,4.0,1.0,40.0,40.0,1.0,100.0,6500.0,5746.0,37.5,37.5,1.0,4.0,1.0,0.0,2,,,,2.0,5.0,1.0,10.0,5.0,12.5,2.5,25.0,3.6666666666666665,4.0,2.8333333333333335,4.0,4.0,3.4,3.25,1.3333333333333335,1.6666666666666667,2.0,5.75,6.333333333333333,1.3333333333333333,3.5,3.25,3.75,3.0,3.25,3.25,3.0,3.25,4.0,3.25,2.5,1.0,6.0
1,1,2.0,44.0,2.0,1.0,4.0,5.0,1.0,40.0,40.0,1.0,100.0,6000.0,5304.0,34.61538461538461,34.61538461538461,1.0,2.0,1.0,0.0,2,,,,10.0,20.0,5.0,5.0,25.0,50.0,12.5,12.5,3.3333333333333335,5.0,2.5,4.0,4.0,2.6,3.0,4.0,2.0,4.0,5.75,7.0,1.3333333333333333,3.5,2.5,3.0,3.5,3.5,4.25,2.5,3.5,3.25,2.75,2.0,1.0,6.0
1,1,2.0,47.0,1.0,1.0,4.0,9.0,1.0,30.0,40.0,3.0,133.33333333333331,2700.0,2386.8,20.76923076923077,15.576923076923077,1.0,2.0,1.0,0.0,2,,,,12.5,5.0,5.0,15.0,31.25,12.5,12.5,37.5,3.3333333333333335,2.0,2.8333333333333335,4.25,4.333333333333333,2.4,3.5,1.9999999999999998,1.6666666666666667,5.333333333333333,6.25,5.666666666666667,2.3333333333333335,4.25,3.75,4.25,2.5,4.0,3.75,3.25,3.5,4.25,2.5,3.0,1.0,6.0
1,1,2.0,38.0,2.0,1.0,4.0,5.0,1.0,40.0,40.0,1.0,100.0,5800.0,5127.2,33.46153846153847,33.46153846153847,2.0,4.0,5.0,8.0,2,,,,20.0,15.0,0.0,5.0,50.0,37.5,0.0,12.5,2.8333333333333335,4.0,2.6666666666666665,4.0,3.6666666666666665,3.0,2.75,2.6666666666666665,2.0,3.3333333333333335,4.0,4.333333333333333,1.3333333333333333,2.5,3.25,2.5,2.75,3.5,2.25,2.75,3.25,3.75,3.0,2.75,2.0,6.0
1,1,1.0,52.0,2.0,1.0,4.0,1.0,1.0,40.0,50.0,3.0,125.0,6000.0,5304.0,34.61538461538461,27.69230769230769,4.0,4.0,1.0,0.0,2,,,,12.0,6.0,2.0,20.0,24.0,12.0,4.0,40.0,3.3333333333333335,5.0,2.8333333333333335,3.0,3.6666666666666665,2.8,3.5,3.0,2.0,3.3333333333333335,4.75,5.666666666666667,3.0,2.75,4.25,4.0,3.75,3.75,3.75,4.5,3.25,3.0,3.0,3.0,3.0,6.0
1,1,2.0,51.0,2.0,1.0,4.0,5.0,1.0,40.0,45.0,3.0,112.5,6500.0,5746.0,37.5,33.333333333333336,1.0,3.0,5.0,2.0,2,,,,15.0,15.0,0.0,10.0,33.33333333333333,33.33333333333333,0.0,22.22222222222222,3.3333333333333335,2.0,2.8333333333333335,2.25,3.6666666666666665,3.8,3.5,3.0,1.3333333333333333,4.0,4.0,4.666666666666667,3.6666666666666665,1.5,2.5,2.75,3.25,3.5,1.2499999999999998,3.0,3.25,2.25,3.25,3.75,4.0,6.0
1,1,1.0,43.0,1.0,2.0,4.0,2.0,1.0,40.0,60.0,3.0,150.0,5400.0,4773.6,31.153846153846153,20.76923076923077,3.0,3.0,1.0,0.0,2,,,,16.0,20.0,16.0,8.0,26.666666666666668,33.33333333333333,26.666666666666668,13.333333333333334,3.5,5.0,1.833333333333333,4.75,4.0,3.2,3.25,1.0,1.0,3.6666666666666665,5.5,7.0,2.6666666666666665,3.5,3.6666666666666665,4.25,3.25,4.0,3.5,2.6666666666666665,3.75,4.0,3.25,1.5,1.8,6.0
1,1,2.0,68.0,1.0,3.0,4.0,7.0,1.0,40.0,40.0,1.0,100.0,4000.0,3536.0,23.076923076923077,23.076923076923077,2.0,3.0,1.0,0.0,2,,,,8.0,10.0,2.0,20.0,20.0,25.0,5.0,50.0,4.166666666666667,3.0,2.6666666666666665,4.0,5.0,3.8,3.0,5.0,6.333333333333332,7.0,6.0,7.0,3.0,4.75,4.0,4.25,3.75,3.0,4.75,4.0,3.75,5.0,3.25,2.5,1.0,6.0
1,1,2.0,38.0,3.0,1.0,6.0,6.0,1.0,40.0,40.0,1.0,100.0,5000.0,4420.0,28.846153846153847,28.846153846153847,1.0,2.0,1.0,0.0,2,,,,20.0,8.0,4.0,8.0,50.0,20.0,10.0,20.0,2.8333333333333335,3.0,3.3333333333333335,2.75,3.6666666666666665,2.8,3.75,4.0,3.3333333333333335,6.333333333333333,6.0,5.0,3.6666666666666665,4.0,4.75,5.0,2.75,3.0,4.5,2.75,3.25,3.75,3.25,3.0,3.0,6.0
1,1,1.0,43.0,1.0,1.0,4.0,5.0,1.0,40.0,60.0,3.0,150.0,5545.5,4902.222000000001,31.993269230769233,21.328846153846154,4.0,3.0,1.0,0.0,2,,,,16.0,10.0,18.0,16.0,26.666666666666668,16.666666666666664,30.0,26.666666666666668,2.8333333333333335,3.0,2.8333333333333335,3.5,3.6666666666666665,2.2,3.75,3.3333333333333335,3.3333333333333335,3.0,5.25,6.666666666666667,1.0,4.0,4.0,4.0,3.25,3.0,3.75,3.5,3.5,4.25,3.0,3.0,1.0,6.0
1,1,2.0,52.0,3.0,2.0,4.0,3.0,1.0,40.0,50.0,3.0,125.0,3200.0,2828.8,18.46153846153846,14.769230769230768,2.0,3.0,2.0,10.0,2,,,,15.0,10.0,10.0,15.0,30.0,20.0,20.0,30.0,3.8333333333333335,4.0,2.6666666666666665,4.5,4.666666666666667,3.75,3.5,3.3333333333333335,2.6666666666666665,3.6666666666666665,5.5,6.666666666666667,3.0,4.5,3.75,2.5,2.75,3.5,4.0,2.25,3.75,4.0,2.5,3.0,3.0,6.0
1,1,1.0,49.0,1.0,1.0,6.0,2.0,1.0,40.0,55.0,3.0,137.5,4500.0,3978.0,25.961538461538463,18.881118881118883,2.0,4.0,1.0,0.0,2,,,,15.0,5.0,5.0,30.0,27.27272727272727,9.090909090909093,9.090909090909092,54.54545454545455,3.1666666666666665,4.0,2.8333333333333335,2.5,4.666666666666667,2.6,4.25,5.0,4.666666666666667,4.333333333333333,5.75,7.0,2.0,2.5,4.25,4.0,3.5,2.75,4.0,3.25,3.5,4.75,3.0,3.75,3.0,6.0
1,1,2.0,45.0,2.0,1.0,4.0,1.0,1.0,40.0,60.0,3.0,150.0,4600.0,4066.3999999999996,26.538461538461537,17.69230769230769,3.0,1.0,5.0,20.0,2,,,,30.0,5.0,5.0,20.0,50.0,8.333333333333336,8.333333333333332,33.33333333333333,3.0,1.0,3.5,1.5,1.0,3.0,5.0,4.333333333333333,5.333333333333333,5.666666666666667,4.5,3.6666666666666665,4.333333333333333,5.0,5.0,3.25,4.0,1.75,3.0,3.0,4.0,2.0,4.0,3.25,3.0,6.0
1,1,2.0,45.0,2.0,2.0,4.0,6.0,1.0,35.0,35.0,1.0,100.0,6200.0,5480.8,40.879120879120876,40.879120879120876,1.0,2.0,1.0,0.0,2,,,,12.0,13.0,2.0,8.0,34.285714285714285,37.142857142857146,5.714285714285714,22.857142857142858,3.1666666666666665,3.0,2.6666666666666665,3.5,4.0,3.4,3.75,4.0,3.3333333333333335,6.0,5.5,6.0,3.0,3.0,2.75,3.25,2.75,2.5,2.25,2.5,2.75,3.0,3.25,3.0,4.0,6.0
1,1,1.0,39.0,2.0,2.0,4.0,6.0,1.0,40.0,50.0,3.0,125.0,5750.0,5083.0,33.17307692307692,26.538461538461537,3.0,3.0,1.0,0.0,2,,,,15.0,15.0,5.0,15.0,30.0,30.0,10.0,30.0,4.166666666666667,5.0,2.6666666666666665,3.0,4.0,3.8,3.5,3.3333333333333335,2.3333333333333335,4.333333333333333,5.5,6.666666666666667,2.6666666666666665,1.75,1.75,2.25,3.0,3.25,3.25,3.0,3.5,4.25,2.75,3.0,2.0,6.0
1,1,1.0,46.0,1.0,2.0,4.0,5.0,1.0,32.0,32.0,1.0,100.0,5698.0,5037.032000000001,41.09134615384615,41.09134615384615,1.0,2.0,1.0,0.0,2,,,,9.6,12.8,0.0,9.6,30.0,40.0,0.0,30.0,4.166666666666667,3.0,2.6666666666666665,3.6666666666666665,5.0,3.8,3.0,6.0,2.0,4.666666666666667,3.0,5.0,3.0,2.0,2.25,1.5,2.0,3.25,2.0,2.0,3.0,3.5,3.0,3.25,2.0,6.0
1,1,1.0,57.0,2.0,2.0,4.0,1.0,1.0,40.0,40.0,1.0,100.0,6653.0,5881.252,38.38269230769231,38.3826923076923,4.0,2.0,1.0,0.0,2,,,,15.0,5.0,12.0,8.0,37.5,12.5,30.0,20.0,3.1666666666666665,3.0,2.8333333333333335,2.5,3.6666666666666665,3.4,3.0,3.3333333333333335,1.6666666666666667,5.666666666666667,5.25,5.666666666666667,3.0,3.75,3.25,3.75,3.25,3.5,4.0,3.5,3.75,4.75,4.0,3.25,1.0,6.0
1,1,1.0,65.0,1.0,1.0,4.0,4.0,1.0,40.0,60.0,3.0,150.0,5500.0,4862.0,31.730769230769234,21.153846153846153,2.0,2.0,5.0,4.0,2,,,,3.0,10.0,5.0,20.0,5.0,16.666666666666664,8.333333333333332,33.33333333333333,2.1666666666666665,1.0,4.0,1.25,1.6666666666666667,1.0,3.75,1.3333333333333335,1.0,3.6666666666666665,6.25,7.0,2.3333333333333335,3.0,4.5,4.5,3.25,3.75,4.0,3.5,3.5,3.25,3.0,3.25,1.0,5.0
1,1,1.0,62.0,1.0,1.0,4.0,1.0,1.0,40.0,45.0,3.0,112.5,7000.0,6188.0,40.38461538461539,35.8974358974359,3.0,2.0,3.0,8.0,2,,,,12.0,15.0,10.0,10.0,44.647619047619045,22.876190476190473,8.17142857142857,22.082539682539682,3.8333333333333335,3.0,2.6666666666666665,4.25,3.3333333333333335,4.0,4.25,5.0,4.333333333333333,5.0,5.0,4.0,3.0,2.0,2.25,3.5,3.25,3.5,2.5,2.5,2.5,3.0,3.25,3.5,4.0,5.0
1,1,1.0,67.0,1.0,1.0,4.0,5.0,6.0,40.0,46.0,3.0,114.99999999999999,4000.0,3536.0,23.076923076923077,20.066889632107024,1.0,2.0,5.0,7.5,2,,,,12.5,11.5,2.5,12.5,27.173913043478258,25.0,5.434782608695652,27.173913043478258,2.5,4.0,2.6666666666666665,2.75,3.6666666666666665,3.6,2.5,3.6666666666666665,1.6666666666666667,3.6666666666666665,5.25,5.666666666666667,2.3333333333333335,4.25,4.0,4.0,3.0,4.5,3.75,3.75,3.5,3.75,2.5,2.0,1.0,5.0
1,1,2.0,56.0,3.0,1.0,4.0,1.0,1.0,40.0,40.0,1.0,100.0,7000.0,6188.0,40.38461538461539,40.38461538461539,3.0,2.0,1.0,0.0,2,,,,30.0,4.0,5.0,1.0,75.0,10.0,12.5,2.5,3.3333333333333335,1.0,3.0,4.5,1.3333333333333333,2.6,4.0,2.3333333333333335,1.3333333333333333,3.6666666666666665,5.0,2.6666666666666665,3.0,2.0,4.25,4.25,2.75,3.5,2.0,3.75,4.25,1.5,3.75,3.75,4.0,5.0
1,1,1.0,45.0,1.0,2.0,4.0,2.0,1.0,40.0,40.0,1.0,100.0,7000.0,6188.0,40.38461538461539,40.38461538461539,3.0,2.0,1.0,0.0,2,,,,15.0,10.0,10.0,10.0,31.0,41.0,18.1,12.399999999999999,3.3333333333333335,4.0,2.6666666666666665,2.5,3.0,2.8,3.0,1.9999999999999998,4.333333333333333,4.0,5.25,6.0,1.3333333333333333,4.0,2.75,4.0,2.75,3.75,4.0,2.5,3.5,4.5,3.75,3.0,1.0,5.0
1,1,2.0,61.0,1.0,1.0,4.0,1.0,6.0,40.0,40.0,1.0,100.0,4000.0,3536.0,23.076923076923077,23.076923076923077,4.0,3.0,1.0,0.0,2,,,,10.0,8.0,4.0,18.0,25.0,20.0,10.0,45.0,4.0,4.0,3.3333333333333335,4.0,4.333333333333333,3.4,3.25,4.0,1.0,4.666666666666667,4.5,5.333333333333333,3.0,2.25,2.25,3.5,2.0,3.75,3.0,3.5,2.5,4.5,2.75,3.25,2.0,5.0
1,1,1.0,61.0,2.0,1.0,4.0,9.0,1.0,40.0,40.0,1.0,100.0,4000.0,3536.0,23.076923076923077,23.076923076923077,1.0,3.0,5.0,15.0,2,,,,18.0,25.0,0.0,2.0,35.0,35.5,17.5,18.166666666666668,4.5,5.0,2.3333333333333335,5.0,4.666666666666667,3.8,2.0,2.6666666666666665,2.3333333333333335,3.3333333333333335,3.75,5.333333333333333,2.3333333333333335,3.0,1.75,3.75,2.5,3.25,3.25,2.0,3.75,5.0,3.0,3.0,2.0,5.0
1,1,1.0,65.0,1.0,1.0,4.0,5.0,6.0,40.0,60.0,3.0,150.0,6666.0,5892.744000000001,38.45769230769231,25.638461538461538,1.0,3.0,1.0,0.0,2,,,,15.0,35.0,2.0,10.0,20.69047619047619,35.443722943722946,24.16233766233766,19.703463203463205,4.5,5.0,2.5,5.0,5.0,3.8,1.75,3.6666666666666665,2.5,4.333333333333333,4.75,7.0,2.0,3.75,2.25,3.5,3.25,4.0,4.0,3.75,4.0,5.0,2.75,2.3333333333333335,1.4000000000000001,5.0
1,1,1.0,53.0,1.0,2.0,4.0,1.0,6.0,40.0,55.0,3.0,137.5,6500.0,5746.0,37.5,27.272727272727273,3.0,2.0,1.0,0.0,2,,,,15.0,30.0,3.0,7.0,27.27272727272727,54.54545454545454,5.454545454545454,12.727272727272727,3.8333333333333335,4.0,2.6666666666666665,2.75,2.6666666666666665,3.4,2.75,2.6666666666666665,1.0,2.6666666666666665,3.75,7.0,2.0,3.5,3.0,4.25,2.5,3.75,4.5,3.0,3.0,4.75,3.25,3.25,1.0,5.0
1,1,1.0,56.0,1.0,1.0,7.0,11.0,6.0,40.0,60.0,3.0,150.0,7000.0,6188.0,40.38461538461539,26.923076923076923,1.0,4.0,4.0,10.0,2,,,,15.0,15.0,0.0,25.0,25.0,25.0,0.0,41.66666666666667,3.8333333333333335,4.0,2.8333333333333335,4.0,3.6666666666666665,3.8,2.75,4.0,1.3333333333333333,5.0,5.25,6.0,2.3333333333333335,1.0,3.25,4.0,2.75,3.25,4.0,3.0,2.75,3.75,3.0,3.5,2.0,5.0
1,1,2.0,32.0,2.0,1.0,4.0,6.0,2.0,35.0,35.0,1.0,100.0,4016.0,3550.1440000000002,26.479120879120877,26.479120879120877,1.0,1.0,1.0,0.0,2,,,,0.5,29.5,1.0,4.0,1.4285714285714306,84.28571428571429,2.8571428571428577,11.428571428571429,3.3333333333333335,3.0,2.5,4.25,3.6666666666666665,2.4,3.25,4.333333333333333,5.0,3.6666666666666665,4.0,5.333333333333333,4.333333333333333,1.5,4.0,4.0,3.75,3.25,1.2499999999999998,3.0,2.0,3.0,3.0,3.75,4.0,13.0
1,1,2.0,43.0,2.0,1.0,4.0,5.0,3.0,20.0,20.0,1.0,100.0,2000.0,1768.0,23.076923076923077,23.076923076923077,1.0,4.0,4.0,25.0,2,,,,4.0,10.0,20.0,2.0,40.23076923076923,22.153846153846153,8.038461538461538,29.576923076923077,4.0,4.0,3.1666666666666665,3.5,4.333333333333333,3.2,3.25,4.333333333333333,3.0,4.333333333333333,5.0,7.0,1.6666666666666667,2.25,2.5,2.75,3.0,4.0,3.3333333333333335,3.0,3.5,4.0,3.25,3.6666666666666665,3.1999999999999997,13.0
1,1,2.0,36.0,2.0,2.0,4.0,5.0,3.0,40.0,40.0,1.0,100.0,5680.65,5021.6946,32.77298076923076,32.77298076923076,3.0,3.0,5.0,25.0,2,,,,15.0,10.0,5.0,5.0,37.5,25.0,12.5,12.5,4.0,4.0,3.0,3.5,3.3333333333333335,3.6,3.75,5.333333333333333,4.333333333333333,5.333333333333333,5.25,7.0,2.3333333333333335,4.25,4.0,4.5,3.5,3.0,3.0,4.0,4.25,4.5,3.5,2.25,1.0,13.0
1,1,1.0,51.0,4.0,1.0,6.0,2.0,1.0,38.5,38.5,1.0,100.0,6000.0,5304.0,35.964035964035965,35.964035964035965,1.0,2.0,1.0,0.0,2,,,,20.0,8.5,0.0,10.0,51.94805194805194,22.07792207792208,0.0,25.97402597402597,2.3333333333333335,4.0,2.3333333333333335,4.5,3.3333333333333335,2.2,4.0,4.666666666666667,2.3333333333333335,6.0,5.75,7.0,2.6666666666666665,2.5,3.25,3.25,2.5,3.75,4.0,2.5,3.75,4.5,4.0,3.0,2.8,3.0
1,1,2.0,42.0,1.0,2.0,6.0,1.0,1.0,30.0,35.0,3.0,116.66666666666667,3200.0,2828.8,24.615384615384617,21.0989010989011,3.0,2.0,1.0,0.0,2,,,,20.0,5.0,2.0,3.0,57.14285714285714,14.285714285714285,5.714285714285714,8.571428571428571,1.8333333333333333,3.0,3.0,3.3333333333333335,3.3333333333333335,2.8,3.0,4.333333333333333,4.0,5.0,6.25,4.666666666666667,3.6666666666666665,3.75,3.25,3.5,3.0,3.0,2.75,2.25,3.0,4.0,3.25,3.0,3.0,3.0
1,1,1.0,45.0,2.0,2.0,6.0,5.0,7.0,40.0,50.0,3.0,125.0,4000.0,3536.0,23.076923076923077,18.461538461538463,1.0,1.0,1.0,0.0,2,,,,25.0,10.0,5.0,10.0,50.0,20.0,10.0,20.0,1.8333333333333333,2.0,3.5,2.25,2.0,2.8,3.25,3.3333333333333335,2.3333333333333335,5.666666666666667,5.25,3.3333333333333335,3.3333333333333335,3.75,4.0,4.0,3.25,2.75,4.0,2.75,3.25,3.5,4.0,3.0,3.0,3.0
1,1,1.0,55.0,3.0,1.0,6.0,5.0,1.0,39.0,43.0,3.0,110.25641025641026,6500.0,5746.0,38.46153846153846,34.883720930232556,1.0,3.0,5.0,0.0,2,,,,20.0,10.0,0.0,9.0,46.51162790697674,23.25581395348837,0.0,20.930232558139537,3.8333333333333335,3.0,2.5,4.5,2.6666666666666665,3.2,2.5,2.3333333333333335,2.0,2.6666666666666665,4.5,6.333333333333333,1.0,4.0,2.75,2.5,2.75,3.75,2.25,2.75,3.5,4.0,3.25,3.25,2.0,3.0
1,1,2.0,58.0,1.0,1.0,6.0,6.0,1.0,40.0,40.0,1.0,100.0,5000.0,4420.0,28.846153846153847,28.846153846153847,1.0,2.0,1.0,0.0,2,,,,50.0,0.0,0.0,50.0,31.357142857142858,40.42857142857143,10.142857142857142,18.071428571428573,3.0,3.0,2.6666666666666665,3.25,2.6666666666666665,2.6,3.25,5.0,2.0,5.333333333333333,5.25,4.0,3.0,2.5,2.5,4.75,3.25,2.75,2.75,2.5,2.25,4.0,3.25,3.5,4.0,3.0
1,1,1.0,49.0,1.0,2.0,6.0,5.0,1.0,40.0,40.0,1.0,100.0,5600.0,4950.4,32.30769230769231,32.30769230769231,2.0,2.0,1.0,0.0,2,,,,16.0,8.0,12.0,4.0,40.0,20.0,30.0,10.0,3.0,3.0,2.8333333333333335,3.75,4.666666666666667,3.4,3.25,3.0,4.666666666666667,4.333333333333333,5.75,7.0,2.0,3.75,2.75,4.0,2.75,3.5,3.0,2.75,3.5,4.5,3.0,2.5,1.0,3.0
1,1,1.0,63.0,1.0,1.0,6.0,6.0,1.0,20.0,22.0,3.0,110.00000000000001,4900.0,4331.6,56.53846153846153,51.39860139860139,1.0,2.0,1.0,0.0,2,,,,10.0,0.0,0.0,10.0,45.45454545454545,0.0,0.0,45.45454545454545,3.4,5.0,2.6666666666666665,4.25,4.666666666666667,3.6,3.0,5.666666666666667,3.6666666666666665,6.333333333333333,5.75,6.666666666666667,3.6666666666666665,2.5,2.75,2.75,2.5,3.25,4.0,3.75,3.5,5.0,3.25,3.25,2.0,3.0
1,1,2.0,44.0,1.0,2.0,6.0,4.0,1.0,20.0,25.0,3.0,125.0,2400.0,2121.6,27.69230769230769,22.153846153846153,1.0,1.0,1.0,0.0,2,,,,15.0,1.0,1.0,5.0,60.0,4.0,4.0,20.0,3.6666666666666665,3.0,3.0,2.25,3.0,3.2,3.75,3.6666666666666665,2.0,5.666666666666667,6.0,5.666666666666667,2.3333333333333335,3.0,3.75,3.5,1.75,3.25,3.75,2.0,3.25,3.5,3.25,3.75,4.0,3.0
1,1,1.0,50.0,3.0,1.0,6.0,6.0,1.0,40.0,40.0,1.0,100.0,6300.0,5569.2,36.34615384615385,36.34615384615385,2.0,4.0,1.0,0.0,2,,,,15.0,0.0,5.0,20.0,37.5,0.0,12.5,50.0,3.8333333333333335,3.0,2.3333333333333335,3.75,4.666666666666667,3.6,2.75,2.6666666666666665,2.3333333333333335,3.6666666666666665,5.25,5.666666666666667,3.0,3.25,3.5,4.0,2.75,3.25,3.5,2.75,3.5,3.5,3.5,3.25,3.0,3.0
1,1,2.0,50.0,1.0,2.0,6.0,2.0,1.0,40.0,40.0,1.0,100.0,4500.0,3978.0,25.961538461538463,25.961538461538463,3.0,4.0,1.0,0.0,2,,,,18.0,12.0,5.0,5.0,45.0,30.0,12.5,12.5,4.0,3.0,2.8333333333333335,3.5,3.6666666666666665,3.2,3.25,5.0,5.5,4.333333333333333,6.0,5.666666666666667,3.0,3.5,3.5,3.25,2.5,3.75,2.75,2.5,3.25,3.75,3.75,2.25,2.0,3.0
1,1,2.0,38.0,1.0,2.0,4.0,5.0,3.0,30.0,30.0,1.0,100.0,3260.0,2881.84,25.076923076923077,25.076923076923077,3.0,1.0,1.0,0.0,2,,,,0.0,20.0,10.0,5.0,16.833333333333336,56.02380952380953,15.523809523809524,11.619047619047619,3.6666666666666665,3.0,2.6666666666666665,3.25,2.6666666666666665,3.4,4.0,4.666666666666667,3.3333333333333335,5.0,5.75,6.0,2.3333333333333335,3.0,3.75,4.0,3.0,3.25,2.75,2.25,3.0,3.25,3.5,2.75,3.0,13.0
1,1,2.0,23.0,3.0,1.0,4.0,5.0,3.0,18.0,22.0,3.0,122.22222222222223,1200.0,1060.8,15.384615384615383,12.587412587412587,1.0,1.0,1.0,0.0,2,,,,7.0,14.0,0.0,1.0,31.818181818181817,63.63636363636364,0.0,4.545454545454547,2.8333333333333335,3.0,3.1666666666666665,3.5,3.3333333333333335,2.8,3.0,4.666666666666667,3.3333333333333335,4.666666666666667,4.5,3.0,1.3333333333333333,4.0,3.5,4.5,2.0,3.25,3.0,3.25,2.75,3.0,3.5,3.75,4.0,13.0
1,1,2.0,36.0,2.0,1.0,6.0,11.0,1.0,30.0,30.0,1.0,100.0,2750.0,2431.0,21.153846153846153,21.153846153846153,1.0,1.0,1.0,0.0,2,,,,10.0,5.0,0.0,15.0,33.33333333333333,16.666666666666664,0.0,50.0,3.6666666666666665,2.0,3.1666666666666665,3.25,2.6666666666666665,3.2,3.0,5.0,4.666666666666667,5.0,5.25,4.0,2.6666666666666665,2.25,1.75,4.0,3.75,2.75,2.5,2.25,3.25,3.0,3.0,3.75,4.0,13.0
1,1,1.0,33.0,3.0,1.0,5.0,9.0,1.0,40.0,40.0,1.0,100.0,5800.0,5127.2,33.46153846153847,33.46153846153847,2.0,4.0,5.0,10.0,2,,,,28.0,10.0,0.0,18.0,31.833333333333336,17.333333333333336,22.666666666666668,27.166666666666664,2.0,5.0,3.1666666666666665,3.25,4.666666666666667,3.2,3.75,3.0,3.6666666666666665,4.333333333333333,6.25,7.0,2.3333333333333335,4.0,4.0,3.0,3.0,3.75,2.75,3.5,3.0,3.25,3.25,3.25,1.0,13.0
1,1,2.0,40.0,2.0,2.0,8.0,8.0,1.0,40.0,40.0,1.0,100.0,5000.0,4420.0,28.846153846153847,28.846153846153847,4.0,3.0,1.0,0.0,2,,,,10.0,10.0,5.0,15.0,25.0,25.0,12.5,37.5,2.5,2.0,3.3333333333333335,3.0,3.0,3.0,3.5,4.666666666666667,3.3333333333333335,5.666666666666667,5.5,5.333333333333333,2.3333333333333335,3.5,3.0,4.25,3.0,3.0,3.5,3.25,3.25,3.75,3.5,3.5,4.0,13.0
1,1,1.0,43.0,1.0,2.0,7.0,8.0,2.0,40.0,40.0,1.0,100.0,3500.0,3094.0,20.192307692307693,20.192307692307693,1.0,2.0,2.0,10.0,2,,,,15.0,25.0,0.0,5.0,46.0,22.199999999999996,9.5,26.4,2.8333333333333335,4.0,2.5,3.5,4.0,3.2,2.25,1.9999999999999998,2.0,3.0,5.0,6.0,2.0,3.0,2.75,2.25,2.5,3.75,3.75,3.25,3.25,4.75,3.0,2.5,2.0,12.0
1,1,2.0,43.0,3.0,1.0,4.0,4.0,4.0,8.0,8.0,1.0,100.0,2000.0,1768.0,57.69230769230769,57.69230769230769,1.0,1.0,5.0,30.0,2,,,,5.0,5.0,0.0,1.0,44.33333333333333,11.600000000000001,15.066666666666666,23.0,2.8333333333333335,4.0,2.8333333333333335,3.0,2.0,3.6,2.75,3.0,1.0,4.666666666666667,5.25,6.666666666666667,2.6666666666666665,3.25,1.75,1.75,3.0,3.0,1.75,3.25,4.0,4.75,3.0,3.0,2.0,12.0
1,1,1.0,47.0,2.0,1.0,5.0,9.0,7.0,9.5,12.0,3.0,126.3157894736842,530.0,468.52,12.874493927125506,10.192307692307692,1.0,3.0,5.0,35.0,2,,,,12.0,4.0,0.0,0.0,39.69230769230769,31.343589743589746,13.6,8.441025641025641,2.5,4.0,3.1666666666666665,3.0,2.6666666666666665,2.2,3.25,3.6666666666666665,2.3333333333333335,4.666666666666667,5.0,5.666666666666667,3.0,4.0,4.0,3.5,2.25,2.75,3.0,3.25,2.75,3.5,2.75,3.25,2.0,12.0
1,1,1.0,47.0,2.0,1.0,4.0,5.0,2.0,10.0,25.0,3.0,250.0,1300.0,1149.2,30,12.0,1.0,1.0,1.0,0.0,2,,,,20.0,5.0,0.0,1.0,32.6,28.666666666666668,26.11111111111111,10.288888888888888,3.3333333333333335,2.0,3.0,1.75,2.0,2.6,2.25,1.9999999999999998,1.0,3.6666666666666665,5.0,4.666666666666667,3.0,1.25,3.0,2.75,3.0,3.5,2.5,3.25,1.25,3.0,2.75,3.75,4.0,12.0
1,1,1.0,50.0,2.0,3.0,4.0,9.0,3.0,20.0,20.0,1.0,100.0,2150.0,1900.6,24.807692307692307,24.807692307692307,1.0,1.0,5.0,22.0,2,,,,20.0,1.0,0.0,1.0,43.0,27.65714285714286,9.657142857142857,14.285714285714285,3.5,3.0,3.1666666666666665,2.5,2.0,2.0,3.75,5.666666666666667,3.0,5.666666666666667,6.25,4.0,3.0,3.5,4.0,4.0,2.75,3.25,2.75,3.0,3.0,3.0,2.5,4.0,4.0,12.0
1,1,1.0,55.0,3.0,1.0,4.0,8.0,2.0,19.0,35.0,3.0,184.21052631578948,1600.0,1414.4,19.4331983805668,10.54945054945055,1.0,1.0,1.0,0.0,2,,,,8.0,0.0,0.0,27.0,22.857142857142858,0.0,0.0,77.14285714285715,1.8333333333333333,1.0,3.3333333333333335,4.5,3.6666666666666665,1.6,4.25,3.0,4.0,5.0,5.75,5.0,2.6666666666666665,2.75,4.75,4.25,4.0,2.5,3.25,2.75,2.75,1.75,2.0,2.75,3.0,12.0
1,1,1.0,41.0,1.0,2.0,4.0,9.0,2.0,22.0,22.0,1.0,100.0,1200.0,1060.8,12.587412587412587,12.587412587412587,1.0,3.0,2.0,12.0,2,,,,4.0,1.0,0.0,3.0,18.181818181818183,4.545454545454547,0.0,13.636363636363635,3.3333333333333335,5.0,2.8333333333333335,4.25,4.666666666666667,3.8,2.0,1.666666666666667,2.3333333333333335,4.0,5.25,7.0,2.6666666666666665,1.75,2.75,4.0,2.0,3.75,4.0,3.25,3.25,5.0,3.0,3.25,2.0,12.0
1,1,2.0,50.0,1.0,2.0,4.0,9.0,2.0,6.0,6.0,1.0,100.0,458.0000000000002,404.87200000000007,17.615384615384617,17.615384615384617,1.0,2.0,2.0,30.0,2,,,,6.0,1.0,0.0,1.0,43.666666666666664,40.166666666666664,10.5,11.666666666666666,3.3333333333333335,3.0,3.1666666666666665,2.5,3.0,2.4,3.5,3.3333333333333335,2.6666666666666665,4.333333333333333,5.5,5.666666666666667,2.0,3.5,4.5,3.0,2.75,3.5,4.0,3.0,4.0,4.75,3.0,2.5,1.0,12.0
1,1,1.0,53.0,1.0,2.0,5.0,9.0,2.0,4.0,4.0,1.0,100.0,700.0,618.8,40.38461538461539,40.38461538461539,1.0,2.0,2.0,40.0,2,,,,6.0,5.0,3.0,1.0,50.5,16.153846153846153,21.53846153846154,22.576923076923077,4.0,5.0,2.5,5.0,4.0,3.6,3.0,1.666666666666667,1.3333333333333333,2.6666666666666665,5.5,7.0,2.0,3.25,3.0,3.0,2.75,3.5,2.5,3.0,3.5,4.5,3.25,3.25,2.0,12.0
1,1,2.0,57.0,2.0,2.0,4.0,9.0,2.0,4.0,4.0,1.0,100.0,799.9999999999998,707.2,46.15384615384615,46.15384615384615,1.0,1.0,5.0,35.0,2,,,,6.0,4.0,0.0,2.0,43.0,38.0,17.0,12.0,1.8333333333333333,4.0,2.3333333333333335,3.5,3.0,1.8,3.25,4.333333333333333,5.333333333333333,3.6666666666666665,4.25,7.0,2.0,3.5,2.75,3.75,3.75,3.0,2.75,2.5,2.75,2.5,3.0,2.75,4.0,12.0
1,1,2.0,50.0,1.0,1.0,6.0,4.0,1.0,39.0,39.0,1.0,100.0,4500.0,3978.0,26.627218934911244,26.627218934911244,1.0,3.0,1.0,0.0,2,,,,20.0,15.0,1.0,3.0,51.28205128205128,38.46153846153847,2.564102564102564,7.692307692307693,3.5,5.0,2.3333333333333335,3.5,3.6666666666666665,3.6,2.25,5.333333333333333,2.3333333333333335,6.666666666666667,6.0,7.0,3.0,2.0,1.0,3.75,1.75,3.75,3.0,3.0,3.0,5.0,4.0,3.0,2.0,12.0
1,1,1.0,33.0,2.0,1.0,6.0,2.0,1.0,30.0,30.0,1.0,100.0,2800.0,2475.2,21.53846153846154,21.53846153846154,1.0,2.0,1.0,0.0,2,,,,20.0,5.0,3.0,2.0,66.66666666666666,16.666666666666664,10.0,6.666666666666668,3.0,2.0,2.8333333333333335,3.75,4.333333333333333,2.6,4.0,5.333333333333333,5.333333333333333,5.666666666666667,5.5,5.0,4.0,4.0,5.0,5.0,4.0,2.75,3.0,2.0,2.5,2.0,3.25,3.0,3.0,12.0
1,1,2.0,56.0,1.0,1.0,6.0,4.0,4.0,1.5,2.0,3.0,133.33333333333331,570.0,503.8800000000001,87.6923076923077,65.76923076923077,1.0,2.0,5.0,25.0,2,,,,3.0,0.5,0.0,0.0,70.0,7.5,0.0,20.0,3.6666666666666665,3.0,2.3333333333333335,4.5,4.0,2.6,3.5,2.6666666666666665,2.0,2.3333333333333335,3.25,3.3333333333333335,1.3333333333333333,1.75,4.0,3.5,2.0,4.0,3.75,3.25,3.75,4.666666666666667,3.5,3.0,2.4,12.0
1,1,1.0,41.0,1.0,1.0,4.0,6.0,2.0,15.0,15.0,1.0,100.0,1200.0,1060.8,18.46153846153846,18.46153846153846,1.0,2.0,6.0,45.0,2,,,,15.0,0.0,0.0,0.0,100.0,0.0,0.0,0.0,3.5,1.0,2.5,5.0,4.0,3.8,1.5,3.0,3.0,4.0,4.0,6.666666666666667,1.6666666666666667,3.0,3.75,3.75,3.75,3.0,2.5,2.5,4.0,4.5,3.5,3.75,4.0,12.0
1,1,2.0,49.0,2.0,2.0,6.0,4.0,1.0,12.0,19.0,3.0,158.33333333333331,1300.0,1149.2,25,15.789473684210526,1.0,4.0,2.0,25.0,2,,,,10.0,2.0,2.0,6.0,43.0,27.0,2.666666666666666,25.916666666666664,3.8333333333333335,5.0,2.5,5.0,4.666666666666667,3.4,2.75,4.666666666666667,4.333333333333333,5.0,5.25,7.0,2.6666666666666665,2.75,4.0,4.0,2.75,3.75,3.5,3.5,3.5,5.0,3.25,2.5,1.0,12.0
1,1,2.0,43.0,1.0,2.0,4.0,5.0,2.0,8.0,14.0,3.0,175.0,2200.0,1944.8000000000002,63.46153846153846,36.26373626373626,1.0,1.0,5.0,35.0,2,,,,12.0,4.0,1.0,1.0,48.8974358974359,20.153846153846153,2.8717948717948723,28.076923076923073,3.8333333333333335,5.0,2.5,5.0,4.0,4.0,2.5,3.0,2.3333333333333335,5.333333333333333,5.75,7.0,2.6666666666666665,4.5,2.75,1.75,2.75,3.5,3.75,2.75,3.5,4.75,3.0,3.0,1.0,12.0
1,1,1.0,58.0,3.0,1.0,4.0,5.0,1.0,8.0,40.0,3.0,500.0,3000.0,2652.0,86.53846153846153,17.307692307692307,1.0,2.0,7.0,0.0,2,,,,8.0,20.0,10.0,2.0,20.0,50.0,25.0,5.0,4.166666666666667,4.0,2.1666666666666665,4.5,3.6666666666666665,2.2,3.5,5.0,3.0,7.0,6.0,7.0,3.0,3.75,4.0,4.75,3.75,2.75,3.75,2.5,4.25,3.75,2.0,3.0,3.0,12.0
1,1,1.0,67.0,1.0,1.0,4.0,3.0,2.0,2.0,4.0,3.0,200.0,700.0,618.8,80.76923076923077,40.38461538461539,1.0,1.0,5.0,30.0,2,,,,2.0,1.0,0.0,1.0,50.0,25.0,0.0,25.0,3.1666666666666665,5.0,2.6666666666666665,3.75,3.3333333333333335,1.6,2.0,3.3333333333333335,2.3333333333333335,4.666666666666667,4.75,6.0,1.6666666666666667,3.75,3.25,4.0,4.0,3.5,4.0,3.5,4.0,4.25,3.25,2.75,1.0,12.0
1,1,2.0,61.0,1.0,1.0,4.0,5.0,4.0,2.0,7.5,3.0,375.0,200.0,176.80000000000018,23.076923076923077,6.153846153846155,1.0,1.0,1.0,0.0,2,,,,10.0,20.0,0.0,0.0,70.0,27.257142857142853,4.0,5.542857142857143,2.5,5.0,3.5,3.75,1.0,2.0,4.25,3.6666666666666665,2.6666666666666665,5.0,5.5,6.666666666666667,4.666666666666667,4.75,4.25,4.5,2.75,3.75,4.0,2.25,3.0,4.5,3.5,3.25,1.0,12.0
1,1,1.0,57.0,1.0,1.0,4.0,5.0,1.0,2.0,30.0,3.0,1500.0,1100.0,972.4000000000001,126.92307692307692,8.461538461538462,1.0,1.0,1.0,0.0,2,,,,10.0,15.0,3.0,2.0,33.33333333333333,50.0,10.0,6.666666666666668,3.6666666666666665,4.0,2.6666666666666665,3.25,2.0,2.6,3.75,5.333333333333333,1.0,4.666666666666667,5.0,7.0,2.3333333333333335,4.25,3.5,3.25,3.25,2.0,3.25,1.5,3.0,3.5,3.25,3.0,3.0,12.0
1,1,2.0,34.0,2.0,1.0,6.0,6.0,1.0,40.0,40.0,1.0,100.0,4800.0,4243.2,27.69230769230769,27.69230769230769,1.0,3.0,1.0,0.0,2,,,,32.0,8.0,0.0,5.0,32.77777777777778,40.44444444444444,4.722222222222221,13.555555555555555,3.2,4.0,2.3333333333333335,4.5,4.333333333333333,3.0,3.5,3.0,1.6666666666666667,6.0,6.0,5.666666666666667,2.6666666666666665,3.0,4.25,4.25,2.75,4.0,3.5,2.75,3.5,4.0,2.5,3.0,1.0,12.0
1,1,2.0,36.0,2.0,1.0,6.0,4.0,2.0,40.0,40.0,1.0,100.0,6000.0,5304.0,34.61538461538461,34.61538461538461,2.0,4.0,1.0,0.0,2,,,,10.0,5.0,5.0,20.0,25.0,12.5,12.5,50.0,3.8333333333333335,4.0,2.8333333333333335,3.75,4.0,4.2,2.25,4.666666666666667,3.0,5.666666666666667,5.75,6.666666666666667,1.6666666666666667,4.0,2.25,2.75,2.5,3.5,4.0,3.75,3.5,4.5,3.25,2.5,1.0,12.0
1,1,2.0,34.0,1.0,1.0,6.0,4.0,1.0,35.0,35.0,1.0,100.0,3600.0,3182.4,23.736263736263734,23.736263736263734,1.0,2.0,1.0,0.0,2,,,,10.0,15.0,0.0,10.0,28.57142857142857,42.857142857142854,0.0,28.57142857142857,3.3333333333333335,2.0,3.6666666666666665,2.0,4.333333333333333,2.2,2.75,3.0,1.0,2.3333333333333335,3.75,4.333333333333333,1.0,4.0,1.5,1.5,2.0,3.75,4.25,3.25,3.75,5.0,3.5,3.25,2.0,12.0
1,1,1.0,34.0,1.0,1.0,6.0,4.0,1.0,40.0,40.0,1.0,100.0,4500.0,3978.0,25.961538461538463,25.961538461538463,1.0,4.0,1.0,0.0,2,,,,25.0,0.0,0.0,15.0,62.5,0.0,0.0,37.5,5.0,5.0,2.3333333333333335,4.25,4.333333333333333,4.0,2.75,1.666666666666667,1.6666666666666667,5.333333333333333,5.75,7.0,2.3333333333333335,4.5,2.0,3.0,1.75,4.0,4.25,3.5,3.75,5.0,3.25,1.75,1.0,12.0
1,1,2.0,50.0,1.0,1.0,4.0,5.0,1.0,24.0,24.0,1.0,100.0,2500.0,2210.0,24.038461538461537,24.038461538461537,1.0,2.0,5.0,15.0,2,,,,24.0,5.0,0.0,4.0,48.047619047619044,12.857142857142861,12.714285714285715,26.964285714285715,3.1666666666666665,5.0,2.8333333333333335,3.25,4.0,2.6,3.75,2.3333333333333335,2.0,5.0,5.5,6.333333333333333,3.3333333333333335,2.75,3.25,4.25,2.75,4.25,2.75,2.0,2.75,3.75,3.5,3.5,2.0,12.0
1,1,2.0,49.0,1.0,2.0,5.0,5.0,4.0,8.0,10.0,3.0,125.0,1900.0,1679.6,54.80769230769231,43.84615384615385,1.0,1.0,5.0,25.0,2,,,,8.0,1.0,0.0,1.0,80.0,10.0,0.0,10.0,2.0,5.0,3.1666666666666665,4.75,4.666666666666667,2.0,2.0,1.9999999999999998,1.0,3.0,5.75,6.666666666666667,2.6666666666666665,3.75,3.5,4.25,2.5,4.25,4.5,3.5,3.75,5.0,3.75,2.5,1.0,12.0
1,1,1.0,34.0,2.0,1.0,6.0,2.0,1.0,38.5,38.5,1.0,100.0,4000.0,3536.0,23.976023976023978,23.976023976023978,1.0,4.0,1.0,0.0,2,,,,30.0,5.0,0.0,5.0,33.27777777777778,24.944444444444443,7.555555555555555,19.22222222222222,3.6666666666666665,4.0,2.6666666666666665,3.5,4.0,2.8,3.75,5.0,1.6666666666666667,6.666666666666667,6.25,5.0,3.0,3.75,2.75,3.5,1.75,2.75,4.25,3.5,3.0,3.25,3.0,3.0,1.0,12.0
1,1,1.0,62.0,1.0,1.0,4.0,5.0,4.0,2.0,4.0,3.0,200.0,500.0,442.0,57.69230769230769,28.846153846153847,1.0,1.0,2.0,40.0,2,,,,2.0,0.0,0.0,1.0,50.0,0.0,0.0,25.0,4.25,4.0,2.8333333333333335,3.3333333333333335,2.6666666666666665,2.8,3.25,6.0,5.666666666666667,5.666666666666667,5.25,6.0,3.3333333333333335,2.5,2.5,2.75,3.0,2.75,3.25,3.0,2.5,3.5,2.75,3.5,4.0,12.0
1,1,2.0,32.0,3.0,1.0,6.0,4.0,1.0,24.0,28.0,3.0,116.66666666666667,2400.0,2121.6,23.076923076923077,19.780219780219777,1.0,1.0,5.0,16.0,2,,,,15.0,4.0,4.0,1.0,53.57142857142857,14.285714285714285,14.285714285714285,3.571428571428571,2.6666666666666665,3.0,2.8333333333333335,3.5,3.0,3.0,3.25,3.3333333333333335,2.3333333333333335,4.333333333333333,5.25,5.666666666666667,1.6666666666666667,4.0,3.6666666666666665,4.0,2.0,4.333333333333333,2.0,3.0,4.0,2.6666666666666665,4.0,2.0,1.4000000000000004,12.0
1,1,1.0,54.0,2.0,2.0,4.0,6.0,2.0,6.0,6.0,1.0,100.0,999.9999999999998,884.0,38.46153846153846,38.46153846153846,1.0,1.0,4.0,60.0,2,,,,6.0,10.0,10.0,5.0,49.75,21.0,6.5,22.75,4.166666666666667,5.0,2.5,5.0,4.666666666666667,3.8,3.25,4.666666666666667,5.0,6.333333333333333,5.75,7.0,2.3333333333333335,4.0,4.25,3.75,3.5,3.25,3.25,2.0,3.5,4.5,3.75,2.5,3.0,12.0
1,1,1.0,60.0,1.0,1.0,7.0,5.0,1.0,20.0,30.0,3.0,150.0,3500.0,3094.0,40.38461538461539,26.923076923076923,1.0,3.0,2.0,25.0,2,,,,20.0,10.0,0.0,0.0,66.66666666666666,33.33333333333333,0.0,0.0,2.3333333333333335,5.0,2.5,4.75,5.0,3.8,4.25,3.0,1.0,4.666666666666667,6.25,6.666666666666667,3.0,2.75,4.5,3.75,3.25,2.75,2.5,3.25,3.75,4.25,3.25,2.75,3.0,12.0
1,1,1.0,27.0,3.0,1.0,4.0,11.0,4.0,2.0,3.0,3.0,150.0,750.0,662.9999999999998,86.53846153846153,57.692307692307686,1.0,1.0,1.0,0.0,2,,,,1.0,0.0,0.0,1.0,33.33333333333333,0.0,0.0,33.33333333333333,4.166666666666667,3.0,2.8333333333333335,4.25,4.0,3.4,2.75,2.6666666666666665,1.0,4.666666666666667,5.0,5.666666666666667,2.6666666666666665,3.75,3.25,4.25,2.5,2.25,2.5,2.25,3.0,3.0,3.25,3.0,4.0,12.0
1,1,2.0,29.0,2.0,1.0,4.0,5.0,2.0,20.0,25.0,3.0,125.0,2050.0,1812.1999999999998,23.653846153846153,18.923076923076923,1.0,2.0,5.0,15.0,2,,,,15.0,3.0,0.0,5.0,60.0,12.0,0.0,20.0,4.0,5.0,2.3333333333333335,5.0,4.666666666666667,4.0,3.0,1.666666666666667,1.6666666666666667,1.666666666666667,4.75,7.0,1.0,2.5,2.5,1.75,2.25,4.25,2.0,3.5,3.5,4.75,3.25,3.5,2.0,12.0
1,1,2.0,53.0,4.0,1.0,4.0,5.0,2.0,6.0,6.0,1.0,100.0,1100.0,972.4000000000001,42.30769230769231,42.30769230769231,1.0,1.0,2.0,30.0,2,,,,8.0,0.0,0.0,0.2,22.5,45.833333333333336,1.0,30.666666666666668,4.0,5.0,2.5,5.0,3.3333333333333335,4.0,2.5,6.666666666666667,1.3333333333333333,6.333333333333333,4.75,7.0,3.0,2.25,1.25,3.0,1.5,3.25,2.0,3.25,2.25,3.5,3.0,1.75,2.0,12.0
1,1,1.0,49.0,1.0,2.0,6.0,5.0,2.0,15.0,25.0,3.0,166.66666666666669,1200.0,1060.8,18.46153846153846,11.076923076923077,1.0,1.0,5.0,30.0,2,,,,15.0,3.0,0.0,0.5,60.0,12.0,0.0,2.0,3.1666666666666665,5.0,3.0,4.0,3.3333333333333335,2.6,4.0,5.333333333333333,3.6666666666666665,6.333333333333333,6.25,7.0,2.6666666666666665,4.5,4.75,5.0,3.75,3.75,5.0,3.0,4.0,4.25,3.75,2.5,3.0,12.0
1,1,1.0,59.0,1.0,1.0,4.0,10.0,2.0,6.0,8.0,3.0,133.33333333333331,1200.0,1060.8,46.15384615384615,34.61538461538461,1.0,2.0,2.0,30.0,2,,,,6.0,1.0,0.0,0.0,75.0,12.5,0.0,0.0,3.1666666666666665,5.0,2.5,3.75,3.6666666666666665,3.0,2.0,3.6666666666666665,3.3333333333333335,4.333333333333333,5.25,6.0,2.6666666666666665,3.25,2.0,3.75,2.25,3.5,3.5,3.5,3.75,5.0,4.0,3.6666666666666665,2.0,12.0
1,1,1.0,36.0,2.0,1.0,6.0,2.0,1.0,38.5,41.0,3.0,106.49350649350649,5493.83,4856.54572,32.93004995004995,30.922120075046898,3.0,2.0,1.0,0.0,2,,,,35.0,1.0,1.0,4.0,85.36585365853658,2.439024390243901,2.439024390243903,9.75609756097561,2.8333333333333335,4.0,2.6666666666666665,4.75,4.333333333333333,2.4,3.25,3.3333333333333335,1.3333333333333333,5.666666666666667,4.5,5.333333333333333,2.6666666666666665,4.25,3.75,3.0,4.0,3.5,3.25,3.5,3.5,3.75,3.0,3.0,3.0,12.0
1,1,2.0,39.0,2.0,1.0,6.0,5.0,2.0,40.0,45.0,3.0,112.5,4500.0,3978.0,25.961538461538463,23.07692307692308,1.0,1.0,1.0,0.0,2,,,,25.0,5.0,5.0,10.0,55.55555555555556,11.11111111111111,11.11111111111111,22.22222222222222,3.1666666666666665,1.0,2.5,4.25,2.6666666666666665,2.6,4.0,5.666666666666667,4.0,7.0,6.25,6.333333333333333,3.0,3.0,3.0,4.0,3.5,2.75,3.75,2.25,2.75,3.5,3.0,3.25,4.0,12.0
1,1,2.0,38.0,1.0,2.0,6.0,4.0,1.0,40.0,55.0,3.0,137.5,4300.0,3801.2,24.807692307692307,18.04195804195804,2.0,2.0,5.0,3.5,2,,,,40.0,10.0,5.0,5.0,9.47644869750133,64.8944178628389,8.872939925571504,9.003402445507707,3.6666666666666665,4.0,2.3333333333333335,4.75,4.333333333333333,3.2,3.0,2.6666666666666665,1.0,3.0,6.0,6.333333333333333,1.0,4.75,4.0,4.5,3.5,3.0,4.0,3.0,3.25,5.0,3.5,2.75,1.0,13.0
1,1,1.0,42.0,1.0,2.0,7.0,8.0,2.0,40.0,50.0,3.0,125.0,4500.0,3978.0,25.961538461538463,20.76923076923077,1.0,1.0,5.0,4.0,2,,,,25.0,5.0,1.0,15.0,50.0,10.0,2.0,30.0,2.5,2.0,3.3333333333333335,3.0,2.0,2.4,4.25,2.6666666666666665,1.0,5.333333333333333,5.25,3.6666666666666665,2.3333333333333335,2.25,3.5,3.0,3.25,3.25,2.75,2.5,3.25,3.5,3.0,4.0,4.0,4.0
1,1,1.0,50.0,4.0,2.0,4.0,1.0,1.0,40.0,55.0,3.0,137.5,4000.0,3536.0,23.076923076923077,16.783216783216783,3.0,4.0,1.0,0.0,2,,,,10.0,20.0,20.0,10.0,27.084118262689692,34.36132914704343,15.942394906680622,21.160910518053377,3.3333333333333335,4.0,2.3333333333333335,4.5,4.333333333333333,3.0,3.75,2.3333333333333335,1.0,2.0,5.25,6.0,1.0,2.75,3.0,3.0,3.75,4.0,2.3333333333333335,3.3333333333333335,3.25,3.5,3.25,3.3333333333333335,2.6,13.0
1,1,2.0,49.0,1.0,2.0,8.0,1.0,1.0,40.0,55.0,3.0,137.5,6000.0,5304.0,34.61538461538461,25.174825174825173,1.0,2.0,1.0,0.0,2,,,,25.0,10.0,0.0,20.0,45.45454545454545,18.181818181818183,0.0,36.36363636363637,3.1666666666666665,4.0,2.8333333333333335,4.25,4.0,3.2,4.0,5.666666666666667,3.3333333333333335,5.333333333333333,6.25,6.333333333333333,3.0,3.75,4.25,4.0,3.25,3.25,4.75,2.5,3.75,4.75,3.0,3.25,1.0,4.0
1,1,1.0,39.0,1.0,2.0,7.0,8.0,1.0,40.0,55.0,3.0,137.5,5000.0,4420.0,28.846153846153847,20.97902097902098,2.0,3.0,1.0,0.0,2,,,,4.0,5.0,5.0,37.5,7.27272727272727,9.090909090909093,9.090909090909092,68.18181818181817,2.3333333333333335,3.0,3.3333333333333335,2.5,4.0,3.0,3.5,1.3333333333333335,1.0,5.333333333333333,5.5,5.0,2.3333333333333335,4.25,4.0,4.25,3.5,3.0,3.25,2.5,3.0,3.25,3.5,3.75,3.0,4.0
1,1,1.0,45.0,3.0,1.0,7.0,8.0,2.0,40.0,40.0,1.0,100.0,5300.0,4685.2,30.576923076923077,30.576923076923077,3.0,1.0,1.0,0.0,2,,,,20.0,10.0,10.0,5.0,33.0,32.0,15.0,25.0,2.8333333333333335,5.0,2.8333333333333335,4.25,4.666666666666667,4.0,2.0,1.666666666666667,3.0,4.0,5.75,7.0,1.6666666666666667,4.0,1.25,4.0,2.75,3.75,5.0,4.0,2.75,3.25,2.75,3.0,1.0,4.0
1,1,2.0,54.0,1.0,1.0,7.0,5.0,2.0,40.0,50.0,3.0,125.0,3000.0,2652.0,17.307692307692307,13.846153846153845,2.0,4.0,1.0,0.0,2,,,,20.0,15.0,0.0,15.0,40.0,30.0,0.0,30.0,2.3333333333333335,3.0,3.0,4.25,4.0,3.0,2.75,2.3333333333333335,2.0,5.0,6.0,6.666666666666667,3.0,2.5,2.5,4.0,2.5,3.5,3.25,3.75,3.5,4.5,3.0,3.5,2.0,4.0
1,1,1.0,57.0,4.0,1.0,7.0,2.0,1.0,6.5,6.5,1.0,100.0,1200.0,1060.8,42.603550295857985,42.603550295857985,1.0,2.0,5.0,40.0,2,,,,9.0,0.0,0.0,0.5,56.0,12.000000000000004,2.0,30.0,3.0,5.0,2.5,4.5,3.6666666666666665,3.4,2.5,4.666666666666667,1.3333333333333333,6.333333333333333,5.75,5.333333333333333,2.6666666666666665,3.0,4.0,4.5,3.0,3.0,3.5,3.25,3.75,3.25,2.5,3.0,3.0,4.0
1,1,1.0,45.0,3.0,2.0,7.0,8.0,1.0,40.0,63.0,3.0,157.5,4000.0,3536.0,23.076923076923077,14.652014652014651,1.0,3.0,1.0,0.0,2,,,,40.0,4.0,0.0,9.0,63.49206349206349,6.349206349206348,0.0,14.285714285714285,1.8333333333333333,2.0,3.3333333333333335,1.5,2.3333333333333335,1.8,3.5,3.3333333333333335,1.6666666666666667,2.6666666666666665,5.25,1.3333333333333333,2.6666666666666665,1.5,4.25,2.0,3.5,2.0,2.0,2.75,2.75,1.25,2.75,4.0,4.0,4.0
1,1,2.0,34.0,2.0,1.0,7.0,8.0,2.0,40.0,40.0,1.0,100.0,4000.0,3536.0,23.076923076923077,23.076923076923077,1.0,1.0,1.0,0.0,2,,,,35.0,5.0,2.0,1.0,28.12121212121212,35.24242424242424,14.106060606060606,22.53030303030303,3.0,4.0,3.0,3.0,3.3333333333333335,3.0,3.5,5.0,4.666666666666667,6.666666666666667,6.25,7.0,3.0,3.0,3.5,2.75,3.25,3.25,4.0,3.0,3.25,3.25,3.25,3.25,3.0,4.0
1,1,2.0,42.0,1.0,2.0,8.0,8.0,1.0,40.0,40.0,1.0,100.0,3500.0,3094.0,20.192307692307693,20.192307692307693,1.0,4.0,1.0,0.0,2,,,,25.0,5.0,1.0,10.0,54.33333333333333,10.2,6.0,26.066666666666666,3.6666666666666665,5.0,2.3333333333333335,4.25,4.333333333333333,3.8,2.25,1.666666666666667,1.0,4.333333333333333,5.75,7.0,3.0,2.75,2.25,4.0,2.25,4.25,3.0,3.5,3.5,4.75,2.75,2.0,2.0,4.0
1,1,2.0,44.0,2.0,2.0,8.0,8.0,2.0,40.0,47.5,3.0,118.75,5000.0,4420.0,28.846153846153847,24.291497975708502,1.0,1.0,5.0,2.0,2,,,,22.0,20.0,5.0,5.0,23.198135198135198,48.71645021645021,11.80779220779221,16.497402597402598,3.1666666666666665,4.0,2.8333333333333335,3.0,3.0,2.8,3.0,2.3333333333333335,1.3333333333333333,3.6666666666666665,5.75,5.0,1.0,4.5,3.75,3.25,2.25,4.0,3.25,3.5,4.0,4.75,3.25,2.75,1.0,4.0
1,1,2.0,55.0,1.0,1.0,7.0,8.0,1.0,40.0,50.0,3.0,125.0,5000.0,4420.0,28.846153846153847,23.076923076923077,2.0,3.0,1.0,0.0,2,,,,20.0,8.0,4.0,10.0,40.0,16.0,8.0,20.0,3.5,3.0,2.8333333333333335,4.0,4.0,4.0,3.0,6.333333333333333,2.6666666666666665,5.666666666666667,5.5,6.666666666666667,3.0,5.0,3.5,4.0,3.25,1.75,3.25,2.75,4.0,4.5,3.75,2.75,3.0,4.0
1,1,2.0,44.0,2.0,1.0,7.0,8.0,2.0,40.0,45.0,3.0,112.5,4000.0,3536.0,23.076923076923077,20.512820512820515,1.0,1.0,1.0,0.0,2,,,,35.0,10.0,0.0,0.0,77.77777777777779,22.22222222222222,0.0,0.0,3.6666666666666665,4.0,3.6666666666666665,3.75,3.6666666666666665,3.2,3.0,4.0,2.0,6.333333333333333,5.75,7.0,2.6666666666666665,3.5,2.75,4.75,3.0,3.5,3.75,3.5,2.75,5.0,3.25,2.75,1.0,4.0
1,1,1.0,50.0,1.0,1.0,7.0,8.0,2.0,40.0,40.0,1.0,100.0,5000.0,4420.0,28.846153846153847,28.846153846153847,1.0,3.0,1.0,0.0,2,,,,25.0,5.0,0.0,10.0,62.5,12.5,0.0,25.0,3.5,3.0,2.6666666666666665,4.25,4.666666666666667,3.4,4.0,5.0,5.0,6.333333333333333,6.25,6.0,3.0,4.25,4.0,4.0,3.75,3.25,4.0,3.75,3.5,4.0,2.75,2.5,3.0,4.0
1,1,2.0,47.0,2.0,1.0,7.0,5.0,2.0,20.0,30.0,3.0,150.0,1300.0,1149.2,15,10.0,1.0,3.0,1.0,0.0,2,,,,112.0,6.0,2.0,12.0,18.9,25.6046511627907,25.755555555555556,26.839793281653748,2.5,3.0,3.0666666666666664,3.0,4.333333333333333,2.6,3.5,4.0,3.3333333333333335,6.333333333333333,6.0,7.0,3.3333333333333335,4.5,4.0,2.75,2.3333333333333335,2.75,3.25,2.75,4.25,3.5,2.75,3.6666666666666665,2.2,4.0
1,1,2.0,58.0,1.0,1.0,8.0,8.0,2.0,40.0,40.0,1.0,100.0,6000.0,5304.0,34.61538461538461,34.61538461538461,1.0,2.0,1.0,0.0,2,,,,30.0,15.0,0.0,5.0,42.121212121212125,24.242424242424242,4.6060606060606055,29.03030303030303,3.3333333333333335,4.0,3.1666666666666665,4.75,4.666666666666667,3.2,3.0,2.6666666666666665,2.0,4.0,5.75,6.666666666666667,2.6666666666666665,2.25,2.0,4.333333333333333,2.5,3.0,3.5,3.75,3.0,4.0,3.25,4.0,2.4,4.0
1,1,2.0,33.0,2.0,1.0,7.0,8.0,2.0,40.0,40.0,1.0,100.0,3800.0,3359.2,21.923076923076923,21.923076923076923,1.0,3.0,1.0,0.0,2,,,,20.0,15.0,0.0,10.0,32.385885885885884,38.66366366366366,13.38888888888889,15.561561561561561,3.1666666666666665,5.0,3.0,5.0,4.666666666666667,3.4,3.0,6.0,2.3333333333333335,6.333333333333333,6.0,5.666666666666667,3.0,4.5,4.5,4.0,4.0,2.75,2.75,2.0,3.5,4.0,3.0,3.0,3.0,4.0
1,1,2.0,29.0,2.0,1.0,7.0,8.0,1.0,40.0,40.0,1.0,100.0,3500.0,3094.0,20.192307692307693,20.192307692307693,1.0,3.0,1.0,0.0,2,,,,30.0,10.0,0.0,10.0,21.0,46.66666666666667,21.666666666666668,10.666666666666666,3.1666666666666665,4.0,2.5,5.0,4.666666666666667,3.0,2.75,4.0,3.0,4.666666666666667,6.0,6.0,2.3333333333333335,3.0,2.0,3.5,2.75,2.75,3.0,3.25,3.25,4.0,3.0,3.25,2.0,4.0
1,1,2.0,33.0,2.0,1.0,7.0,1.0,2.0,40.0,40.0,1.0,100.0,4200.0,3712.8,24.230769230769234,24.230769230769234,3.0,2.0,1.0,0.0,2,,,,12.0,5.0,8.0,20.0,17.000000000000004,37.5,25.5,16.0,4.166666666666667,3.0,2.8333333333333335,4.0,5.0,3.4,2.5,4.666666666666667,4.0,5.666666666666667,6.0,4.333333333333333,3.0,3.75,3.75,4.25,3.25,3.75,3.5,4.25,4.0,5.0,3.25,2.0,1.0,4.0
1,1,2.0,51.0,1.0,1.0,7.0,8.0,2.0,40.0,40.0,1.0,100.0,4670.0,4128.28,26.94230769230769,26.94230769230769,1.0,1.0,5.0,2.0,2,,,,25.0,8.0,0.0,5.0,62.5,20.0,0.0,12.5,3.1666666666666665,2.0,3.3333333333333335,1.25,2.6666666666666665,2.8,1.5,1.9999999999999998,1.6666666666666667,3.3333333333333335,5.75,6.333333333333333,2.0,4.0,2.5,2.5,2.5,3.75,3.75,3.25,4.0,5.0,3.25,2.75,1.0,4.0
1,1,1.0,40.0,2.0,4.0,7.0,5.0,1.0,40.0,55.0,3.0,137.5,4600.0,4066.3999999999996,26.538461538461537,19.3006993006993,1.0,1.0,5.0,10.0,2,,,,35.0,5.0,5.0,10.0,63.636363636363626,9.090909090909093,9.090909090909092,18.181818181818183,2.3333333333333335,2.0,2.8333333333333335,3.0,2.6666666666666665,2.2,4.25,1.3333333333333335,2.0,5.666666666666667,6.25,4.666666666666667,3.6666666666666665,2.5,4.5,4.25,4.25,3.5,5.0,3.75,2.75,3.0,3.25,2.75,3.0,4.0
1,1,1.0,35.0,1.0,2.0,7.0,5.0,1.0,40.0,57.5,3.0,143.75,6000.0,5304.0,34.61538461538461,24.080267558528426,1.0,3.0,1.0,0.0,2,,,,35.0,10.0,5.0,10.0,13.965811965811966,19.00854700854701,28.341880341880337,26.376068376068375,2.6666666666666665,5.0,2.6333333333333333,4.75,4.666666666666667,2.6,3.75,2.6666666666666665,1.3333333333333333,4.666666666666667,6.25,7.0,2.0,5.0,5.0,5.0,3.5,3.75,3.75,3.75,4.0,5.0,3.75,2.75,1.0,4.0
1,1,2.0,41.0,1.0,2.0,7.0,8.0,1.0,40.0,55.0,3.0,137.5,3600.0,3182.4,20.769230769230766,15.104895104895103,2.0,3.0,1.0,0.0,2,,,,5.0,15.0,0.0,35.0,9.09090909090909,27.27272727272727,0.0,63.63636363636364,2.6666666666666665,2.0,3.0,3.25,3.3333333333333335,3.0,3.5,5.333333333333333,4.0,5.666666666666667,5.25,4.333333333333333,3.3333333333333335,3.75,3.75,3.5,3.25,2.5,3.25,3.25,3.75,4.25,3.5,2.75,1.0,4.0
1,1,2.0,49.0,1.0,2.0,8.0,8.0,2.0,40.0,50.0,3.0,125.0,4100.0,3624.3999999999996,23.653846153846153,18.923076923076923,3.0,1.0,5.0,10.0,2,,,,30.0,5.0,5.0,5.0,60.0,10.0,10.0,10.0,2.5,2.0,3.1666666666666665,2.5,3.0,2.4,4.0,4.666666666666667,4.333333333333333,4.333333333333333,5.25,5.0,3.3333333333333335,2.75,4.0,2.75,3.5,2.75,3.0,3.0,3.0,3.5,2.75,3.25,4.0,4.0
1,1,2.0,42.0,1.0,2.0,7.0,8.0,1.0,40.0,40.0,1.0,100.0,5400.0,4773.6,31.153846153846153,31.153846153846153,1.0,1.0,2.0,1.0,2,,,,15.0,8.0,0.0,10.0,37.5,20.0,0.0,25.0,3.3333333333333335,4.0,2.6666666666666665,3.75,3.3333333333333335,3.0,3.25,5.0,4.0,6.333333333333333,6.0,7.0,1.6666666666666667,5.0,4.75,4.0,3.5,3.0,4.5,2.25,4.0,4.25,3.75,2.25,3.0,4.0
1,1,2.0,35.0,3.0,1.0,7.0,5.0,2.0,40.0,40.0,1.0,100.0,2500.0,2210.0,14.423076923076923,14.423076923076923,1.0,2.0,1.0,0.0,2,,,,3.0,2.0,0.0,6.0,7.4999999999999964,5.0,0.0,15.0,4.5,4.0,2.6666666666666665,4.75,3.0,4.0,2.0,5.0,1.6666666666666667,4.666666666666667,3.5,5.333333333333333,2.6666666666666665,1.75,1.75,2.0,2.75,3.0,1.75,2.5,3.5,4.25,3.0,3.5,4.0,4.0
1,1,2.0,46.0,1.0,2.0,7.0,8.0,1.0,40.0,40.0,1.0,100.0,6000.0,5304.0,34.61538461538461,34.61538461538461,4.0,3.0,1.0,0.0,2,,,,28.0,8.0,2.0,2.0,70.0,20.0,5.0,5.0,4.333333333333333,5.0,2.3333333333333335,4.75,4.666666666666667,4.0,2.75,1.9999999999999998,1.0,3.0,5.5,7.0,1.3333333333333333,4.25,2.5,3.75,2.5,4.0,3.25,3.25,3.75,5.0,3.0,3.0,1.0,4.0
1,1,1.0,60.0,2.0,1.0,7.0,5.0,1.0,40.0,40.0,1.0,100.0,3500.0,3094.0,20.192307692307693,20.192307692307693,1.0,1.0,5.0,6.0,2,,,,35.0,0.0,0.0,5.0,87.5,0.0,0.0,12.5,4.666666666666667,3.0,2.7666666666666666,3.5,4.666666666666667,3.4,3.75,1.9999999999999998,3.3333333333333335,4.733333333333333,6.0,6.0,1.0,2.5,4.0,3.5,2.0,3.3333333333333335,3.0,3.25,4.0,5.0,3.0,3.0,1.8,4.0
1,1,1.0,55.0,1.0,3.0,8.0,8.0,2.0,40.0,40.0,1.0,100.0,5500.0,4862.0,31.730769230769234,31.730769230769234,1.0,1.0,6.0,8.0,2,,,,30.0,4.0,0.0,6.0,75.0,10.0,0.0,15.0,1.8333333333333333,3.0,3.5,2.25,2.0,2.8,2.75,3.3333333333333335,2.3333333333333335,3.6666666666666665,5.25,5.0,2.3333333333333335,3.5,3.0,3.25,2.75,4.0,4.25,3.5,3.0,4.5,3.0,3.25,1.0,4.0
1,1,2.0,24.0,2.0,1.0,4.0,2.0,2.0,40.0,40.0,1.0,100.0,3200.0,2828.8,18.46153846153846,18.46153846153846,1.0,2.0,1.0,0.0,2,,,,0.0,40.0,0.0,0.0,0.0,100.0,0.0,0.0,3.6666666666666665,4.0,2.6666666666666665,4.25,4.666666666666667,3.6,3.5,3.3333333333333335,4.0,6.0,6.25,5.0,4.0,2.5,3.25,4.0,3.0,2.25,2.5,2.25,3.5,4.25,3.0,3.75,4.0,13.0
1,1,2.0,28.0,3.0,1.0,4.0,4.0,2.0,40.0,40.0,1.0,100.0,2709.0,2394.7560000000003,15.628846153846155,15.628846153846155,1.0,2.0,1.0,0.0,2,,,,0.0,40.0,0.0,1.0,30.5,44.333333333333336,10.5,14.666666666666666,3.0,4.0,3.1666666666666665,4.75,3.6666666666666665,2.6,2.5,4.333333333333333,4.666666666666667,6.333333333333333,5.25,6.333333333333333,3.0,3.0,2.25,3.25,2.5,3.0,3.0,2.75,3.5,4.0,3.25,3.0,2.0,13.0
1,1,2.0,40.0,3.0,2.0,4.0,2.0,3.0,44.5,44.5,1.0,100.0,6000.0,5304.0,31.11495246326707,31.114952463267073,1.0,1.0,1.0,0.0,2,,,,15.0,30.0,9.0,1.0,36.666666666666664,32.333333333333336,12.416666666666666,18.583333333333336,3.1666666666666665,4.0,3.0,3.5,3.0,3.2,4.0,3.3333333333333335,7.0,6.666666666666667,6.25,6.0,3.0,4.25,4.0,3.75,3.5,3.5,4.0,2.5,3.5,2.25,3.0,2.75,3.0,13.0
1,1,2.0,39.0,1.0,1.0,5.0,5.0,3.0,40.0,55.0,3.0,137.5,1750.0,1547.0,10.096153846153847,7.342657342657343,1.0,1.0,1.0,0.0,2,,,,0.0,35.0,5.0,15.0,0.0,63.63636363636364,9.090909090909092,27.27272727272727,2.2,3.0,2.6666666666666665,2.0,4.0,2.6,3.75,5.333333333333333,4.333333333333333,6.0,5.5,5.666666666666667,2.3333333333333335,3.5,3.75,3.25,4.0,2.75,3.0,2.75,3.0,2.75,3.0,3.0,3.6,13.0
1,1,1.0,28.0,2.0,1.0,4.0,5.0,3.0,30.0,40.0,3.0,133.33333333333331,2453.0,2168.452,18.86923076923077,14.151923076923078,1.0,2.0,1.0,0.0,2,,,,0.0,35.0,0.0,1.0,0.0,87.5,0.0,2.5,4.166666666666667,3.0,2.3333333333333335,4.0,3.6666666666666665,3.2,3.25,5.0,7.0,5.666666666666667,4.75,6.333333333333333,1.3333333333333333,3.75,3.5,3.5,3.0,3.0,3.75,3.25,3.0,3.25,2.75,3.5,4.0,9.0
1,1,2.0,45.0,2.0,2.0,5.0,9.0,1.0,24.0,24.0,1.0,100.0,2500.0,2210.0,24.038461538461537,24.038461538461537,1.0,1.0,5.0,6.0,2,,,,22.0,0.0,0.0,1.5,91.66666666666666,0.0,0.0,6.25,3.0,4.0,3.0,2.25,3.6666666666666665,2.8,3.5,1.666666666666667,1.3333333333333333,2.3333333333333335,4.5,6.333333333333333,2.6666666666666665,1.75,3.0,2.75,2.75,3.5,3.0,3.0,2.25,4.0,3.25,2.75,2.0,10.0
1,1,1.0,52.0,2.0,1.0,5.0,9.0,1.0,40.0,40.0,1.0,100.0,4359.0,3853.3560000000007,25.14807692307692,25.14807692307692,1.0,2.0,5.0,3.0,2,,,,25.0,5.0,3.0,10.0,28.5,26.5,20.0,25.0,2.6666666666666665,4.0,3.3333333333333335,3.5,3.0,2.8,3.75,5.0,2.6666666666666665,5.0,5.5,5.333333333333333,2.3333333333333335,4.25,4.75,5.0,3.25,3.25,3.25,2.5,3.25,2.75,3.25,3.25,3.0,10.0
1,1,2.0,38.0,3.0,1.0,4.0,5.0,1.0,40.0,40.0,1.0,100.0,4351.9,3847.0796,25.107115384615383,25.107115384615383,1.0,2.0,1.0,0.0,2,,,,5.0,25.0,19.0,1.0,33.5,35.5,11.0,20.0,3.8333333333333335,2.0,3.0,2.75,4.0,3.8,3.5,6.0,6.0,6.0,6.0,6.0,3.6666666666666665,4.25,2.25,4.5,2.75,3.75,4.0,3.75,3.5,4.0,3.25,3.0,1.0,10.0
1,1,1.0,54.0,1.0,1.0,8.0,5.0,3.0,40.0,40.0,1.0,100.0,4000.0,3536.0,23.076923076923077,23.076923076923077,1.0,1.0,1.0,0.0,2,,,,14.0,15.0,6.0,5.0,35.0,37.5,15.0,12.5,3.1666666666666665,3.0,2.6666666666666665,3.0,3.0,2.6,3.25,4.333333333333333,4.666666666666667,5.0,4.5,6.0,2.6666666666666665,3.25,4.5,5.0,3.5,3.5,3.5,2.5,2.25,2.75,3.0,3.0,3.0,10.0
1,1,2.0,29.0,2.0,1.0,4.0,5.0,1.0,20.0,40.0,3.0,200.0,1630.0,1440.92,18.807692307692307,9.403846153846153,1.0,1.0,1.0,0.0,2,,,,38.0,0.0,0.0,2.0,95.0,0.0,0.0,5.0,3.0,4.0,2.6666666666666665,4.5,4.0,3.8,3.5,5.666666666666667,1.6666666666666667,6.666666666666667,6.25,7.0,3.0,2.25,4.75,5.0,3.75,2.5,2.0,2.5,3.0,3.5,3.0,3.25,4.0,10.0
1,1,2.0,42.0,3.0,3.0,4.0,9.0,3.0,30.0,45.0,3.0,150.0,3263.9,2885.2876,25.106923076923078,16.73794871794872,1.0,1.0,1.0,0.0,2,,,,5.0,25.0,10.0,10.0,30.214285714285715,47.528571428571425,10.5,11.757142857142856,3.1666666666666665,2.0,2.6666666666666665,4.25,1.6666666666666667,2.6,5.0,5.0,6.0,6.333333333333333,6.25,6.0,3.0,4.5,5.0,4.25,4.25,3.25,4.75,3.0,2.75,1.5,3.5,2.25,3.0,10.0
1,1,1.0,56.0,1.0,2.0,4.0,5.0,1.0,40.0,40.0,1.0,100.0,4200.0,3712.8,24.230769230769234,24.230769230769234,2.0,2.0,1.0,0.0,2,,,,25.0,3.0,1.0,11.0,62.5,7.5,2.5,27.500000000000004,3.6666666666666665,3.0,2.6666666666666665,2.0,2.0,3.0,3.75,3.3333333333333335,3.3333333333333335,3.3333333333333335,5.25,6.0,2.3333333333333335,2.25,2.25,2.0,3.0,3.75,3.0,3.0,3.0,3.5,3.0,3.0,2.0,10.0
1,1,2.0,52.0,2.0,1.0,4.0,8.0,1.0,30.0,34.0,3.0,113.33333333333333,2913.0,2575.092,22.407692307692308,19.771493212669686,2.0,3.0,6.0,4.0,2,,,,16.0,6.0,1.0,4.0,47.05882352941176,17.647058823529413,2.9411764705882355,11.76470588235294,3.1666666666666665,4.0,2.6666666666666665,4.5,4.666666666666667,2.4,3.25,4.0,3.0,5.333333333333333,5.25,6.666666666666667,2.3333333333333335,3.75,4.0,2.75,3.0,4.25,3.0,2.5,3.25,3.5,3.0,2.75,1.0,10.0
1,1,2.0,63.0,1.0,3.0,4.0,9.0,1.0,22.0,22.0,1.0,100.0,2500.0,2210.0,26.223776223776223,26.223776223776223,1.0,3.0,5.0,20.0,2,,,,25.0,5.0,0.0,3.0,43.6,20.400000000000002,7.0,27.799999999999997,3.3333333333333335,4.0,3.5,1.75,3.6666666666666665,3.0,2.0,6.0,1.0,4.0,5.75,7.0,2.6666666666666665,2.25,5.0,4.0,3.5,3.0,3.3333333333333335,3.25,3.0,4.25,3.75,3.6666666666666665,3.5999999999999996,10.0
1,1,2.0,33.0,1.0,2.0,5.0,9.0,1.0,20.0,30.0,3.0,150.0,1750.0,1547.0,20.192307692307693,13.461538461538462,1.0,1.0,1.0,0.0,2,,,,6.0,20.0,0.0,4.0,20.0,66.66666666666666,0.0,13.333333333333334,3.0,3.0,3.1666666666666665,3.5,1.6666666666666667,3.2,3.0,7.0,1.6666666666666667,6.666666666666667,5.75,6.0,1.6666666666666667,4.5,2.5,4.5,3.0,3.5,4.5,2.5,3.0,4.0,3.5,2.0,1.0,10.0
1,1,2.0,55.0,2.0,1.0,4.0,9.0,3.0,20.0,50.0,3.0,250.0,2110.81,1865.95604,24.3555,9.7422,2.0,1.0,5.0,25.0,2,,,,0.0,0.0,0.0,20.0,0.0,0.0,0.0,40.0,2.0,1.0,2.6666666666666665,1.75,1.6666666666666667,2.0,4.25,4.666666666666667,2.3333333333333335,7.0,6.25,6.666666666666667,4.666666666666667,3.75,3.75,4.5,3.75,1.5,2.75,3.25,3.25,1.75,3.25,3.25,4.0,10.0
1,1,2.0,63.0,2.0,1.0,5.0,4.0,1.0,10.0,10.0,1.0,100.0,1600.0,1414.4,36.92307692307692,36.92307692307692,2.0,4.0,5.0,40.0,2,,,,4.5,4.0,0.0,3.5,70.0,8.5,11.0,18.0,3.0,4.0,2.1666666666666665,3.25,3.6666666666666665,3.4,3.0,4.0,1.6666666666666667,4.666666666666667,4.0,6.333333333333333,1.6666666666666667,3.0,4.75,3.0,3.0,3.5,3.5,2.5,3.75,4.25,3.5,3.25,3.0,10.0
1,1,1.0,30.0,2.0,1.0,4.0,9.0,1.0,20.0,25.0,3.0,125.0,1887.02,1668.12568,21.77330769230769,17.418646153846154,1.0,2.0,5.0,10.0,2,,,,22.5,0.0,0.0,1.0,90.0,0.0,0.0,4.0,3.5,2.0,2.8333333333333335,5.0,4.0,3.0,3.75,4.0,1.3333333333333333,6.0,6.0,6.0,2.6666666666666665,2.75,2.5,3.0,2.0,2.5,2.5,3.25,3.25,3.75,2.75,3.5,2.0,10.0
1,1,1.0,41.0,2.0,1.0,4.0,9.0,1.0,40.0,40.0,1.0,100.0,4500.0,3978.0,25.961538461538463,25.961538461538463,1.0,2.0,5.0,4.0,2,,,,30.0,5.0,0.0,5.0,75.0,12.5,0.0,12.5,3.0,3.0,2.6666666666666665,2.25,3.0,2.8,2.75,3.5,2.3333333333333335,4.0,5.25,6.333333333333333,2.3333333333333335,2.0,1.75,1.75,2.25,2.5,2.0,3.0,2.75,3.75,3.0,3.5,2.0,10.0
1,1,1.0,41.0,1.0,1.0,4.0,4.0,1.0,40.0,40.0,1.0,100.0,5016.0,4434.144,28.938461538461535,28.938461538461535,2.0,4.0,5.0,6.0,2,,,,2.0,13.5,3.0,20.0,5.0,33.75,7.5,50.0,3.5,3.0,2.6666666666666665,2.75,3.6666666666666665,3.2,3.5,1.9999999999999998,2.0,2.6666666666666665,4.75,5.666666666666667,1.3333333333333333,4.0,3.0,3.5,3.0,3.5,3.75,3.0,3.0,4.0,3.75,3.5,3.0,10.0
1,1,2.0,43.0,1.0,2.0,4.0,5.0,1.0,25.0,32.5,3.0,130.0,2249.0,1988.116,20.76,15.96923076923077,1.0,1.0,1.0,0.0,2,,,,32.5,0.0,0.0,0.0,100.0,0.0,0.0,0.0,2.6,5.0,2.5,4.5,4.333333333333333,2.8,3.0,3.0,1.3333333333333333,6.333333333333333,6.0,7.0,2.6666666666666665,2.25,2.75,4.25,3.0,3.75,3.75,3.0,2.75,4.75,3.25,2.0,1.0,10.0
1,1,2.0,48.0,3.0,2.0,4.0,2.0,1.0,35.0,35.0,1.0,100.0,3400.0,3005.6,22.41758241758242,22.41758241758242,1.0,4.0,1.0,0.0,2,,,,15.0,10.0,5.0,7.0,50.83333333333333,19.333333333333336,12.333333333333334,17.5,2.8333333333333335,3.0,2.3333333333333335,3.75,3.3333333333333335,2.8,2.75,2.3333333333333335,1.3333333333333333,3.6666666666666665,4.25,5.333333333333333,2.0,2.25,1.75,1.75,2.25,3.75,3.0,3.25,3.25,4.0,3.25,2.5,2.0,10.0
1,1,2.0,48.0,1.0,1.0,4.0,4.0,6.0,40.0,40.0,1.0,100.0,4300.0,3801.2,24.807692307692307,24.807692307692307,3.0,1.0,5.0,10.0,2,,,,20.0,20.0,20.0,0.0,40.5,23.0,13.0,26.0,3.1666666666666665,3.0,2.6666666666666665,5.0,5.0,3.8,3.5,3.0,3.0,4.0,5.5,6.0,3.3333333333333335,3.75,3.25,4.0,2.75,3.0,3.25,4.0,3.5,5.0,3.5,2.5,3.0,10.0
1,1,2.0,45.0,1.0,4.0,4.0,8.0,1.0,15.0,15.0,1.0,100.0,1650.0,1458.6,25.384615384615383,25.384615384615383,1.0,1.0,5.0,8.0,2,,,,25.0,4.0,1.0,1.5,46.33333333333333,18.000000000000004,15.0,15.25,3.6666666666666665,3.0,2.8333333333333335,3.25,3.3333333333333335,2.4,3.0,3.0,2.1333333333333333,3.2666666666666666,4.5,6.333333333333333,1.5,2.25,2.75,2.5,2.25,4.5,2.0,3.75,3.0,4.75,3.75,3.25,2.0,10.0
1,1,2.0,45.0,1.0,2.0,4.0,9.0,1.0,37.35,37.35,1.0,100.0,4831.67,4271.19628,29.852764905776954,29.852764905776954,2.0,3.0,5.0,6.0,2,,,,35.5,1.0,0.0,2.0,47.0,16.125,15.125,21.75,4.4,5.0,2.8333333333333335,4.0,4.333333333333333,3.8,3.25,5.333333333333333,2.0,5.0,6.25,7.0,3.0,3.0,4.0,3.75,3.5,3.0,4.0,3.75,3.25,5.0,3.25,3.0,3.0,10.0
1,1,2.0,28.0,2.0,1.0,4.0,5.0,3.0,28.0,28.0,1.0,100.0,2683.0,2371.772,22.112637362637365,22.112637362637365,1.0,2.0,5.0,4.0,2,,,,2.0,24.0,0.0,2.0,7.142857142857142,85.7142857142857,0.0,7.142857142857142,3.8333333333333335,2.0,2.8333333333333335,3.0,4.0,3.0,4.5,6.333333333333333,5.0,6.333333333333333,6.25,5.666666666666667,3.0,4.0,2.5,4.0,2.0,3.25,2.25,3.5,3.0,4.25,3.25,2.75,3.0,10.0
1,1,2.0,36.0,2.0,1.0,4.0,9.0,1.0,32.0,32.0,1.0,100.0,3626.0,3205.384,26.14903846153846,26.14903846153846,1.0,3.0,5.0,10.0,2,,,,4.0,12.0,12.0,4.0,12.5,37.5,37.5,12.5,2.8333333333333335,1.0,3.1666666666666665,2.75,4.0,2.8,3.25,4.333333333333333,2.0,5.333333333333333,5.0,4.666666666666667,3.0,2.25,2.75,2.5,3.0,3.5,2.25,2.5,2.75,3.5,3.25,3.5,4.0,10.0
1,1,2.0,61.0,4.0,3.0,4.0,9.0,1.0,17.0,27.0,3.0,158.8235294117647,4500.0,3978.0,61.085972850678736,38.46153846153847,2.0,2.0,6.0,30.0,2,,,,275.0,7.0,35.0,5.0,26.916666666666664,17.166666666666664,13.809178743961352,37.94444444444444,3.5,2.0,2.6666666666666665,3.75,3.3333333333333335,2.8,3.0,1.3333333333333335,1.3333333333333333,1.333333333333333,5.75,7.0,2.6666666666666665,3.75,4.0,4.5,3.5,5.0,3.75,3.0,3.5,3.5,2.75,3.0,3.0,10.0
1,1,2.0,29.0,3.0,1.0,4.0,9.0,3.0,20.0,30.0,3.0,150.0,1280.0,1131.52,14.769230769230768,9.846153846153845,3.0,3.0,1.0,0.0,2,,,,1.0,20.0,5.0,4.0,3.333333333333332,66.66666666666666,16.666666666666664,13.333333333333334,3.3333333333333335,4.0,2.5,4.5,2.6666666666666665,3.4,4.25,2.6666666666666665,1.0,6.333333333333333,6.25,7.0,2.3333333333333335,4.25,4.25,4.5,3.25,3.5,2.0,3.25,3.75,5.0,3.0,3.5,3.0,10.0
1,1,1.0,37.0,2.0,1.0,4.0,2.0,1.0,40.0,52.0,3.0,130.0,5077.22,4488.26248,29.291653846153842,22.53204142011834,1.0,4.0,1.0,0.0,2,,,,37.0,5.0,0.0,10.0,71.15384615384616,9.615384615384617,0.0,19.230769230769234,3.3333333333333335,4.0,2.6666666666666665,4.0,3.3333333333333335,3.6,4.25,5.0,3.3333333333333335,4.0,5.5,4.666666666666667,4.666666666666667,1.75,4.25,5.0,4.0,3.5,2.25,2.5,4.0,2.0,2.5,3.5,4.0,10.0
1,1,1.0,49.0,3.0,1.0,4.0,6.0,1.0,40.0,40.0,1.0,100.0,4700.0,4154.8,27.115384615384613,27.115384615384613,1.0,1.0,1.0,0.0,2,,,,10.0,25.0,0.0,5.0,25.0,62.5,0.0,12.5,4.166666666666667,5.0,2.8333333333333335,3.75,3.6666666666666665,4.4,2.0,3.6666666666666665,2.0,5.333333333333333,3.75,5.0,3.3333333333333335,2.75,1.75,4.5,2.25,3.25,4.0,3.5,3.5,4.75,3.0,3.0,2.0,10.0
1,1,1.0,35.0,1.0,2.0,4.0,2.0,1.0,40.0,40.0,1.0,100.0,3700.0,3270.8,21.346153846153847,21.346153846153847,1.0,1.0,1.0,0.0,2,,,,1.0,5.0,17.0,17.0,2.5000000000000036,12.5,42.5,42.5,2.5,2.0,3.0,2.0,3.0,2.6,2.5,4.666666666666667,1.6666666666666667,4.333333333333333,4.5,2.6666666666666665,2.3333333333333335,3.0,2.5,4.0,3.0,3.5,4.0,3.75,3.0,1.75,2.75,3.75,4.0,10.0
1,1,1.0,48.0,1.0,2.0,4.0,5.0,1.0,40.0,40.0,1.0,100.0,4500.0,3978.0,25.961538461538463,25.961538461538463,1.0,1.0,1.0,0.0,2,,,,5.0,5.0,0.0,30.0,12.5,12.5,0.0,75.0,2.5,3.0,2.8333333333333335,2.5,2.3333333333333335,3.4,3.75,3.6666666666666665,4.666666666666667,4.333333333333333,4.25,3.0,4.333333333333333,1.25,1.0,2.5,3.25,2.0,1.75,3.0,2.25,2.25,3.5,3.25,4.0,10.0
1,1,2.0,44.0,1.0,2.0,4.0,6.0,2.0,40.0,40.0,1.0,100.0,5000.0,4420.0,28.846153846153847,28.846153846153847,1.0,3.0,1.0,0.0,2,,,,13.0,25.0,0.0,2.0,32.5,62.5,0.0,5.0,4.0,4.0,2.6666666666666665,4.75,5.0,4.2,2.25,1.9999999999999998,5.0,7.0,6.0,7.0,3.0,3.0,2.5,2.0,3.5,4.0,3.0,3.5,3.5,3.5,3.25,2.75,2.0,10.0
1,1,2.0,53.0,1.0,1.0,4.0,1.0,1.0,40.0,40.0,1.0,100.0,5000.0,4420.0,28.846153846153847,28.846153846153847,3.0,2.0,1.0,0.0,2,,,,15.0,15.0,10.0,5.0,25.5,37.5,10.0,27.0,3.3333333333333335,4.0,2.8333333333333335,4.0,4.333333333333333,3.6,2.5,1.666666666666667,1.6666666666666667,2.6666666666666665,5.5,7.0,1.6666666666666667,1.75,2.25,4.5,2.25,4.0,2.75,3.5,3.5,4.5,3.25,3.5,2.0,10.0
1,1,1.0,33.0,2.0,1.0,4.0,1.0,1.0,40.0,47.0,3.0,117.5,5000.0,4420.0,28.846153846153847,24.54991816693944,1.0,2.0,1.0,0.0,2,,,,20.0,15.0,2.0,10.0,42.5531914893617,31.914893617021278,4.255319148936169,21.27659574468085,1.8333333333333333,2.0,2.5,2.0,1.3333333333333333,1.8,4.25,1.3333333333333335,1.0,4.666666666666667,6.0,3.6666666666666665,3.3333333333333335,3.5,4.25,5.0,4.0,3.25,3.25,1.75,3.25,1.75,3.0,3.25,3.0,10.0
1,1,2.0,51.0,2.0,3.0,4.0,3.0,1.0,40.0,40.0,1.0,100.0,3800.0,3359.2,21.923076923076923,21.923076923076923,1.0,1.0,1.0,0.0,2,,,,20.0,5.0,5.0,10.0,50.0,12.5,12.5,25.0,3.6666666666666665,1.0,2.8333333333333335,2.25,3.0,3.0,3.5,1.9999999999999998,4.333333333333333,5.333333333333333,3.5,4.333333333333333,3.6666666666666665,3.75,2.75,3.75,3.75,2.25,2.5,3.75,3.5,2.5,3.75,3.75,4.0,10.0
1,1,2.0,38.0,3.0,1.0,4.0,5.0,1.0,30.0,50.0,3.0,166.66666666666669,2800.0,2475.2,21.53846153846154,12.923076923076923,1.0,1.0,1.0,0.0,2,,,,50.0,0.0,0.0,0.0,100.0,0.0,0.0,0.0,2.0,4.0,2.6666666666666665,3.75,2.6666666666666665,2.4,3.75,3.6666666666666665,1.0,4.0,6.25,6.333333333333333,2.6666666666666665,2.75,4.75,4.0,3.25,3.25,3.25,2.5,2.75,4.0,4.5,3.25,3.0,10.0
1,1,2.0,41.0,1.0,2.0,4.0,4.0,2.0,20.0,20.0,1.0,100.0,2500.0,2210.0,28.846153846153847,28.846153846153847,1.0,3.0,1.0,0.0,2,,,,13.0,5.0,0.0,2.0,65.0,25.0,0.0,10.0,2.1666666666666665,5.0,2.8333333333333335,3.5,2.6666666666666665,3.0,3.25,4.333333333333333,3.3333333333333335,6.0,6.0,7.0,2.3333333333333335,3.5,2.75,3.0,3.5,3.75,3.75,3.5,2.75,3.25,2.5,3.25,2.0,10.0
1,1,2.0,40.0,1.0,2.0,4.0,1.0,1.0,40.0,45.0,3.0,112.5,2700.0,2386.8,15.576923076923077,13.846153846153847,1.0,1.0,1.0,0.0,2,,,,6.0,30.0,6.0,3.0,13.333333333333336,66.66666666666666,13.333333333333334,6.666666666666668,3.0,4.0,3.3333333333333335,2.75,2.6666666666666665,2.8,2.75,1.3333333333333335,4.333333333333333,4.666666666666667,5.0,7.0,1.6666666666666667,1.75,3.75,4.0,3.75,3.5,3.75,3.75,3.25,5.0,3.25,2.5,3.0,10.0
1,1,1.0,47.0,2.0,1.0,4.0,2.0,1.0,40.0,40.0,1.0,100.0,5000.0,4420.0,28.846153846153847,28.846153846153847,1.0,2.0,1.0,0.0,2,,,,30.0,0.0,0.0,10.0,75.0,0.0,0.0,25.0,4.5,5.0,2.6666666666666665,3.75,5.0,4.2,2.25,1.666666666666667,1.0,3.0,5.75,7.0,1.0,1.75,3.75,4.5,3.25,4.0,4.5,3.25,3.25,5.0,3.0,3.0,1.0,10.0
1,1,2.0,40.0,3.0,1.0,4.0,1.0,1.0,40.0,55.0,3.0,137.5,5000.0,4420.0,28.846153846153847,20.97902097902098,1.0,2.0,1.0,0.0,2,,,,50.0,3.0,0.0,0.0,90.9090909090909,5.45454545454545,0.0,0.0,3.2,4.0,3.0,3.25,2.3333333333333335,2.6,3.5,5.333333333333333,3.3333333333333335,5.666666666666667,5.25,6.0,2.6666666666666665,1.5,2.0,3.25,2.5,3.0,3.0,2.25,3.25,2.75,3.5,2.6666666666666665,3.2,10.0
1,1,1.0,60.0,1.0,1.0,6.0,2.0,1.0,26.0,26.0,1.0,100.0,2867.0,2534.428,25.44674556213018,25.44674556213018,1.0,4.0,2.0,65.0,2,,,,26.0,5.0,0.0,3.0,18.494949494949495,25.292929292929294,12.303030303030303,15.363636363636363,2.1666666666666665,5.0,2.5,4.0,5.0,3.0,1.5,1.0,1.0,3.0,4.0,7.0,1.0,1.0,2.25,1.5,2.0,4.0,5.0,3.25,4.0,5.0,3.0,3.25,2.0,10.0
1,1,1.0,35.0,2.0,1.0,4.0,2.0,1.0,40.0,50.0,3.0,125.0,5077.0,4488.068,29.290384615384614,23.432307692307692,1.0,1.0,1.0,0.0,2,,,,10.0,28.0,10.0,2.0,20.0,56.00000000000001,20.0,4.0,3.3333333333333335,2.0,2.5,3.75,2.6666666666666665,3.0,2.75,2.3333333333333335,1.6666666666666667,5.333333333333333,5.0,5.0,2.6666666666666665,4.25,4.25,4.75,3.0,2.5,2.75,2.0,3.5,3.5,2.75,2.75,3.0,10.0
1,1,2.0,41.0,4.0,2.0,4.0,1.0,1.0,20.0,20.0,1.0,100.0,1900.0,1679.6,21.923076923076923,21.923076923076923,1.0,2.0,1.0,0.0,2,,,,15.0,5.0,0.0,0.0,75.0,25.0,0.0,0.0,2.6666666666666665,3.0,2.8333333333333335,1.75,2.0,3.6,4.25,2.3333333333333335,1.0,4.666666666666667,6.0,6.0,2.0,3.0,1.25,3.25,2.75,1.75,1.75,2.25,2.75,3.0,3.5,2.75,4.0,10.0
1,1,1.0,33.0,2.0,1.0,4.0,2.0,3.0,40.0,50.0,3.0,125.0,4285.0,3787.9399999999996,24.721153846153847,19.776923076923076,1.0,3.0,1.0,0.0,2,,,,10.0,10.0,10.0,5.0,20.0,20.0,20.0,10.0,3.6666666666666665,4.0,2.8333333333333335,4.25,4.0,3.8,1.75,3.6666666666666665,3.6666666666666665,4.0,4.5,6.0,2.6666666666666665,3.75,3.25,4.5,3.25,3.75,2.75,3.0,3.25,4.0,3.25,2.75,3.0,10.0
1,1,2.0,55.0,1.0,1.0,4.0,5.0,1.0,20.0,20.0,1.0,100.0,1618.9,1431.1076000000003,18.67961538461539,18.67961538461539,1.0,2.0,1.0,0.0,2,,,,14.0,3.0,0.0,4.5,31.0,18.000000000000004,9.0,30.666666666666668,2.8,2.0,2.5,4.75,4.333333333333333,3.2,2.5,3.6666666666666665,1.6666666666666667,5.333333333333333,5.0,6.666666666666667,3.0,2.5,2.25,2.5,2.75,3.5,3.75,3.0,3.0,3.75,3.5,2.5,2.0,10.0
1,1,2.0,47.0,1.0,2.0,4.0,5.0,1.0,40.0,30.0,2.0,75.0,3000.0,2652.0,17.307692307692307,23.076923076923077,1.0,1.0,5.0,5.0,2,,,,28.0,0.0,0.0,2.0,93.33333333333333,0.0,0.0,6.666666666666668,1.8333333333333333,5.0,2.6666666666666665,1.0,2.0,3.4,1.75,1.3333333333333335,1.3333333333333333,2.0,4.25,5.666666666666667,4.0,2.0,1.5,1.0,1.5,4.25,3.0,3.75,3.25,4.0,3.5,3.25,2.0,10.0
1,1,1.0,37.0,2.0,2.0,4.0,1.0,1.0,40.0,55.0,3.0,137.5,4500.0,3978.0,25.961538461538463,18.881118881118883,4.0,3.0,1.0,0.0,2,,,,2.5,25.0,15.0,5.0,4.545454545454547,45.45454545454545,27.27272727272727,9.090909090909093,3.3333333333333335,4.0,2.5,3.5,3.6666666666666665,3.0,3.25,1.3333333333333335,1.3333333333333333,1.666666666666667,3.0,6.666666666666667,1.0,3.5,3.5,2.5,3.5,4.0,4.25,3.0,3.25,4.0,3.75,2.75,1.0,10.0
1,1,1.0,54.0,1.0,2.0,4.0,9.0,1.0,40.0,40.0,1.0,100.0,3966.0,3505.9440000000004,22.880769230769232,22.880769230769232,1.0,2.0,1.0,0.0,2,,,,35.0,15.0,10.0,5.0,37.5,36.2,8.0,9.3,3.8333333333333335,5.0,2.5,5.0,4.0,2.8,2.5,3.0,2.3333333333333335,5.0,5.25,7.0,3.0,4.25,4.5,4.5,4.5,3.0,3.5,3.5,4.0,4.75,3.5,2.5,3.0,10.0
1,1,1.0,57.0,3.0,1.0,4.0,3.0,1.0,40.0,40.0,1.0,100.0,3000.0,2652.0,17.307692307692307,17.307692307692307,3.0,2.0,1.0,0.0,2,,,,2.0,10.0,5.0,5.0,5.0,25.0,12.5,12.5,4.5,4.0,2.3333333333333335,4.25,4.0,3.4,3.0,1.666666666666667,1.0,1.0,5.25,6.0,1.6666666666666667,1.5,1.5,2.25,2.25,3.75,2.5,2.25,3.0,4.75,2.75,3.25,2.0,10.0
1,1,2.0,49.0,2.0,1.0,4.0,5.0,3.0,20.0,35.0,3.0,175.0,1750.0,1547.0,20.192307692307693,11.538461538461538,3.0,2.0,5.0,10.0,2,,,,8.0,25.0,2.0,2.0,30.0,42.0,8.866666666666667,16.333333333333332,3.1666666666666665,4.0,3.0,2.5,2.3333333333333335,2.4,3.5,3.0,1.6666666666666667,4.333333333333333,5.5,6.333333333333333,2.6666666666666665,3.25,3.0,4.0,2.5,2.75,1.75,2.75,2.75,2.75,3.25,3.0,4.0,10.0
1,1,2.0,35.0,1.0,2.0,4.0,1.0,1.0,40.0,55.0,3.0,137.5,3700.0,3270.8,21.346153846153847,15.524475524475523,3.0,3.0,1.0,0.0,2,,,,0.0,38.0,2.0,15.0,0.0,69.0909090909091,3.636363636363636,27.27272727272727,4.333333333333333,4.0,2.8333333333333335,3.5,4.666666666666667,3.6,3.5,2.6666666666666665,3.3333333333333335,4.0,5.25,6.0,2.3333333333333335,4.0,4.0,2.0,2.5,3.75,3.25,3.25,3.75,4.0,3.0,3.0,3.0,10.0
1,1,2.0,46.0,2.0,2.0,4.0,1.0,1.0,20.0,25.0,3.0,125.0,1800.0,1591.2,20.769230769230766,16.615384615384613,3.0,2.0,1.0,0.0,2,,,,7.0,7.0,1.0,5.0,28.000000000000004,28.000000000000004,4.0,20.0,3.1666666666666665,2.0,2.1666666666666665,4.75,4.333333333333333,2.6,3.25,7.0,5.0,7.0,6.25,6.666666666666667,3.0,4.0,3.5,4.25,2.75,4.0,4.75,2.5,3.0,4.0,3.5,1.75,1.0,10.0
1,1,2.0,41.0,2.0,2.0,4.0,1.0,2.0,20.0,15.0,2.0,75.0,2350.0,2077.4,27.115384615384613,36.15384615384615,1.0,2.0,1.0,0.0,2,,,,40.0,0.0,0.0,0.0,26.666666666666664,38.32380952380953,15.657142857142857,16.952380952380953,3.0,4.0,2.8333333333333335,4.75,3.0,2.4,4.75,2.6666666666666665,1.0,5.333333333333333,6.5,3.0,3.3333333333333335,3.75,5.0,4.25,2.75,3.0,3.75,2.0,3.0,2.25,2.75,3.5,3.0,10.0
1,1,2.0,44.0,1.0,2.0,4.0,4.0,1.0,40.0,40.0,1.0,100.0,4455.0,3938.2200000000003,25.701923076923077,25.701923076923077,2.0,3.0,1.0,0.0,2,,,,2.0,40.0,2.0,1.0,42.0,16.5,12.0,18.0,2.3333333333333335,5.0,2.3333333333333335,3.25,4.0,2.4,4.0,3.6666666666666665,3.0,6.333333333333333,6.0,7.0,2.3333333333333335,4.25,5.0,4.75,3.75,4.25,5.0,4.0,4.0,4.5,3.0,2.0,1.0,10.0
1,1,1.0,48.0,3.0,1.0,4.0,7.0,1.0,40.0,45.0,3.0,112.5,6000.0,5304.0,34.61538461538461,30.769230769230766,1.0,2.0,1.0,0.0,2,,,,10.0,10.0,0.0,25.0,22.22222222222222,22.22222222222222,0.0,55.55555555555556,3.1666666666666665,3.0,3.3333333333333335,1.75,2.3333333333333335,3.2,2.5,3.0,2.3333333333333335,5.0,5.25,6.333333333333333,2.3333333333333335,2.75,3.0,3.25,2.5,3.25,3.0,2.75,3.0,4.75,3.25,2.75,2.0,10.0
1,1,2.0,38.0,1.0,2.0,6.0,4.0,1.0,32.0,40.0,3.0,125.0,4000.0,3536.0,28.846153846153847,23.076923076923077,1.0,4.0,1.0,0.0,2,,,,3.0,20.0,7.0,10.0,7.4999999999999964,50.0,17.5,25.0,4.666666666666667,5.0,2.3333333333333335,3.5,5.0,4.0,2.0,3.3333333333333335,1.3333333333333333,5.0,5.75,7.0,1.3333333333333333,4.75,2.0,2.0,2.0,3.75,3.5,3.75,3.75,5.0,3.25,2.75,1.0,10.0
1,1,2.0,41.0,1.0,2.0,4.0,5.0,1.0,20.0,25.0,3.0,125.0,2800.0,2475.2,32.30769230769231,25.846153846153847,1.0,1.0,1.0,0.0,2,,,,24.0,0.0,0.0,1.0,96.0,0.0,0.0,4.0,3.6666666666666665,2.0,3.1666666666666665,3.25,3.0,3.4,3.25,5.666666666666667,1.3333333333333333,1.666666666666667,4.25,2.3333333333333335,4.666666666666667,1.25,4.0,2.25,2.75,3.0,2.25,2.5,2.5,2.75,3.5,3.25,4.0,10.0
1,1,1.0,39.0,1.0,2.0,4.0,1.0,1.0,40.0,40.0,1.0,100.0,4729.0,4180.436,27.282692307692308,27.282692307692308,3.0,1.0,1.0,0.0,2,,,,6.0,20.0,10.0,4.0,15.0,50.0,25.0,10.0,3.0,5.0,2.1666666666666665,4.75,3.6666666666666665,3.6,2.0,1.666666666666667,1.6666666666666667,3.0,3.75,7.0,2.0,2.5,1.5,2.25,2.75,3.75,2.5,2.25,3.25,4.25,3.25,3.0,2.0,10.0
1,1,1.0,46.0,2.0,2.0,4.0,4.0,1.0,30.0,35.0,3.0,116.66666666666667,3500.0,3094.0,26.923076923076923,23.076923076923077,1.0,3.0,5.0,10.0,2,,,,15.0,5.0,10.0,5.0,42.857142857142854,14.285714285714285,28.57142857142857,14.285714285714285,3.3333333333333335,3.0,2.8333333333333335,3.0,3.0,3.4,2.75,4.0,4.333333333333333,4.0,4.75,5.333333333333333,3.3333333333333335,3.0,2.75,2.5,2.75,3.5,3.0,3.0,3.0,3.25,3.0,2.75,2.0,10.0
1,1,1.0,45.0,1.0,2.0,4.0,2.0,1.0,40.0,60.0,3.0,150.0,5054.0,4467.736,29.157692307692308,19.43846153846154,1.0,2.0,1.0,0.0,2,,,,20.0,20.0,10.0,10.0,33.33333333333333,33.33333333333333,16.666666666666664,16.666666666666664,2.8333333333333335,2.0,3.3333333333333335,1.5,2.3333333333333335,2.8,3.75,5.0,4.666666666666667,3.6666666666666665,4.5,5.0,4.666666666666667,3.75,4.25,4.25,3.25,3.75,4.25,3.25,2.0,2.5,3.0,3.25,3.0,10.0
1,1,2.0,56.0,1.0,1.0,4.0,9.0,1.0,40.0,40.0,1.0,100.0,3300.0,2917.2,19.03846153846154,19.03846153846154,1.0,2.0,1.0,0.0,2,,,,20.0,4.0,0.0,16.0,50.0,10.0,0.0,40.0,2.5,2.0,2.8333333333333335,1.25,1.3333333333333333,1.8,3.75,3.6666666666666665,1.0,2.6666666666666665,5.5,5.333333333333333,2.0,3.25,3.0,3.0,3.25,3.25,3.5,1.75,4.0,3.0,2.0,4.0,4.0,10.0
1,1,2.0,52.0,2.0,1.0,4.0,5.0,1.0,20.0,32.5,3.0,162.5,1900.0,1679.6,21.923076923076923,13.49112426035503,1.0,1.0,5.0,17.5,2,,,,27.5,4.5,0.0,2.5,31.622222222222224,40.93333333333333,9.666666666666666,17.77777777777778,2.4,3.0,2.6666666666666665,2.75,3.0,2.8,3.0,3.3333333333333335,1.0,4.0,6.25,7.0,3.0,2.25,4.0,4.0,3.25,3.5,3.25,2.75,3.25,4.0,3.25,2.5,3.0,10.0
1,1,2.0,49.0,1.0,1.0,4.0,1.0,7.0,40.0,40.0,1.0,100.0,4800.0,4243.2,27.69230769230769,27.69230769230769,1.0,2.0,1.0,0.0,2,,,,0.0,40.0,5.0,2.0,24.22222222222222,43.55555555555556,19.88888888888889,14.555555555555557,4.166666666666667,4.0,2.3333333333333335,4.0,3.3333333333333335,3.0,4.75,5.666666666666667,6.333333333333332,6.0,6.5,7.0,3.0,3.75,3.25,3.5,2.0,3.5,2.25,3.0,2.75,2.0,2.75,3.5,4.0,10.0
1,1,2.0,59.0,1.0,1.0,4.0,13.0,1.0,40.0,40.0,1.0,100.0,1860.0,1644.2399999999998,10.73076923076923,10.73076923076923,1.0,2.0,1.0,0.0,2,,,,10.0,10.0,10.0,10.0,25.0,25.0,25.0,25.0,3.6666666666666665,3.0,3.0,2.25,3.3333333333333335,2.2,3.0,1.9999999999999998,2.3333333333333335,2.0,3.75,7.0,2.3333333333333335,1.75,3.0,2.75,2.25,4.0,4.0,4.0,3.75,4.5,3.0,3.5,2.0,10.0
1,1,2.0,42.0,1.0,1.0,4.0,1.0,1.0,30.0,30.0,1.0,100.0,3500.0,3094.0,26.923076923076923,26.923076923076923,1.0,2.0,1.0,0.0,2,,,,20.0,5.0,0.0,5.0,66.66666666666666,16.666666666666664,0.0,16.666666666666664,3.3333333333333335,5.0,2.6666666666666665,3.0,4.333333333333333,3.8,2.25,4.666666666666667,1.0,5.333333333333333,5.5,7.0,2.0,3.0,1.75,4.25,2.25,2.75,2.5,2.25,4.0,4.0,3.5,3.25,2.0,10.0
1,1,1.0,42.0,1.0,2.0,4.0,8.0,1.0,40.0,40.0,1.0,100.0,3500.0,3094.0,20.192307692307693,20.192307692307693,1.0,5.0,5.0,3.0,2,,,,25.0,5.0,0.0,10.0,62.5,12.5,0.0,25.0,3.0,4.0,2.1666666666666665,3.5,3.6666666666666665,2.8,3.0,2.3333333333333335,1.6666666666666667,6.0,5.25,6.666666666666667,2.3333333333333335,4.0,3.75,2.0,2.5,3.25,4.5,3.5,3.75,4.5,3.5,3.0,1.0,10.0
1,1,2.0,51.0,1.0,2.0,4.0,3.0,1.0,40.0,40.0,1.0,100.0,5600.0,4950.4,32.30769230769231,32.30769230769231,3.0,1.0,1.0,0.0,2,,,,10.0,10.0,20.0,0.0,25.0,25.0,50.0,0.0,4.666666666666667,5.0,2.5,4.75,4.333333333333333,3.8,2.25,2.6666666666666665,1.0,3.0,5.75,7.0,3.0,2.75,2.25,1.75,2.0,4.0,5.0,1.5,2.5,4.5,3.0,3.5,2.0,10.0
1,1,2.0,54.0,2.0,2.0,4.0,1.0,1.0,40.0,40.0,1.0,100.0,5000.0,4420.0,28.846153846153847,28.846153846153847,2.0,2.0,1.0,0.0,2,,,,10.0,5.0,15.0,10.0,25.0,12.5,37.5,25.0,2.8333333333333335,3.0,2.8333333333333335,2.5,3.6666666666666665,2.6,4.25,1.9999999999999998,2.0,4.666666666666667,6.0,6.666666666666667,3.0,3.5,4.5,3.25,3.75,2.75,3.75,2.25,3.5,3.75,3.5,3.0,3.0,10.0
1,1,1.0,40.0,1.0,2.0,4.0,9.0,1.0,40.0,40.0,1.0,100.0,4530.0,4004.5200000000004,26.134615384615387,26.134615384615387,2.0,3.0,5.0,10.0,2,,,,30.0,1.0,1.0,8.0,75.0,2.5,2.5,20.0,2.4,4.0,2.5,4.5,4.666666666666667,3.6,2.5,1.9999999999999998,1.0,2.3333333333333335,6.25,7.0,1.0,3.25,4.25,4.0,3.0,3.75,3.75,2.25,3.5,5.0,3.0,3.0,1.0,10.0
1,1,1.0,34.0,1.0,2.0,4.0,2.0,3.0,40.0,40.0,1.0,100.0,3000.0,2652.0,17.307692307692307,17.307692307692307,1.0,5.0,1.0,0.0,2,,,,8.0,16.0,8.0,8.0,20.0,40.0,20.0,20.0,3.8333333333333335,5.0,2.8333333333333335,4.5,3.0,2.2,4.0,5.333333333333333,5.0,6.0,6.25,6.666666666666667,2.3333333333333335,4.0,4.25,5.0,3.75,2.75,3.5,3.0,3.25,4.25,3.5,2.75,3.0,10.0
1,1,2.0,56.0,1.0,1.0,6.0,5.0,6.0,40.0,40.0,1.0,100.0,5500.0,4862.0,31.730769230769234,31.730769230769234,1.0,2.0,5.0,10.0,2,,,,25.0,5.0,0.0,10.0,62.5,12.5,0.0,25.0,3.0,1.0,2.0,1.5,2.0,2.4,3.75,4.0,1.0,5.0,5.5,5.666666666666667,4.0,3.0,2.5,4.5,3.25,3.0,4.5,1.25,3.25,4.0,2.75,3.75,4.0,10.0
1,1,2.0,44.0,1.0,2.0,6.0,8.0,1.0,16.0,20.0,3.0,125.0,2093.0,1850.212,30.1875,24.15,1.0,1.0,1.0,0.0,2,,,,20.0,0.0,0.0,0.0,100.0,0.0,0.0,0.0,3.25,5.0,2.1666666666666665,4.0,5.0,4.2,4.0,3.6666666666666665,1.0,6.333333333333333,6.25,7.0,3.0,4.5,5.0,5.0,3.75,3.75,2.5,3.75,4.0,5.0,3.5,2.25,1.0,10.0
1,1,2.0,42.0,1.0,2.0,4.0,4.0,1.0,30.0,30.0,1.0,100.0,3600.0,3182.4,27.69230769230769,27.69230769230769,1.0,2.0,5.0,5.0,2,,,,15.0,5.0,1.0,4.0,50.0,16.666666666666664,3.333333333333334,13.333333333333334,2.8333333333333335,4.0,2.3333333333333335,2.75,3.6666666666666665,3.8,2.25,5.0,1.3333333333333333,3.0,4.0,4.666666666666667,2.6666666666666665,3.5,1.5,1.75,2.0,2.5,2.25,3.0,3.75,4.5,3.25,3.25,2.0,10.0
1,1,1.0,41.0,1.0,2.0,6.0,2.0,1.0,38.5,38.5,1.0,100.0,5700.0,5038.8,34.16583416583417,34.16583416583417,1.0,1.0,1.0,0.0,2,,,,16.5,6.0,1.0,15.0,42.857142857142854,15.584415584415584,2.5974025974025974,38.961038961038966,3.3333333333333335,5.0,3.1666666666666665,2.75,5.0,3.0,2.75,1.0,1.0,3.0,3.75,7.0,1.0,3.5,2.0,2.5,2.5,4.0,3.75,3.3333333333333335,4.0,5.0,3.25,3.3333333333333335,1.8,10.0
1,1,2.0,34.0,2.0,1.0,4.0,1.0,2.0,40.0,40.0,1.0,100.0,5600.0,4950.4,32.30769230769231,32.30769230769231,1.0,2.0,1.0,0.0,2,,,,34.0,4.0,0.0,2.0,85.0,10.0,0.0,5.0,3.8333333333333335,4.0,2.5,3.5,3.3333333333333335,3.0,2.75,5.666666666666667,5.0,5.0,3.75,4.666666666666667,2.6666666666666665,4.0,2.75,3.25,3.0,2.75,2.0,2.0,2.75,3.0,3.5,3.75,4.0,10.0
1,1,1.0,48.0,2.0,1.0,6.0,2.0,1.0,40.0,50.0,3.0,125.0,6000.0,5304.0,34.61538461538461,27.69230769230769,2.0,4.0,1.0,0.0,2,,,,20.0,2.0,2.0,25.0,40.0,4.0,4.0,50.0,3.1666666666666665,2.0,3.1666666666666665,1.75,2.3333333333333335,2.8,4.0,4.666666666666667,4.0,6.333333333333333,6.0,3.6666666666666665,3.0,4.0,4.25,4.75,3.5,2.0,3.0,2.5,3.25,1.5,3.0,2.75,4.0,10.0
1,1,2.0,33.0,2.0,1.0,4.0,1.0,1.0,36.0,36.0,1.0,100.0,4000.0,3536.0,25.641025641025642,25.641025641025642,3.0,2.0,1.0,0.0,2,,,,14.0,17.0,4.0,1.0,38.88888888888889,47.22222222222222,11.11111111111111,2.7777777777777786,4.333333333333333,4.0,2.5,3.0,3.6666666666666665,3.4,3.25,4.666666666666667,2.0,5.666666666666667,6.0,6.0,2.0,3.75,4.0,4.25,2.25,3.75,3.5,2.75,3.75,4.25,3.0,2.75,1.0,10.0
1,1,1.0,47.0,3.0,1.0,4.0,3.0,1.0,40.0,40.0,1.0,100.0,5610.0,4959.24,32.36538461538461,32.36538461538461,4.0,3.0,1.0,0.0,2,,,,27.0,51.0,8.0,14.0,29.333333333333332,26.04040404040404,12.681818181818183,41.5,3.5,2.0,2.8333333333333335,2.75,2.6666666666666665,3.4,2.0,4.0,2.6666666666666665,4.0,5.0,4.666666666666667,3.3333333333333335,2.25,1.75,3.25,2.25,3.75,3.0,3.25,3.0,4.75,3.5,3.25,2.0,10.0
1,1,2.0,36.0,1.0,2.0,4.0,2.0,1.0,20.0,20.0,1.0,100.0,2000.0,1768.0,23.076923076923077,23.076923076923077,1.0,3.0,1.0,0.0,2,,,,15.0,2.0,2.0,1.0,75.0,10.0,10.0,5.0,3.8333333333333335,4.0,2.8333333333333335,4.25,5.0,3.6,1.5,2.6666666666666665,1.0,6.0,5.75,5.0,3.0,1.75,1.25,3.25,1.5,4.0,3.0,3.25,4.0,5.0,3.25,3.25,2.0,10.0
1,1,2.0,40.0,2.0,1.0,4.0,5.0,1.0,60.0,70.0,3.0,116.66666666666667,2800.0,2475.2,10.76923076923077,9.230769230769234,1.0,2.0,1.0,0.0,2,,,,48.0,0.0,0.0,20.0,68.57142857142857,0.0,0.0,28.57142857142857,3.3333333333333335,3.0,2.3333333333333335,3.75,3.0,2.8,3.5,4.0,1.0,5.0,6.25,7.0,3.0,4.25,4.25,3.0,3.75,4.0,3.75,3.0,3.25,3.5,3.25,2.5,3.0,10.0
1,1,2.0,37.0,2.0,2.0,4.0,5.0,1.0,40.0,40.0,1.0,100.0,4300.0,3801.2,24.807692307692307,24.807692307692307,3.0,2.0,1.0,0.0,2,,,,7.0,20.0,10.0,3.0,17.5,50.0,25.0,7.5,2.8333333333333335,1.0,3.3333333333333335,1.75,2.3333333333333335,2.4,4.0,1.0,2.0,3.0,5.5,6.333333333333333,3.0,4.5,4.0,2.5,3.5,3.5,3.75,2.5,3.5,4.0,3.25,2.75,3.0,10.0
1,1,2.0,47.0,1.0,2.0,4.0,5.0,1.0,30.0,30.0,1.0,100.0,3000.0,2652.0,23.076923076923077,23.076923076923077,2.0,4.0,3.0,20.0,2,,,,20.0,0.0,0.0,10.0,66.66666666666666,0.0,0.0,33.33333333333333,4.0,4.8,2.5,4.0,4.0,4.0,3.25,3.0,1.6666666666666667,5.0,6.0,7.0,2.6666666666666665,4.25,3.25,3.0,2.0,3.75,3.25,3.5,3.5,4.75,2.75,2.25,1.0,10.0
1,1,1.0,54.0,1.0,1.0,4.0,2.0,1.0,40.0,40.0,1.0,100.0,5500.0,4862.0,31.730769230769234,31.730769230769234,1.0,2.0,1.0,0.0,2,,,,20.0,1.0,9.0,10.0,50.0,2.5,22.5,25.0,3.8333333333333335,2.0,3.3333333333333335,2.25,2.6666666666666665,2.8,3.25,2.3333333333333335,2.0,3.3333333333333335,5.5,5.0,3.0,2.25,2.75,3.0,2.5,3.5,3.0,3.0,2.25,3.0,3.0,3.25,2.0,10.0
1,1,2.0,43.0,2.0,1.0,6.0,6.0,1.0,40.0,50.0,3.0,125.0,3600.0,3182.4,20.769230769230766,16.615384615384613,1.0,3.0,6.0,7.5,2,,,,25.0,3.5,0.0,20.0,50.0,7.0,0.0,40.0,3.6,4.0,3.3333333333333335,2.0,3.6666666666666665,2.0,3.75,4.666666666666667,2.0,6.666666666666667,6.25,6.5,3.0,3.75,5.0,4.25,4.25,2.5,3.0,3.3333333333333335,3.5,3.0,3.5,3.3333333333333335,3.2,10.0
1,1,2.0,38.0,2.0,1.0,4.0,5.0,3.0,40.0,60.0,3.0,150.0,4800.0,4243.2,27.69230769230769,18.46153846153846,3.0,3.0,5.0,2.0,2,,,,0.0,40.0,10.0,10.0,0.0,66.66666666666666,16.666666666666664,16.666666666666664,4.0,4.0,2.5,3.75,2.3333333333333335,3.6,4.0,3.6666666666666665,4.666666666666667,4.0,6.25,7.0,2.6666666666666665,4.0,4.5,4.25,2.75,3.5,4.0,3.0,3.0,3.0,3.0,2.75,3.0,13.0
1,1,3.0,26.0,3.0,1.0,4.0,5.0,2.0,8.0,8.0,1.0,100.0,540.0,477.3600000000001,15.576923076923077,15.576923076923077,1.0,1.0,2.0,15.0,2,,,,1.0,3.0,0.0,4.0,12.5,37.5,0.0,50.0,4.0,5.0,2.5,4.75,3.6666666666666665,4.2,2.0,4.666666666666667,5.0,5.0,5.0,6.333333333333333,3.0,1.75,2.0,3.0,2.0,3.5,2.75,3.0,3.75,4.25,3.0,2.75,2.0,13.0
1,1,2.0,27.0,2.0,1.0,4.0,5.0,2.0,10.0,10.0,1.0,100.0,595.0,525.9800000000002,13.730769230769232,13.730769230769232,1.0,2.0,1.0,0.0,2,,,,0.0,0.0,10.0,0.0,0.0,0.0,100.0,0.0,4.166666666666667,5.0,2.6666666666666665,5.0,4.666666666666667,4.2,2.5,1.9999999999999998,1.0,3.3333333333333335,4.25,7.0,1.6666666666666667,2.0,1.25,3.25,2.75,4.0,2.25,2.75,3.5,4.5,3.25,3.25,2.0,13.0
1,1,2.0,26.0,2.0,1.0,4.0,3.0,3.0,8.0,8.0,1.0,100.0,475.0,419.9000000000001,13.701923076923077,13.701923076923077,1.0,1.0,1.0,0.0,2,,,,0.0,8.0,0.0,0.0,0.0,100.0,0.0,0.0,2.8333333333333335,1.0,2.6666666666666665,2.5,1.6666666666666667,3.0,3.0,4.666666666666667,2.6666666666666665,4.333333333333333,4.5,1.6666666666666667,6.0,4.0,2.25,4.25,2.0,2.25,2.0,2.25,2.5,2.75,4.25,3.75,4.0,13.0
1,1,2.0,20.0,3.0,1.0,4.0,5.0,2.0,18.0,18.0,1.0,100.0,1100.0,972.4000000000001,14.102564102564102,14.102564102564102,1.0,1.0,1.0,0.0,2,,,,7.0,11.0,0.0,1.0,6.4999999999999964,62.83333333333333,1.666666666666666,26.333333333333336,4.333333333333333,5.0,3.1666666666666665,4.75,4.0,4.2,2.5,5.666666666666667,3.6666666666666665,6.0,5.0,6.666666666666667,2.0,4.25,2.5,3.25,2.25,3.0,3.25,3.5,3.5,4.5,3.0,3.25,2.0,13.0
1,1,2.0,24.0,2.0,1.0,4.0,5.0,2.0,16.0,16.0,1.0,100.0,950.0,839.8,13.701923076923077,13.701923076923077,1.0,1.0,2.0,8.0,2,,,,5.0,5.0,5.0,2.0,16.333333333333336,63.56140350877193,14.771929824561404,5.333333333333332,3.3333333333333335,4.0,2.8333333333333335,3.5,3.3333333333333335,3.0,3.75,4.666666666666667,4.0,4.333333333333333,5.5,5.666666666666667,3.3333333333333335,4.0,4.0,3.0,3.5,3.5,3.0,3.0,3.5,2.75,3.0,3.0,3.0,13.0
1,1,1.0,32.0,1.0,1.0,4.0,5.0,2.0,8.0,8.0,1.0,100.0,550.0,486.20000000000005,15.865384615384615,15.865384615384615,1.0,1.0,1.0,0.0,2,,,,0.0,5.0,1.0,2.0,0.0,62.5,12.5,25.0,3.3333333333333335,4.0,3.1666666666666665,4.0,3.6666666666666665,3.4,3.5,4.0,3.3333333333333335,6.0,5.75,6.0,2.6666666666666665,4.0,2.75,4.75,3.25,3.5,3.5,2.75,3.25,4.75,3.5,3.25,1.0,13.0
1,1,2.0,51.0,1.0,1.0,4.0,11.0,1.0,40.0,40.0,1.0,100.0,3000.0,2652.0,17.307692307692307,17.307692307692307,1.0,3.0,1.0,0.0,2,,,,0.0,8.0,8.0,16.0,0.0,20.0,20.0,40.0,4.166666666666667,4.0,3.0,4.0,4.333333333333333,3.8,2.75,3.6666666666666665,2.0,4.666666666666667,5.75,7.0,1.0,3.0,2.25,2.0,2.75,3.75,3.0,3.5,2.25,3.75,3.75,2.75,2.0,13.0
1,1,1.0,52.0,3.0,1.0,4.0,5.0,2.0,45.0,50.0,3.0,111.11111111111111,3000.0,2652.0,15.384615384615383,13.846153846153845,3.0,2.0,7.0,5.0,2,,,,8.0,15.0,12.0,5.0,16.0,30.0,24.0,10.0,2.5,4.0,3.0,2.5,2.3333333333333335,1.6,3.25,1.666666666666667,1.6666666666666667,2.3333333333333335,5.75,6.666666666666667,1.3333333333333333,3.75,3.25,3.25,2.75,4.25,3.75,3.75,3.5,4.25,3.0,2.25,1.0,13.0
1,1,1.0,38.0,2.0,1.0,4.0,2.0,3.0,20.0,20.0,1.0,100.0,1800.0,1591.2,20.769230769230766,20.769230769230766,1.0,3.0,1.0,0.0,2,,,,15.0,2.0,0.0,3.0,75.0,10.0,0.0,15.0,3.1666666666666665,4.0,2.8333333333333335,3.75,3.6666666666666665,3.8,3.25,6.0,3.3333333333333335,5.333333333333333,5.0,6.333333333333333,2.6666666666666665,2.5,3.0,3.0,3.0,2.75,2.75,3.25,3.5,2.25,3.5,3.0,4.0,13.0
1,1,2.0,45.0,1.0,2.0,4.0,4.0,2.0,40.0,60.0,3.0,150.0,7000.0,6188.0,40.38461538461539,26.923076923076923,1.0,1.0,1.0,0.0,2,,,,10.0,30.0,30.0,10.0,18.77777777777778,30.11111111111111,10.666666666666666,29.77777777777778,1.8333333333333333,1.0,3.5,1.5,2.0,3.4,3.25,2.3333333333333335,4.333333333333333,5.333333333333333,6.25,7.0,3.0,3.5,4.0,4.25,3.5,3.5,4.5,1.75,2.5,4.25,3.25,2.5,3.0,8.0
1,1,2.0,36.0,2.0,1.0,4.0,5.0,3.0,40.0,40.0,1.0,100.0,4500.0,3978.0,25.961538461538463,25.961538461538463,2.0,2.0,1.0,0.0,2,,,,10.0,5.0,3.0,22.0,25.0,12.5,7.5,55.000000000000014,1.8333333333333333,1.0,3.8333333333333335,1.75,1.3333333333333333,2.8,3.75,6.333333333333333,4.0,3.3333333333333335,4.25,1.6666666666666667,5.0,5.0,4.5,3.75,4.0,3.75,4.25,1.5,4.0,1.75,3.25,3.25,3.0,8.0
1,1,1.0,44.0,3.0,1.0,4.0,3.0,1.0,40.0,70.0,3.0,175.0,3000.0,2652.0,17.307692307692307,9.890109890109889,3.0,1.0,5.0,5.0,2,,,,10.0,10.0,20.0,30.0,14.285714285714285,14.285714285714285,28.57142857142857,42.857142857142854,2.5,1.0,3.6666666666666665,1.75,2.3333333333333335,1.6,4.75,3.0,2.0,7.0,6.25,7.0,3.0,4.5,5.0,4.5,4.5,3.0,3.75,3.25,3.5,2.75,3.25,3.0,3.0,8.0
1,1,1.0,31.0,2.0,1.0,4.0,1.0,1.0,40.0,40.0,1.0,100.0,4900.0,4331.6,28.269230769230766,28.269230769230766,3.0,2.0,1.0,0.0,2,,,,4.0,10.0,20.0,5.0,10.0,25.0,50.0,12.5,4.0,5.0,3.0,3.75,4.0,3.6,2.0,5.333333333333333,1.0,5.666666666666667,5.75,7.0,2.3333333333333335,4.75,2.75,4.0,3.75,3.75,4.0,4.0,3.5,4.5,3.25,2.5,1.0,8.0
1,1,1.0,56.0,1.0,1.0,4.0,2.0,1.0,40.0,47.5,3.0,118.75,5000.0,4420.0,28.846153846153847,24.291497975708502,3.0,2.0,5.0,15.0,2,,,,15.0,15.0,7.0,7.0,31.57894736842105,31.57894736842105,14.736842105263156,14.736842105263156,3.0,2.0,3.0,2.5,2.3333333333333335,2.6,2.25,3.0,2.0,5.0,5.75,6.0,3.0,3.0,3.75,2.75,2.0,3.25,4.0,3.0,3.0,3.25,3.0,3.5,2.0,8.0
1,1,1.0,36.0,1.0,2.0,4.0,6.0,3.0,40.0,50.0,3.0,125.0,6416.0,5671.744000000001,37.01538461538461,29.61230769230769,1.0,2.0,1.0,0.0,2,,,,10.0,30.0,5.0,5.0,20.0,60.0,10.0,10.0,4.166666666666667,4.0,2.8333333333333335,3.5,2.3333333333333335,3.4,3.75,3.3333333333333335,3.3333333333333335,6.0,5.5,6.0,3.3333333333333335,3.75,3.5,4.0,3.5,3.5,4.0,3.5,3.75,3.5,3.5,2.5,3.0,8.0
1,1,2.0,34.0,1.0,2.0,4.0,3.0,3.0,40.0,44.0,3.0,110.00000000000001,5000.0,4420.0,28.846153846153847,26.223776223776223,1.0,1.0,1.0,0.0,2,,,,1.0,38.0,2.0,3.0,2.2727272727272734,86.36363636363635,4.545454545454546,6.818181818181817,3.1666666666666665,3.0,2.8333333333333335,2.75,2.6666666666666665,3.4,3.5,3.3333333333333335,3.3333333333333335,4.666666666666667,6.0,5.0,2.3333333333333335,2.0,3.5,4.0,3.25,2.75,3.5,2.5,2.75,2.25,3.0,3.5,4.0,8.0
1,1,1.0,37.0,1.0,1.0,5.0,5.0,3.0,40.0,40.0,1.0,100.0,5434.0,4803.656,31.35,31.35,1.0,3.0,1.0,0.0,2,,,,0.0,20.0,10.0,10.0,0.0,50.0,25.0,25.0,4.0,4.0,2.1666666666666665,4.5,3.6666666666666665,3.8,2.5,4.0,2.3333333333333335,3.6666666666666665,4.75,6.666666666666667,2.3333333333333335,3.25,2.25,2.5,2.25,3.25,2.5,3.25,3.5,4.0,3.0,3.25,2.0,8.0
1,1,1.0,55.0,3.0,1.0,4.0,4.0,3.0,40.0,80.0,3.0,200.0,5568.15,4922.2446,32.1239423076923,16.06197115384615,3.0,1.0,1.0,0.0,2,,,,0.0,75.0,4.0,1.0,0.0,93.75,5.0,1.2499999999999982,2.0,3.0,3.0,2.75,2.0,1.8,3.5,1.0,1.0,1.0,5.75,6.0,2.0,4.0,3.75,4.25,4.25,3.75,4.0,2.75,1.75,1.25,3.0,2.5,3.0,8.0
1,1,1.0,34.0,3.0,1.0,4.0,1.0,3.0,40.0,50.0,3.0,125.0,5000.0,4420.0,28.846153846153847,23.076923076923077,2.0,2.0,1.0,0.0,2,,,,10.0,30.0,5.0,5.0,20.0,60.0,10.0,10.0,3.0,4.0,2.3333333333333335,3.75,3.3333333333333335,2.4,3.0,1.666666666666667,1.6666666666666667,4.333333333333333,5.25,5.333333333333333,2.3333333333333335,3.25,4.0,3.75,3.5,3.5,3.25,3.0,5.0,2.5,3.25,3.25,3.0,8.0
1,1,1.0,52.0,3.0,1.0,5.0,4.0,1.0,40.0,40.0,1.0,100.0,5510.0,4870.84,31.788461538461537,31.78846153846154,1.0,2.0,1.0,0.0,2,,,,10.0,20.0,3.0,7.0,25.0,50.0,7.5,17.5,3.1666666666666665,4.0,2.6666666666666665,4.5,4.333333333333333,3.4,3.25,4.333333333333333,1.6666666666666667,5.0,5.25,6.333333333333333,2.6666666666666665,2.0,3.0,4.25,2.25,4.0,4.0,2.75,3.25,4.0,2.5,3.25,2.0,8.0
1,1,2.0,37.0,2.0,1.0,5.0,4.0,1.0,40.0,40.0,1.0,100.0,4500.0,3978.0,25.961538461538463,25.961538461538463,1.0,1.0,1.0,0.0,2,,,,16.0,4.0,1.0,19.0,40.0,10.0,2.5,47.5,1.3333333333333333,1.0,3.5,1.5,1.0,3.8,4.0,3.3333333333333335,4.333333333333333,6.666666666666667,4.0,3.0,6.0,5.0,5.0,4.5,3.25,3.25,4.75,4.25,4.0,4.5,3.25,2.75,1.0,8.0
1,1,1.0,36.0,1.0,2.0,4.0,4.0,3.0,20.0,20.0,1.0,100.0,2000.0,1768.0,23.076923076923077,23.076923076923077,1.0,1.0,1.0,0.0,2,,,,0.0,18.0,0.0,2.0,0.0,90.0,0.0,10.0,3.6666666666666665,4.0,3.0,2.75,3.6666666666666665,3.8,2.75,3.3333333333333335,3.3333333333333335,4.666666666666667,5.5,6.333333333333333,1.3333333333333333,3.75,3.75,3.5,3.5,2.75,4.5,3.75,3.75,4.5,3.25,2.5,3.0,8.0
1,1,2.0,29.0,3.0,1.0,4.0,1.0,3.0,40.0,48.0,3.0,120.0,4500.0,3978.0,25.961538461538463,21.634615384615387,1.0,2.0,1.0,0.0,2,,,,8.0,20.0,10.0,10.0,16.666666666666664,41.66666666666667,20.833333333333336,20.833333333333336,2.1666666666666665,3.0,2.8333333333333335,2.75,4.666666666666667,2.6,3.5,3.3333333333333335,1.0,5.0,6.0,5.666666666666667,2.0,4.5,4.0,4.0,2.5,3.25,3.75,3.0,3.0,4.0,3.0,3.0,1.0,8.0
1,1,2.0,39.0,4.0,2.0,4.0,4.0,1.0,27.0,27.0,1.0,100.0,2850.0,2519.4,24.35897435897436,24.35897435897436,1.0,2.0,1.0,0.0,2,,,,0.0,5.0,20.0,2.0,0.0,18.51851851851852,74.07407407407408,7.4074074074074066,4.166666666666667,3.0,3.0,3.25,3.6666666666666665,3.2,3.0,5.333333333333333,5.0,4.333333333333333,4.75,4.0,2.3333333333333335,2.5,2.0,3.0,2.25,3.5,2.5,2.5,2.75,3.5,2.75,2.0,2.0,8.0
1,1,1.0,33.0,3.0,1.0,4.0,2.0,3.0,40.0,40.0,1.0,100.0,5000.0,4420.0,28.846153846153847,28.846153846153847,1.0,1.0,1.0,0.0,2,,,,15.0,22.0,1.0,2.0,37.5,55.00000000000001,2.5,5.0,3.8333333333333335,3.0,2.6666666666666665,4.25,4.0,3.8,3.0,4.333333333333333,2.6666666666666665,6.0,5.5,6.0,3.3333333333333335,3.0,2.25,4.25,3.5,3.75,2.75,3.25,3.0,2.5,3.75,4.0,4.0,8.0
1,1,1.0,38.0,2.0,2.0,4.0,2.0,3.0,30.0,30.0,1.0,100.0,4000.0,3536.0,30.76923076923077,30.76923076923077,1.0,1.0,5.0,0.0,2,,,,22.0,3.0,0.0,5.0,73.33333333333333,10.0,0.0,16.666666666666664,4.0,3.0,3.0,4.25,3.6666666666666665,3.4,2.0,5.0,1.0,5.0,2.25,5.666666666666667,1.3333333333333333,1.5,2.75,4.25,3.5,3.25,2.75,3.75,2.25,2.75,3.25,3.0,2.0,8.0
1,1,2.0,41.0,2.0,2.0,4.0,9.0,1.0,30.0,30.0,1.0,100.0,3300.0,2917.2,25.384615384615383,25.384615384615383,2.0,3.0,1.0,0.0,2,,,,0.0,5.0,1.0,24.0,0.0,16.666666666666664,3.333333333333334,80.0,2.8333333333333335,4.0,2.1666666666666665,3.0,4.333333333333333,3.8,3.5,5.666666666666667,1.3333333333333333,4.0,5.5,5.666666666666667,1.0,2.75,4.0,5.0,3.5,3.25,2.5,1.25,3.75,4.75,3.0,2.25,3.0,8.0
1,1,2.0,52.0,1.0,1.0,4.0,4.0,1.0,40.0,48.0,3.0,120.0,6400.0,5657.6,36.92307692307692,30.76923076923077,3.0,1.0,1.0,0.0,2,,,,12.0,10.0,20.0,6.0,25.0,20.833333333333336,41.66666666666667,12.5,4.333333333333333,3.0,2.3333333333333335,2.75,2.6666666666666665,3.4,3.75,1.666666666666667,1.0,5.333333333333333,6.25,7.0,3.0,2.75,3.5,5.0,2.25,3.75,5.0,2.0,3.25,4.25,3.25,2.5,1.0,8.0
1,1,2.0,36.0,2.0,2.0,4.0,2.0,3.0,20.0,25.0,3.0,125.0,1633.0,1443.5720000000001,18.842307692307692,15.073846153846155,1.0,3.0,5.0,7.5,2,,,,20.0,3.0,0.5,2.0,25.199999999999996,34.87777777777778,8.266666666666666,24.633333333333333,2.6666666666666665,3.0,3.1666666666666665,2.0,4.0,2.2,3.75,5.0,1.0,5.333333333333333,5.75,7.0,1.3333333333333333,4.5,4.25,3.5,1.75,3.0,3.5,2.5,3.25,5.0,3.0,2.75,1.0,8.0
1,1,1.0,39.0,2.0,2.0,4.0,2.0,3.0,40.0,46.0,3.0,114.99999999999999,4000.0,3536.0,23.076923076923077,20.066889632107024,3.0,2.0,1.0,0.0,2,,,,12.0,14.0,4.0,16.0,26.08695652173913,30.434782608695656,8.695652173913043,34.78260869565217,2.8333333333333335,3.0,3.3333333333333335,2.0,2.3333333333333335,3.0,3.75,2.6666666666666665,2.3333333333333335,5.333333333333333,4.75,4.0,3.3333333333333335,2.75,4.25,4.0,3.25,3.5,4.0,1.75,2.75,2.0,3.5,3.0,4.0,8.0
1,1,1.0,35.0,2.0,1.0,5.0,5.0,2.0,40.0,40.0,1.0,100.0,5000.0,4420.0,28.846153846153847,28.846153846153847,1.0,1.0,1.0,0.0,2,,,,16.0,16.0,4.0,4.0,40.0,40.0,10.0,10.0,3.3333333333333335,3.0,2.6666666666666665,4.25,3.6666666666666665,3.0,2.75,2.6666666666666665,3.6666666666666665,5.0,5.25,4.666666666666667,2.3333333333333335,3.0,1.25,1.75,2.0,3.25,2.75,2.0,3.75,3.0,2.75,3.25,2.0,8.0
1,1,2.0,30.0,2.0,1.0,4.0,1.0,2.0,40.0,40.0,1.0,100.0,5000.0,4420.0,28.846153846153847,28.846153846153847,1.0,1.0,1.0,0.0,2,,,,5.0,34.0,1.0,0.0,12.5,85.0,2.5,0.0,3.8333333333333335,5.0,2.0,3.5,4.0,4.0,2.75,5.333333333333333,3.3333333333333335,6.0,4.25,6.0,3.3333333333333335,3.25,2.0,4.25,2.75,3.25,2.25,2.0,3.5,3.75,3.0,3.5,4.0,8.0
1,1,1.0,40.0,1.0,2.0,4.0,1.0,2.0,40.0,40.0,1.0,100.0,3700.0,3270.8,21.346153846153847,21.346153846153847,3.0,4.0,1.0,0.0,2,,,,3.0,20.0,10.0,7.0,7.4999999999999964,50.0,25.0,17.5,4.0,5.0,1.833333333333333,4.25,3.0,3.0,3.0,4.0,3.6666666666666665,5.0,5.0,7.0,1.6666666666666667,3.75,3.75,2.0,2.0,4.25,4.0,2.75,3.75,4.25,3.5,2.5,1.0,8.0
1,1,2.0,39.0,2.0,2.0,4.0,1.0,1.0,40.0,47.0,3.0,117.5,5000.0,4420.0,28.846153846153847,24.54991816693944,3.0,2.0,1.0,0.0,2,,,,3.0,14.0,20.0,10.0,6.382978723404257,29.78723404255319,42.55319148936171,21.27659574468085,2.6666666666666665,2.0,3.3333333333333335,3.5,4.0,2.2,3.5,1.0,1.0,3.0,4.25,6.333333333333333,1.6666666666666667,2.5,4.75,4.25,2.75,3.0,3.25,2.25,3.5,4.5,3.0,3.75,4.0,8.0
1,1,1.0,45.0,1.0,2.0,4.0,2.0,1.0,40.0,50.0,3.0,125.0,5000.0,4420.0,28.846153846153847,23.076923076923077,2.0,2.0,1.0,0.0,2,,,,5.0,5.0,20.0,10.0,10.0,10.0,40.0,20.0,3.2,3.0,2.5,4.25,3.6666666666666665,2.6,3.75,1.666666666666667,2.6666666666666665,3.6666666666666665,6.25,7.0,2.0,5.0,5.0,4.25,3.75,3.75,4.75,3.75,3.75,3.5,2.75,3.5,1.0,8.0
1,1,2.0,33.0,2.0,1.0,4.0,1.0,3.0,40.0,45.0,3.0,112.5,5000.0,4420.0,28.846153846153847,25.64102564102564,1.0,2.0,5.0,8.0,2,,,,8.0,27.0,4.0,6.0,17.77777777777778,60.0,8.88888888888889,13.333333333333334,3.6666666666666665,3.0,2.6666666666666665,3.25,3.3333333333333335,3.4,3.5,4.666666666666667,1.3333333333333333,5.666666666666667,5.5,6.0,2.6666666666666665,4.25,3.0,3.75,2.5,3.0,3.25,2.75,3.25,4.0,3.75,2.75,3.0,8.0
1,1,2.0,46.0,1.0,2.0,4.0,6.0,3.0,40.0,45.0,3.0,112.5,5000.0,4420.0,28.846153846153847,25.64102564102564,1.0,2.0,1.0,0.0,2,,,,25.0,8.0,5.0,7.0,55.55555555555556,17.77777777777778,11.11111111111111,15.555555555555555,3.1666666666666665,3.0,2.1666666666666665,3.75,2.3333333333333335,3.2,3.5,5.666666666666667,3.3333333333333335,5.666666666666667,6.25,6.666666666666667,3.3333333333333335,3.0,3.75,4.25,2.75,3.0,4.0,2.25,2.75,2.75,3.5,2.75,3.0,8.0
1,1,1.0,38.0,1.0,2.0,4.0,3.0,1.0,40.0,50.0,3.0,125.0,4351.0,3846.2840000000006,25.10192307692308,20.08153846153846,2.0,2.0,1.0,0.0,2,,,,10.0,20.0,10.0,10.0,20.0,40.0,20.0,20.0,4.333333333333333,5.0,2.6666666666666665,4.0,5.0,3.6,2.5,2.3333333333333335,2.3333333333333335,5.0,6.0,7.0,1.3333333333333333,3.5,2.75,4.5,2.75,3.75,2.5,2.75,3.75,5.0,3.0,2.5,1.0,8.0
1,1,2.0,29.0,2.0,1.0,4.0,2.0,2.0,40.0,40.0,1.0,100.0,3277.0,2896.8680000000004,18.90576923076923,18.90576923076923,1.0,3.0,1.0,0.0,2,,,,3.0,33.0,1.0,3.0,7.4999999999999964,82.5,2.5,7.5,4.666666666666667,3.0,2.3333333333333335,4.5,4.333333333333333,4.0,3.0,1.0,1.0,2.0,6.0,7.0,2.0,2.75,2.0,3.0,2.5,3.25,3.5,2.5,3.0,5.0,3.0,2.75,2.0,8.0
1,1,2.0,29.0,2.0,1.0,4.0,2.0,2.0,40.0,55.0,3.0,137.5,4351.9,3847.0796,25.107115384615383,18.25972027972028,2.0,3.0,1.0,0.0,2,,,,20.0,20.0,5.0,5.0,36.36363636363637,36.36363636363637,9.090909090909092,9.090909090909093,3.6666666666666665,4.0,2.6666666666666665,3.5,3.6666666666666665,3.6,3.75,3.0,3.3333333333333335,5.333333333333333,6.0,7.0,2.6666666666666665,5.0,3.5,4.75,3.25,3.0,4.5,2.5,4.0,4.75,3.5,2.6666666666666665,1.4000000000000001,8.0
1,1,1.0,39.0,1.0,2.0,4.0,1.0,2.0,28.0,31.0,3.0,110.71428571428572,3040.0,2687.36,25.054945054945055,22.6302729528536,1.0,1.0,1.0,0.0,2,,,,0.0,27.0,2.0,2.0,0.0,87.09677419354838,6.451612903225806,6.451612903225806,3.3333333333333335,3.0,2.8333333333333335,3.5,3.6666666666666665,2.8,3.0,3.0,3.3333333333333335,4.666666666666667,4.0,5.0,2.0,3.5,3.75,2.25,2.75,3.5,3.5,2.5,2.5,3.25,3.5,3.75,4.0,8.0
1,1,2.0,33.0,1.0,1.0,4.0,4.0,5.0,40.0,43.0,3.0,107.5,5077.0,4488.068,29.290384615384614,27.246869409660107,1.0,1.0,1.0,0.0,2,,,,1.0,33.0,8.0,2.0,23.333333333333332,41.599999999999994,15.999999999999998,13.866666666666665,4.0,4.0,2.3333333333333335,4.75,3.6666666666666665,3.4,3.75,2.3333333333333335,4.666666666666667,6.0,6.25,7.0,2.6666666666666665,4.5,4.0,4.75,3.25,3.5,3.75,2.75,3.25,2.75,3.5,2.75,3.0,8.0
1,1,1.0,33.0,3.0,1.0,4.0,5.0,3.0,40.0,70.0,3.0,175.0,5000.0,4420.0,28.846153846153847,16.483516483516482,1.0,2.0,1.0,0.0,2,,,,20.0,40.0,0.0,10.0,28.57142857142857,57.14285714285714,0.0,14.285714285714285,3.3333333333333335,3.0,2.5,3.5,3.6666666666666665,3.0,4.25,4.333333333333333,4.333333333333333,5.0,6.0,5.666666666666667,2.3333333333333335,5.0,5.0,4.25,4.0,3.0,3.5,3.0,3.5,2.75,3.25,2.5,3.0,8.0
1,1,1.0,40.0,3.0,1.0,4.0,4.0,1.0,40.0,60.0,3.0,150.0,5800.0,5127.2,33.46153846153847,22.30769230769231,3.0,1.0,5.0,1.0,2,,,,5.0,20.0,25.0,10.0,8.333333333333332,33.33333333333333,41.66666666666667,16.666666666666664,3.3333333333333335,2.0,3.1666666666666665,2.75,3.0,2.8,3.25,4.333333333333333,2.3333333333333335,5.0,6.25,4.666666666666667,3.0,4.0,3.25,4.25,4.0,3.25,2.5,2.25,3.0,3.5,3.25,3.75,3.0,8.0
1,1,1.0,33.0,2.0,1.0,4.0,1.0,2.0,40.0,40.0,1.0,100.0,4350.0,3845.3999999999996,25.096153846153847,25.096153846153847,3.0,2.0,1.0,0.0,2,,,,5.0,20.0,5.0,10.0,12.5,50.0,12.5,25.0,3.1666666666666665,3.0,2.3333333333333335,3.25,4.0,3.6,3.0,4.0,4.333333333333333,5.666666666666667,5.25,5.666666666666667,2.6666666666666665,3.5,3.0,3.0,3.5,2.75,2.5,2.5,3.0,3.0,3.0,3.75,4.0,8.0
1,1,1.0,57.0,2.0,3.0,4.0,5.0,3.0,45.0,50.0,3.0,111.11111111111111,4666.0,4124.744000000001,23.92820512820513,21.535384615384615,3.0,3.0,5.0,10.0,2,,,,15.0,25.0,4.0,5.0,30.0,50.0,8.0,10.0,3.5,4.0,2.6666666666666665,5.0,4.0,3.6,3.75,4.0,2.6666666666666665,6.5,6.0,7.0,2.3333333333333335,4.75,4.5,5.0,3.5,3.25,4.25,3.5,3.0,4.0,2.75,2.75,1.0,8.0
1,1,1.0,33.0,2.0,1.0,4.0,1.0,3.0,40.0,40.0,1.0,100.0,5000.0,4420.0,28.846153846153847,28.846153846153847,1.0,1.0,1.0,0.0,2,,,,20.0,5.0,5.0,10.0,50.0,12.5,12.5,25.0,3.5,2.0,3.0,3.25,2.0,2.2,3.25,3.0,2.6666666666666665,4.333333333333333,6.0,3.3333333333333335,2.3333333333333335,3.5,2.25,2.0,2.25,3.25,2.75,3.75,3.75,1.75,3.25,3.25,2.0,8.0
1,1,2.0,34.0,2.0,1.0,4.0,5.0,3.0,30.0,40.0,3.0,133.33333333333331,3549.0,3137.3160000000003,27.3,20.475,1.0,3.0,1.0,0.0,2,,,,16.0,16.0,0.0,8.0,40.0,40.0,0.0,20.0,3.6666666666666665,5.0,2.1666666666666665,4.0,3.3333333333333335,3.4,3.25,3.6666666666666665,5.0,3.3333333333333335,5.75,6.666666666666667,2.0,4.5,4.5,3.5,3.5,3.25,4.0,3.75,3.5,2.75,3.5,3.0,3.0,8.0
1,1,1.0,49.0,2.0,1.0,4.0,5.0,2.0,40.0,40.0,1.0,100.0,4800.0,4243.2,27.69230769230769,27.69230769230769,1.0,2.0,1.0,0.0,2,,,,7.0,30.0,2.0,2.0,32.59090909090909,20.56818181818182,17.681818181818183,28.40909090909091,3.6666666666666665,5.0,2.3333333333333335,2.0,2.6666666666666665,3.0,3.75,3.3333333333333335,1.6666666666666667,4.0,4.333333333333333,5.666666666666667,1.3333333333333333,4.5,2.5,2.0,3.5,3.75,4.0,3.0,3.0,4.25,3.25,2.5,3.0,8.0
1,1,1.0,39.0,1.0,1.0,4.0,5.0,3.0,40.0,47.5,3.0,118.75,4700.0,4154.8,27.115384615384613,22.83400809716599,3.0,2.0,1.0,0.0,2,,,,2.5,22.5,7.5,2.0,5.2631578947368425,47.368421052631575,15.789473684210526,4.210526315789473,4.0,5.0,2.0,4.5,4.0,3.2,2.25,4.333333333333333,2.6666666666666665,5.666666666666667,5.25,6.333333333333333,1.6666666666666667,3.25,2.25,2.25,2.5,3.75,3.0,2.25,3.5,4.0,3.25,2.75,2.0,8.0
1,1,2.0,31.0,3.0,1.0,4.0,8.0,3.0,30.0,30.0,1.0,100.0,2600.0,2298.4,20,20.0,1.0,1.0,1.0,0.0,2,,,,10.0,10.0,4.0,6.0,33.33333333333333,33.33333333333333,13.333333333333334,20.0,4.5,5.0,2.5,3.25,3.3333333333333335,3.6,3.5,4.0,3.3333333333333335,3.6666666666666665,5.5,6.0,2.0,3.75,3.75,3.75,2.75,3.5,3.5,3.25,3.0,4.25,3.25,2.5,1.0,8.0
1,1,1.0,34.0,2.0,1.0,4.0,3.0,2.0,40.0,40.0,1.0,100.0,5000.0,4420.0,28.846153846153847,28.846153846153847,1.0,1.0,5.0,10.0,2,,,,10.0,10.0,15.0,5.0,25.0,25.0,37.5,12.5,3.0,4.0,2.1666666666666665,3.25,2.6666666666666665,2.8,3.25,5.0,4.333333333333333,6.333333333333333,5.5,7.0,2.3333333333333335,5.0,3.25,4.25,3.5,3.0,2.25,3.0,4.0,4.75,3.5,2.5,1.0,8.0
1,1,1.0,32.0,1.0,1.0,4.0,6.0,3.0,40.0,55.0,3.0,137.5,4700.0,4154.8,27.115384615384613,19.72027972027972,1.0,1.0,1.0,0.0,2,,,,12.0,29.0,4.0,10.0,21.818181818181817,52.72727272727272,7.2727272727272725,18.181818181818183,2.6666666666666665,2.0,3.1666666666666665,4.0,3.0,3.2,2.5,1.666666666666667,3.3333333333333335,3.0,5.5,6.666666666666667,1.3333333333333333,3.25,2.25,3.25,3.0,3.0,3.25,3.0,3.25,4.5,3.5,3.25,2.0,8.0
1,1,1.0,30.0,2.0,1.0,4.0,4.0,2.0,40.0,45.0,3.0,112.5,2450.0,2165.8,14.134615384615383,12.564102564102564,1.0,1.0,1.0,0.0,2,,,,0.0,30.0,5.0,5.0,0.0,66.66666666666666,11.11111111111111,11.11111111111111,3.6666666666666665,2.0,2.6666666666666665,3.25,3.3333333333333335,3.0,3.5,5.666666666666667,4.333333333333333,5.0,5.0,4.666666666666667,2.6666666666666665,2.75,3.25,4.0,3.0,3.25,3.0,3.0,3.0,2.75,3.0,3.25,4.0,8.0
1,1,2.0,39.0,2.0,2.0,4.0,4.0,2.0,25.0,30.0,3.0,120.0,1950.0,1723.8000000000002,18,15.0,1.0,2.0,1.0,0.0,2,,,,0.0,25.0,3.0,2.0,0.0,83.33333333333334,10.0,6.666666666666668,3.5,4.0,2.8333333333333335,3.75,3.3333333333333335,2.8,3.25,5.0,3.0,4.0,4.5,5.333333333333333,2.3333333333333335,3.25,3.75,4.25,3.0,3.5,3.75,2.75,3.0,3.25,3.0,3.25,4.0,8.0
1,1,1.0,43.0,1.0,2.0,4.0,5.0,3.0,40.0,40.0,1.0,100.0,5000.0,4420.0,28.846153846153847,28.846153846153847,1.0,1.0,1.0,0.0,2,,,,10.0,20.0,10.0,10.0,50.21739130434783,26.586956521739133,2.2391304347826075,15.956521739130434,3.0,2.0,3.533333333333333,2.5,1.6666666666666667,2.8,4.5,3.3333333333333335,2.3333333333333335,1.666666666666667,2.25,2.3333333333333335,2.6666666666666665,3.0,4.333333333333333,4.0,3.5,3.6666666666666665,2.6666666666666665,2.6666666666666665,2.75,2.0,3.0,3.6666666666666665,3.8,8.0
1,1,2.0,34.0,2.0,2.0,4.0,8.0,3.0,20.0,26.0,3.0,130.0,2300.0,2033.1999999999998,26.538461538461537,20.41420118343195,1.0,1.0,1.0,0.0,2,,,,5.0,5.0,5.0,5.0,19.230769230769234,19.230769230769234,19.230769230769234,19.230769230769234,3.8333333333333335,5.0,3.0,3.25,3.6666666666666665,3.2,3.0,6.0,4.0,6.0,6.0,5.333333333333333,2.3333333333333335,4.25,4.75,4.0,2.25,3.25,3.75,2.5,2.5,3.0,2.75,3.75,4.0,8.0
1,1,1.0,32.0,2.0,1.0,4.0,8.0,3.0,40.0,50.0,3.0,125.0,4300.0,3801.2,24.807692307692307,19.846153846153847,1.0,2.0,1.0,0.0,2,,,,10.0,5.0,30.0,5.0,20.0,10.0,60.0,10.0,3.8333333333333335,2.0,3.3333333333333335,2.0,5.0,2.4,3.0,1.3333333333333335,1.0,6.0,5.25,5.666666666666667,3.0,4.25,3.75,3.25,4.0,3.25,3.25,3.0,3.5,3.0,3.25,3.5,4.0,8.0
1,1,2.0,30.0,2.0,1.0,4.0,7.0,2.0,30.0,40.0,3.0,133.33333333333331,5000.0,4420.0,38.46153846153846,28.846153846153847,3.0,4.0,1.0,0.0,2,,,,15.0,15.0,10.0,5.0,17.993506493506494,46.075036075036074,21.85858585858586,14.430014430014431,2.8333333333333335,4.0,2.5,3.5,4.666666666666667,3.2,3.75,3.0,5.666666666666667,5.0,6.25,6.666666666666667,2.3333333333333335,3.75,3.25,3.5,3.25,3.25,2.5,2.0,3.5,4.25,3.5,3.25,4.0,8.0
1,1,2.0,35.0,2.0,1.0,4.0,5.0,3.0,40.0,55.0,3.0,137.5,4700.0,4154.8,27.115384615384613,19.72027972027972,1.0,2.0,1.0,0.0,2,,,,10.0,35.0,5.0,5.0,18.181818181818183,63.63636363636364,9.090909090909092,9.090909090909093,3.8333333333333335,2.0,2.5,4.0,3.3333333333333335,3.0,3.0,4.0,1.3333333333333333,3.3333333333333335,5.25,5.0,3.3333333333333335,3.75,3.0,3.5,2.75,2.25,2.25,3.25,3.25,3.0,3.5,3.75,4.0,8.0
1,1,1.0,40.0,1.0,2.0,4.0,1.0,3.0,32.0,15.0,2.0,46.875,3900.0,3447.6000000000004,28.125,60.0,1.0,1.0,1.0,0.0,2,,,,0.0,5.0,5.0,5.0,0.0,33.33333333333333,33.33333333333333,33.33333333333333,3.3333333333333335,3.0,2.8333333333333335,4.25,1.6666666666666667,3.2,2.75,2.6666666666666665,1.0,1.333333333333333,2.25,2.6666666666666665,2.6666666666666665,1.25,1.0,1.25,2.0,3.5,2.0,2.5,3.25,4.25,2.5,3.25,2.0,8.0
1,1,2.0,30.0,2.0,1.0,4.0,1.0,3.0,40.0,50.0,3.0,125.0,4100.0,3624.3999999999996,23.653846153846153,18.923076923076923,1.0,2.0,1.0,0.0,2,,,,15.0,25.0,5.0,5.0,30.0,50.0,10.0,10.0,3.5,4.0,2.8333333333333335,3.75,3.6666666666666665,3.8,4.0,5.333333333333333,4.333333333333333,6.333333333333333,5.75,6.333333333333333,2.3333333333333335,4.75,3.75,3.0,2.75,4.0,3.25,2.75,4.0,4.5,3.5,2.5,1.0,8.0
1,1,2.0,52.0,2.0,2.0,4.0,5.0,3.0,40.0,44.0,3.0,110.00000000000001,4500.0,3978.0,25.961538461538463,23.601398601398603,1.0,2.0,1.0,0.0,2,,,,10.0,20.0,10.0,3.0,22.727272727272727,45.45454545454545,22.727272727272727,6.818181818181817,3.1666666666666665,5.0,2.5,3.5,3.3333333333333335,3.4,2.25,3.0,2.3333333333333335,3.6666666666666665,5.25,7.0,1.3333333333333333,3.75,4.0,3.5,2.75,3.0,4.25,2.5,2.75,4.75,3.5,2.5,1.0,8.0
1,1,2.0,33.0,2.0,1.0,4.0,5.0,3.0,40.0,52.5,3.0,131.25,3500.0,3094.0,20.192307692307693,15.384615384615385,3.0,1.0,4.0,8.0,2,,,,15.0,20.0,10.0,10.0,20.666666666666664,49.53333333333334,18.47222222222222,17.727777777777778,3.5,3.0,3.0,3.0,1.6666666666666667,3.8,4.0,4.666666666666667,3.0,5.666666666666667,6.0,6.0,3.0,4.75,4.5,4.75,2.75,3.0,3.25,1.75,4.0,4.75,2.5,3.25,3.0,8.0
1,1,2.0,42.0,1.0,2.0,4.0,5.0,3.0,40.0,40.0,1.0,100.0,5200.0,4596.8,30,30.0,3.0,2.0,1.0,0.0,2,,,,20.0,12.0,5.0,3.0,50.0,30.0,12.5,7.5,4.166666666666667,4.0,2.8333333333333335,3.5,2.3333333333333335,3.8,3.0,5.333333333333333,1.3333333333333333,6.0,6.0,6.0,2.6666666666666665,4.0,3.75,4.5,2.25,3.75,4.5,2.75,3.5,4.25,3.0,1.75,1.0,8.0
1,1,2.0,50.0,1.0,2.0,4.0,7.0,1.0,40.0,50.0,3.0,125.0,5600.0,4950.4,32.30769230769231,25.846153846153847,1.0,3.0,5.0,5.0,2,,,,5.0,45.0,0.0,1.0,20.82828282828283,52.727272727272734,11.741414141414142,17.43030303030303,4.5,3.0,2.8333333333333335,3.5,2.6666666666666665,4.0,3.0,4.0,1.6666666666666667,5.333333333333333,6.25,7.0,1.0,3.5,3.5,4.75,3.25,3.5,2.75,2.75,3.25,4.25,3.75,2.5,1.0,8.0
1,1,1.0,29.0,2.0,1.0,4.0,1.0,3.0,40.0,55.0,3.0,137.5,4350.0,3845.3999999999996,25.096153846153847,18.25174825174825,1.0,1.0,1.0,0.0,2,,,,20.0,20.0,5.0,10.0,36.36363636363637,36.36363636363637,9.090909090909092,18.181818181818183,3.3333333333333335,1.0,3.0,2.25,2.3333333333333335,2.0,4.0,1.0,1.3333333333333333,2.6666666666666665,4.25,6.0,2.0,4.5,4.5,4.75,3.0,3.5,3.0,4.0,4.25,3.75,2.75,3.25,1.0,8.0
1,1,2.0,47.0,2.0,1.0,4.0,9.0,1.0,40.0,50.0,3.0,125.0,3000.0,2652.0,17.307692307692307,13.846153846153845,2.0,2.0,1.0,0.0,2,,,,12.0,15.0,5.0,15.0,24.0,30.0,10.0,30.0,3.6666666666666665,3.0,2.8333333333333335,2.0,3.6666666666666665,3.0,4.0,1.3333333333333335,1.0,4.666666666666667,6.25,7.0,3.0,3.75,4.5,4.5,4.25,4.0,4.5,4.0,3.75,4.5,3.5,2.25,1.0,8.0
1,1,2.0,34.0,1.0,2.0,4.0,5.0,3.0,29.0,45.0,3.0,155.17241379310346,4300.0,3801.2,34.217506631299734,22.05128205128205,3.0,1.0,1.0,0.0,2,,,,15.0,15.0,5.0,10.0,33.33333333333333,33.33333333333333,11.11111111111111,22.22222222222222,2.8333333333333335,2.0,2.3333333333333335,4.0,2.0,2.4,4.5,1.9999999999999998,3.3333333333333335,4.333333333333333,6.25,6.0,3.0,4.25,4.5,3.75,2.75,4.0,3.0,2.5,3.25,2.75,3.0,3.25,3.0,8.0
1,1,2.0,30.0,2.0,1.0,4.0,1.0,3.0,40.0,40.0,1.0,100.0,5100.0,4508.4,29.423076923076923,29.423076923076923,1.0,1.0,1.0,0.0,2,,,,0.0,30.0,5.0,5.0,0.0,75.0,12.5,12.5,3.1666666666666665,3.0,2.8333333333333335,3.75,3.3333333333333335,3.2,3.25,4.333333333333333,3.6666666666666665,6.666666666666667,5.5,5.666666666666667,2.6666666666666665,4.0,3.25,4.5,4.25,2.75,3.25,2.5,2.5,3.0,3.5,3.5,3.0,8.0
1,1,1.0,69.0,1.0,1.0,4.0,4.0,2.0,4.0,40.0,3.0,1000.0,500.0,442.0,28.846153846153847,2.884615384615385,1.0,1.0,1.0,0.0,2,,,,0.0,0.0,40.0,0.0,0.0,0.0,100.0,0.0,4.0,5.0,2.6666666666666665,2.0,5.0,4.2,2.0,5.0,1.0,5.0,5.5,7.0,3.0,3.0,4.5,5.0,4.0,3.5,5.0,3.5,4.0,5.0,3.5,2.5,3.0,8.0
1,1,2.0,33.0,2.0,1.0,4.0,5.0,3.0,40.0,50.0,3.0,125.0,4111.7,3634.7428,23.72134615384615,18.977076923076922,1.0,4.0,1.0,0.0,2,,,,12.0,30.0,0.0,8.0,24.0,60.0,0.0,16.0,3.3333333333333335,2.0,3.3333333333333335,1.75,3.0,2.4,4.0,5.666666666666667,4.333333333333333,5.333333333333333,5.75,6.0,3.6666666666666665,4.25,4.5,4.0,3.75,2.75,2.5,2.0,4.0,4.0,2.75,3.25,3.0,8.0
1,1,2.0,40.0,1.0,2.0,6.0,5.0,3.0,40.0,40.0,1.0,100.0,5200.0,4596.8,30,30.0,1.0,3.0,1.0,0.0,2,,,,20.0,5.0,5.0,10.0,50.0,12.5,12.5,25.0,3.5,2.0,2.8333333333333335,2.25,2.0,3.0,3.0,3.0,1.3333333333333333,5.666666666666667,6.0,5.333333333333333,3.6666666666666665,4.25,3.0,4.0,3.25,3.75,4.25,3.75,3.5,5.0,3.5,2.0,1.0,8.0
1,1,1.0,39.0,1.0,1.0,4.0,6.0,3.0,40.0,45.0,3.0,112.5,5100.0,4508.4,29.423076923076923,26.153846153846153,3.0,2.0,1.0,0.0,2,,,,7.0,14.0,12.0,12.0,15.555555555555557,31.11111111111111,26.666666666666668,26.666666666666668,2.8333333333333335,3.0,2.3333333333333335,2.75,2.3333333333333335,2.6,3.75,1.9999999999999998,1.0,5.333333333333333,5.0,5.666666666666667,2.3333333333333335,1.5,3.0,2.75,2.75,3.5,3.5,3.0,2.75,3.5,2.75,3.25,2.0,8.0
1,1,2.0,30.0,1.0,1.0,4.0,8.0,3.0,20.0,25.7,3.0,128.5,2538.0,2243.592,29.284615384615385,22.789583956899133,1.0,1.0,1.0,0.0,2,,,,10.0,10.0,5.0,5.0,12.666666666666668,63.285714285714285,5.0,17.547619047619047,3.5,2.0,2.8333333333333335,2.5,1.3333333333333333,3.2,2.5,4.666666666666667,2.3333333333333335,5.0,2.0,2.6666666666666665,4.666666666666667,3.5,2.75,3.25,3.75,2.25,2.0,1.75,2.75,3.75,2.75,3.0,4.0,8.0
1,1,2.0,32.0,1.0,1.0,4.0,1.0,3.0,40.0,40.0,1.0,100.0,4200.0,3712.8,24.230769230769234,24.230769230769234,3.0,2.0,1.0,0.0,2,,,,15.0,4.0,0.0,15.0,37.5,10.0,0.0,37.5,4.166666666666667,4.0,3.1666666666666665,3.75,3.0,3.2,3.5,3.3333333333333335,3.3333333333333335,5.333333333333333,5.0,5.0,3.0,2.75,3.5,3.5,2.75,2.25,3.0,3.5,3.25,3.0,3.0,3.3333333333333335,3.5999999999999996,8.0
1,1,2.0,41.0,1.0,1.0,4.0,4.0,2.0,40.0,45.0,3.0,112.5,4500.0,3978.0,25.961538461538463,23.07692307692308,1.0,1.0,1.0,0.0,2,,,,2.0,15.0,5.0,8.0,4.444444444444446,33.33333333333333,11.11111111111111,17.77777777777778,3.6666666666666665,3.0,2.5,4.25,4.666666666666667,2.8,3.0,2.6666666666666665,2.3333333333333335,4.0,6.0,6.333333333333333,2.3333333333333335,4.5,3.0,3.75,2.75,3.0,4.0,2.75,3.0,4.75,3.75,2.5,1.0,8.0
1,1,2.0,48.0,1.0,2.0,4.0,5.0,2.0,40.0,40.0,1.0,100.0,3000.0,2652.0,17.307692307692307,17.307692307692307,4.0,2.0,1.0,0.0,2,,,,14.0,6.0,6.0,14.0,35.0,15.0,15.0,35.0,3.1666666666666665,3.0,2.8333333333333335,3.5,4.0,3.4,3.5,4.666666666666667,2.0,4.666666666666667,4.5,4.666666666666667,2.3333333333333335,3.5,2.5,3.25,2.75,3.25,4.0,2.5,2.75,4.0,3.25,2.75,2.0,8.0
1,1,2.0,36.0,1.0,1.0,4.0,5.0,3.0,40.0,40.0,1.0,100.0,4350.0,3845.3999999999996,25.096153846153847,25.096153846153847,1.0,2.0,1.0,0.0,2,,,,8.0,20.0,2.0,10.0,20.0,50.0,5.0,25.0,2.1666666666666665,3.0,3.8333333333333335,1.25,1.3333333333333333,3.4,4.0,2.3333333333333335,1.0,3.0,5.5,5.666666666666667,3.6666666666666665,3.5,1.0,4.0,2.0,3.75,4.5,2.75,3.5,3.5,3.75,3.0,2.0,8.0
1,1,2.0,29.0,3.0,1.0,4.0,5.0,3.0,40.0,40.0,1.0,100.0,4351.9,3847.0796,25.107115384615383,25.107115384615383,1.0,1.0,1.0,0.0,2,,,,20.0,15.0,2.0,3.0,50.0,37.5,5.0,7.5,4.333333333333333,4.0,3.0,2.5,4.0,3.4,3.5,5.333333333333333,2.0,6.0,5.5,6.0,3.3333333333333335,3.5,2.5,4.75,2.75,2.5,2.25,2.25,4.0,3.75,3.25,3.75,4.0,8.0
1,1,1.0,39.0,2.0,2.0,4.0,1.0,3.0,30.0,30.0,1.0,100.0,3262.0,2883.6080000000006,25.092307692307692,25.092307692307692,3.0,1.0,4.0,10.0,2,,,,0.0,10.0,16.0,4.0,0.0,33.33333333333333,53.333333333333336,13.333333333333334,3.5,4.0,2.1666666666666665,5.0,3.3333333333333335,2.6,4.0,3.0,1.0,4.333333333333333,4.25,6.333333333333333,1.0,3.0,2.75,1.0,3.0,3.5,3.5,2.75,2.75,3.0,2.75,3.75,4.0,8.0
1,1,2.0,27.0,2.0,1.0,4.0,1.0,3.0,40.0,50.0,3.0,125.0,4352.0,3847.1680000000006,25.107692307692307,20.086153846153845,1.0,2.0,1.0,0.0,2,,,,5.0,40.0,0.0,5.0,10.0,80.0,0.0,10.0,3.5,5.0,2.3333333333333335,4.75,4.333333333333333,4.0,3.0,3.3333333333333335,3.0,6.0,5.75,7.0,2.6666666666666665,4.0,3.25,4.5,3.25,3.25,4.5,2.5,3.5,4.75,3.25,2.5,1.0,8.0
1,1,2.0,36.0,2.0,1.0,4.0,2.0,3.0,40.0,40.0,1.0,100.0,4900.0,4331.6,28.269230769230766,28.269230769230766,3.0,1.0,1.0,0.0,2,,,,3.0,22.0,14.0,1.0,7.4999999999999964,55.00000000000001,35.0,2.5,3.8333333333333335,2.0,3.3333333333333335,2.5,3.0,3.4,3.5,6.666666666666667,4.0,4.666666666666667,6.0,4.666666666666667,3.0,3.25,3.0,4.25,2.5,3.0,2.75,2.25,3.25,1.75,3.25,4.0,4.0,8.0
1,1,1.0,29.0,3.0,1.0,4.0,1.0,3.0,40.0,50.0,3.0,125.0,4729.0,4180.436,27.282692307692308,21.826153846153847,1.0,2.0,1.0,0.0,2,,,,0.0,35.0,10.0,10.0,40.123675782212366,17.98275437299828,23.1059866962306,13.636067997043607,3.3333333333333335,3.0,2.5,4.75,4.333333333333333,3.6,3.5,3.3333333333333335,2.3333333333333335,4.666666666666667,5.25,6.666666666666667,3.6666666666666665,4.75,3.0,3.75,4.0,3.5,3.25,2.75,3.5,4.0,3.25,3.5,3.0,8.0
1,1,2.0,33.0,1.0,1.0,4.0,5.0,3.0,40.0,44.0,3.0,110.00000000000001,5077.0,4488.068,29.290384615384614,26.627622377622373,1.0,2.0,1.0,0.0,2,,,,15.0,15.0,0.5,10.0,34.090909090909086,34.090909090909086,1.1363636363636367,22.727272727272727,4.333333333333333,3.0,3.0,3.5,2.0,3.8,3.5,6.333333333333333,2.6666666666666665,6.333333333333333,5.0,6.0,3.6666666666666665,2.75,3.5,4.75,3.25,2.5,2.25,1.75,3.75,4.0,3.75,3.75,4.0,8.0
1,1,1.0,41.0,3.0,1.0,4.0,5.0,3.0,40.0,40.0,1.0,100.0,5000.0,4420.0,28.846153846153847,28.846153846153847,1.0,2.0,1.0,0.0,2,,,,8.0,30.0,0.0,2.0,20.0,75.0,0.0,5.0,4.0,3.0,3.1666666666666665,3.25,2.3333333333333335,3.6,2.75,3.6666666666666665,1.3333333333333333,5.0,4.5,3.3333333333333335,4.0,2.75,2.0,2.25,2.75,3.5,2.75,3.25,2.75,2.0,3.25,4.0,4.0,8.0
1,1,2.0,42.0,3.0,1.0,4.0,5.0,3.0,40.0,47.5,3.0,118.75,3300.0,2917.2,19.03846153846154,16.032388663967613,1.0,1.0,1.0,0.0,2,,,,25.0,10.0,0.0,10.0,52.63157894736842,21.052631578947366,0.0,21.052631578947366,4.333333333333333,3.0,2.8333333333333335,3.75,3.3333333333333335,3.2,4.0,6.0,5.0,2.6666666666666665,5.0,4.666666666666667,3.3333333333333335,3.75,5.0,5.0,3.75,2.5,1.75,2.0,3.5,2.25,3.25,3.75,3.0,8.0
1,1,1.0,31.0,2.0,1.0,4.0,1.0,3.0,40.0,50.0,3.0,125.0,5000.0,4420.0,28.846153846153847,23.076923076923077,3.0,1.0,1.0,0.0,2,,,,0.0,20.0,20.0,10.0,0.0,40.0,40.0,20.0,3.5,5.0,2.1666666666666665,2.5,4.333333333333333,3.8,4.0,1.9999999999999998,3.0,5.0,6.25,7.0,1.6666666666666667,5.0,5.0,4.0,2.5,4.0,4.25,3.5,3.25,5.0,4.0,3.0,1.0,8.0
1,1,1.0,31.0,1.0,1.0,4.0,1.0,2.0,40.0,50.0,3.0,125.0,4350.0,3845.3999999999996,25.096153846153847,20.076923076923077,3.0,2.0,5.0,2.5,2,,,,8.0,12.0,15.0,15.0,16.0,24.0,30.0,30.0,3.6666666666666665,5.0,2.1666666666666665,5.0,3.6666666666666665,3.4,3.5,5.0,4.0,5.333333333333333,5.25,6.0,2.3333333333333335,4.5,3.5,4.25,2.0,3.75,3.75,3.0,3.25,4.75,3.0,2.0,1.0,8.0
1,1,2.0,33.0,2.0,1.0,4.0,5.0,3.0,40.0,40.0,1.0,100.0,5076.0,4487.184,29.284615384615385,29.284615384615385,1.0,2.0,1.0,0.0,2,,,,5.0,25.0,5.0,5.0,12.5,62.5,12.5,12.5,4.833333333333333,5.0,2.3333333333333335,5.0,3.6666666666666665,4.0,2.0,2.3333333333333335,3.0,4.333333333333333,5.75,7.0,1.0,4.0,1.0,4.0,2.0,4.5,5.0,3.5,4.5,4.75,3.0,3.0,1.0,8.0
1,1,2.0,39.0,1.0,2.0,4.0,5.0,3.0,35.0,40.0,3.0,114.28571428571428,4000.0,3536.0,26.373626373626376,23.076923076923077,3.0,1.0,1.0,0.0,2,,,,5.0,0.0,30.0,5.0,12.5,0.0,75.0,12.5,2.8333333333333335,2.0,3.0,2.5,3.6666666666666665,1.2,4.5,4.0,4.0,5.0,2.0,1.0,5.0,4.75,3.0,3.75,3.25,2.75,2.0,3.0,3.25,4.0,3.25,3.0,3.0,8.0
1,1,2.0,38.0,1.0,1.0,4.0,1.0,3.0,24.0,29.0,3.0,120.83333333333333,3340.0,2952.56,32.11538461538461,26.578249336870023,3.0,1.0,5.0,13.5,2,,,,4.0,10.0,10.0,6.0,11.642857142857146,69.5,3.428571428571429,10.0,4.333333333333333,4.0,3.3333333333333335,4.5,3.3333333333333335,3.4,3.0,4.0,3.3333333333333335,5.0,5.0,6.333333333333333,2.0,3.25,2.25,2.25,1.75,3.75,4.0,2.25,3.75,4.5,3.0,3.25,2.0,8.0
1,1,2.0,37.0,2.0,2.0,4.0,1.0,3.0,32.0,32.0,1.0,100.0,4061.0,3589.924,29.286057692307693,29.286057692307693,1.0,2.0,1.0,0.0,2,,,,8.0,16.0,4.0,4.0,25.0,50.0,12.5,12.5,3.6666666666666665,3.0,2.3333333333333335,4.75,2.6666666666666665,2.8,2.75,2.6666666666666665,2.6666666666666665,4.333333333333333,5.25,7.0,2.6666666666666665,4.5,2.5,4.0,2.75,3.25,3.75,2.25,3.5,4.0,3.75,2.25,3.0,8.0
1,1,2.0,41.0,1.0,2.0,4.0,5.0,3.0,40.0,40.0,1.0,100.0,3800.0,3359.2,21.923076923076923,21.923076923076923,3.0,1.0,1.0,0.0,2,,,,12.0,8.0,8.0,8.0,30.0,20.0,20.0,20.0,3.5,2.0,3.1666666666666665,2.5,1.6666666666666667,2.8,3.75,3.0,1.3333333333333333,4.333333333333333,4.75,6.0,2.6666666666666665,2.75,2.5,2.75,2.25,3.25,3.0,2.75,3.0,2.5,3.25,3.0,4.0,8.0
1,1,2.0,34.0,2.0,1.0,4.0,1.0,3.0,40.0,40.0,1.0,100.0,4351.9,3847.0796,25.107115384615383,25.107115384615383,1.0,1.0,1.0,0.0,2,,,,0.0,24.0,8.0,8.0,0.0,60.0,20.0,20.0,4.5,4.0,2.1666666666666665,5.0,4.0,3.4,4.75,6.333333333333333,1.0,5.0,5.75,4.666666666666667,3.3333333333333335,4.25,4.5,4.5,4.0,3.0,1.75,1.75,3.0,2.0,3.5,3.25,4.0,8.0
1,1,1.0,33.0,1.0,1.0,4.0,1.0,2.0,40.0,40.0,1.0,100.0,4200.0,3712.8,24.230769230769234,24.230769230769234,1.0,3.0,1.0,0.0,2,,,,0.0,30.0,25.0,5.0,26.5,37.5,14.0,21.0,3.8333333333333335,4.0,2.3333333333333335,4.25,4.0,3.6,3.0,4.666666666666667,6.333333333333332,6.333333333333333,6.25,7.0,4.0,4.25,4.5,3.25,3.75,3.0,3.75,4.0,3.75,5.0,3.5,2.75,3.0,8.0
1,1,1.0,28.0,3.0,1.0,4.0,5.0,3.0,40.0,40.0,1.0,100.0,4351.9,3847.0796,25.107115384615383,25.107115384615383,1.0,1.0,1.0,0.0,2,,,,10.0,25.0,0.0,5.0,25.0,62.5,0.0,12.5,3.3333333333333335,4.0,2.5,4.0,4.666666666666667,4.0,3.0,4.0,3.0,5.0,5.5,6.666666666666667,2.3333333333333335,2.25,1.5,1.75,2.0,3.0,2.5,2.25,2.75,3.5,3.0,2.5,2.0,8.0
1,1,1.0,31.0,1.0,1.0,4.0,1.0,3.0,40.0,45.0,3.0,112.5,4000.0,3536.0,23.076923076923077,20.512820512820515,1.0,1.0,1.0,0.0,2,,,,0.0,38.0,1.0,2.0,0.0,84.44444444444444,2.2222222222222214,4.444444444444445,4.666666666666667,3.0,2.8333333333333335,3.25,3.0,3.2,4.75,3.6666666666666665,5.0,4.666666666666667,5.5,6.333333333333333,2.6666666666666665,4.75,5.0,4.75,4.25,2.75,4.5,2.75,4.25,4.0,3.5,3.0,3.0,8.0
1,1,2.0,36.0,3.0,1.0,4.0,1.0,3.0,40.0,40.0,1.0,100.0,2800.0,2475.2,16.153846153846153,16.153846153846153,1.0,1.0,1.0,0.0,2,,,,15.0,15.0,5.0,5.0,37.5,37.5,12.5,12.5,4.166666666666667,5.0,2.6666666666666665,2.75,3.0,3.0,4.0,1.4999999999999998,4.0,3.6666666666666665,6.25,6.333333333333333,2.3333333333333335,3.5,4.0,3.5,3.5,3.0,3.75,3.0,3.5,2.75,3.0,3.25,3.0,8.0
1,1,1.0,36.0,3.0,1.0,4.0,6.0,3.0,40.0,55.0,3.0,137.5,3235.0,2859.74,18.66346153846154,13.573426573426573,1.0,2.0,1.0,0.0,2,,,,15.0,15.0,13.0,12.0,27.27272727272727,27.27272727272727,23.636363636363637,21.818181818181817,3.3333333333333335,2.0,3.0,3.25,3.6666666666666665,2.4,3.75,3.6666666666666665,6.0,5.0,5.5,5.666666666666667,3.0,3.75,4.75,3.5,3.75,3.25,3.25,2.25,3.75,3.0,3.0,4.0,3.0,8.0
1,1,2.0,36.0,2.0,1.0,4.0,5.0,3.0,40.0,47.5,3.0,118.75,5124.0,4529.616,29.561538461538465,24.893927125506075,3.0,2.0,1.0,0.0,2,,,,0.0,25.0,5.0,10.0,0.0,52.63157894736842,10.526315789473683,21.052631578947366,2.8333333333333335,2.0,2.5,4.0,3.6666666666666665,3.4,3.5,5.333333333333333,2.6666666666666665,5.0,5.5,6.666666666666667,2.3333333333333335,2.25,3.0,3.0,2.75,3.5,2.0,3.0,2.5,3.75,2.75,3.25,4.0,8.0
1,1,2.0,41.8,1.0,2.0,4.0,6.0,3.0,40.0,44.0,3.0,110.00000000000001,4000.0,3536.0,23.076923076923077,20.97902097902098,1.0,3.0,1.0,0.0,2,,,,30.0,10.0,0.0,4.0,68.18181818181817,22.727272727272727,0.0,9.090909090909093,4.0,5.0,2.1666666666666665,4.75,4.0,4.4,3.25,5.0,2.3333333333333335,5.333333333333333,6.0,6.0,3.0,3.75,3.5,3.0,3.75,3.25,3.25,2.0,3.0,3.5,3.75,3.0,4.0,8.0
1,1,1.0,31.0,2.0,1.0,4.0,1.0,3.0,40.0,40.0,1.0,100.0,3600.0,3182.4,20.769230769230766,20.769230769230766,1.0,1.0,5.0,10.0,2,,,,1.0,35.0,4.0,5.0,34.666666666666664,42.166666666666664,3.666666666666666,18.5,4.0,4.0,3.0,3.0,4.0,3.8,3.5,1.9999999999999998,3.0,3.0,4.25,6.0,2.3333333333333335,4.25,3.0,2.75,2.5,3.25,3.25,3.0,3.5,3.75,2.75,2.25,1.0,8.0
1,1,1.0,33.0,3.0,1.0,4.0,1.0,3.0,36.0,36.0,1.0,100.0,4448.0,3932.032,28.512820512820515,28.51282051282051,1.0,1.0,1.0,0.0,2,,,,2.0,32.0,0.0,2.0,5.555555555555561,88.88888888888889,0.0,5.555555555555555,3.8333333333333335,4.0,2.6666666666666665,5.0,3.0,4.0,3.0,7.0,3.3333333333333335,6.333333333333333,5.75,7.0,3.0,4.0,2.5,4.25,3.5,2.75,3.25,1.75,3.25,4.75,3.75,2.75,3.0,8.0
1,1,2.0,42.0,2.0,2.0,4.0,5.0,3.0,40.0,40.0,1.0,100.0,4351.9,3847.0796,25.107115384615383,25.107115384615383,3.0,2.0,1.0,0.0,2,,,,6.0,15.0,9.0,10.0,15.0,37.5,22.5,25.0,3.0,4.0,3.0,3.0,2.3333333333333335,2.8,3.0,3.0,3.0,4.333333333333333,5.25,6.666666666666667,2.3333333333333335,4.0,2.75,3.0,2.25,3.0,3.0,3.0,3.0,4.75,3.5,2.5,1.0,8.0
1,1,1.0,33.0,1.0,1.0,4.0,1.0,3.0,40.0,45.0,3.0,112.5,5500.0,4862.0,31.730769230769234,28.205128205128208,1.0,1.0,1.0,0.0,2,,,,17.5,17.5,10.0,0.0,38.88888888888889,38.88888888888889,22.22222222222222,0.0,4.0,4.0,2.6666666666666665,4.0,4.333333333333333,3.4,3.5,1.9999999999999998,5.0,4.0,5.0,6.0,2.6666666666666665,4.75,3.75,3.75,2.5,4.25,2.5,3.25,4.0,4.0,3.0,3.0,1.0,8.0
1,1,2.0,32.0,3.0,1.0,4.0,7.0,3.0,40.0,55.0,3.0,137.5,4351.9,3847.0796,25.107115384615383,18.25972027972028,1.0,2.0,5.0,5.0,2,,,,40.0,10.0,0.0,5.0,72.72727272727273,18.181818181818183,0.0,9.090909090909093,2.5,4.0,3.1666666666666665,3.25,3.6666666666666665,2.8,4.25,4.0,2.3333333333333335,5.333333333333333,5.75,6.0,2.6666666666666665,5.0,5.0,5.0,3.0,3.5,4.25,2.75,3.5,2.5,2.75,3.25,3.0,8.0
1,1,1.0,31.0,1.0,1.0,4.0,9.0,3.0,30.0,40.0,3.0,133.33333333333331,2566.0,2268.344,19.73846153846154,14.803846153846155,1.0,2.0,5.0,10.0,2,,,,8.0,30.0,0.0,4.0,20.161616161616163,39.54978354978355,8.825396825396826,18.493506493506494,3.8333333333333335,3.0,2.8333333333333335,4.0,2.6666666666666665,3.8,3.75,5.666666666666667,1.3333333333333333,4.666666666666667,3.75,5.0,6.333333333333333,2.75,4.5,4.0,4.0,2.75,2.75,3.0,3.75,2.75,3.25,3.0,3.0,9.0
1,1,1.0,34.0,2.0,1.0,4.0,5.0,2.0,40.0,40.0,1.0,100.0,4530.0,4004.5200000000004,26.134615384615387,26.134615384615387,1.0,3.0,1.0,0.0,2,,,,5.0,10.0,10.0,15.0,12.5,25.0,25.0,37.5,4.166666666666667,4.0,2.8333333333333335,4.75,4.0,3.6,3.5,3.6666666666666665,4.0,5.333333333333333,5.25,4.666666666666667,2.6666666666666665,4.0,3.25,4.75,3.0,3.25,2.75,2.25,2.75,3.25,3.5,3.25,3.0,9.0
1,1,2.0,36.0,1.0,2.0,5.0,4.0,2.0,40.0,60.0,3.0,150.0,3500.0,3094.0,20.192307692307693,13.461538461538462,1.0,2.0,5.0,7.5,2,,,,10.0,40.0,20.0,2.0,21.272727272727273,36.96969696969697,6.86060606060606,22.8969696969697,3.6666666666666665,2.0,2.6666666666666665,1.75,2.0,2.8,3.5,4.0,6.0,6.333333333333333,5.75,5.666666666666667,4.0,5.0,4.25,3.5,3.0,4.0,3.75,4.0,4.0,4.0,3.0,1.75,1.0,9.0
1,1,2.0,35.0,2.0,1.0,4.0,9.0,2.0,30.0,30.0,1.0,100.0,2000.0,1768.0,15.384615384615385,15.384615384615385,2.0,3.0,5.0,10.0,2,,,,6.0,4.0,3.0,5.0,20.0,13.333333333333336,10.0,16.666666666666664,2.5,3.0,2.6666666666666665,4.25,4.0,2.6,3.75,3.6666666666666665,2.6666666666666665,3.0,4.5,5.333333333333333,2.3333333333333335,3.0,3.0,3.0,2.25,2.75,3.0,2.75,3.0,3.25,3.5,3.25,4.0,9.0
1,1,2.0,30.0,2.0,1.0,4.0,5.0,3.0,30.0,30.0,1.0,100.0,2900.0,2563.6,22.30769230769231,22.30769230769231,1.0,3.0,1.0,0.0,2,,,,10.0,5.0,10.0,5.0,33.33333333333333,16.666666666666664,33.33333333333333,16.666666666666664,3.6666666666666665,1.0,3.5,3.0,2.0,2.8,3.5,2.6666666666666665,2.3333333333333335,3.6666666666666665,5.75,3.6666666666666665,3.6666666666666665,2.25,4.25,4.25,4.0,2.5,2.25,2.5,3.5,1.75,2.0,3.25,4.0,9.0
1,1,2.0,26.0,1.0,2.0,5.0,5.0,2.0,40.0,40.0,1.0,100.0,3700.0,3270.8,21.346153846153847,21.346153846153847,1.0,4.0,1.0,0.0,2,,,,5.0,10.0,20.0,3.0,12.5,25.0,50.0,7.5,3.3333333333333335,5.0,2.1666666666666665,4.25,4.333333333333333,4.0,3.0,5.0,3.0,6.333333333333333,6.0,7.0,3.0,3.5,3.25,3.75,3.5,3.5,3.75,3.5,3.25,5.0,3.75,2.0,1.0,9.0
1,1,1.0,29.0,3.0,1.0,4.0,5.0,2.0,30.0,48.0,3.0,160.0,2457.98,2172.8543200000004,18.907538461538465,11.81721153846154,1.0,1.0,1.0,0.0,2,,,,17.5,5.0,0.0,17.5,36.45833333333333,10.416666666666668,0.0,36.45833333333333,3.1666666666666665,4.0,2.6666666666666665,2.75,3.6666666666666665,2.0,4.0,4.0,5.0,5.0,6.25,6.0,3.0,2.25,5.0,4.5,3.25,3.0,3.25,2.75,2.5,2.5,3.25,2.5,3.0,9.0
1,1,2.0,39.0,2.0,1.0,4.0,9.0,3.0,20.0,35.0,3.0,175.0,1350.0,1193.4,15.576923076923077,8.901098901098901,1.0,3.0,5.0,30.0,2,,,,5.0,2.0,4.0,8.0,14.285714285714285,5.714285714285719,11.428571428571429,22.857142857142858,2.6666666666666665,1.0,3.3333333333333335,2.5,2.0,3.0,2.25,1.0,1.0,1.0,3.5,3.3333333333333335,3.0,2.5,2.0,2.5,3.0,2.0,1.5,1.333333333333333,2.75,2.75,3.0,3.0,3.2,9.0
1,1,2.0,40.0,2.0,1.0,5.0,5.0,3.0,30.0,40.0,3.0,133.33333333333331,2400.0,2121.6,18.46153846153846,13.846153846153845,1.0,1.0,5.0,10.0,2,,,,14.0,24.0,2.0,2.0,37.0,30.46666666666667,8.977777777777778,18.88888888888889,4.333333333333333,3.8,2.8333333333333335,4.25,4.333333333333333,2.6,4.75,5.333333333333333,2.6666666666666665,7.0,6.5,6.0,3.0,3.5,4.25,3.5,4.25,2.25,4.0,3.0,3.75,4.5,3.0,2.25,3.0,9.0
1,1,2.0,29.0,2.0,1.0,4.0,1.0,3.0,30.0,43.0,3.0,143.33333333333334,2300.0,2033.1999999999998,17.69230769230769,12.343470483005365,1.0,1.0,1.0,0.0,2,,,,0.0,40.0,0.0,3.0,0.0,93.02325581395348,0.0,6.976744186046512,4.0,3.0,3.1666666666666665,2.75,4.0,2.4,4.0,6.0,3.3333333333333335,5.0,5.0,4.666666666666667,3.3333333333333335,3.5,3.25,2.75,2.0,2.75,3.0,3.0,4.25,4.5,3.0,3.25,2.0,9.0
1,1,1.0,26.0,3.0,1.0,4.0,2.0,2.0,36.75,36.75,1.0,100.0,3025.0,2674.1,18.995290423861853,18.995290423861853,1.0,1.0,1.0,0.0,2,,,,16.0,14.5,0.25,6.0,43.53741496598639,39.455782312925166,0.6802721088435373,16.3265306122449,2.1666666666666665,2.0,3.5,2.25,3.0,3.2,4.25,3.0,3.0,5.666666666666667,5.25,5.0,5.333333333333333,1.0,2.75,4.0,3.25,2.0,2.0,2.5,2.75,1.5,2.75,3.25,4.0,9.0
1,1,1.0,33.0,2.0,1.0,4.0,5.0,3.0,30.0,45.0,3.0,150.0,2913.0,2575.092,22.407692307692308,14.93846153846154,1.0,1.0,1.0,0.0,2,,,,8.0,24.0,8.0,5.0,17.77777777777778,53.333333333333336,17.77777777777778,11.11111111111111,2.5,3.0,3.0,3.0,2.0,2.6,3.5,2.6666666666666665,2.6666666666666665,5.0,6.0,7.0,2.0,3.0,3.5,2.5,3.25,3.5,3.0,2.75,3.25,3.0,2.75,2.5,3.0,9.0
1,1,2.0,25.0,3.0,1.0,4.0,2.0,3.0,33.0,48.0,3.0,145.45454545454547,2700.0,2386.8,18.88111888111888,12.980769230769232,1.0,4.0,1.0,0.0,2,,,,18.0,30.0,0.0,0.0,37.5,62.5,0.0,0.0,3.3333333333333335,4.0,3.1666666666666665,3.25,4.666666666666667,2.8,4.0,6.333333333333333,1.0,5.0,5.75,5.666666666666667,2.6666666666666665,5.0,5.0,4.0,3.5,2.5,2.0,2.25,3.75,2.5,2.75,3.5,4.0,9.0
1,1,2.0,43.0,2.0,1.0,4.0,9.0,2.0,30.0,30.0,1.0,100.0,2500.0,2210.0,19.23076923076923,19.23076923076923,1.0,2.0,1.0,0.0,2,,,,15.0,1.0,0.0,14.0,50.0,3.3333333333333357,0.0,46.66666666666666,3.6,3.0,3.0,4.5,3.6666666666666665,2.75,3.0,4.0,3.5,6.0,4.5,4.5,1.0,4.0,2.0,3.6666666666666665,2.5,3.0,3.25,2.95,4.0,3.0,4.0,3.0,3.0,9.0
1,1,2.0,33.0,1.0,2.0,4.0,9.0,3.0,24.0,30.0,3.0,125.0,2850.0,2519.4,27.403846153846157,21.923076923076923,1.0,2.0,2.0,20.0,2,,,,14.0,10.0,0.0,6.0,46.666666666666664,33.33333333333333,0.0,20.0,4.0,4.0,3.0,3.25,4.333333333333333,3.2,3.25,6.333333333333333,3.0,4.0,6.0,5.333333333333333,1.6666666666666667,4.5,3.5,2.75,3.75,3.25,3.0,2.5,3.75,4.5,3.25,3.75,4.0,9.0
1,1,1.0,25.0,3.0,1.0,4.0,2.0,3.0,40.0,45.0,3.0,112.5,3820.0,3376.88,22.03846153846154,19.58974358974359,1.0,1.0,1.0,0.0,2,,,,12.0,30.0,2.0,1.0,26.666666666666668,66.66666666666666,4.4444444444444455,2.2222222222222197,3.8333333333333335,3.0,2.3333333333333335,4.25,4.333333333333333,4.0,2.5,1.9999999999999998,2.0,3.3333333333333335,4.75,7.0,2.0,2.25,1.5,1.75,2.5,3.5,1.75,3.25,3.5,3.75,3.5,3.0,2.0,9.0
1,1,1.0,30.0,2.0,1.0,4.0,2.0,3.0,40.0,40.0,1.0,100.0,4500.0,3978.0,25.961538461538463,25.961538461538463,1.0,3.0,1.0,0.0,2,,,,0.0,35.0,0.0,5.0,0.0,87.5,0.0,12.5,4.166666666666667,5.0,2.8333333333333335,3.75,3.3333333333333335,3.6,2.0,3.6666666666666665,1.0,5.333333333333333,4.25,4.0,2.3333333333333335,2.75,2.25,3.5,2.5,3.5,4.25,4.0,3.25,5.0,3.0,3.25,2.0,9.0
1,1,2.0,29.0,1.0,1.0,4.0,2.0,1.0,40.0,55.0,3.0,137.5,3700.0,3270.8,21.346153846153847,15.524475524475523,1.0,1.0,1.0,0.0,2,,,,8.0,10.0,20.0,10.0,14.545454545454547,18.181818181818183,36.36363636363637,18.181818181818183,3.0,1.0,3.3333333333333335,1.0,1.3333333333333333,1.6,4.0,2.3333333333333335,3.3333333333333335,6.333333333333333,5.25,2.6666666666666665,1.6666666666666667,3.75,3.75,3.75,2.5,2.0,3.0,2.5,2.75,3.0,3.5,2.75,4.0,9.0
1,1,2.0,28.0,3.0,1.0,4.0,1.0,2.0,40.0,45.0,3.0,112.5,4149.82,3668.44088,23.94126923076923,21.2811282051282,1.0,2.0,1.0,0.0,2,,,,7.0,35.0,1.0,2.0,15.555555555555557,77.77777777777779,2.2222222222222214,4.444444444444445,4.833333333333333,2.0,2.5,5.0,4.666666666666667,3.6,3.0,4.333333333333333,1.0,2.3333333333333335,6.0,6.0,2.3333333333333335,2.25,2.25,2.25,1.75,2.75,1.2499999999999998,1.75,3.75,2.25,2.5,3.6666666666666665,2.4,9.0
1,1,2.0,31.0,2.0,1.0,4.0,2.0,3.0,30.0,35.0,3.0,116.66666666666667,2866.0,2533.5440000000003,22.046153846153846,18.896703296703297,1.0,1.0,1.0,0.0,2,,,,0.0,25.0,0.0,10.0,0.0,71.42857142857143,0.0,28.57142857142857,3.5,2.0,3.3333333333333335,2.5,2.3333333333333335,2.6,3.0,6.0,5.0,5.666666666666667,5.0,4.666666666666667,4.666666666666667,4.0,3.25,2.5,2.75,2.25,2.5,2.0,2.75,2.0,3.5,3.75,4.0,9.0
1,1,1.0,37.0,2.0,2.0,5.0,5.0,3.0,40.0,40.0,1.0,100.0,3000.0,2652.0,17.307692307692307,17.307692307692307,1.0,2.0,6.0,10.0,2,,,,10.0,8.0,3.0,15.0,25.0,20.0,7.5,37.5,4.5,2.0,3.3333333333333335,3.25,2.6666666666666665,3.2,4.5,3.6666666666666665,4.333333333333333,6.666666666666667,6.5,4.666666666666667,3.0,3.25,4.75,4.75,4.0,2.0,2.75,2.5,3.0,2.25,3.0,3.25,4.0,9.0
1,1,1.0,28.0,2.0,1.0,4.0,2.0,2.0,40.0,47.5,3.0,118.75,3700.0,3270.8,21.346153846153847,17.97570850202429,1.0,3.0,1.0,0.0,2,,,,2.0,35.0,5.0,4.0,4.210526315789473,73.68421052631578,10.526315789473683,8.421052631578947,4.166666666666667,5.0,2.3333333333333335,4.5,5.0,3.8,2.5,4.0,2.6666666666666665,4.666666666666667,5.75,7.0,2.3333333333333335,3.75,3.0,3.75,3.0,3.25,4.0,3.25,3.25,4.25,3.5,3.0,1.0,9.0
1,1,3.0,32.0,2.0,1.0,4.0,6.0,2.0,30.0,30.0,1.0,100.0,2333.0,2062.3720000000003,17.946153846153845,17.946153846153845,1.0,1.0,5.0,5.0,2,,,,15.0,10.0,4.0,1.0,50.0,33.33333333333333,13.333333333333334,3.333333333333334,3.8333333333333335,3.0,2.6666666666666665,3.75,3.6666666666666665,4.0,4.0,4.0,3.0,6.0,4.5,5.666666666666667,2.6666666666666665,3.5,3.0,2.75,3.75,2.25,1.5,1.75,2.5,3.0,3.0,3.0,4.0,9.0
1,1,3.0,24.0,3.0,1.0,4.0,6.0,2.0,20.0,20.0,1.0,100.0,1100.0,972.4000000000001,12.692307692307692,12.692307692307692,1.0,1.0,1.0,0.0,2,,,,15.0,0.0,0.0,5.0,75.0,0.0,0.0,25.0,3.8333333333333335,2.0,3.3333333333333335,4.5,2.6666666666666665,3.0,2.75,6.0,6.666666666666667,6.333333333333333,4.25,4.0,2.6666666666666665,3.5,4.0,5.0,2.5,3.0,2.6666666666666665,1.75,3.5,2.5,3.0,3.6666666666666665,3.8,9.0
1,1,1.0,29.0,2.0,1.0,4.0,2.0,3.0,40.0,40.0,1.0,100.0,3850.0,3403.3999999999996,22.21153846153846,22.21153846153846,1.0,1.0,1.0,0.0,2,,,,5.0,10.0,20.0,5.0,12.5,25.0,50.0,12.5,3.0,3.0,2.8333333333333335,2.75,2.0,2.2,2.75,4.333333333333333,3.3333333333333335,5.0,4.5,4.666666666666667,2.3333333333333335,2.5,2.25,3.0,2.75,3.25,2.25,2.75,3.0,2.75,3.0,3.5,4.0,9.0
1,1,2.0,33.0,2.0,1.0,4.0,6.0,3.0,30.0,35.0,3.0,116.66666666666667,3400.0,3005.6,26.153846153846153,22.41758241758242,1.0,2.0,1.0,0.0,2,,,,12.0,10.0,5.0,8.0,34.285714285714285,28.57142857142857,14.285714285714285,22.857142857142858,4.666666666666667,4.0,2.6666666666666665,4.25,3.6666666666666665,3.4,2.5,4.666666666666667,2.0,6.333333333333333,6.0,6.333333333333333,3.0,2.5,2.75,4.0,2.25,3.5,3.75,2.75,3.5,3.5,3.25,2.75,2.0,9.0
1,1,2.0,31.0,3.0,1.0,4.0,9.0,3.0,35.0,35.0,1.0,100.0,3350.0,2961.4,22.087912087912088,22.087912087912088,1.0,3.0,1.0,0.0,2,,,,10.0,10.0,0.0,15.0,28.57142857142857,28.57142857142857,0.0,42.857142857142854,3.3333333333333335,2.0,2.8333333333333335,3.25,1.6666666666666667,2.6,4.0,5.0,4.333333333333333,4.333333333333333,5.25,4.666666666666667,4.0,4.0,4.5,4.25,3.5,2.5,2.25,2.5,3.5,3.0,3.25,2.75,3.0,9.0
1,1,1.0,35.0,1.0,1.0,4.0,9.0,3.0,30.0,30.0,1.0,100.0,2900.0,2563.6,22.30769230769231,22.30769230769231,1.0,2.0,1.0,0.0,2,,,,10.0,10.0,0.0,10.0,33.33333333333333,33.33333333333333,0.0,33.33333333333333,3.3333333333333335,2.0,3.1666666666666665,2.25,2.0,3.2,3.0,5.0,3.0,4.333333333333333,4.0,4.333333333333333,5.0,1.5,2.5,3.5,3.0,2.75,2.0,2.25,3.0,3.0,2.75,3.5,4.0,9.0
1,1,2.0,27.0,3.0,1.0,4.0,5.0,3.0,30.0,30.0,1.0,100.0,2868.0,2535.312,22.06153846153846,22.06153846153846,1.0,2.0,1.0,0.0,2,,,,5.0,20.0,2.0,3.0,16.666666666666664,66.66666666666666,6.666666666666667,10.0,2.5,3.0,2.5,3.0,3.0,3.2,2.75,4.333333333333333,2.6666666666666665,4.333333333333333,5.75,5.0,3.0,3.5,2.25,4.75,2.5,2.75,3.0,3.0,2.75,5.0,3.0,3.0,1.0,9.0
1,1,1.0,26.0,3.0,1.0,4.0,5.0,3.0,30.0,50.0,3.0,166.66666666666669,2867.6,2534.9584,22.058461538461536,13.235076923076923,1.0,1.0,1.0,0.0,2,,,,9.0,35.0,0.0,6.0,18.0,70.0,0.0,12.0,2.5,3.0,3.5,3.75,1.0,3.0,3.5,5.0,1.6666666666666667,6.0,5.25,5.0,2.3333333333333335,2.75,3.75,3.75,3.75,2.25,1.75,2.5,3.25,2.75,3.0,4.25,4.0,9.0
1,1,1.0,26.0,3.0,1.0,4.0,1.0,2.0,30.0,45.0,3.0,150.0,2400.0,2121.6,18.46153846153846,12.307692307692307,1.0,1.0,1.0,0.0,2,,,,4.0,31.0,2.0,8.0,8.888888888888893,68.88888888888889,4.4444444444444455,17.77777777777778,3.0,3.0,2.5,4.5,4.0,3.2,4.25,3.6666666666666665,2.3333333333333335,7.0,6.25,6.333333333333333,3.3333333333333335,5.0,4.75,5.0,3.5,3.0,4.25,3.75,4.0,4.25,4.0,2.25,3.0,9.0
1,1,2.0,30.0,2.0,1.0,4.0,8.0,3.0,20.0,25.0,3.0,125.0,1638.6999999999998,1448.6108000000002,18.908076923076926,15.12646153846154,1.0,1.0,1.0,0.0,2,,,,5.0,8.0,0.0,7.0,20.0,32.0,0.0,28.000000000000004,4.666666666666667,4.0,2.1666666666666665,4.5,4.333333333333333,4.2,3.0,4.0,4.0,4.0,5.25,7.0,1.3333333333333333,4.0,3.75,4.25,2.75,3.25,3.75,2.25,3.75,5.0,4.0,2.75,1.0,9.0
1,1,1.0,25.0,3.0,1.0,4.0,1.0,3.0,30.0,30.0,1.0,100.0,2860.0,2528.24,22,22.0,1.0,1.0,1.0,0.0,2,,,,3.0,27.0,0.0,1.0,29.564102564102566,46.15384615384616,7.871794871794872,16.41025641025641,4.0,4.0,2.7666666666666666,5.0,4.666666666666667,3.0,2.75,1.3333333333333335,1.0,3.6666666666666665,4.75,7.0,1.3333333333333333,3.0,2.75,3.0,2.75,4.0,3.5,4.0,3.5,4.5,4.0,3.3333333333333335,2.0,9.0
1,1,2.0,28.0,2.0,1.0,4.0,4.0,2.0,30.0,30.0,1.0,100.0,2900.0,2563.6,22.30769230769231,22.30769230769231,2.0,2.0,1.0,0.0,2,,,,2.0,15.0,5.0,8.0,6.666666666666668,50.0,16.666666666666664,26.666666666666668,2.5,1.0,3.5,2.25,1.6666666666666667,3.2,3.75,5.333333333333333,4.666666666666667,2.6666666666666665,2.5,1.3333333333333333,4.666666666666667,3.25,2.0,2.75,3.0,2.75,2.5,3.75,3.25,2.0,3.0,3.75,4.0,9.0
1,1,1.0,37.0,2.0,2.0,4.0,5.0,3.0,30.0,40.0,3.0,133.33333333333331,3400.0,3005.6,26.153846153846153,19.615384615384617,1.0,2.0,2.0,15.0,2,,,,24.0,8.0,0.0,8.0,60.0,20.0,0.0,20.0,3.1666666666666665,3.0,3.1666666666666665,2.5,3.6666666666666665,3.2,2.75,1.9999999999999998,1.0,2.0,4.25,6.0,2.3333333333333335,2.0,2.0,2.25,1.75,3.5,2.25,3.0,3.5,4.5,3.75,3.25,2.0,9.0
1,1,1.0,29.0,2.0,1.0,4.0,2.0,3.0,40.0,55.0,3.0,137.5,3950.0,3491.8,22.78846153846154,16.573426573426573,1.0,2.0,1.0,0.0,2,,,,5.0,29.0,20.0,1.0,9.09090909090909,52.72727272727272,36.36363636363637,1.8181818181818201,4.5,3.0,3.0,3.5,4.666666666666667,3.8,3.75,4.666666666666667,3.6666666666666665,6.0,5.75,5.666666666666667,2.6666666666666665,4.0,4.5,4.25,3.0,2.75,2.5,2.5,3.5,4.5,3.75,3.25,3.0,9.0
1,1,2.0,28.0,3.0,1.0,4.0,1.0,3.0,30.0,40.0,3.0,133.33333333333331,2400.0,2121.6,18.46153846153846,13.846153846153845,1.0,2.0,1.0,0.0,2,,,,3.0,30.0,3.0,4.0,7.4999999999999964,75.0,7.5,10.0,2.8333333333333335,4.0,2.8333333333333335,4.0,4.666666666666667,2.8,2.25,2.3333333333333335,2.0,5.333333333333333,5.0,5.666666666666667,2.6666666666666665,2.75,2.0,3.25,3.0,3.25,2.5,3.0,3.75,3.75,3.0,3.25,2.0,9.0
1,1,1.0,31.0,3.0,1.0,4.0,1.0,3.0,40.0,40.0,1.0,100.0,3700.0,3270.8,21.346153846153847,21.346153846153847,1.0,1.0,1.0,0.0,2,,,,15.0,20.0,0.0,5.0,37.5,50.0,0.0,12.5,3.3333333333333335,2.0,3.1666666666666665,3.0,2.0,2.8,3.0,5.0,3.0,5.0,5.25,4.666666666666667,3.3333333333333335,4.0,2.75,3.0,2.25,3.75,4.0,3.5,3.5,4.0,2.5,2.75,1.0,9.0
1,1,2.0,25.0,2.0,1.0,4.0,6.0,3.0,30.0,42.5,3.0,141.66666666666669,2800.0,2475.2,21.53846153846154,15.203619909502263,1.0,3.0,1.0,0.0,2,,,,20.0,5.0,0.0,15.0,47.05882352941176,11.764705882352942,0.0,35.294117647058826,4.333333333333333,3.0,2.6666666666666665,3.0,3.6666666666666665,2.6,3.5,6.0,2.0,7.0,6.25,5.333333333333333,2.6666666666666665,3.5,4.25,4.75,3.5,2.25,2.0,1.5,3.5,4.5,2.75,4.0,4.0,9.0
1,1,1.0,30.0,2.0,1.0,4.0,5.0,3.0,30.0,45.0,3.0,150.0,2800.0,2475.2,21.53846153846154,14.35897435897436,1.0,1.0,1.0,0.0,2,,,,6.0,35.0,0.0,0.5,13.333333333333336,77.77777777777779,0.0,1.1111111111111107,3.6666666666666665,5.0,3.0,5.0,3.6666666666666665,3.2,4.0,3.0,2.0,4.333333333333333,6.25,7.0,2.6666666666666665,3.25,4.0,4.0,3.75,3.0,2.5,2.5,2.5,2.0,3.5,4.0,4.0,9.0
1,1,2.0,27.0,3.0,1.0,4.0,5.0,3.0,30.0,30.0,1.0,100.0,2867.0,2534.428,22.053846153846155,22.053846153846155,1.0,1.0,1.0,0.0,2,,,,0.0,28.0,0.0,2.0,0.0,93.33333333333334,0.0,6.666666666666668,4.166666666666667,3.0,2.6666666666666665,4.0,3.6666666666666665,3.0,4.5,3.6666666666666665,5.0,5.666666666666667,5.75,6.666666666666667,3.0,3.75,2.5,3.5,4.0,2.0,1.2499999999999998,1.5,3.0,2.25,3.5,3.75,4.0,9.0
1,1,1.0,32.0,2.0,1.0,4.0,5.0,3.0,40.0,40.0,1.0,100.0,3000.0,2652.0,17.307692307692307,17.307692307692307,1.0,3.0,1.0,0.0,2,,,,10.0,20.0,0.0,10.0,25.0,50.0,0.0,25.0,2.5,4.0,2.8333333333333335,3.75,3.3333333333333335,3.6,2.75,1.666666666666667,3.3333333333333335,5.0,4.25,5.666666666666667,2.6666666666666665,3.0,2.5,2.25,1.75,3.25,4.5,3.25,3.0,4.0,3.25,2.25,2.0,9.0
1,1,2.0,27.0,2.0,1.0,4.0,2.0,3.0,40.0,44.0,3.0,110.00000000000001,3100.0,2740.4,17.884615384615383,16.258741258741257,1.0,1.0,1.0,0.0,2,,,,0.0,43.0,0.0,2.0,22.75586893177195,34.7232668096102,23.25556655121227,18.41423387761834,2.6666666666666665,2.0,3.5,2.5,4.0,2.4,3.5,3.0,3.3333333333333335,3.6666666666666665,4.25,3.6666666666666665,2.3333333333333335,2.0,3.25,3.0,3.0,2.75,2.5,1.5,2.75,2.75,3.75,3.75,4.0,9.0
1,1,1.0,28.0,3.0,1.0,4.0,5.0,2.0,30.0,30.0,1.0,100.0,1700.0,1502.8,13.076923076923077,13.076923076923077,1.0,2.0,1.0,0.0,2,,,,6.0,20.0,0.0,4.0,20.0,66.66666666666666,0.0,13.333333333333334,3.0,3.0,2.8333333333333335,4.0,2.6666666666666665,3.0,3.25,2.3333333333333335,1.6666666666666667,4.0,3.25,4.0,3.0,1.0,1.25,2.5,2.5,3.0,1.5,1.5,2.75,2.5,2.75,3.75,4.0,9.0
1,1,1.0,31.0,1.0,1.0,4.0,5.0,3.0,30.0,40.0,3.0,133.33333333333331,2500.0,2210.0,19.23076923076923,14.423076923076923,1.0,2.0,1.0,0.0,2,,,,5.0,15.0,0.0,20.0,12.5,37.5,0.0,50.0,3.6666666666666665,4.0,3.3333333333333335,4.0,3.6666666666666665,3.0,3.25,4.666666666666667,2.3333333333333335,6.0,5.25,5.333333333333333,3.0,1.75,3.5,2.75,2.75,3.0,3.0,3.0,3.0,4.5,2.75,3.25,2.0,9.0
1,1,2.0,27.0,1.0,1.0,4.0,1.0,2.0,30.0,42.5,3.0,141.66666666666669,2500.0,2210.0,19.23076923076923,13.574660633484163,1.0,1.0,1.0,0.0,2,,,,8.0,30.0,0.0,3.0,18.823529411764707,70.58823529411765,0.0,7.0588235294117645,4.666666666666667,5.0,3.0,4.75,4.0,4.0,3.0,4.0,2.0,5.333333333333333,6.0,6.666666666666667,2.6666666666666665,3.25,4.5,3.0,2.25,3.75,3.0,3.75,3.25,5.0,3.5,3.25,1.0,9.0
1,1,2.0,27.0,3.0,1.0,4.0,8.0,3.0,30.0,40.0,3.0,133.33333333333331,1800.0,1591.2,13.846153846153845,10.384615384615383,1.0,2.0,4.0,5.0,2,,,,5.0,25.0,2.0,2.0,12.5,62.5,5.0,5.0,3.3333333333333335,4.0,3.3333333333333335,2.75,4.666666666666667,2.4,3.25,4.333333333333333,3.6666666666666665,6.333333333333333,5.75,5.333333333333333,2.6666666666666665,5.0,5.0,5.0,2.75,3.75,4.5,3.5,3.5,5.0,3.0,3.0,1.0,9.0
1,1,2.0,27.0,3.0,1.0,4.0,6.0,3.0,40.0,40.0,1.0,100.0,3500.0,3094.0,20.192307692307693,20.192307692307693,1.0,5.0,1.0,0.0,2,,,,7.5,32.5,0.0,3.0,18.256410256410252,54.19230769230769,16.51282051282051,11.038461538461538,4.5,5.0,2.3333333333333335,3.5,3.3333333333333335,4.2,2.5,5.0,3.3333333333333335,6.333333333333333,5.0,7.0,3.0,3.25,1.0,1.0,2.5,3.5,2.0,3.25,4.0,4.25,4.75,3.0,2.0,9.0
1,1,2.0,30.0,2.0,1.0,4.0,1.0,3.0,30.0,40.0,3.0,133.33333333333331,2300.0,2033.1999999999998,17.69230769230769,13.269230769230768,1.0,1.0,1.0,0.0,2,,,,10.0,25.0,0.0,5.0,25.0,62.5,0.0,12.5,4.333333333333333,4.0,3.0,3.75,3.6666666666666665,2.8,2.75,3.6666666666666665,2.6666666666666665,5.333333333333333,5.25,6.666666666666667,2.3333333333333335,4.0,4.25,3.75,2.75,3.0,4.0,2.25,3.25,3.75,3.0,3.0,3.0,9.0
1,1,1.0,25.0,3.0,1.0,4.0,7.0,3.0,40.0,40.0,1.0,100.0,3600.0,3182.4,20.769230769230766,20.769230769230766,1.0,1.0,1.0,0.0,2,,,,4.0,16.0,4.0,16.0,10.0,40.0,10.0,40.0,3.6666666666666665,5.0,2.6666666666666665,4.5,5.0,3.6,4.0,4.333333333333333,2.3333333333333335,5.0,4.5,5.0,1.6666666666666667,3.75,3.25,3.75,2.75,3.0,3.25,3.0,3.25,3.75,3.5,2.75,1.0,9.0
1,1,2.0,38.0,2.0,2.0,4.0,5.0,2.0,30.0,50.0,3.0,166.66666666666669,3440.0,3040.96,26.46153846153846,15.876923076923076,1.0,4.0,1.0,0.0,2,,,,10.0,30.0,2.0,8.0,20.0,60.0,4.0,16.0,4.0,1.0,3.5,1.75,2.3333333333333335,2.8,2.75,2.3333333333333335,1.3333333333333333,5.0,5.0,5.333333333333333,3.6666666666666665,4.0,2.75,2.75,3.0,3.5,3.75,2.75,3.75,3.75,3.75,3.25,2.0,9.0
1,1,1.0,37.0,1.0,1.0,4.0,8.0,3.0,30.0,30.0,1.0,100.0,3400.0,3005.6,26.153846153846153,26.153846153846153,1.0,4.0,1.0,0.0,2,,,,8.0,15.0,2.0,5.0,26.666666666666668,50.0,6.666666666666667,16.666666666666664,4.166666666666667,5.0,3.1666666666666665,5.0,4.0,3.8,3.25,3.0,1.6666666666666667,3.0,5.75,6.333333333333333,2.0,4.25,2.75,2.25,2.75,3.25,4.0,3.5,3.75,5.0,3.25,3.0,1.0,9.0
1,1,2.0,30.0,3.0,1.0,4.0,9.0,3.0,30.0,30.0,1.0,100.0,2868.0,2535.312,22.06153846153846,22.06153846153846,1.0,2.0,6.0,7.0,2,,,,10.0,15.0,0.0,5.0,33.33333333333333,50.0,0.0,16.666666666666664,3.1666666666666665,5.0,2.5,1.75,1.6666666666666667,3.0,3.0,1.3333333333333335,1.0,4.0,5.75,5.333333333333333,3.0,2.25,3.75,3.5,3.0,3.5,2.25,1.5,2.75,3.75,3.75,3.5,4.0,9.0
1,1,2.0,27.0,2.0,1.0,4.0,1.0,2.0,30.0,40.0,3.0,133.33333333333331,2400.0,2121.6,18.46153846153846,13.846153846153845,1.0,2.0,1.0,0.0,2,,,,0.0,25.0,5.0,10.0,0.0,62.5,12.5,25.0,3.0,3.0,3.0,2.75,3.6666666666666665,2.8,3.25,1.9999999999999998,3.0,3.0,5.5,7.0,1.6666666666666667,3.75,2.25,3.75,2.25,4.0,4.0,2.5,3.25,5.0,3.0,3.25,1.0,9.0
1,1,2.0,37.0,4.0,2.0,4.0,13.0,3.0,30.0,40.0,3.0,133.33333333333331,2676.0,2365.5840000000003,20.584615384615386,15.438461538461539,1.0,2.0,1.0,0.0,2,,,,9.0,11.0,4.0,6.0,22.5,27.500000000000004,10.0,15.0,4.166666666666667,3.0,3.1666666666666665,3.25,4.666666666666667,3.4,3.0,5.333333333333333,2.3333333333333335,6.0,5.5,5.666666666666667,2.6666666666666665,3.25,3.25,4.25,2.75,3.0,3.0,2.75,3.0,4.0,3.25,2.5,3.0,9.0
1,1,2.0,29.0,2.0,1.0,4.0,5.0,3.0,30.0,40.0,3.0,133.33333333333331,3375.0,2983.5,25.96153846153846,19.471153846153847,1.0,2.0,1.0,0.0,2,,,,8.0,28.0,0.0,4.0,20.0,70.0,0.0,10.0,2.6666666666666665,4.0,3.0,1.5,1.3333333333333333,2.8,3.0,3.0,4.0,5.666666666666667,4.75,6.333333333333333,2.6666666666666665,3.25,3.0,2.5,3.75,3.75,3.75,4.0,3.0,3.5,3.0,3.75,4.0,9.0
1,1,1.0,34.0,2.0,1.0,4.0,2.0,3.0,40.0,40.0,1.0,100.0,4532.0,4006.2880000000005,26.146153846153844,26.146153846153844,1.0,2.0,1.0,0.0,2,,,,6.0,18.0,11.0,5.0,15.0,45.0,27.500000000000004,12.5,3.8333333333333335,5.0,3.3333333333333335,4.25,4.0,4.0,2.25,5.666666666666667,3.3333333333333335,6.333333333333333,5.25,6.333333333333333,3.0,2.0,1.75,3.0,3.0,3.0,3.5,2.75,3.25,4.5,3.75,3.5,2.0,9.0
1,1,2.0,27.0,3.0,1.0,4.0,1.0,3.0,26.0,26.0,1.0,100.0,1600.0,1414.4,14.201183431952662,14.201183431952662,1.0,1.0,1.0,0.0,2,,,,0.0,20.0,6.0,0.0,0.0,76.92307692307693,23.076923076923077,0.0,3.0,4.0,3.3333333333333335,3.5,3.3333333333333335,4.0,3.0,5.666666666666667,4.0,6.0,5.75,7.0,3.0,2.75,2.5,3.5,3.25,3.25,3.75,2.0,3.3333333333333335,4.0,3.25,2.6666666666666665,3.2,9.0
1,1,2.0,26.0,2.0,1.0,4.0,10.0,3.0,30.0,30.0,1.0,100.0,2500.0,2210.0,19.23076923076923,19.23076923076923,1.0,1.0,7.0,4.0,2,,,,6.0,20.0,0.0,4.0,20.0,66.66666666666666,0.0,13.333333333333334,3.1666666666666665,4.0,2.8333333333333335,4.5,3.3333333333333335,3.2,2.25,5.666666666666667,4.666666666666667,4.666666666666667,5.5,6.333333333333333,2.0,4.0,2.0,4.0,2.75,2.75,3.25,3.5,3.5,4.25,3.0,2.25,1.0,9.0
1,1,2.0,30.0,2.0,1.0,4.0,1.0,3.0,30.0,50.0,3.0,166.66666666666669,2300.0,2033.1999999999998,17.69230769230769,10.615384615384615,1.0,1.0,1.0,0.0,2,,,,3.0,35.0,2.0,5.0,6.0,70.0,4.0,10.0,4.0,3.0,3.5,1.75,3.3333333333333335,3.0,3.75,1.9999999999999998,1.6666666666666667,5.666666666666667,5.5,5.666666666666667,2.6666666666666665,2.25,2.5,3.25,2.0,2.75,2.25,2.25,3.25,2.25,2.5,3.75,4.0,9.0
1,1,2.0,32.0,2.0,1.0,4.0,9.0,3.0,30.0,30.0,1.0,100.0,2913.9,2575.8876000000005,22.414615384615388,22.414615384615388,1.0,1.0,4.0,5.0,2,,,,5.0,22.0,0.0,3.0,16.666666666666664,73.33333333333333,0.0,10.0,3.5,4.0,2.8333333333333335,4.25,2.6666666666666665,4.0,3.0,1.9999999999999998,1.0,5.666666666666667,5.75,5.666666666666667,4.666666666666667,3.75,3.25,4.5,3.25,2.5,3.25,2.0,3.75,3.5,3.25,4.0,4.0,9.0
1,1,2.0,29.0,1.0,1.0,4.0,1.0,3.0,30.0,42.0,3.0,140.0,2200.0,1944.8000000000002,16.923076923076923,12.087912087912088,1.0,2.0,1.0,0.0,2,,,,15.0,21.0,1.0,5.0,35.714285714285715,50.0,2.3809523809523814,11.904761904761903,3.3333333333333335,3.0,2.5,2.75,3.3333333333333335,3.0,3.0,3.3333333333333335,1.6666666666666667,6.666666666666667,5.75,5.666666666666667,4.333333333333333,3.5,3.25,4.5,3.5,3.0,4.0,2.5,3.0,4.25,3.25,3.75,4.0,9.0
1,1,2.0,25.0,2.0,1.0,4.0,13.0,2.0,30.0,30.0,1.0,100.0,2500.0,2210.0,19.23076923076923,19.23076923076923,1.0,1.0,1.0,0.0,2,,,,1.0,25.0,3.0,1.0,3.333333333333332,83.33333333333334,10.0,3.333333333333334,3.5,3.0,3.1666666666666665,4.5,3.0,3.2,3.75,5.666666666666667,5.333333333333333,6.333333333333333,5.0,4.333333333333333,3.6666666666666665,3.75,3.5,2.5,3.0,3.0,2.75,3.0,3.25,3.75,3.5,2.75,2.0,9.0
1,1,1.0,32.0,3.0,1.0,4.0,1.0,2.0,30.0,40.0,3.0,133.33333333333331,3350.0,2961.4,25.76923076923077,19.326923076923077,1.0,2.0,1.0,0.0,2,,,,10.0,20.0,8.0,4.0,23.617571059431523,35.584496124031006,18.205684754521965,20.992248062015506,3.3333333333333335,2.0,2.6666666666666665,3.0,2.6666666666666665,2.2,3.75,1.9999999999999998,2.0,4.666666666666667,6.0,6.0,1.3333333333333333,3.0,3.0,3.0,3.25,3.25,2.5,2.25,3.0,2.75,3.0,3.6666666666666665,3.5999999999999996,9.0
1,1,1.0,33.0,3.0,1.0,4.0,5.0,3.0,30.0,30.0,1.0,100.0,2900.0,2563.6,22.30769230769231,22.30769230769231,1.0,2.0,1.0,0.0,2,,,,10.0,18.0,0.0,2.0,33.33333333333333,60.0,0.0,6.666666666666668,4.5,5.0,2.8333333333333335,5.0,4.333333333333333,4.0,2.25,3.3333333333333335,1.3333333333333333,4.333333333333333,5.75,7.0,1.0,3.75,2.75,3.25,2.75,3.25,3.5,4.0,3.75,4.75,3.0,2.25,1.0,9.0
1,1,1.0,28.0,3.0,1.0,4.0,5.0,2.0,37.0,37.0,1.0,100.0,3500.0,3094.0,21.82952182952183,21.82952182952183,1.0,2.0,1.0,0.0,2,,,,15.0,15.0,0.0,7.0,40.54054054054054,40.54054054054054,0.0,18.91891891891892,3.8333333333333335,5.0,2.6666666666666665,3.5,4.0,4.0,3.5,2.6666666666666665,1.3333333333333333,5.333333333333333,4.75,6.666666666666667,2.6666666666666665,5.0,3.75,3.75,3.0,2.5,2.75,2.0,3.75,4.5,3.0,3.0,3.0,9.0
1,1,2.0,33.0,1.0,3.0,4.0,5.0,3.0,30.0,50.0,3.0,166.66666666666669,2900.0,2563.6,22.30769230769231,13.384615384615385,1.0,1.0,5.0,5.0,2,,,,10.0,20.0,10.0,20.0,37.63636363636363,24.18181818181818,16.363636363636363,14.727272727272728,2.3333333333333335,1.0,3.1666666666666665,2.0,1.6666666666666667,1.4,4.0,2.6666666666666665,6.0,2.3333333333333335,5.25,5.666666666666667,3.0,3.25,3.25,3.25,3.5,3.5,3.0,3.25,3.25,2.0,2.75,3.75,4.0,9.0
1,1,1.0,32.0,3.0,1.0,4.0,2.0,3.0,40.0,42.0,3.0,105.0,4532.0,4006.2880000000005,26.146153846153844,24.9010989010989,1.0,1.0,1.0,0.0,2,,,,2.0,8.0,20.0,10.0,4.761904761904763,19.047619047619044,47.61904761904761,23.809523809523807,2.0,1.0,3.0,2.0,2.3333333333333335,3.0,3.25,4.333333333333333,1.3333333333333333,5.666666666666667,5.75,4.0,5.0,4.75,2.75,3.75,2.0,3.5,3.0,3.75,3.75,3.0,3.0,3.0,1.0,9.0
1,1,2.0,28.0,2.0,1.0,4.0,1.0,3.0,30.0,30.0,1.0,100.0,2867.0,2534.428,22.053846153846155,22.053846153846155,1.0,2.0,1.0,0.0,2,,,,12.0,13.0,1.0,4.0,40.0,43.333333333333336,3.333333333333334,13.333333333333334,3.3333333333333335,4.0,2.5,3.75,3.6666666666666665,4.2,3.0,5.333333333333333,2.3333333333333335,6.0,5.5,5.333333333333333,3.0,2.25,2.25,3.75,2.75,2.75,3.0,3.75,3.25,4.25,3.0,3.0,2.0,9.0
1,1,2.0,30.0,2.0,1.0,4.0,1.0,2.0,30.0,45.0,3.0,150.0,2400.0,2121.6,18.46153846153846,12.307692307692307,1.0,2.0,1.0,0.0,2,,,,20.0,20.0,1.0,5.0,24.27777777777778,42.74444444444444,6.711111111111112,18.31111111111111,3.6666666666666665,4.0,3.1666666666666665,2.75,4.333333333333333,3.0,3.75,4.666666666666667,3.3333333333333335,5.666666666666667,5.75,5.666666666666667,3.3333333333333335,2.75,3.5,3.25,3.0,3.75,3.25,3.5,3.0,3.75,3.5,3.75,4.0,9.0
1,1,1.0,34.0,2.0,1.0,4.0,9.0,3.0,20.0,50.0,3.0,250.0,1600.0,1414.4,18.46153846153846,7.384615384615384,1.0,2.0,2.0,10.0,2,,,,15.0,20.0,2.0,10.0,30.0,40.0,4.0,20.0,4.166666666666667,5.0,3.0,3.75,2.6666666666666665,3.2,3.75,3.3333333333333335,3.3333333333333335,4.5,5.5,7.0,2.3333333333333335,3.75,3.5,3.25,3.25,2.25,2.25,2.25,5.0,4.5,3.0,3.0,3.0,9.0
1,1,1.0,28.0,2.0,1.0,4.0,2.0,3.0,40.0,40.0,1.0,100.0,3800.0,3359.2,21.923076923076923,21.923076923076923,3.0,1.0,5.0,3.5,2,,,,12.5,20.0,7.5,5.0,27.166666666666664,39.66666666666667,11.25,11.916666666666664,4.0,3.0,3.0,2.5,2.6666666666666665,3.4,3.0,6.333333333333333,1.6666666666666667,4.666666666666667,3.0,4.666666666666667,4.0,3.5,3.75,1.75,3.5,3.75,1.75,2.0,3.0,3.25,2.0,3.5,4.0,9.0
1,1,2.0,27.0,2.0,1.0,4.0,1.0,3.0,40.0,55.0,3.0,137.5,2400.0,2121.6,13.846153846153845,10.06993006993007,1.0,1.0,1.0,0.0,2,,,,0.0,40.0,15.0,0.0,0.0,72.72727272727273,27.27272727272727,0.0,3.8333333333333335,2.0,2.6666666666666665,3.75,3.6666666666666665,2.6,4.75,4.0,3.0,6.333333333333333,6.25,5.0,3.0,5.0,4.75,4.75,3.5,3.75,4.25,3.5,3.5,3.25,3.5,3.5,3.0,9.0
1,1,2.0,26.0,2.0,1.0,4.0,10.0,3.0,30.0,40.0,3.0,133.33333333333331,2867.64,2534.9937600000003,22.058769230769233,16.544076923076922,1.0,2.0,1.0,0.0,2,,,,20.0,20.0,0.0,0.0,50.0,50.0,0.0,0.0,3.6666666666666665,4.0,2.6666666666666665,4.5,4.0,3.4,2.75,4.333333333333333,2.3333333333333335,5.0,4.75,5.0,3.3333333333333335,2.25,2.75,3.5,2.75,3.0,2.25,2.5,3.5,4.0,2.75,3.0,2.0,9.0
1,1,2.0,34.0,2.0,1.0,4.0,10.0,3.0,30.0,45.0,3.0,150.0,2300.0,2033.1999999999998,17.69230769230769,11.794871794871794,1.0,1.0,5.0,10.0,2,,,,10.0,25.0,5.0,5.0,22.22222222222222,55.55555555555556,11.11111111111111,11.11111111111111,2.5,4.0,2.8333333333333335,3.5,3.6666666666666665,2.4,3.75,1.666666666666667,1.0,3.3333333333333335,5.75,7.0,1.6666666666666667,4.25,2.75,4.0,3.25,3.5,2.75,3.5,3.0,3.75,3.75,3.25,1.0,9.0
1,1,2.0,28.0,2.0,1.0,4.0,1.0,3.0,30.0,35.0,3.0,116.66666666666667,2500.0,2210.0,19.23076923076923,16.483516483516482,1.0,1.0,1.0,0.0,2,,,,2.0,15.0,10.0,9.0,53.44444444444444,22.055555555555554,16.72222222222222,7.777777777777777,2.5,1.0,2.6666666666666665,3.75,1.3333333333333333,3.0,4.0,1.0,1.0,4.0,6.0,6.0,1.0,2.5,3.0,1.5,2.5,4.25,3.25,3.0,3.75,3.5,3.25,2.75,2.0,9.0
1,1,1.0,36.0,2.0,1.0,4.0,10.0,2.0,30.0,45.0,3.0,150.0,2400.0,2121.6,18.46153846153846,12.307692307692307,1.0,2.0,2.0,5.0,2,,,,15.0,22.0,2.0,5.0,33.33333333333333,48.888888888888886,4.4444444444444455,11.11111111111111,3.6666666666666665,4.0,2.5,4.75,4.0,3.8,3.25,4.333333333333333,2.6666666666666665,7.0,6.0,7.0,3.0,3.25,3.5,3.0,4.0,3.5,2.75,2.5,3.5,4.5,4.0,3.5,3.0,9.0
1,1,2.0,33.0,2.0,1.0,4.0,1.0,3.0,30.0,30.0,1.0,100.0,2900.0,2563.6,22.30769230769231,22.30769230769231,1.0,1.0,1.0,0.0,2,,,,0.0,15.0,5.0,10.0,0.0,50.0,16.666666666666664,33.33333333333333,3.3333333333333335,3.0,2.6666666666666665,3.75,3.6666666666666665,3.0,3.25,4.666666666666667,3.0,4.333333333333333,6.25,6.0,2.0,4.25,3.25,3.75,2.75,3.5,4.0,3.0,3.25,4.25,3.5,3.25,1.0,9.0
1,1,1.0,29.0,2.0,1.0,4.0,1.0,3.0,30.0,45.0,3.0,150.0,4200.0,3712.8,32.30769230769231,21.53846153846154,1.0,2.0,1.0,0.0,2,,,,5.0,5.0,30.0,5.0,11.11111111111111,11.11111111111111,66.66666666666666,11.11111111111111,3.8333333333333335,5.0,2.8333333333333335,4.5,3.6666666666666665,3.4,2.5,5.0,2.3333333333333335,3.6666666666666665,4.5,5.666666666666667,1.6666666666666667,3.0,2.75,3.0,3.25,2.5,2.25,2.25,3.0,2.75,3.0,3.25,4.0,9.0
1,1,1.0,33.0,3.0,1.0,4.0,5.0,3.0,30.0,40.0,3.0,133.33333333333331,2800.0,2475.2,21.53846153846154,16.153846153846153,1.0,1.0,5.0,8.0,2,,,,0.0,15.0,20.0,5.0,0.0,37.5,50.0,12.5,3.0,2.0,2.6666666666666665,2.25,3.6666666666666665,2.4,3.25,5.666666666666667,4.333333333333333,2.3333333333333335,5.25,4.333333333333333,3.0,2.25,2.75,4.25,3.0,3.25,2.5,4.0,3.5,2.0,2.5,3.75,4.0,9.0
1,1,2.0,29.0,2.0,1.0,4.0,5.0,2.0,30.0,40.0,3.0,133.33333333333331,2200.0,1944.8000000000002,16.923076923076923,12.692307692307692,1.0,1.0,1.0,0.0,2,,,,0.0,30.0,2.0,5.0,0.0,75.0,5.0,12.5,3.3333333333333335,2.0,3.0,2.5,1.3333333333333333,2.4,4.5,5.0,1.6666666666666667,5.0,5.0,3.6666666666666665,4.333333333333333,4.25,4.0,3.75,3.75,2.25,2.0,2.0,3.5,2.0,2.75,3.0,4.0,9.0
1,1,2.0,30.0,1.0,1.0,4.0,5.0,2.0,30.0,35.0,3.0,116.66666666666667,4369.0,3862.196,33.60769230769231,28.806593406593407,1.0,2.0,1.0,0.0,2,,,,7.0,20.0,1.0,2.0,20.0,57.14285714285714,2.8571428571428577,5.714285714285715,3.8333333333333335,3.0,2.6666666666666665,4.0,3.3333333333333335,3.0,2.25,3.6666666666666665,2.3333333333333335,4.0,5.5,6.333333333333333,1.3333333333333333,4.0,2.5,3.25,2.25,3.5,3.25,2.75,3.25,4.5,3.25,2.25,1.0,9.0
1,1,1.0,29.0,2.0,1.0,4.0,5.0,3.0,30.0,50.0,3.0,166.66666666666669,2800.0,2475.2,21.53846153846154,12.923076923076923,1.0,1.0,1.0,0.0,2,,,,15.0,25.0,0.0,10.0,30.0,50.0,0.0,20.0,3.8333333333333335,4.0,2.8333333333333335,3.75,3.0,3.0,4.5,4.0,2.6666666666666665,6.333333333333333,6.5,6.0,2.6666666666666665,3.5,3.5,5.0,3.75,3.25,3.0,2.25,3.5,3.75,3.25,3.0,3.0,9.0
1,1,1.0,24.0,3.0,1.0,4.0,1.0,2.0,10.0,30.0,3.0,300.0,694.0000000000002,613.4960000000001,16.015384615384615,5.338461538461539,1.0,1.0,5.0,2.0,2,,,,1.0,28.0,0.0,1.0,3.333333333333332,93.33333333333334,0.0,3.333333333333334,4.2,5.0,2.8333333333333335,4.0,4.666666666666667,3.2,3.0,3.6666666666666665,2.0,4.333333333333333,4.75,6.0,1.6666666666666667,4.0,2.5,3.75,3.25,3.5,3.0,3.0,3.0,4.5,4.0,2.25,1.0,9.0
1,1,1.0,32.0,1.0,2.0,4.0,6.0,3.0,40.0,40.0,1.0,100.0,3600.0,3182.4,20.769230769230766,20.769230769230766,1.0,1.0,1.0,0.0,2,,,,5.0,15.0,15.0,5.0,12.5,37.5,37.5,12.5,4.333333333333333,1.0,3.0,3.5,2.6666666666666665,3.6,3.5,4.0,1.3333333333333333,2.0,2.25,1.3333333333333333,5.666666666666667,1.0,1.25,3.0,3.5,2.25,1.2499999999999998,1.75,2.0,1.75,3.25,3.25,4.0,9.0
1,1,1.0,31.0,3.0,1.0,4.0,2.0,2.0,40.0,50.0,3.0,125.0,3277.3,2897.1332,18.907500000000002,15.126000000000001,3.0,3.0,1.0,0.0,2,,,,3.0,10.0,22.0,15.0,6.0,20.0,44.0,30.0,3.6666666666666665,2.0,2.5,3.25,4.0,3.0,3.5,3.3333333333333335,3.0,5.666666666666667,4.75,6.0,2.3333333333333335,2.75,4.25,3.75,3.5,2.5,3.5,3.75,3.0,3.25,3.5,3.6666666666666665,3.8,9.0
1,1,2.0,31.0,2.0,2.0,4.0,5.0,3.0,36.0,36.0,1.0,100.0,3500.0,3094.0,22.435897435897438,22.435897435897438,1.0,1.0,1.0,0.0,2,,,,7.0,24.0,0.0,1.0,19.444444444444443,66.66666666666666,0.0,2.7777777777777786,4.0,5.0,2.3333333333333335,3.75,4.666666666666667,4.0,3.75,5.666666666666667,5.666666666666667,5.666666666666667,6.0,6.666666666666667,3.0,4.75,2.0,2.0,2.25,3.0,4.25,3.0,2.75,3.5,3.0,2.25,3.0,9.0
1,1,2.0,29.0,2.0,1.0,4.0,3.0,2.0,30.0,35.0,3.0,116.66666666666667,1700.0,1502.8,13.076923076923077,11.20879120879121,1.0,2.0,1.0,0.0,2,,,,0.0,20.0,10.0,5.0,0.0,57.14285714285714,28.57142857142857,14.285714285714285,3.5,3.0,2.5,4.25,3.0,3.0,2.75,5.0,4.666666666666667,6.0,5.25,5.666666666666667,3.3333333333333335,3.5,3.25,4.75,3.75,2.75,3.25,3.25,3.5,3.25,3.0,3.0,3.0,9.0
1,1,2.0,31.0,2.0,1.0,4.0,5.0,3.0,30.0,40.0,3.0,133.33333333333331,3000.0,2652.0,23.076923076923077,17.307692307692307,1.0,2.0,1.0,0.0,2,,,,1.0,35.0,0.0,4.0,2.5000000000000036,87.5,0.0,10.0,3.1666666666666665,4.0,2.8333333333333335,4.0,4.0,3.4,2.25,3.3333333333333335,2.3333333333333335,4.333333333333333,5.75,6.333333333333333,2.0,3.25,2.25,2.5,1.75,3.5,2.5,2.25,3.0,4.25,3.25,3.0,2.0,9.0
1,1,2.0,29.0,1.0,1.0,4.0,5.0,3.0,30.0,45.0,3.0,150.0,2200.0,1944.8000000000002,16.923076923076923,11.282051282051281,1.0,1.0,1.0,0.0,2,,,,12.0,23.0,0.0,5.0,26.666666666666668,51.11111111111111,0.0,11.11111111111111,3.0,2.0,2.8333333333333335,2.25,3.6666666666666665,1.8,4.75,6.333333333333333,3.0,3.6666666666666665,5.25,6.666666666666667,2.6666666666666665,3.25,4.75,2.75,3.5,3.0,2.25,1.75,3.25,2.75,3.5,3.25,3.0,9.0
1,1,3.0,38.0,1.0,2.0,4.0,5.0,3.0,30.0,50.0,3.0,166.66666666666669,2913.9,2575.8876000000005,22.414615384615388,13.448769230769233,1.0,1.0,4.0,5.0,2,,,,15.0,10.0,10.0,15.0,30.0,20.0,20.0,30.0,3.3333333333333335,2.0,2.8333333333333335,3.5,3.6666666666666665,2.8,3.5,2.6666666666666665,1.0,3.6666666666666665,5.5,6.333333333333333,2.3333333333333335,2.75,4.5,4.0,3.25,4.0,4.0,4.0,2.75,3.5,3.25,3.0,1.0,9.0
1,1,2.0,27.0,2.0,1.0,4.0,1.0,3.0,30.0,45.0,3.0,150.0,2900.0,2563.6,22.30769230769231,14.871794871794872,1.0,1.0,1.0,0.0,2,,,,5.0,37.0,0.0,3.0,11.11111111111111,82.22222222222221,0.0,6.666666666666668,2.8333333333333335,2.0,3.3333333333333335,1.5,2.6666666666666665,2.2,3.5,5.0,4.333333333333333,4.0,4.75,5.666666666666667,3.3333333333333335,3.25,3.75,4.0,2.5,2.75,2.0,1.5,3.25,3.75,3.5,3.5,4.0,9.0
1,1,2.0,25.0,2.0,1.0,4.0,6.0,3.0,35.0,40.0,3.0,114.28571428571428,1800.0,1591.2,11.868131868131867,10.384615384615383,1.0,2.0,1.0,0.0,2,,,,15.0,15.0,0.0,5.0,37.5,37.5,0.0,12.5,4.333333333333333,2.0,3.1666666666666665,4.5,4.0,2.8,3.0,1.3333333333333335,1.0,1.0,5.5,3.6666666666666665,3.3333333333333335,4.25,4.75,5.0,3.0,3.75,3.0,2.5,2.5,4.25,3.25,3.5,3.0,9.0
1,1,2.0,33.0,3.0,1.0,4.0,6.0,3.0,30.0,33.0,3.0,110.00000000000001,2867.0,2534.428,22.053846153846155,20.04895104895105,1.0,2.0,5.0,6.0,2,,,,8.0,10.0,10.0,5.0,24.242424242424242,30.303030303030305,30.303030303030305,15.151515151515152,3.1666666666666665,2.0,3.5,4.25,2.3333333333333335,3.4,4.0,5.333333333333333,5.333333333333333,5.333333333333333,3.5,4.0,3.6666666666666665,4.0,2.0,2.5,2.0,2.5,1.75,2.5,3.0,3.5,3.25,3.25,2.0,9.0
1,1,2.0,31.0,2.0,1.0,4.0,3.0,2.0,30.0,30.0,1.0,100.0,2450.0,2165.8,18.846153846153847,18.846153846153847,1.0,1.0,1.0,0.0,2,,,,5.0,15.0,2.0,8.0,16.666666666666664,50.0,6.666666666666667,26.666666666666668,3.8333333333333335,2.0,3.1666666666666665,1.5,3.3333333333333335,2.4,2.75,3.0,4.0,4.666666666666667,6.0,7.0,2.0,4.0,2.25,4.25,2.25,3.25,4.25,3.25,3.75,5.0,3.5,2.75,1.0,9.0
1,1,2.0,30.0,2.0,1.0,4.0,5.0,3.0,30.0,40.0,3.0,133.33333333333331,3000.0,2652.0,23.076923076923077,17.307692307692307,1.0,2.0,1.0,0.0,2,,,,12.0,10.0,1.0,3.0,30.0,25.0,2.5,7.5,3.5,3.0,2.6666666666666665,4.25,3.3333333333333335,3.2,3.0,5.0,3.3333333333333335,5.666666666666667,5.0,6.0,2.6666666666666665,4.0,3.5,4.25,3.75,3.25,3.0,3.0,2.5,3.0,3.0,3.0,3.0,9.0
1,1,2.0,36.0,2.0,1.0,4.0,5.0,3.0,30.0,50.0,3.0,166.66666666666669,4500.0,3978.0,34.61538461538462,20.76923076923077,1.0,2.0,1.0,0.0,2,,,,10.0,30.0,5.0,5.0,20.0,60.0,10.0,10.0,4.333333333333333,5.0,3.0,5.0,4.0,4.2,3.5,5.333333333333333,3.0,6.0,5.0,5.666666666666667,2.3333333333333335,4.25,3.5,3.5,2.5,3.75,3.75,3.75,3.0,3.25,3.25,2.5,1.0,9.0
1,1,2.0,30.0,2.0,1.0,4.0,1.0,3.0,30.0,40.0,3.0,133.33333333333331,2500.0,2210.0,19.23076923076923,14.423076923076923,1.0,2.0,1.0,0.0,2,,,,8.0,20.0,4.0,8.0,20.0,50.0,10.0,20.0,3.1666666666666665,2.0,3.3333333333333335,2.75,4.333333333333333,3.2,3.5,1.9999999999999998,2.3333333333333335,2.0,2.0,2.0,2.3333333333333335,3.25,2.75,4.5,3.0,2.75,3.5,3.25,4.5,4.25,3.75,3.5,4.0,9.0
1,1,1.0,48.0,1.0,2.0,4.0,5.0,3.0,30.0,30.0,1.0,100.0,2478.0,2190.552,19.06153846153846,19.06153846153846,1.0,1.0,1.0,0.0,2,,,,1.5,20.0,0.0,8.5,5.0,66.66666666666666,0.0,28.333333333333332,3.6666666666666665,4.0,3.0,3.0,2.6666666666666665,3.6,3.75,4.0,1.0,5.333333333333333,5.5,6.0,2.0,1.25,1.0,3.0,2.25,3.5,2.5,2.75,2.25,1.0,2.75,3.0,4.0,9.0
1,1,1.0,30.0,2.0,1.0,4.0,3.0,2.0,20.0,30.0,3.0,150.0,1942.6,1717.2584000000002,22.41461538461538,14.943076923076921,1.0,1.0,1.0,0.0,2,,,,2.0,25.0,3.0,5.0,35.666666666666664,34.42857142857143,10.047619047619047,14.857142857142856,3.6666666666666665,3.0,3.1666666666666665,3.5,4.666666666666667,2.75,4.0,5.666666666666667,5.666666666666667,6.0,6.5,5.666666666666667,2.6666666666666665,4.0,4.5,5.0,4.0,2.5,3.5,2.75,3.25,3.25,3.25,3.0,3.0,9.0
1,1,2.0,35.0,3.0,3.0,4.0,9.0,3.0,20.0,40.0,3.0,200.0,1800.0,1591.2,20.769230769230766,10.384615384615383,1.0,2.0,1.0,0.0,2,,,,30.0,0.0,0.0,10.0,75.0,0.0,0.0,25.0,1.3333333333333333,1.0,3.5,1.25,1.3333333333333333,2.2,3.25,1.9999999999999998,1.0,2.0,4.5,2.6666666666666665,4.666666666666667,4.25,4.25,5.0,3.25,3.25,3.25,3.0,3.25,1.5,3.0,3.0,3.0,13.0
1,1,2.0,49.0,2.0,1.0,5.0,9.0,6.0,18.5,30.0,3.0,162.16216216216216,5000.0,4420.0,62.37006237006237,38.46153846153846,2.0,4.0,6.0,30.0,2,,,,6.0,3.0,0.0,21.0,20.0,10.0,0.0,70.0,3.3333333333333335,3.0,2.5,4.25,4.333333333333333,3.4,2.5,5.0,1.0,5.0,5.5,5.333333333333333,2.3333333333333335,2.75,4.5,3.5,4.0,4.0,3.75,2.75,3.5,5.0,3.25,3.0,3.0,2.0
1,1,1.0,52.0,2.0,2.0,4.0,5.0,3.0,40.0,60.0,3.0,150.0,6000.0,5304.0,34.61538461538461,23.076923076923077,2.0,3.0,1.0,0.0,2,,,,20.0,15.0,15.0,10.0,33.33333333333333,25.0,25.0,16.666666666666664,3.3333333333333335,3.0,2.8333333333333335,3.5,3.6666666666666665,4.0,3.25,6.0,2.0,6.333333333333333,6.25,7.0,3.0,3.75,3.75,3.25,3.0,3.75,4.25,2.5,3.5,4.0,3.0,3.5,3.0,2.0
1,1,2.0,50.0,2.0,3.0,5.0,6.0,1.0,35.0,50.0,3.0,142.85714285714286,4500.0,3978.0,29.670329670329675,20.76923076923077,3.0,3.0,1.0,0.0,2,,,,15.0,10.0,10.0,10.0,30.0,20.0,20.0,20.0,2.5,2.0,3.6666666666666665,2.25,2.6666666666666665,2.6,3.75,1.666666666666667,1.0,4.0,6.25,7.0,1.0,2.75,4.5,3.75,2.0,3.75,4.0,1.75,3.75,4.75,2.5,2.0,2.4,2.0
1,1,1.0,46.0,1.0,1.0,4.0,1.0,1.0,40.0,48.0,3.0,120.0,7000.0,6188.0,40.38461538461539,33.65384615384615,2.0,5.0,1.0,0.0,2,,,,15.0,28.0,10.0,5.0,23.98989898989899,34.217171717171716,11.554545454545455,26.874747474747473,3.6,4.0,3.1666666666666665,3.5,4.333333333333333,3.4,2.75,1.9999999999999998,1.6666666666666667,5.0,5.5,6.666666666666667,2.0,3.25,2.75,3.25,2.5,3.75,3.75,2.75,3.5,4.0,3.25,2.25,1.0,2.0
1,1,1.0,65.0,4.0,1.0,4.0,9.0,4.0,2.0,2.0,1.0,100.0,600.0000000000002,530.4000000000001,69.23076923076923,69.23076923076923,1.0,1.0,1.0,0.0,2,,,,2.0,0.0,0.0,2.0,44.0,22.5,4.0,21.0,3.6666666666666665,5.0,2.3333333333333335,4.75,5.0,4.2,2.0,1.0,1.0,4.0,6.0,7.0,3.0,2.75,1.0,3.25,3.25,3.5,3.75,3.0,4.0,5.0,3.5,3.25,2.0,2.0
1,1,1.0,46.0,1.0,2.0,5.0,9.0,1.0,35.0,50.0,3.0,142.85714285714286,4500.0,3978.0,29.670329670329675,20.76923076923077,2.0,4.0,1.0,0.0,2,,,,25.0,10.0,2.0,13.0,50.0,20.0,4.0,26.0,3.1666666666666665,4.0,2.3333333333333335,3.0,4.0,3.4,3.5,4.333333333333333,2.0,5.0,6.25,6.666666666666667,2.6666666666666665,4.0,4.5,3.0,3.25,3.25,3.5,3.25,3.75,4.0,3.5,3.25,3.0,2.0
1,1,1.0,59.0,1.0,1.0,4.0,9.0,6.0,40.0,60.0,3.0,150.0,7000.0,6188.0,40.38461538461539,26.923076923076923,2.0,2.0,1.0,0.0,2,,,,30.0,5.0,0.0,20.0,50.0,8.333333333333336,0.0,33.33333333333333,4.0,5.0,2.3333333333333335,4.5,4.666666666666667,3.6,2.25,1.0,1.0,2.3333333333333335,5.25,6.333333333333333,1.3333333333333333,2.5,3.5,2.25,2.0,4.25,3.6666666666666665,3.5,3.25,5.0,3.0,3.0,1.6,2.0
1,1,2.0,40.0,2.0,1.0,5.0,9.0,2.0,22.0,22.0,1.0,100.0,6600.0,5834.4,69.23076923076923,69.23076923076923,1.0,2.0,5.0,5.0,2,,,,24.0,0.0,0.0,2.0,24.5,40.41666666666667,4.75,29.583333333333336,3.6666666666666665,5.0,2.5,5.0,5.0,3.8,3.25,3.3333333333333335,1.6666666666666667,2.3333333333333335,5.0,6.333333333333333,1.0,4.5,2.25,2.75,2.5,3.25,4.25,3.0,4.25,5.0,3.25,2.0,1.0,2.0
1,1,2.0,31.0,1.0,1.0,5.0,9.0,1.0,20.0,30.0,3.0,150.0,1473.2000000000003,1302.3088000000002,16.99846153846154,11.332307692307694,2.0,4.0,5.0,10.0,2,,,,20.0,0.0,2.0,0.0,66.66666666666666,0.0,6.666666666666667,0.0,3.0,5.0,2.5,2.75,3.3333333333333335,2.4,3.25,2.6666666666666665,1.6666666666666667,3.0,5.75,6.0,3.0,3.5,3.0,4.75,2.5,3.5,3.25,3.25,4.25,4.5,3.0,3.25,1.0,2.0
1,1,2.0,46.0,2.0,2.0,4.0,5.0,1.0,40.0,55.0,3.0,137.5,7000.0,6188.0,40.38461538461539,29.370629370629374,3.0,3.0,1.0,0.0,2,,,,20.0,10.0,10.0,15.0,36.36363636363637,18.181818181818183,18.181818181818183,27.27272727272727,2.3333333333333335,5.0,2.8333333333333335,2.5,4.333333333333333,2.6,4.0,4.0,1.0,2.6666666666666665,5.25,6.333333333333333,1.0,4.25,4.5,3.5,3.75,3.25,4.0,2.5,4.0,5.0,3.0,3.0,3.0,2.0
1,1,1.0,46.0,1.0,2.0,5.0,13.0,1.0,35.0,45.0,3.0,128.57142857142858,5400.0,4773.6,35.604395604395606,27.692307692307693,2.0,3.0,5.0,15.0,2,,,,25.0,2.5,2.5,20.0,31.3,19.511111111111113,10.8,36.16666666666667,3.1666666666666665,3.0,3.0,2.5,3.0,2.8,4.0,4.333333333333333,2.6666666666666665,2.6666666666666665,4.75,6.333333333333333,3.0,3.5,4.25,3.75,3.25,4.5,4.0,2.75,3.25,4.0,3.25,2.5,3.0,2.0
1,1,1.0,61.0,1.0,1.0,5.0,9.0,6.0,16.0,17.5,3.0,109.375,5000.0,4420.0,72.11538461538461,65.93406593406593,2.0,3.0,1.0,0.0,2,,,,20.0,2.0,0.0,1.0,46.33333333333333,14.777777777777779,8.916666666666668,27.75,3.0,4.0,2.6666666666666665,3.5,3.0,3.0,3.0,3.3333333333333335,2.6666666666666665,5.0,5.0,6.0,2.6666666666666665,4.0,3.75,4.0,3.25,3.25,3.25,3.25,3.3333333333333335,3.5,3.25,2.3333333333333335,2.4,2.0
1,1,1.0,54.0,1.0,2.0,5.0,9.0,2.0,20.0,20.0,1.0,100.0,3200.0,2828.8,36.92307692307692,36.92307692307692,1.0,4.0,5.0,5.0,2,,,,16.0,8.0,2.0,4.0,30.333333333333332,26.666666666666668,7.333333333333332,35.666666666666664,3.8333333333333335,4.0,2.6666666666666665,4.0,4.0,3.4,4.0,1.666666666666667,1.3333333333333333,4.333333333333333,6.0,7.0,2.6666666666666665,4.0,4.0,4.0,3.25,3.0,3.75,3.75,3.5,4.75,3.0,2.75,1.0,2.0
1,1,1.0,58.0,4.0,1.0,4.0,2.0,1.0,40.0,50.0,3.0,125.0,4000.0,3536.0,23.076923076923077,18.461538461538463,4.0,3.0,7.0,50.0,2,,,,15.0,3.0,2.0,30.0,30.0,6.0,4.0,60.0,2.0,4.0,2.6666666666666665,3.75,2.6666666666666665,3.0,3.5,1.9999999999999998,2.3333333333333335,2.0,2.25,6.0,2.0,2.5,2.5,3.25,2.75,3.5,2.5,2.25,2.75,3.25,3.0,3.0,4.0,2.0
1,1,1.0,52.0,2.0,1.0,4.0,9.0,1.0,40.0,60.0,3.0,150.0,4800.0,4243.2,27.69230769230769,18.46153846153846,2.0,5.0,5.0,1.0,2,,,,20.0,5.0,5.0,30.0,33.33333333333333,8.333333333333336,8.333333333333332,50.0,3.6666666666666665,4.0,3.3333333333333335,2.5,5.0,3.6,3.75,5.0,2.0,7.0,6.0,6.333333333333333,3.0,3.0,3.5,3.5,2.5,3.25,3.75,2.5,3.75,3.5,3.5,3.0,1.0,2.0
1,1,1.0,41.2,1.0,4.0,4.0,5.0,2.0,40.0,50.0,3.0,125.0,3500.0,3094.0,20.192307692307693,16.153846153846153,2.0,1.0,1.0,0.0,2,,,,20.0,10.0,5.0,15.0,40.0,20.0,10.0,30.0,2.5,3.0,2.8000000000000003,4.0,3.3333333333333335,2.0,3.0,2.6666666666666665,3.3333333333333335,5.333333333333333,5.25,6.666666666666667,2.0,4.25,2.75,3.25,4.0,2.75,2.0,4.0,3.75,3.5,3.25,3.0,1.0,2.0
1,1,1.0,42.0,2.0,2.0,4.0,5.0,2.0,40.0,40.0,1.0,100.0,3800.0,3359.2,21.923076923076923,21.923076923076923,3.0,2.0,1.0,0.0,2,,,,4.0,20.0,20.0,1.0,26.0,31.5,27.500000000000004,15.0,2.6666666666666665,3.0,2.6666666666666665,3.0,2.3333333333333335,3.0,3.75,4.333333333333333,6.333333333333332,3.3333333333333335,4.25,6.0,1.3333333333333333,4.75,3.5,3.5,3.75,4.5,3.0,2.75,2.5,3.5,3.0,2.75,3.0,2.0
1,1,2.0,50.0,2.0,1.0,4.0,5.0,1.0,40.0,60.0,3.0,150.0,5200.0,4596.8,30,20.0,2.0,4.0,1.0,0.0,2,,,,20.0,10.0,15.0,15.0,33.33333333333333,16.666666666666664,25.0,25.0,3.8333333333333335,5.0,2.5,2.5,3.6666666666666665,4.0,2.5,2.3333333333333335,1.3333333333333333,2.3333333333333335,4.5,6.666666666666667,1.0,4.0,3.5,3.25,2.0,4.5,3.25,3.75,3.75,5.0,3.0,2.5,1.0,2.0
1,1,2.0,48.0,1.0,2.0,5.0,8.0,2.0,5.0,5.0,1.0,100.0,300.0,265.1999999999998,13.846153846153845,13.846153846153845,1.0,1.0,2.0,22.0,2,,,,5.0,5.0,0.0,1.0,48.63636363636363,14.575757575757574,8.666666666666664,7.393939393939393,4.333333333333333,5.0,2.3333333333333335,5.0,5.0,4.2,1.75,1.0,1.0,7.0,5.5,7.0,3.0,1.25,4.0,4.75,2.0,3.5,3.0,3.0,3.5,4.5,3.5,3.25,2.0,2.0
1,1,1.0,62.0,1.0,1.0,4.0,5.0,1.0,40.0,40.0,1.0,100.0,6000.0,5304.0,34.61538461538461,34.61538461538461,4.0,5.0,1.0,0.0,2,,,,4.0,10.0,10.0,16.0,10.0,25.0,25.0,40.0,4.833333333333333,3.0,2.8333333333333335,3.5,4.333333333333333,4.2,3.5,1.9999999999999998,1.3333333333333333,3.6666666666666665,6.0,7.0,3.0,2.25,2.25,3.25,2.0,4.0,3.0,3.75,3.75,5.0,3.0,3.5,2.0,2.0
1,1,1.0,64.0,1.0,1.0,4.0,2.0,6.0,40.0,50.0,3.0,125.0,6900.0,6099.6,39.80769230769231,31.846153846153847,2.0,4.0,1.0,0.0,2,,,,12.0,15.0,2.0,21.0,24.0,30.0,4.0,42.0,3.8333333333333335,4.0,3.1666666666666665,4.25,4.333333333333333,3.8,2.0,5.666666666666667,1.0,6.0,5.75,5.666666666666667,2.6666666666666665,3.25,3.75,4.75,2.0,2.75,2.5,2.0,4.0,4.5,2.75,3.0,1.0,2.0
1,1,2.0,45.0,1.0,2.0,4.0,5.0,1.0,40.0,60.0,3.0,150.0,7000.0,6188.0,40.38461538461539,26.923076923076923,2.0,3.0,2.0,6.0,2,,,,20.0,10.0,20.0,10.0,33.33333333333333,16.666666666666664,33.33333333333333,16.666666666666664,3.5,5.0,2.5,3.75,5.0,3.8,3.25,4.0,1.0,5.666666666666667,5.75,7.0,2.0,5.0,4.25,3.5,3.5,3.5,4.25,3.5,4.0,4.5,3.25,2.25,3.0,2.0
1,1,1.0,64.0,1.0,1.0,4.0,4.0,6.0,40.0,40.0,1.0,100.0,5000.0,4420.0,28.846153846153847,28.846153846153847,4.0,3.0,5.0,10.0,2,,,,8.0,8.0,1.0,10.0,20.0,20.0,2.5,25.0,3.6666666666666665,3.0,3.3333333333333335,3.25,4.0,3.4,3.25,4.0,3.0,5.666666666666667,5.25,6.333333333333333,3.0,4.5,3.5,3.75,2.75,3.75,3.75,3.0,3.0,4.5,3.0,2.25,1.0,2.0
1,1,2.0,63.0,1.0,1.0,4.0,9.0,3.0,40.0,50.0,3.0,125.0,7000.0,6188.0,40.38461538461539,32.30769230769231,1.0,5.0,1.0,0.0,2,,,,25.0,10.0,2.0,13.0,50.0,20.0,4.0,26.0,4.333333333333333,4.0,2.6666666666666665,3.75,4.333333333333333,4.2,2.75,1.9999999999999998,1.0,4.0,6.0,5.666666666666667,1.0,2.5,3.5,2.0,3.0,3.5,2.75,3.0,4.0,4.25,3.0,3.0,2.0,2.0
1,1,1.0,51.0,1.0,2.0,4.0,5.0,1.0,40.0,80.0,3.0,200.0,7000.0,6188.0,40.38461538461539,20.192307692307693,4.0,3.0,1.0,0.0,2,,,,20.0,20.0,30.0,10.0,25.0,25.0,37.5,12.5,3.3333333333333335,3.0,3.1666666666666665,3.75,4.0,2.8,3.0,1.9999999999999998,2.6666666666666665,4.666666666666667,5.0,4.0,2.0,2.5,4.0,4.25,3.25,3.75,3.25,3.75,3.5,3.0,3.25,3.25,2.0,2.0
1,1,1.0,47.0,1.0,2.0,4.0,1.0,1.0,40.0,40.0,1.0,100.0,6000.0,5304.0,34.61538461538461,34.61538461538461,4.0,4.0,1.0,0.0,2,,,,16.0,5.0,5.0,14.0,40.0,12.5,12.5,35.0,3.6666666666666665,1.0,3.1666666666666665,2.0,3.3333333333333335,3.4,3.5,1.3333333333333335,1.6666666666666667,1.0,4.25,5.666666666666667,1.3333333333333333,3.0,2.0,1.25,2.25,4.0,3.0,3.75,3.0,3.75,3.0,3.25,2.0,2.0
1,1,2.0,59.0,1.0,1.0,4.0,5.0,1.0,40.0,50.0,3.0,125.0,6000.0,5304.0,34.61538461538461,27.69230769230769,2.0,4.0,1.0,0.0,2,,,,15.0,10.0,10.0,15.0,30.0,20.0,20.0,30.0,4.0,3.0,2.3333333333333335,3.5,4.333333333333333,3.6,3.0,2.6666666666666665,1.3333333333333333,3.3333333333333335,4.75,6.0,2.3333333333333335,3.0,2.5,1.75,1.75,3.5,2.25,3.5,4.25,4.75,3.25,2.75,2.0,2.0
1,1,1.0,55.0,2.0,1.0,4.0,5.0,1.0,40.0,70.0,3.0,175.0,7000.0,6188.0,40.38461538461539,23.076923076923077,2.0,2.0,1.0,0.0,2,,,,17.5,17.5,10.0,25.0,25.0,25.0,14.285714285714285,35.714285714285715,3.6666666666666665,3.0,3.0,2.5,3.3333333333333335,3.4,3.0,1.0,1.0,1.0,3.0,4.0,1.0,2.75,2.5,2.5,2.75,3.5,3.25,2.75,2.25,3.75,3.25,3.25,2.0,2.0
1,1,2.0,53.0,1.0,1.0,4.0,5.0,1.0,40.0,60.0,3.0,150.0,7000.0,6188.0,40.38461538461539,26.923076923076923,2.0,2.0,1.0,0.0,2,,,,30.0,10.0,5.0,20.0,30.838383838383837,31.06060606060606,21.93939393939394,15.434343434343432,3.6666666666666665,2.0,2.8333333333333335,3.0,4.0,3.0,4.25,6.0,1.0,6.333333333333333,6.5,7.0,3.0,2.75,4.5,3.5,3.75,3.25,2.0,1.75,4.0,3.5,2.75,3.75,4.0,2.0
1,1,2.0,54.0,3.0,1.0,4.0,7.0,1.0,40.0,55.0,3.0,137.5,6000.0,5304.0,34.61538461538461,25.174825174825173,2.0,4.0,6.0,10.0,2,,,,14.0,26.0,2.0,8.0,25.454545454545453,47.27272727272727,3.636363636363636,14.545454545454545,4.833333333333333,4.0,2.3333333333333335,2.25,4.333333333333333,3.6,3.75,4.666666666666667,1.6666666666666667,5.333333333333333,5.5,6.333333333333333,2.3333333333333335,4.25,4.25,4.5,3.5,3.5,2.5,3.25,3.25,3.75,3.0,2.75,3.0,2.0
1,1,2.0,46.0,5.0,2.0,4.0,5.0,1.0,40.0,40.0,1.0,100.0,7000.0,6188.0,40.38461538461539,40.38461538461539,3.0,2.0,1.0,0.0,2,,,,10.0,5.0,5.0,10.0,25.0,12.5,12.5,25.0,2.6666666666666665,4.0,3.6666666666666665,4.0,4.333333333333333,3.2,3.5,4.333333333333333,1.0,4.0,4.0,6.333333333333333,2.0,3.0,1.75,2.75,2.25,3.25,3.25,2.25,4.0,3.5,3.25,3.0,2.0,2.0
1,1,2.0,42.0,3.0,1.0,4.0,5.0,1.0,40.0,52.5,3.0,131.25,5000.0,4420.0,28.846153846153847,21.978021978021978,2.0,3.0,1.0,0.0,2,,,,20.0,20.0,10.0,8.0,24.5,39.15151515151515,14.227272727272728,22.121212121212118,4.333333333333333,5.0,2.5,4.0,5.0,4.0,3.5,2.3333333333333335,1.0,4.0,5.5,6.666666666666667,1.6666666666666667,3.75,3.25,3.0,2.25,3.5,4.0,3.75,4.0,4.75,2.75,3.0,1.0,2.0
1,1,1.0,30.0,3.0,1.0,4.0,1.0,2.0,30.0,50.0,3.0,166.66666666666669,3400.0,3005.6,26.153846153846153,15.692307692307693,1.0,3.0,1.0,0.0,2,,,,5.0,34.0,10.0,1.0,10.0,68.0,20.0,2.0,3.5,4.0,2.1666666666666665,4.25,3.6666666666666665,3.0,4.5,6.333333333333333,6.0,6.0,6.25,7.0,3.0,4.75,4.25,4.5,3.5,3.0,3.25,3.25,3.25,3.25,3.0,2.75,3.0,11.0
1,1,1.0,47.0,1.0,2.0,4.0,4.0,2.0,32.0,32.0,1.0,100.0,2700.0,2386.8,19.471153846153847,19.471153846153847,4.0,2.0,6.0,5.0,2,,,,5.0,10.0,15.0,7.0,28.27777777777778,42.301587301587304,12.912698412698411,16.507936507936506,4.333333333333333,3.0,3.0,3.75,4.0,2.8,4.0,3.3333333333333335,2.6666666666666665,4.0,5.25,6.0,2.6666666666666665,3.25,3.75,3.75,2.25,3.25,3.5,2.75,4.0,4.25,3.5,3.0,2.0,11.0
1,1,2.0,47.0,1.0,4.0,4.0,4.0,3.0,20.0,37.5,3.0,187.5,2200.0,1944.8000000000002,25.384615384615383,13.538461538461538,1.0,1.0,1.0,0.0,2,,,,0.0,25.0,5.0,5.0,0.0,66.66666666666666,13.333333333333334,13.333333333333334,2.6666666666666665,2.0,3.5,2.5,3.3333333333333335,1.4,4.5,6.0,6.0,6.0,5.75,4.0,3.3333333333333335,3.25,4.5,3.0,3.25,3.0,3.5,2.5,3.0,3.0,3.25,2.5,3.2,11.0
1,1,2.0,28.0,2.0,1.0,4.0,2.0,3.0,40.0,40.0,1.0,100.0,3750.0,3315.0,21.634615384615383,21.634615384615383,1.0,3.0,1.0,0.0,2,,,,3.0,34.0,0.0,1.0,7.4999999999999964,85.0,0.0,2.5,4.333333333333333,3.0,3.0,2.5,3.6666666666666665,3.2,2.0,3.0,3.3333333333333335,5.333333333333333,4.75,5.333333333333333,3.3333333333333335,3.0,1.75,3.25,2.75,3.0,3.25,2.75,2.5,3.75,3.25,2.75,2.0,11.0
1,1,2.0,39.0,2.0,2.0,4.0,5.0,1.0,30.0,30.0,1.0,100.0,4600.0,4066.3999999999996,35.38461538461538,35.38461538461538,4.0,2.0,1.0,0.0,2,,,,5.0,15.0,5.0,5.0,16.666666666666664,50.0,16.666666666666664,16.666666666666664,4.0,3.0,2.6666666666666665,3.25,3.3333333333333335,3.2,2.75,5.0,3.6666666666666665,5.333333333333333,5.0,5.666666666666667,3.3333333333333335,4.25,3.25,3.25,2.0,2.75,3.25,2.75,2.75,4.5,2.75,2.5,1.0,11.0
1,1,2.0,44.0,3.0,1.0,4.0,3.0,1.0,40.0,70.0,3.0,175.0,4800.0,4243.2,27.69230769230769,15.824175824175823,4.0,1.0,1.0,0.0,2,,,,10.0,20.0,10.0,30.0,14.285714285714285,28.57142857142857,14.285714285714285,42.857142857142854,4.0,4.0,2.5,1.75,3.6666666666666665,2.6,4.0,4.0,2.3333333333333335,6.333333333333333,6.25,6.666666666666667,3.0,4.0,5.0,2.75,3.5,3.25,4.25,3.0,3.0,2.25,3.25,2.75,3.0,11.0
1,1,2.0,43.0,2.0,1.0,4.0,2.0,1.0,38.5,44.0,3.0,114.28571428571428,4500.0,3978.0,26.973026973026975,23.601398601398603,3.0,2.0,1.0,0.0,2,,,,8.0,20.0,8.0,8.0,18.181818181818183,45.45454545454545,18.181818181818183,18.181818181818183,2.6666666666666665,4.0,3.0,4.0,3.6666666666666665,3.4,3.0,5.666666666666667,5.333333333333333,4.666666666666667,5.75,6.666666666666667,2.0,2.75,4.5,3.75,3.5,3.25,2.5,2.75,2.75,3.5,3.0,3.5,4.0,11.0
1,1,2.0,44.0,1.0,2.0,4.0,9.0,3.0,40.0,60.0,3.0,150.0,3200.0,2828.8,18.46153846153846,12.307692307692308,3.0,2.0,5.0,5.0,2,,,,15.0,25.0,10.0,10.0,25.0,41.66666666666667,16.666666666666664,16.666666666666664,3.0,4.0,2.8333333333333335,1.75,3.0,2.4,4.0,1.0,2.0,1.0,2.75,7.0,1.0,3.5,3.5,3.5,3.5,3.25,2.75,2.5,3.5,3.0,3.0,3.25,3.0,11.0
1,1,2.0,38.0,2.0,1.0,4.0,8.0,3.0,30.0,30.0,1.0,100.0,2400.0,2121.6,18.46153846153846,18.46153846153846,1.0,1.0,3.0,10.0,2,,,,0.0,10.0,0.0,20.0,0.0,33.33333333333333,0.0,66.66666666666666,3.5,2.0,2.6666666666666665,4.75,3.0,2.6,3.25,6.333333333333333,4.333333333333333,5.666666666666667,5.75,6.0,2.6666666666666665,3.0,2.5,4.0,3.5,2.75,2.5,2.75,2.75,3.5,3.25,3.25,4.0,11.0
1,1,2.0,35.0,2.0,1.0,4.0,4.0,2.0,40.0,100.0,3.0,250.0,4000.0,3536.0,23.076923076923077,9.230769230769234,1.0,2.0,1.0,0.0,2,,,,2.0,4.0,2.0,1.0,2.0,4.0,2.0,1.0000000000000018,4.0,3.0,3.3333333333333335,2.5,4.333333333333333,3.0,3.75,2.6666666666666665,1.6666666666666667,2.6666666666666665,5.5,6.0,1.6666666666666667,3.25,3.75,3.25,3.75,3.5,2.75,3.25,3.5,3.75,3.0,2.5,1.0,11.0
1,1,2.0,40.0,1.0,2.0,4.0,1.0,2.0,20.0,20.0,1.0,100.0,1940.0,1714.96,22.384615384615383,22.384615384615383,1.0,1.0,1.0,0.0,2,,,,0.0,17.0,1.0,2.0,0.0,85.0,5.0,10.0,3.6666666666666665,4.0,2.6666666666666665,4.25,4.0,3.6,2.5,7.0,4.5,5.333333333333333,5.25,5.666666666666667,3.0,1.25,1.0,3.5,1.75,1.75,2.25,3.0,3.0,3.75,3.0,3.25,2.0,11.0
1,1,2.0,25.0,3.0,1.0,4.0,9.0,2.0,10.0,10.0,1.0,100.0,580.0,512.72,13.384615384615383,13.384615384615383,1.0,1.0,2.0,6.0,2,,,,0.0,10.0,0.0,0.0,0.0,100.0,0.0,0.0,3.1666666666666665,5.0,2.8333333333333335,3.75,3.6666666666666665,3.6,4.5,5.666666666666667,3.0,5.666666666666667,4.5,5.333333333333333,2.3333333333333335,4.5,4.0,3.75,3.0,2.0,3.75,3.25,3.0,2.5,3.25,2.75,3.0,11.0
1,1,1.0,29.0,3.0,1.0,4.0,1.0,2.0,40.0,50.0,3.0,125.0,3824.0,3380.416,22.06153846153846,17.64923076923077,1.0,1.0,5.0,4.0,2,,,,3.0,46.0,0.0,1.0,6.0,92.0,0.0,2.0,4.333333333333333,4.0,2.3333333333333335,5.0,5.0,3.8,1.75,1.666666666666667,1.3333333333333333,4.0,5.5,7.0,1.3333333333333333,4.75,3.0,3.5,3.25,3.5,4.0,3.0,2.75,4.25,3.75,3.25,1.0,11.0
1,1,1.0,28.0,3.0,1.0,4.0,2.0,2.0,40.0,45.0,3.0,112.5,3800.0,3359.2,21.923076923076923,19.487179487179485,1.0,1.0,1.0,0.0,2,,,,4.0,35.0,2.0,4.0,8.888888888888893,77.77777777777779,4.4444444444444455,8.88888888888889,3.5,5.0,3.1666666666666665,4.5,4.0,3.2,3.0,4.666666666666667,1.6666666666666667,5.666666666666667,5.0,5.666666666666667,2.3333333333333335,3.25,3.5,4.75,3.0,3.0,2.75,3.0,3.5,3.25,3.0,3.3333333333333335,3.0,11.0
1,1,1.0,29.0,1.0,1.0,4.0,1.0,3.0,40.0,40.0,1.0,100.0,5000.0,4420.0,28.846153846153847,28.846153846153847,1.0,2.0,1.0,0.0,2,,,,5.0,25.0,0.0,10.0,12.5,62.5,0.0,25.0,3.6666666666666665,3.0,2.3333333333333335,4.0,3.6666666666666665,3.8,3.0,4.333333333333333,2.0,5.333333333333333,4.75,5.0,4.0,2.25,3.25,4.0,3.5,3.25,2.5,3.25,2.5,4.0,3.25,3.5,3.0,11.0
1,1,2.0,33.0,3.0,1.0,4.0,4.0,2.0,30.0,30.0,1.0,100.0,3200.0,2828.8,24.615384615384617,24.615384615384617,1.0,1.0,5.0,1.0,2,,,,7.0,16.0,3.0,4.0,23.333333333333332,53.333333333333336,10.0,13.333333333333334,3.6666666666666665,4.0,3.0,3.5,4.0,2.8,3.0,5.666666666666667,3.3333333333333335,6.0,4.5,3.3333333333333335,4.333333333333333,2.75,2.0,4.0,2.0,2.5,1.75,2.25,4.0,4.75,3.5,3.25,2.0,11.0
1,1,2.0,29.0,3.0,1.0,4.0,2.0,2.0,40.0,40.0,1.0,100.0,4940.13,4367.07492,28.50075,28.50075,1.0,2.0,3.0,8.0,2,,,,0.0,39.0,1.0,0.0,0.0,97.5,2.5,0.0,4.0,4.0,2.1666666666666665,4.75,4.0,3.4,2.25,7.0,2.3333333333333335,7.0,5.75,6.0,3.3333333333333335,3.0,2.0,3.75,2.0,2.75,2.75,2.25,3.75,4.0,4.5,2.5,2.0,11.0
1,1,1.0,28.0,2.0,1.0,4.0,2.0,2.0,40.0,40.0,1.0,100.0,3800.0,3359.2,21.923076923076923,21.923076923076923,1.0,2.0,1.0,0.0,2,,,,2.0,20.0,8.0,10.0,5.0,50.0,20.0,25.0,4.333333333333333,5.0,2.5,5.0,4.0,3.6,2.75,4.666666666666667,1.6666666666666667,6.0,5.25,6.0,2.0,3.25,2.75,3.0,2.25,2.25,2.25,4.0,3.0,4.75,3.75,3.25,2.0,11.0
1,1,1.0,41.0,2.0,1.0,4.0,5.0,2.0,30.0,30.0,1.0,100.0,2300.0,2033.1999999999998,17.69230769230769,17.69230769230769,1.0,1.0,1.0,0.0,2,,,,0.0,20.0,10.0,0.0,0.0,66.66666666666666,33.33333333333333,0.0,3.6666666666666665,5.0,2.5,3.5,4.0,3.4,1.5,1.9999999999999998,2.6666666666666665,5.0,3.5,5.666666666666667,1.6666666666666667,1.0,2.0,4.75,2.75,4.0,5.0,4.0,2.0,5.0,3.0,3.25,2.0,11.0
1,1,2.0,26.0,2.0,1.0,4.0,3.0,3.0,30.0,55.0,3.0,183.33333333333331,2867.66,2535.01144,22.058923076923076,12.03213986013986,1.0,1.0,1.0,0.0,2,,,,0.0,50.0,3.0,2.0,0.0,90.9090909090909,5.454545454545454,3.6363636363636367,3.1666666666666665,2.0,3.3333333333333335,2.0,3.3333333333333335,2.2,3.25,5.333333333333333,1.3333333333333333,5.333333333333333,6.0,4.333333333333333,3.3333333333333335,4.25,4.25,3.5,4.0,3.5,2.75,2.5,2.5,2.25,3.25,3.0,3.0,11.0
1,1,2.0,34.0,3.0,2.0,4.0,5.0,2.0,25.0,25.0,1.0,100.0,2500.0,2210.0,23.076923076923077,23.076923076923077,1.0,1.0,2.0,15.0,2,,,,0.0,10.0,25.0,5.0,58.8,20.166666666666664,6.833333333333333,16.7,1.8333333333333333,2.0,3.1666666666666665,1.0,1.0,3.4,3.5,3.6666666666666665,1.3333333333333333,2.3333333333333335,4.25,1.6666666666666667,3.6666666666666665,1.5,2.0,1.75,2.25,3.25,3.5,3.25,3.0,3.0,3.5,3.25,2.0,11.0
1,1,2.0,58.0,1.0,3.0,4.0,1.0,1.0,40.0,40.0,1.0,100.0,3500.0,3094.0,20.192307692307693,20.192307692307693,1.0,2.0,1.0,0.0,2,,,,5.0,30.0,0.0,5.0,12.5,75.0,0.0,12.5,3.6666666666666665,5.0,2.5,4.25,5.0,3.8,3.25,3.0,2.3333333333333335,5.0,4.5,7.0,2.0,2.5,4.5,4.0,2.5,4.0,4.0,3.5,3.5,5.0,2.5,2.25,1.0,11.0
1,1,1.0,25.0,3.0,1.0,4.0,2.0,3.0,30.0,40.0,3.0,133.33333333333331,2400.0,2121.6,18.46153846153846,13.846153846153845,1.0,1.0,1.0,0.0,2,,,,0.0,36.0,0.0,2.0,0.0,90.0,0.0,5.0,4.333333333333333,5.0,2.5,5.0,5.0,3.8,3.25,2.6666666666666665,1.3333333333333333,3.6666666666666665,6.0,7.0,1.0,5.0,3.5,4.5,3.25,3.25,4.5,3.5,4.0,5.0,2.5,2.5,1.0,11.0
1,1,2.0,28.0,2.0,1.0,4.0,2.0,2.0,40.0,47.5,3.0,118.75,3800.0,3359.2,21.923076923076923,18.46153846153846,1.0,3.0,1.0,0.0,2,,,,4.0,28.0,3.0,10.0,8.421052631578945,58.94736842105262,6.315789473684211,21.052631578947366,4.333333333333333,5.0,2.6666666666666665,4.0,5.0,3.2,3.0,4.333333333333333,1.6666666666666667,6.0,6.0,6.0,2.3333333333333335,3.5,4.75,4.0,2.5,4.0,4.25,2.25,3.75,5.0,3.25,2.75,1.0,11.0
1,1,2.0,26.0,2.0,1.0,4.0,1.0,3.0,30.0,35.0,3.0,116.66666666666667,2913.9,2575.8876000000005,22.414615384615388,19.212527472527476,1.0,2.0,1.0,0.0,2,,,,0.5,26.0,0.0,4.0,1.4285714285714306,74.28571428571429,0.0,11.428571428571429,3.6666666666666665,4.0,2.6666666666666665,3.25,4.333333333333333,3.2,3.0,4.333333333333333,4.0,4.666666666666667,5.5,5.666666666666667,2.6666666666666665,2.75,2.75,2.75,2.5,3.5,3.0,3.25,4.0,3.75,3.25,3.0,2.0,11.0
1,1,1.0,40.0,1.0,1.0,4.0,1.0,3.0,40.0,40.0,1.0,100.0,3600.0,3182.4,20.769230769230766,20.769230769230766,1.0,1.0,1.0,0.0,2,,,,0.0,35.0,0.0,5.0,0.0,87.5,0.0,12.5,4.666666666666667,4.0,2.3333333333333335,4.5,4.0,3.8,3.0,5.333333333333333,5.666666666666667,6.333333333333333,5.25,7.0,2.3333333333333335,4.5,4.0,2.25,3.25,3.0,3.5,3.5,3.75,4.25,2.75,3.5,1.0,11.0
1,1,1.0,27.0,3.0,1.0,4.0,2.0,3.0,40.0,45.0,3.0,112.5,3964.535833,3504.6496763719997,22.87232211346154,20.33095298974359,1.0,2.0,1.0,0.0,2,,,,12.5,15.0,5.0,12.5,27.77777777777778,33.33333333333333,11.11111111111111,27.77777777777778,4.0,2.0,2.8333333333333335,3.75,3.6666666666666665,3.0,3.5,5.333333333333333,4.666666666666667,6.666666666666667,5.75,3.3333333333333335,2.6666666666666665,4.25,4.25,4.25,3.5,3.25,3.25,3.0,4.25,1.5,3.0,3.0,3.0,11.0
1,1,2.0,35.0,2.0,1.0,4.0,1.0,1.0,40.0,40.0,1.0,100.0,4900.0,4331.6,28.269230769230766,28.269230769230766,1.0,1.0,1.0,0.0,2,,,,0.0,5.0,30.0,5.0,0.0,12.5,75.0,12.5,4.5,5.0,2.3333333333333335,4.0,4.0,3.4,3.0,1.9999999999999998,1.0,3.0,5.75,7.0,1.0,3.75,3.75,4.5,2.25,3.75,4.25,2.75,3.5,5.0,3.0,2.5,0.9999999999999998,11.0
1,1,1.0,28.0,3.0,1.0,5.0,2.0,1.0,40.0,45.0,3.0,112.5,4083.0,3609.3720000000003,23.555769230769233,20.93846153846154,1.0,1.0,1.0,0.0,2,,,,20.0,10.0,5.0,10.0,44.44444444444444,22.22222222222222,11.11111111111111,22.22222222222222,3.8333333333333335,5.0,3.0,3.5,2.3333333333333335,3.6,3.5,5.0,1.3333333333333333,4.666666666666667,4.0,4.333333333333333,4.333333333333333,3.0,4.0,2.75,3.0,2.5,3.25,3.5,3.5,3.75,3.5,3.75,4.0,11.0
1,1,1.0,29.0,3.0,1.0,5.0,5.0,1.0,32.0,32.0,1.0,100.0,2900.0,2563.6,20.91346153846154,20.91346153846154,1.0,5.0,1.0,0.0,2,,,,6.0,2.0,0.0,24.0,18.75,6.25,0.0,75.0,3.1666666666666665,5.0,2.3333333333333335,3.25,4.666666666666667,3.4,2.0,4.333333333333333,4.0,4.333333333333333,4.75,5.666666666666667,2.3333333333333335,4.0,2.5,3.25,2.75,3.25,3.0,4.0,3.25,4.25,3.25,2.25,1.0,11.0
1,1,2.0,29.0,3.0,1.0,6.0,4.0,2.0,40.0,40.0,1.0,100.0,3850.0,3403.3999999999996,22.21153846153846,22.21153846153846,1.0,2.0,4.0,2.0,2,,,,1.0,30.0,1.0,1.0,2.5000000000000036,75.0,2.5,2.5,3.5,2.0,2.8333333333333335,3.25,3.6666666666666665,3.6,3.75,3.3333333333333335,1.6666666666666667,5.0,3.75,4.666666666666667,4.333333333333333,1.75,2.5,1.75,2.25,2.5,2.25,2.75,2.5,3.0,2.5,2.75,4.0,11.0
1,1,2.0,32.0,2.0,1.0,6.0,1.0,2.0,40.0,40.0,1.0,100.0,2800.0,2475.2,16.153846153846153,16.153846153846153,1.0,2.0,1.0,0.0,2,,,,5.0,6.0,0.0,15.0,12.5,15.0,0.0,37.5,3.6666666666666665,5.0,2.6666666666666665,4.0,4.666666666666667,3.0,1.75,3.6666666666666665,2.0,6.0,5.5,6.333333333333333,2.6666666666666665,3.25,2.0,4.5,2.25,3.5,3.75,4.0,3.0,4.5,3.0,2.5,1.0,11.0
1,1,2.0,46.0,2.0,1.0,4.0,5.0,1.0,30.0,30.0,1.0,100.0,3000.0,2652.0,23.076923076923077,23.076923076923077,3.0,2.0,1.0,0.0,2,,,,0.0,26.0,2.0,2.0,0.0,86.66666666666669,6.666666666666667,6.666666666666668,3.8333333333333335,3.0,2.0,4.0,3.6666666666666665,3.4,2.5,4.0,3.3333333333333335,6.0,5.5,6.0,2.6666666666666665,4.0,2.75,3.25,2.75,2.5,3.0,3.25,3.25,4.0,4.0,2.75,3.0,11.0
1,1,2.0,35.0,2.0,1.0,4.0,9.0,1.0,40.0,40.0,1.0,100.0,4450.0,3933.8,25.673076923076923,25.673076923076923,1.0,1.0,1.0,0.0,2,,,,15.0,10.0,1.0,15.0,37.5,22.0,19.5,19.0,2.6666666666666665,2.0,3.1666666666666665,1.5,2.3333333333333335,3.2,3.0,4.0,1.0,3.6666666666666665,5.0,5.0,2.3333333333333335,3.25,2.5,3.75,3.0,3.25,1.5,2.75,3.0,3.75,2.75,3.25,2.0,11.0
1,1,2.0,58.0,1.0,1.0,6.0,1.0,1.0,30.0,31.5,3.0,105.0,2200.0,1944.8000000000002,16.923076923076923,16.117216117216117,1.0,3.0,1.0,0.0,2,,,,2.0,2.0,0.0,26.0,6.349206349206344,6.349206349206348,0.0,82.53968253968253,4.0,5.0,2.5,3.75,5.0,3.2,2.75,1.0,4.333333333333333,7.0,6.0,6.666666666666667,3.0,2.0,4.25,4.25,2.75,3.0,4.25,3.0,3.0,3.75,3.25,3.5,4.0,11.0
1,1,1.0,31.0,3.0,1.0,4.0,9.0,3.0,30.0,45.0,3.0,150.0,2400.0,2121.6,18.46153846153846,12.307692307692307,1.0,3.0,5.0,1.0,2,,,,4.0,25.0,2.0,2.0,8.888888888888893,55.55555555555556,4.4444444444444455,4.444444444444445,4.0,3.0,2.6666666666666665,4.0,3.3333333333333335,3.2,3.75,5.333333333333333,3.0,5.666666666666667,5.0,4.666666666666667,3.0,4.0,3.5,3.5,3.0,3.25,3.75,3.0,3.5,3.75,3.5,2.75,3.0,11.0
1,1,1.0,32.0,2.0,1.0,4.0,1.0,2.0,30.0,35.0,3.0,116.66666666666667,2875.0,2541.5,22.115384615384617,18.956043956043956,1.0,2.0,1.0,0.0,2,,,,0.0,35.0,0.0,0.0,0.0,100.0,0.0,0.0,3.8333333333333335,5.0,2.6666666666666665,5.0,3.6666666666666665,2.6,3.0,4.0,4.0,6.333333333333333,5.75,7.0,2.6666666666666665,2.25,2.25,3.25,2.0,4.25,4.5,2.75,2.75,3.75,3.0,3.25,2.0,11.0
1,1,2.0,33.0,3.0,1.0,4.0,5.0,3.0,30.0,20.0,2.0,66.66666666666666,1700.0,1502.8,13.076923076923077,19.615384615384617,1.0,1.0,1.0,0.0,2,,,,0.0,15.0,5.0,0.0,0.0,75.0,25.0,0.0,3.6666666666666665,2.0,3.3333333333333335,3.25,3.6666666666666665,3.2,4.0,3.3333333333333335,2.3333333333333335,2.3333333333333335,3.5,3.3333333333333335,2.3333333333333335,2.0,3.5,3.75,2.25,2.25,2.75,2.75,3.25,1.75,3.25,3.0,4.0,11.0
1,1,2.0,35.0,2.0,1.0,4.0,3.0,3.0,30.0,30.0,1.0,100.0,2800.0,2475.2,21.53846153846154,21.53846153846154,1.0,2.0,1.0,0.0,2,,,,0.0,25.0,1.0,4.0,0.0,83.33333333333334,3.333333333333334,13.333333333333334,3.1666666666666665,4.0,2.8333333333333335,3.25,2.3333333333333335,3.2,4.0,5.333333333333333,4.0,6.666666666666667,5.5,7.0,2.6666666666666665,3.75,1.75,4.5,3.25,3.5,3.75,1.5,3.5,4.0,3.5,3.75,3.0,11.0
1,1,1.0,37.0,1.0,1.0,4.0,2.0,3.0,40.0,60.0,3.0,150.0,3575.28,3160.54752,20.626615384615384,13.751076923076925,1.0,2.0,1.0,0.0,2,,,,3.0,46.0,10.0,1.0,5.0,76.66666666666667,16.666666666666664,1.6666666666666679,2.5,3.0,3.1666666666666665,2.25,4.0,3.6,3.5,1.0,1.0,4.333333333333333,6.25,7.0,4.666666666666667,2.0,3.75,4.5,3.5,2.5,3.75,2.25,3.25,3.5,3.75,2.5,3.0,11.0
1,1,1.0,26.0,2.0,1.0,4.0,13.0,2.0,20.0,20.0,1.0,100.0,1700.0,1502.8,19.615384615384617,19.615384615384617,1.0,2.0,6.0,12.0,2,,,,0.0,18.0,0.0,2.0,0.0,90.0,0.0,10.0,3.5,4.0,2.6666666666666665,3.5,3.6666666666666665,3.2,2.0,4.0,1.3333333333333333,5.0,5.25,6.0,2.3333333333333335,2.25,2.25,3.5,2.25,3.5,3.25,3.0,2.5,4.0,2.75,3.25,2.0,11.0
1,1,1.0,23.0,2.0,1.0,4.0,7.0,4.0,10.0,10.0,1.0,100.0,700.0,618.8,16.153846153846153,16.153846153846153,1.0,1.0,1.0,0.0,2,,,,0.0,4.0,0.5,5.5,0.0,40.0,5.0,55.000000000000014,3.6666666666666665,4.0,3.0,4.25,4.666666666666667,3.4,2.0,5.0,2.3333333333333335,4.333333333333333,4.75,6.0,2.6666666666666665,5.0,3.5,3.75,2.75,3.25,2.75,3.0,3.5,4.75,3.5,2.75,1.0,11.0
1,1,2.0,35.0,1.0,2.0,4.0,5.0,2.0,40.0,40.0,1.0,100.0,4300.0,3801.2,24.807692307692307,24.807692307692307,1.0,1.0,1.0,0.0,2,,,,0.0,36.0,2.0,2.0,0.0,90.0,5.0,5.0,3.6666666666666665,3.0,3.1666666666666665,2.5,2.6666666666666665,2.8,3.5,6.0,2.6666666666666665,5.666666666666667,5.25,5.0,3.3333333333333335,2.5,2.25,4.0,3.0,2.5,2.5,1.75,2.75,3.75,2.75,3.25,4.0,11.0
1,1,2.0,25.0,3.0,1.0,4.0,3.0,2.0,30.0,55.0,3.0,183.33333333333331,2880.0,2545.92,22.153846153846153,12.083916083916085,1.0,1.0,1.0,0.0,2,,,,0.0,53.0,1.0,1.0,0.0,96.36363636363635,1.8181818181818183,1.8181818181818201,4.333333333333333,3.0,2.8333333333333335,4.0,4.333333333333333,3.2,3.25,3.3333333333333335,2.6666666666666665,4.666666666666667,6.0,7.0,2.0,4.75,5.0,5.0,3.75,3.75,4.0,2.5,3.5,4.5,3.0,2.0,3.0,11.0
1,1,1.0,31.0,2.0,1.0,4.0,5.0,2.0,20.0,20.0,1.0,100.0,1300.0,1149.2,15,15.0,1.0,1.0,3.0,20.0,2,,,,3.0,2.0,3.0,7.0,15.0,10.0,15.0,35.0,2.8333333333333335,1.0,3.3333333333333335,4.0,3.6666666666666665,1.6,1.75,5.333333333333333,4.666666666666667,5.333333333333333,4.0,3.6666666666666665,3.0,3.25,1.75,2.5,2.5,4.25,3.25,2.5,2.25,3.25,3.75,3.25,2.0,11.0
1,1,2.0,43.0,3.0,1.0,4.0,5.0,3.0,40.0,40.0,1.0,100.0,3531.0,3121.4040000000005,20.371153846153845,20.371153846153845,1.0,1.0,1.0,0.0,2,,,,0.0,45.0,0.0,0.0,55.638297872340424,11.127659574468087,8.627659574468085,21.75531914893617,2.8333333333333335,3.0,3.0,2.5,2.6666666666666665,2.8,4.75,1.666666666666667,2.6666666666666665,2.0,4.25,6.0,2.0,2.5,3.0,2.75,3.75,3.25,2.5,3.0,2.75,2.0,3.25,3.0,4.0,11.0
1,1,2.0,27.0,2.0,1.0,4.0,5.0,3.0,20.0,20.0,1.0,100.0,799.9999999999998,707.2,9.23076923076923,9.23076923076923,1.0,1.0,1.0,0.0,2,,,,6.0,16.0,0.0,0.0,25.27777777777778,35.666666666666664,8.11111111111111,16.555555555555557,3.3333333333333335,2.0,3.3333333333333335,2.75,2.6666666666666665,2.8,3.5,6.333333333333333,5.0,5.0,4.5,3.0,3.6666666666666665,4.25,4.25,4.5,3.5,4.25,4.25,3.5,3.25,3.0,3.75,3.5,3.0,11.0
1,1,2.0,28.0,2.0,1.0,4.0,5.0,3.0,30.0,40.0,3.0,133.33333333333331,2400.0,2121.6,18.46153846153846,13.846153846153845,1.0,1.0,1.0,0.0,2,,,,0.0,15.0,15.0,10.0,0.0,37.5,37.5,25.0,2.0,2.0,2.6666666666666665,5.0,3.6666666666666665,2.2,2.5,4.0,3.3333333333333335,4.0,4.25,4.0,3.3333333333333335,3.5,2.0,3.0,3.5,2.75,2.0,3.5,3.25,3.0,2.5,3.75,4.0,11.0
1,1,1.0,30.0,2.0,1.0,6.0,2.0,1.0,20.0,27.5,3.0,137.5,1250.0,1105.0,14.423076923076923,10.48951048951049,1.0,1.0,1.0,0.0,2,,,,6.0,10.0,2.0,7.0,21.818181818181817,36.36363636363637,7.2727272727272725,25.454545454545453,2.6666666666666665,4.0,2.3333333333333335,4.5,4.0,3.6,2.25,1.9999999999999998,1.3333333333333333,2.6666666666666665,4.0,6.333333333333333,2.3333333333333335,4.0,3.75,4.75,2.75,3.0,3.25,4.0,3.25,4.5,3.25,3.0,1.0,11.0
1,1,2.0,25.0,2.0,1.0,6.0,6.0,2.0,40.0,45.0,3.0,112.5,3500.0,3094.0,20.192307692307693,17.94871794871795,1.0,1.0,1.0,0.0,2,,,,2.0,0.0,25.0,18.0,4.444444444444446,0.0,55.55555555555556,40.0,3.8333333333333335,4.0,2.1666666666666665,4.25,4.333333333333333,2.8,2.0,5.0,3.6666666666666665,6.0,5.5,5.666666666666667,2.6666666666666665,2.75,3.75,5.0,3.0,2.5,2.5,1.5,3.25,5.0,3.75,2.75,3.0,11.0
1,1,2.0,42.0,3.0,1.0,4.0,5.0,3.0,20.0,32.5,3.0,162.5,1300.0,1149.2,15,9.23076923076923,1.0,2.0,5.0,15.0,2,,,,12.0,5.0,12.5,7.5,41.67460317460318,25.66666666666667,17.507936507936506,12.65079365079365,2.5,3.0,2.6666666666666665,3.75,2.3333333333333335,2.4,4.0,3.0,2.3333333333333335,4.333333333333333,6.0,5.333333333333333,2.3333333333333335,1.75,3.5,2.25,2.5,3.5,2.75,2.5,2.5,3.25,2.5,3.5,4.0,11.0
1,1,1.0,35.0,2.0,1.0,6.0,5.0,2.0,30.0,40.0,3.0,133.33333333333331,2600.0,2298.4,20,15.0,1.0,1.0,1.0,0.0,2,,,,0.0,40.0,35.0,5.0,42.38888888888889,29.344444444444445,4.365079365079366,27.444444444444443,3.1666666666666665,3.0,2.0,3.75,4.666666666666667,3.2,2.5,1.666666666666667,2.3333333333333335,2.6666666666666665,4.25,7.0,1.6666666666666667,2.5,3.0,2.75,2.0,4.0,3.0,3.0,2.75,4.0,3.0,3.6666666666666665,2.0,11.0
1,1,2.0,48.0,2.0,2.0,4.0,8.0,3.0,40.0,40.0,1.0,100.0,3270.0,2890.68,18.865384615384617,18.865384615384617,1.0,2.0,1.0,0.0,2,,,,0.0,10.0,20.0,10.0,0.0,25.0,50.0,25.0,3.1666666666666665,4.0,2.8333333333333335,4.25,4.333333333333333,3.0,3.75,3.6666666666666665,3.3333333333333335,5.333333333333333,5.5,6.0,2.6666666666666665,4.0,3.75,4.0,3.0,3.0,2.75,2.5,3.0,3.25,3.25,3.5,4.0,11.0
1,1,2.0,55.0,1.0,1.0,4.0,5.0,2.0,35.0,55.0,3.0,157.14285714285714,4750.0,4199.0,31.31868131868132,19.93006993006993,1.0,1.0,1.0,0.0,2,,,,4.0,50.0,5.5,0.0,42.888888888888886,22.444444444444443,12.777777777777777,21.555555555555554,3.3333333333333335,2.0,2.5,3.0,2.0,2.2,4.5,6.0,6.0,7.0,6.5,7.0,3.0,3.25,4.5,5.0,3.75,3.25,3.75,1.5,2.5,2.75,3.0,3.0,3.0,11.0
1,1,2.0,30.0,2.0,2.0,4.0,1.0,6.0,35.0,35.0,1.0,100.0,2200.0,1944.8000000000002,14.505494505494505,14.505494505494505,1.0,1.0,1.0,0.0,2,,,,0.0,8.0,2.0,25.0,0.0,22.857142857142858,5.714285714285714,71.42857142857143,4.5,5.0,2.1666666666666665,4.5,5.0,4.0,2.5,1.0,1.0,7.0,5.75,7.0,3.0,3.25,3.0,4.5,2.75,3.25,4.25,4.0,4.5,5.0,3.0,3.0,1.0,11.0
1,1,1.0,43.0,1.0,2.0,4.0,5.0,2.0,40.0,40.0,1.0,100.0,5000.0,4420.0,28.846153846153847,28.846153846153847,1.0,5.0,1.0,0.0,2,,,,0.0,10.0,20.0,10.0,0.0,25.0,50.0,25.0,3.8333333333333335,5.0,2.3333333333333335,5.0,3.6666666666666665,3.8,2.75,1.0,1.0,1.0,3.0,7.0,1.0,2.0,1.5,3.0,2.0,4.25,3.0,3.75,3.25,4.5,3.0,3.25,2.0,11.0
1,1,2.0,35.0,2.0,1.0,4.0,1.0,1.0,40.0,40.0,1.0,100.0,3300.0,2917.2,19.03846153846154,19.03846153846154,1.0,2.0,1.0,0.0,2,,,,0.0,30.0,4.0,8.0,38.666666666666664,24.944444444444443,9.833333333333332,24.333333333333332,4.0,3.0,2.8333333333333335,3.75,3.3333333333333335,3.0,3.5,5.666666666666667,3.6666666666666665,5.333333333333333,5.25,6.0,2.6666666666666665,3.0,3.0,3.75,2.5,3.5,4.0,3.25,2.75,4.0,3.0,2.75,2.0,11.0
1,1,2.0,38.0,3.0,1.0,4.0,5.0,2.0,41.0,45.0,3.0,109.75609756097562,5702.0,5040.568,32.093808630393994,29.241025641025637,1.0,2.0,1.0,0.0,2,,,,0.0,20.0,5.0,16.0,0.0,44.44444444444444,11.11111111111111,35.55555555555556,3.0,3.0,3.5,2.0,3.3333333333333335,3.6,3.5,5.0,2.6666666666666665,5.333333333333333,4.75,4.0,3.3333333333333335,3.25,3.75,4.25,3.0,2.75,2.0,3.0,3.25,2.5,3.0,3.75,4.0,11.0
1,1,2.0,31.0,3.0,1.0,4.0,1.0,1.0,40.0,60.0,3.0,150.0,2700.0,2386.8,15.576923076923077,10.384615384615385,1.0,1.0,1.0,0.0,2,,,,10.0,30.0,10.0,0.0,16.666666666666664,50.0,16.666666666666664,0.0,2.5,4.0,3.5,4.0,4.333333333333333,2.2,5.0,5.0,1.0,6.333333333333333,6.5,7.0,3.0,3.75,4.75,3.75,3.75,2.25,3.0,3.25,2.75,2.5,3.0,2.75,3.0,11.0
1,1,2.0,40.6,2.0,1.0,4.0,1.0,3.0,34.0,36.0,3.0,105.88235294117648,2785.7,2462.5588000000002,18.907466063348412,17.857051282051277,1.0,1.0,1.0,0.0,2,,,,0.5,35.5,0.0,0.0,1.3888888888888857,98.61111111111111,0.0,0.0,2.1666666666666665,4.0,2.6666666666666665,2.25,2.3333333333333335,2.8,2.75,6.0,2.3333333333333335,5.666666666666667,5.0,6.0,2.6666666666666665,2.5,2.5,3.0,2.5,3.5,3.75,2.5,3.75,4.0,3.5,3.75,4.0,11.0
1,1,1.0,32.0,2.0,1.0,4.0,5.0,3.0,27.0,36.0,3.0,133.33333333333331,1900.0,1679.6,16.23931623931624,12.179487179487179,1.0,5.0,1.0,0.0,2,,,,0.0,18.0,8.0,10.0,0.0,50.0,22.22222222222222,27.77777777777778,3.1666666666666665,2.0,2.5,3.0,3.0,2.8,3.5,1.3333333333333335,1.3333333333333333,4.0,3.25,5.0,3.6666666666666665,2.0,2.5,2.75,2.5,3.75,2.25,3.25,2.5,3.5,2.75,3.25,2.0,11.0
1,1,1.0,22.0,2.0,1.0,4.0,5.0,3.0,20.0,20.0,1.0,100.0,1388.45,1227.3898000000002,16.020576923076923,16.020576923076923,1.0,1.0,1.0,0.0,2,,,,0.0,20.0,0.0,0.0,0.0,100.0,0.0,0.0,3.6,4.0,2.5,4.5,4.333333333333333,3.6,3.5,1.9999999999999998,1.0,4.0,4.75,5.666666666666667,2.6666666666666665,3.5,2.25,4.0,2.0,3.25,3.25,3.5,3.25,3.25,3.75,3.25,2.0,11.0
1,1,2.0,43.0,1.0,2.0,4.0,5.0,3.0,11.0,25.0,3.0,227.27272727272728,1200.0,1060.8,25.174825174825173,11.076923076923077,3.0,1.0,5.0,20.0,2,,,,6.0,15.0,5.0,10.0,46.333333333333336,28.923809523809524,5.666666666666668,8.876190476190477,3.5,3.0,3.3333333333333335,1.75,2.3333333333333335,2.2,3.5,4.333333333333333,3.0,5.0,4.75,6.333333333333333,2.6666666666666665,5.0,4.0,4.75,4.0,3.0,4.25,3.0,3.5,2.75,3.25,2.5,3.0,11.0
1,1,2.0,25.0,2.0,1.0,4.0,5.0,3.0,20.0,20.0,1.0,100.0,1225.0,1082.9000000000003,14.134615384615383,14.134615384615383,1.0,2.0,1.0,0.0,2,,,,0.0,19.0,0.0,1.0,0.0,95.0,0.0,5.0,3.8333333333333335,4.0,2.6666666666666665,3.75,3.3333333333333335,3.2,3.75,5.333333333333333,4.333333333333333,5.333333333333333,4.75,6.0,3.0,3.5,2.25,3.25,2.25,2.75,3.0,2.75,3.25,3.75,3.75,3.25,2.0,11.0
1,1,3.0,25.0,2.0,1.0,4.0,5.0,3.0,20.0,30.0,3.0,150.0,1350.0,1193.4,15.576923076923077,10.384615384615385,1.0,1.0,7.0,5.0,2,,,,8.0,10.0,5.0,7.0,26.666666666666668,33.33333333333333,16.666666666666664,23.333333333333332,3.5,3.0,3.0,3.75,2.6666666666666665,2.6,3.5,1.666666666666667,4.333333333333333,4.0,5.5,5.333333333333333,1.6666666666666667,4.5,4.5,3.0,2.25,3.25,2.75,3.5,3.25,2.75,3.25,3.5,3.0,11.0
1,1,2.0,35.0,3.0,1.0,4.0,4.0,2.0,40.0,40.0,1.0,100.0,2380.0,2103.92,13.730769230769232,13.730769230769232,1.0,1.0,3.0,10.0,2,,,,0.0,30.0,0.0,10.0,0.0,75.0,0.0,25.0,3.1666666666666665,2.0,3.1666666666666665,4.25,3.3333333333333335,2.8,4.0,4.666666666666667,4.666666666666667,6.0,5.5,6.666666666666667,2.6666666666666665,3.25,4.0,3.75,3.25,2.5,1.75,2.0,2.5,2.5,3.5,3.0,4.0,11.0
1,1,2.0,32.0,2.0,1.0,6.0,2.0,1.0,32.0,32.0,1.0,100.0,3600.0,3182.4,25.96153846153846,25.96153846153846,1.0,2.0,1.0,0.0,2,,,,5.0,20.0,5.0,2.0,15.625,62.5,15.625,6.25,4.166666666666667,3.0,3.5,4.25,3.0,4.25,2.25,4.0,1.0,5.666666666666667,5.0,4.0,4.666666666666667,1.0,1.0,3.5,2.25,3.25,2.0,2.75,3.25,4.75,2.75,3.25,2.0,11.0
1,1,1.0,37.8,2.0,2.0,4.0,5.0,3.0,20.0,20.0,1.0,100.0,2000.0,1768.0,23.076923076923077,23.076923076923077,3.0,2.0,5.0,2.0,2,,,,0.0,5.0,10.0,0.0,0.0,25.0,50.0,0.0,3.1666666666666665,4.0,2.6666666666666665,2.75,2.6666666666666665,2.6,2.75,3.0,2.3333333333333335,3.6666666666666665,4.75,6.0,1.6666666666666667,2.0,2.75,2.5,2.5,3.5,2.5,2.75,2.25,3.25,3.0,3.5,2.0,11.0
1,1,2.0,30.0,2.0,1.0,4.0,5.0,3.0,28.0,32.0,3.0,114.28571428571428,2200.0,1944.8000000000002,18.13186813186813,15.865384615384615,1.0,2.0,1.0,0.0,2,,,,0.0,28.0,2.0,3.0,16.357142857142858,62.14285714285714,9.238095238095237,13.595238095238095,4.0,4.0,2.8333333333333335,4.5,4.0,3.2,3.0,4.333333333333333,3.6666666666666665,5.0,5.5,7.0,2.6666666666666665,4.0,2.0,3.5,2.0,3.25,3.75,2.25,3.25,3.75,3.0,2.25,1.0,11.0
1,1,2.0,27.0,2.0,1.0,4.0,1.0,2.0,20.0,30.0,3.0,150.0,1600.0,1414.4,18.46153846153846,12.307692307692308,1.0,1.0,1.0,0.0,2,,,,0.0,22.5,1.0,2.5,0.0,75.0,3.333333333333334,8.333333333333332,4.166666666666667,4.0,2.6666666666666665,5.0,4.333333333333333,3.2,3.0,6.0,2.0,6.0,5.5,6.666666666666667,2.3333333333333335,3.25,1.75,3.75,2.75,3.5,3.75,3.25,3.25,4.5,3.0,3.25,2.0,11.0
1,1,2.0,30.0,3.0,1.0,4.0,3.0,3.0,40.0,60.0,3.0,150.0,3500.0,3094.0,20.192307692307693,13.461538461538462,1.0,1.0,1.0,0.0,2,,,,3.0,2.0,0.0,2.0,5.0,3.3333333333333357,0.0,3.333333333333334,4.333333333333333,4.0,2.5,3.25,4.0,4.0,4.0,2.6666666666666665,2.6666666666666665,4.666666666666667,6.25,6.666666666666667,3.0,4.25,4.75,5.0,3.0,4.25,3.5,3.0,3.5,4.0,3.0,2.75,3.0,11.0
1,1,2.0,46.0,1.0,2.0,4.0,5.0,3.0,28.0,28.0,1.0,100.0,2230.0,1971.3200000000002,18.37912087912088,18.37912087912088,1.0,1.0,1.0,0.0,2,,,,0.0,18.0,4.0,6.0,0.0,64.28571428571429,14.285714285714285,21.428571428571427,4.0,3.0,3.0,4.25,3.3333333333333335,2.6,4.0,5.333333333333333,1.6666666666666667,4.0,5.5,5.666666666666667,2.6666666666666665,2.75,3.0,3.75,2.75,3.0,3.0,2.25,3.25,3.0,3.0,3.25,4.0,11.0
1,1,1.0,33.0,2.0,1.0,4.0,1.0,2.0,25.0,50.0,3.0,200.0,2823.0,2495.532,26.05846153846154,13.02923076923077,1.0,1.0,1.0,0.0,2,,,,0.0,50.0,0.0,0.0,0.0,100.0,0.0,0.0,3.5,2.0,3.1666666666666665,1.5,2.6666666666666665,2.2,4.0,1.3333333333333335,2.0,3.0,5.5,3.6666666666666665,5.0,2.0,3.5,5.0,3.75,2.5,2.5,3.0,2.75,2.25,3.0,3.75,4.0,11.0
1,1,2.0,36.0,2.0,2.0,4.0,5.0,3.0,35.0,35.0,1.0,100.0,2300.0,2033.1999999999998,15.164835164835162,15.164835164835162,3.0,3.0,2.0,15.0,2,,,,10.0,20.0,10.0,5.0,39.611111111111114,39.61111111111111,11.88888888888889,8.88888888888889,4.0,3.0,2.5,3.5,3.3333333333333335,3.0,4.0,3.6666666666666665,1.0,6.333333333333333,6.25,7.0,2.6666666666666665,5.0,4.5,4.0,2.5,3.75,4.25,2.5,3.75,2.5,3.0,2.5,3.0,11.0
1,1,2.0,31.0,2.0,2.0,4.0,2.0,2.0,40.0,43.0,3.0,107.5,3700.0,3270.8,21.346153846153847,19.856887298747765,3.0,2.0,1.0,0.0,2,,,,3.0,10.0,25.0,5.0,6.976744186046513,23.25581395348837,58.139534883720934,11.627906976744185,3.1666666666666665,2.0,3.0,2.25,3.3333333333333335,2.8,3.5,2.3333333333333335,2.3333333333333335,4.333333333333333,5.0,5.0,2.3333333333333335,3.25,3.25,3.5,2.25,3.0,3.25,3.0,3.25,4.0,3.5,3.5,4.0,11.0
1,1,1.0,24.0,3.0,1.0,4.0,5.0,3.0,20.0,25.0,3.0,125.0,1190.1,1052.0484000000001,13.731923076923076,10.98553846153846,1.0,2.0,1.0,0.0,2,,,,0.0,20.0,0.0,5.0,0.0,80.0,0.0,20.0,3.3333333333333335,2.0,3.1666666666666665,4.0,4.333333333333333,2.4,2.75,1.9999999999999998,3.0,3.6666666666666665,5.0,5.666666666666667,3.0,4.5,2.25,3.5,2.25,3.75,3.5,2.0,3.25,3.0,3.5,3.25,2.0,11.0
1,1,2.0,29.0,3.0,1.0,4.0,1.0,2.0,20.0,20.0,1.0,100.0,1500.0,1326.0,17.307692307692307,17.307692307692307,3.0,1.0,1.0,0.0,2,,,,0.0,5.0,5.0,10.0,0.0,25.0,25.0,50.0,3.1666666666666665,3.0,3.1666666666666665,4.25,4.0,3.0,3.5,3.3333333333333335,1.6666666666666667,5.0,3.5,4.0,1.0,1.25,3.0,1.75,3.25,3.75,2.5,2.5,3.0,4.0,3.25,3.25,2.0,11.0
1,1,1.0,29.0,2.0,1.0,4.0,3.0,3.0,30.0,40.0,3.0,133.33333333333331,2600.0,2298.4,20,15.0,1.0,2.0,1.0,0.0,2,,,,0.5,34.0,3.5,2.0,1.25,85.0,8.75,5.0,2.6666666666666665,4.0,2.6666666666666665,4.5,4.0,2.6,3.5,1.9999999999999998,1.3333333333333333,3.3333333333333335,5.0,6.666666666666667,1.6666666666666667,3.25,4.25,4.0,3.25,3.5,3.0,3.5,3.25,4.25,3.25,3.25,1.0,11.0
1,1,2.0,44.0,1.0,2.0,6.0,2.0,1.0,40.0,43.0,3.0,107.5,3800.0,3359.2,21.923076923076923,20.39355992844365,4.0,2.0,1.0,0.0,2,,,,10.0,2.0,6.0,20.5,23.25581395348837,4.651162790697676,13.953488372093023,47.674418604651166,2.3333333333333335,1.0,2.5,4.0,2.3333333333333335,1.8,3.75,2.6666666666666665,3.3333333333333335,4.666666666666667,4.5,2.3333333333333335,4.0,3.0,4.25,4.5,3.25,3.5,4.0,3.75,4.0,3.5,2.75,3.0,1.0,11.0
1,1,2.0,26.0,2.0,1.0,4.0,4.0,2.0,40.0,40.0,1.0,100.0,3200.0,2828.8,18.46153846153846,18.46153846153846,1.0,1.0,1.0,0.0,2,,,,0.0,2.0,20.0,18.0,0.0,5.0,50.0,45.0,3.1666666666666665,3.0,2.8333333333333335,4.0,3.0,2.4,3.5,3.0,1.3333333333333333,3.0,4.0,5.0,2.6666666666666665,2.5,2.0,2.5,2.5,3.0,2.5,4.0,3.0,3.0,3.0,3.0,2.0,11.0
1,1,2.0,27.0,2.0,1.0,4.0,1.0,2.0,30.0,30.0,1.0,100.0,2800.0,2475.2,21.53846153846154,21.53846153846154,1.0,1.0,1.0,0.0,2,,,,0.0,27.0,0.0,3.0,0.0,90.0,0.0,10.0,4.333333333333333,4.0,3.0,4.75,3.6666666666666665,3.6,2.5,4.666666666666667,3.0,5.666666666666667,5.75,5.666666666666667,3.0,2.25,3.0,4.0,2.75,3.25,2.0,2.25,3.75,4.25,3.0,3.75,4.0,11.0
1,1,2.0,41.0,3.0,1.0,4.0,1.0,2.0,40.0,45.0,3.0,112.5,4773.0,4219.332,27.536538461538463,24.47692307692308,3.0,1.0,1.0,0.0,2,,,,5.0,25.0,10.0,5.0,11.11111111111111,55.55555555555556,22.22222222222222,11.11111111111111,3.8333333333333335,3.0,2.6666666666666665,3.0,3.3333333333333335,3.2,3.25,2.6666666666666665,2.6666666666666665,5.333333333333333,5.25,5.666666666666667,2.0,3.5,3.25,3.25,2.25,3.5,3.75,3.25,3.0,3.0,3.0,3.5,3.0,11.0
1,1,2.0,32.0,2.0,1.0,4.0,3.0,3.0,40.0,40.0,1.0,100.0,4000.0,3536.0,23.076923076923077,23.076923076923077,3.0,2.0,5.0,3.0,2,,,,0.5,20.0,15.0,4.5,1.25,50.0,37.5,11.25,3.8333333333333335,4.0,2.1666666666666665,4.0,3.0,3.6,2.5,1.3333333333333335,2.0,4.0,5.25,5.666666666666667,1.3333333333333333,2.5,2.5,4.25,2.25,3.5,3.5,2.0,2.75,3.3333333333333335,2.75,3.6666666666666665,2.0,11.0
1,1,2.0,23.0,3.0,1.0,4.0,1.0,2.0,8.0,47.5,3.0,593.75,626.1399999999999,553.50776,18.06173076923077,3.041975708502024,1.0,1.0,1.0,0.0,2,,,,4.0,37.0,0.0,7.0,37.53333333333333,39.666666666666664,13.466666666666667,9.333333333333332,2.5,4.0,2.8333333333333335,3.5,4.0,3.2,4.0,5.333333333333333,3.0,6.666666666666667,6.0,6.666666666666667,2.3333333333333335,4.75,4.5,3.75,2.75,2.5,4.0,3.5,3.5,4.25,3.0,2.25,3.0,11.0
1,1,1.0,28.0,3.0,1.0,4.0,1.0,3.0,33.0,40.0,3.0,121.21212121212122,2400.0,2121.6,16.783216783216783,13.846153846153845,1.0,2.0,1.0,0.0,2,,,,7.0,24.0,1.0,8.0,17.5,60.0,2.5,20.0,4.166666666666667,4.0,3.0,3.5,5.0,4.0,3.25,5.666666666666667,1.3333333333333333,5.666666666666667,6.0,6.666666666666667,2.6666666666666665,2.0,2.5,3.5,2.0,3.0,3.5,3.5,3.25,4.75,3.0,2.75,2.0,11.0
1,1,2.0,30.0,2.0,1.0,4.0,9.0,4.0,16.0,16.0,1.0,100.0,1320.0,1166.88,19.03846153846154,19.03846153846154,1.0,2.0,2.0,18.0,2,,,,0.0,13.0,3.0,0.0,0.0,81.25,18.75,0.0,3.5,2.0,2.1666666666666665,2.25,2.0,2.6,2.75,4.666666666666667,1.0,4.333333333333333,5.75,6.666666666666667,2.3333333333333335,4.0,2.5,4.0,2.0,3.0,1.6666666666666667,2.0,3.5,4.25,2.5,4.0,3.0,11.0
1,1,2.0,27.0,2.0,1.0,4.0,4.0,2.0,40.0,40.0,1.0,100.0,3583.0,3167.3720000000003,20.671153846153846,20.671153846153846,1.0,1.0,1.0,0.0,2,,,,4.0,26.0,4.0,6.0,10.0,65.0,10.0,15.0,3.8,4.0,3.1666666666666665,4.0,4.0,3.8,3.5,4.0,4.333333333333333,6.0,6.0,7.0,2.6666666666666665,3.25,2.6666666666666665,3.75,3.0,2.75,3.0,2.75,3.5,4.5,3.25,3.3333333333333335,2.6,11.0
1,1,2.0,22.0,3.0,1.0,4.0,5.0,2.0,8.0,8.0,1.0,100.0,500.0,442.0,14.423076923076923,14.423076923076923,1.0,1.0,1.0,0.0,2,,,,0.0,6.0,0.0,2.0,0.0,75.0,0.0,25.0,4.0,3.0,2.6666666666666665,4.25,4.0,3.4,3.75,4.666666666666667,4.0,4.333333333333333,4.75,5.0,1.6666666666666667,4.0,3.75,4.5,2.75,2.75,4.0,2.0,3.25,2.25,3.0,2.75,4.0,11.0
1,1,2.0,32.0,2.0,1.0,4.0,5.0,2.0,33.0,40.0,3.0,121.21212121212122,3000.0,2652.0,20.979020979020977,17.307692307692307,1.0,2.0,1.0,0.0,2,,,,7.0,33.0,4.0,2.0,18.199043062200957,56.19904306220096,7.5866028708133975,14.512918660287081,3.6666666666666665,5.0,2.6666666666666665,4.0,4.333333333333333,3.4,3.5,4.0,2.6666666666666665,6.666666666666667,6.0,7.0,2.3333333333333335,5.0,3.75,3.75,2.75,3.25,4.0,3.0,3.25,5.0,3.0,3.0,1.0,11.0
1,1,2.0,23.0,2.0,1.0,4.0,5.0,3.0,19.0,19.0,1.0,100.0,740.0,654.1599999999999,8.987854251012147,8.987854251012147,1.0,1.0,1.0,0.0,2,,,,0.0,17.0,2.0,0.0,0.0,89.47368421052632,10.526315789473683,0.0,3.8,2.0,2.6666666666666665,5.0,3.3333333333333335,3.2,3.75,5.333333333333333,4.0,5.666666666666667,5.75,5.0,4.0,3.5,3.75,3.5,3.75,3.25,3.0,1.75,3.5,2.5,3.25,3.5,4.0,11.0
1,1,2.0,39.0,2.0,2.0,4.0,5.0,3.0,30.0,30.0,1.0,100.0,3800.0,3359.2,29.23076923076923,29.23076923076923,1.0,2.0,1.0,0.0,2,,,,0.0,27.0,3.0,0.0,0.0,90.0,10.0,0.0,3.8333333333333335,3.0,2.6666666666666665,4.0,2.6666666666666665,3.6,3.5,5.333333333333333,3.6666666666666665,5.666666666666667,5.25,4.666666666666667,2.0,3.25,2.75,2.75,3.5,1.75,2.5,2.5,2.5,2.5,3.25,2.75,4.0,11.0
1,1,1.0,30.0,3.0,1.0,4.0,1.0,2.0,30.0,40.0,3.0,133.33333333333331,2300.0,2033.1999999999998,17.69230769230769,13.269230769230768,1.0,3.0,1.0,0.0,2,,,,0.0,40.0,0.0,5.0,11.642857142857146,64.5,4.095238095238094,11.666666666666668,3.8333333333333335,3.0,2.8333333333333335,4.5,3.0,3.2,2.5,4.0,3.0,5.333333333333333,5.25,5.333333333333333,2.0,4.0,2.25,3.75,2.0,3.5,3.0,3.0,3.5,4.75,3.25,3.0,1.0,11.0
1,1,2.0,23.0,3.0,1.0,4.0,2.0,2.0,16.0,16.0,1.0,100.0,950.0,839.8,13.701923076923077,13.701923076923077,1.0,1.0,1.0,0.0,2,,,,0.0,8.0,8.0,0.0,0.0,50.0,50.0,0.0,2.5,4.0,2.8333333333333335,2.5,3.6666666666666665,3.0,2.75,3.0,3.6666666666666665,5.0,5.0,5.333333333333333,2.6666666666666665,3.0,2.5,2.5,2.5,3.25,3.5,3.0,2.75,3.25,2.5,3.25,2.0,11.0
1,1,2.0,40.0,1.0,2.0,4.0,3.0,2.0,25.0,25.0,1.0,100.0,2630.0,2324.92,24.276923076923076,24.276923076923076,1.0,2.0,2.0,10.0,2,,,,0.0,2.0,18.0,5.0,0.0,8.0,72.0,20.0,4.0,4.0,3.0,4.0,2.0,3.2,3.75,2.3333333333333335,1.0,5.0,5.5,5.333333333333333,2.6666666666666665,3.75,1.75,2.25,2.0,3.5,1.75,4.0,3.25,4.0,3.25,2.0,2.0,11.0
1,1,2.0,33.0,3.0,1.0,4.0,3.0,3.0,30.0,42.0,3.0,140.0,2700.0,2386.8,20.76923076923077,14.835164835164836,1.0,3.0,1.0,0.0,2,,,,4.0,20.0,12.0,6.0,9.523809523809526,47.61904761904761,28.57142857142857,14.285714285714285,3.0,2.0,3.0,3.25,3.6666666666666665,2.8,3.25,4.666666666666667,2.3333333333333335,5.666666666666667,5.0,6.0,2.6666666666666665,2.25,3.5,4.75,3.0,3.75,2.5,1.75,3.5,2.75,3.25,3.25,4.0,11.0
1,1,2.0,24.0,2.0,1.0,6.0,4.0,3.0,40.0,40.0,1.0,100.0,2700.0,2386.8,15.576923076923077,15.576923076923077,1.0,1.0,1.0,0.0,2,,,,0.0,20.0,15.0,5.0,0.0,50.0,37.5,12.5,2.8333333333333335,2.0,2.8333333333333335,4.75,3.3333333333333335,2.6,3.25,3.3333333333333335,3.0,5.0,4.0,4.333333333333333,3.6666666666666665,2.25,2.75,3.0,2.25,2.25,2.25,2.5,2.75,3.25,2.75,3.75,4.0,11.0
1,1,2.0,36.0,1.0,1.0,4.0,1.0,3.0,30.0,30.0,1.0,100.0,3100.0,2740.4,23.846153846153847,23.846153846153847,1.0,1.0,1.0,0.0,2,,,,0.0,25.0,3.0,3.0,28.333333333333332,37.5,9.5,24.666666666666664,4.5,2.0,3.0,4.0,3.0,3.8,3.25,4.0,2.0,4.333333333333333,4.25,4.0,3.0,1.0,3.5,4.0,3.5,3.0,2.25,2.75,2.75,4.0,3.25,3.5,4.0,11.0
1,1,2.0,43.0,1.0,1.0,4.0,5.0,3.0,40.0,40.0,1.0,100.0,4700.0,4154.8,27.115384615384613,27.115384615384613,3.0,1.0,1.0,0.0,2,,,,2.0,10.0,10.0,20.0,26.0,32.55555555555556,16.444444444444443,23.0,3.5,5.0,3.3333333333333335,3.0,2.0,3.4,4.25,2.3333333333333335,5.0,4.666666666666667,5.25,3.6666666666666665,3.6666666666666665,4.5,4.5,3.0,3.75,2.75,4.75,2.75,4.0,2.5,2.75,2.5,3.0,11.0
1,1,1.0,39.0,1.0,2.0,4.0,5.0,2.0,25.0,30.0,3.0,120.0,2700.0,2386.8,24.923076923076923,20.76923076923077,1.0,1.0,2.0,5.0,2,,,,0.0,25.0,5.0,2.0,20.476190476190474,60.04761904761905,16.285714285714285,10.61904761904762,3.1666666666666665,4.0,2.6666666666666665,5.0,4.333333333333333,3.6,3.75,4.333333333333333,4.666666666666667,5.0,5.75,6.666666666666667,2.6666666666666665,3.25,3.5,4.0,2.75,2.75,4.0,2.75,3.75,4.5,2.75,2.75,1.0,11.0
1,1,1.0,36.0,2.0,1.0,6.0,6.0,1.0,40.0,40.0,1.0,100.0,5100.0,4508.4,29.423076923076923,29.423076923076923,1.0,4.0,5.0,5.0,2,,,,10.0,15.0,10.0,5.0,25.0,37.5,25.0,12.5,3.0,3.0,3.1666666666666665,2.0,2.6666666666666665,3.8,4.75,5.666666666666667,3.0,6.666666666666667,6.5,2.3333333333333335,3.3333333333333335,5.0,4.75,5.0,4.0,2.5,2.75,2.0,2.5,3.25,3.25,4.0,3.0,11.0
1,1,2.0,27.0,2.0,1.0,6.0,2.0,2.0,35.0,35.0,1.0,100.0,2780.0,2457.52,18.32967032967033,18.32967032967033,1.0,1.0,5.0,4.0,2,,,,2.0,33.0,0.0,0.0,5.714285714285715,94.28571428571428,0.0,0.0,4.333333333333333,3.0,2.6666666666666665,4.25,4.333333333333333,2.6,3.0,5.333333333333333,5.0,5.333333333333333,5.25,3.3333333333333335,5.0,4.0,3.0,3.5,3.0,1.75,2.5,3.0,2.75,3.5,3.0,4.0,4.0,11.0
1,1,2.0,58.0,1.0,1.0,6.0,5.0,1.0,40.0,40.0,1.0,100.0,5000.0,4420.0,28.846153846153847,28.846153846153847,1.0,3.0,1.0,0.0,2,,,,15.0,15.0,3.0,7.0,37.5,37.5,7.5,17.5,3.5,3.0,2.8333333333333335,3.25,4.0,3.4,3.0,3.3333333333333335,4.0,6.333333333333333,5.75,5.666666666666667,1.0,2.0,2.25,3.25,2.75,2.5,2.75,2.25,3.0,3.25,3.0,3.25,4.0,11.0
1,1,2.0,27.0,2.0,1.0,4.0,5.0,4.0,4.0,6.0,3.0,150.0,200.0,176.80000000000018,11.538461538461538,7.6923076923076925,1.0,1.0,2.0,20.0,2,,,,5.0,0.0,0.0,2.0,22.363636363636367,63.3939393939394,8.0,6.242424242424244,2.5,4.0,2.6666666666666665,3.5,2.6666666666666665,2.8,2.75,5.0,2.0,5.0,4.75,5.0,2.0,4.0,3.5,3.75,2.25,3.0,2.75,2.75,3.5,3.75,3.0,3.75,4.0,11.0
1,1,2.0,31.0,2.0,1.0,4.0,5.0,2.0,35.0,35.0,1.0,100.0,2300.0,2033.1999999999998,15.164835164835162,15.164835164835162,1.0,1.0,1.0,0.0,2,,,,10.0,15.0,3.0,7.0,28.57142857142857,42.857142857142854,8.571428571428571,20.0,3.8333333333333335,3.0,2.6666666666666665,5.0,3.0,3.6,3.75,3.6666666666666665,1.0,3.0,4.0,5.666666666666667,2.6666666666666665,1.5,2.25,3.0,1.75,3.5,1.5,3.5,3.75,3.5,3.0,3.25,2.0,11.0
1,1,2.0,38.0,2.0,2.0,4.0,4.0,1.0,40.0,43.0,3.0,107.5,4000.0,3536.0,23.076923076923077,21.466905187835422,1.0,1.0,5.0,1.0,2,,,,0.0,15.0,25.0,3.0,0.0,34.883720930232556,58.139534883720934,6.976744186046512,3.0,4.0,2.5,2.25,3.3333333333333335,2.4,3.5,3.6666666666666665,6.0,7.0,5.25,6.666666666666667,2.6666666666666665,4.25,5.0,4.25,3.5,2.75,2.5,2.25,2.5,4.0,3.0,3.25,3.0,11.0
1,1,1.0,52.0,5.0,1.0,5.0,2.0,1.0,30.0,30.0,1.0,100.0,2500.0,2210.0,19.23076923076923,19.23076923076923,1.0,1.0,1.0,0.0,2,,,,0.0,5.0,24.0,1.0,0.0,16.666666666666664,80.0,3.333333333333334,3.0,4.0,3.5,2.25,3.6666666666666665,2.8,3.75,4.0,2.3333333333333335,5.333333333333333,2.75,5.666666666666667,4.666666666666667,1.0,1.25,4.0,2.0,3.0,2.0,2.75,3.25,2.0,3.5,3.75,4.0,11.0
1,1,1.0,29.0,3.0,1.0,4.0,5.0,3.0,40.0,50.0,3.0,125.0,3700.0,3270.8,21.346153846153847,17.076923076923077,1.0,3.0,1.0,0.0,2,,,,10.0,30.0,5.0,5.0,20.0,60.0,10.0,10.0,3.0,3.0,2.8333333333333335,3.75,3.0,3.8,3.75,5.666666666666667,2.6666666666666665,4.666666666666667,4.0,4.333333333333333,3.0,2.25,2.75,3.25,3.25,2.25,2.25,2.5,2.5,2.5,3.5,2.75,4.0,11.0
1,1,1.0,24.0,3.0,1.0,4.0,1.0,3.0,8.0,20.0,3.0,250.0,500.0,442.0,14.423076923076923,5.769230769230768,1.0,1.0,1.0,0.0,2,,,,0.0,15.0,0.0,0.0,0.0,75.0,0.0,0.0,2.6666666666666665,3.0,3.0,4.0,3.6666666666666665,3.2,2.25,2.6666666666666665,1.3333333333333333,2.0,2.5,1.3333333333333333,6.0,1.25,1.5,4.75,1.25,4.0,3.25,4.0,3.25,4.75,3.5,3.0,2.0,13.0
1,1,1.0,27.0,2.0,1.0,4.0,1.0,3.0,30.0,35.0,3.0,116.66666666666667,2457.975,2172.8499,18.907499999999995,16.206428571428567,1.0,2.0,1.0,0.0,2,,,,0.0,25.0,1.0,4.0,0.0,71.42857142857143,2.8571428571428577,11.428571428571429,4.333333333333333,1.0,3.1666666666666665,2.0,2.3333333333333335,2.6,3.5,3.0,2.6666666666666665,4.333333333333333,4.5,5.0,3.3333333333333335,3.25,2.75,2.5,2.0,2.75,2.75,3.25,3.75,3.5,3.0,3.5,2.0,9.0
1,1,2.0,27.0,3.0,1.0,4.0,3.0,3.0,30.0,30.0,1.0,100.0,2868.0,2535.312,22.06153846153846,22.06153846153846,1.0,1.0,1.0,0.0,2,,,,0.0,25.0,0.0,5.0,0.0,83.33333333333334,0.0,16.666666666666664,3.5,5.0,3.1666666666666665,4.25,3.3333333333333335,2.8,2.5,1.0,1.0,2.0,6.0,7.0,2.3333333333333335,3.75,1.5,2.75,1.75,4.0,3.75,3.0,3.5,5.0,3.25,2.25,2.0,9.0
1,1,2.0,28.0,3.0,1.0,4.0,1.0,3.0,36.0,42.0,3.0,116.66666666666667,2100.0,1856.4,13.461538461538462,11.538461538461538,4.0,1.0,1.0,0.0,2,,,,2.0,40.0,0.0,0.0,4.761904761904763,95.23809523809523,0.0,0.0,2.8333333333333335,1.0,3.5,2.0,2.3333333333333335,1.8,3.5,6.0,1.6666666666666667,6.333333333333333,5.25,4.0,3.6666666666666665,3.5,4.25,4.0,3.5,3.0,3.5,3.0,2.75,1.5,3.0,3.0,3.8,9.0
1,1,2.0,31.0,2.0,1.0,5.0,4.0,1.0,40.0,40.0,1.0,100.0,2240.0,1980.1599999999999,12.923076923076923,12.923076923076923,3.0,2.0,1.0,0.0,2,,,,0.0,25.0,5.0,3.0,0.0,62.5,12.5,7.5,4.166666666666667,5.0,2.8333333333333335,4.25,5.0,3.8,3.0,4.333333333333333,2.0,5.666666666666667,6.25,6.666666666666667,2.3333333333333335,3.25,3.75,4.5,2.25,2.75,3.25,3.75,3.75,4.75,3.0,3.25,1.0,9.0
1,3,2.0,39.0,1.0,2.0,6.0,3.0,2.0,30.0,30.0,1.0,100.0,1900.0,1679.6,14.615384615384615,14.615384615384615,1.0,1.0,1.0,0.0,1,2.0,7.0,2.0,,,,,13.0,41.66666666666667,19.166666666666668,15.666666666666668,3.0,5.0,2.3333333333333335,4.5,4.666666666666667,3.8,2.75,3.3333333333333335,3.0,6.0,6.0,5.666666666666667,3.0,1.75,3.0,4.5,2.25,2.3333333333333335,4.25,4.0,2.5,5.0,3.0,3.0,2.4,1.0
1,3,2.0,34.0,4.0,1.0,5.0,5.0,3.0,40.0,50.0,3.0,125.0,3000.0,2652.0,17.307692307692307,13.846153846153845,1.0,3.0,1.0,0.0,1,10.0,7.0,1.0,,,,,28.38888888888889,41.55555555555556,6.222222222222222,17.61111111111111,2.0,4.0,2.5,2.5,3.3333333333333335,3.4,3.25,1.9999999999999998,2.0,4.666666666666667,5.0,4.0,2.3333333333333335,2.5,2.0,1.25,2.25,3.25,2.0,3.0,2.5,3.5,3.0,3.25,2.0,1.0
1,3,2.0,37.0,1.0,4.0,5.0,5.0,6.0,40.0,47.5,3.0,118.75,2200.0,1944.8000000000002,12.692307692307692,10.68825910931174,1.0,3.0,1.0,0.0,1,6.0,7.0,3.0,,,,,38.707070707070706,33.28941589811155,9.246201141853316,15.6655248133509,3.0,5.0,1.833333333333333,4.25,4.666666666666667,3.0,3.5,3.6666666666666665,2.0,7.0,6.0,5.666666666666667,3.0,2.75,5.0,4.5,3.5,3.0,3.75,2.75,3.0,2.5,3.0,2.5,3.0,1.0
1,3,2.0,26.0,1.0,1.0,4.0,1.0,3.0,26.0,30.0,3.0,115.38461538461537,2030.0,1794.52,18.01775147928994,15.615384615384615,1.0,1.0,1.0,0.0,1,2.0,7.0,0.0,,,,,23.0,55.0,5.0,17.0,4.0,4.0,3.0,3.75,3.3333333333333335,3.6,3.0,3.6666666666666665,1.6666666666666667,3.6666666666666665,5.0,4.333333333333333,3.0,1.0,3.0,3.0,2.0,3.0,3.25,2.0,3.0,3.25,3.5,3.25,2.0,1.0
1,3,2.0,33.0,2.0,1.0,4.0,6.0,3.0,30.0,45.0,3.0,150.0,2400.0,2121.6,18.46153846153846,12.307692307692307,1.0,1.0,3.0,5.0,1,10.0,8.0,5.0,,,,,51.73737373737374,23.575757575757578,8.222222222222221,9.01010101010101,1.0,1.0,2.5,2.0,2.6666666666666665,2.0,3.5,2.3333333333333335,2.0,4.0,6.25,7.0,2.3333333333333335,3.75,4.0,3.25,2.75,3.75,3.5,2.75,3.25,2.75,3.75,3.75,4.0,1.0
1,3,2.0,31.0,3.0,1.0,4.0,4.0,3.0,40.0,58.0,3.0,145.0,4200.0,3712.8,24.230769230769234,16.71087533156499,1.0,1.0,1.0,0.0,1,14.0,6.0,3.0,,,,,23.833333333333336,35.0,11.8,29.366666666666667,3.0,5.0,3.0,2.25,4.0,3.4,3.0,1.666666666666667,1.6666666666666667,4.666666666666667,5.75,6.0,2.0,1.5,2.75,2.25,2.25,3.0,2.5,4.25,2.75,4.5,3.25,2.75,2.0,1.0
1,3,2.0,34.0,2.0,1.0,4.0,11.0,1.0,30.0,30.0,1.0,100.0,2600.0,2298.4,20,20.0,1.0,2.0,1.0,0.0,1,13.0,7.0,4.0,,,,,37.25,21.25,14.0,27.5,3.0,4.0,2.5,4.75,4.333333333333333,3.0,2.0,4.666666666666667,3.3333333333333335,5.333333333333333,4.25,6.0,2.3333333333333335,3.25,2.5,1.75,2.25,4.0,3.0,3.0,3.0,4.0,3.25,2.5,2.0,1.0
2,4,1.0,36.0,2.0,2.0,1.0,5.0,3.0,40.0,55.0,3.0,137.5,1666.3889351774703,1846.3589401766371,9.613782318331559,6.991841686059316,1.0,1.0,1.0,0.0,1,5.0,7.0,8.0,,,,,40.36363636363636,34.86060606060606,6.507070707070707,11.343434343434343,4.0,3.0,3.0,4.0,3.0,2.8,3.5,6.0,5.0,5.666666666666667,5.75,4.0,4.666666666666667,2.5,5.0,5.0,4.0,3.25,3.25,3.0,2.75,1.6666666666666667,3.5,3.3333333333333335,3.8,2.0
2,4,2.0,28.0,2.0,2.0,2.0,6.0,1.0,40.0,40.0,1.0,100.0,2124.6458923512746,2354.107648725212,12.257572455872738,12.257572455872738,2.0,3.0,1.0,0.0,1,12.0,7.0,3.0,,,,,22.166666666666668,55.66666666666667,6.000000000000001,13.166666666666668,4.0,4.0,2.8333333333333335,2.75,3.0,3.0,2.0,4.333333333333333,3.6666666666666665,5.666666666666667,5.75,4.0,3.3333333333333335,4.0,2.0,2.5,2.5,2.75,1.75,3.0,3.5,5.0,3.25,2.75,2.0,2.0
2,2,2.0,28.0,3.0,1.0,1.0,5.0,1.0,40.0,50.0,3.0,125.0,1083.1528078653557,1200.1333111148142,6.248958506915514,4.999166805532411,1.0,3.0,1.0,0.0,1,1.0,7.0,6.0,,,,,28.133333333333333,41.68888888888889,8.666666666666666,16.288888888888888,4.0,2.0,3.3333333333333335,4.5,3.6666666666666665,2.4,3.0,4.0,3.6666666666666665,4.666666666666667,4.75,3.3333333333333335,5.0,2.5,2.5,5.0,3.0,3.25,2.25,2.5,2.5,2.25,3.0,2.75,4.0,1.0
2,2,2.0,47.0,4.0,2.0,1.0,11.0,1.0,40.0,40.0,1.0,100.0,1874.6875520746541,2077.1538076987167,10.815505108123004,10.815505108123004,2.0,3.0,6.0,15.0,1,3.0,8.0,23.0,,,,,35.0,43.5,10.5,11.0,4.0,3.0,2.5,4.25,3.6666666666666665,3.6,3.75,4.666666666666667,7.0,4.666666666666667,6.0,6.666666666666667,2.6666666666666665,3.75,4.25,4.5,4.0,2.25,1.75,2.25,3.0,2.75,3.5,3.25,4.0,1.0
2,2,1.0,51.0,1.0,3.0,1.0,5.0,1.0,40.0,40.0,1.0,100.0,2291.2847858690216,2538.743542742876,13.218950687705894,13.218950687705894,2.0,4.0,1.0,0.0,1,7.0,7.0,3.0,,,,,49.43478260869565,28.456521739130434,5.75,9.98913043478261,2.0,2.0,2.6666666666666665,3.25,1.6666666666666667,2.8,3.75,1.3333333333333335,1.3333333333333333,5.666666666666667,6.0,5.333333333333333,2.6666666666666665,3.5,4.75,3.5,2.0,3.75,4.25,3.25,3.5,4.5,3.0,1.75,1.0,1.0
2,2,2.0,24.0,3.0,1.0,1.0,8.0,2.0,40.0,30.0,2.0,75.0,1208.131978003666,1338.610231628062,6.96999218079038,9.293322907720507,1.0,2.0,1.0,0.0,1,11.0,6.0,0.0,,,,,25.285714285714285,48.85714285714286,5.5,17.785714285714285,2.0,4.0,3.0,3.0,4.333333333333333,2.8,2.25,5.666666666666667,5.0,5.333333333333333,3.75,4.666666666666667,2.6666666666666665,3.25,1.25,3.0,1.75,4.0,4.0,3.25,3.75,4.0,3.0,3.5,2.0,1.0
2,2,1.0,43.0,1.0,2.0,1.0,5.0,1.0,40.0,40.0,1.0,100.0,1666.3889351774703,1846.3589401766371,9.613782318331559,9.613782318331559,1.0,1.0,1.0,0.0,1,1.0,4.0,23.0,,,,,53.54978354978355,26.742424242424242,5.6060606060606055,13.030303030303031,2.0,2.0,2.1666666666666665,4.0,4.333333333333333,2.4,3.25,1.3333333333333335,2.0,5.333333333333333,5.75,6.0,3.0,2.0,3.75,4.25,3.0,3.25,3.25,2.75,3.0,3.5,3.0,4.0,4.0,1.0
2,2,2.0,58.0,1.0,1.0,1.0,8.0,1.0,40.0,50.0,3.0,125.0,1374.770871521413,1523.2461256457254,7.9313704126235365,6.345096330098828,1.0,1.0,5.0,10.0,1,6.0,7.0,10.0,,,,,48.33333333333333,20.53333333333333,13.466666666666665,17.666666666666668,4.0,2.0,2.6666666666666665,3.25,3.3333333333333335,2.8,3.5,3.3333333333333335,5.0,2.3333333333333335,4.25,4.0,1.6666666666666667,1.5,4.5,4.5,3.5,3.0,3.0,2.5,2.25,2.25,3.0,3.25,4.0,1.0
2,2,2.0,69.0,2.0,1.0,1.0,8.0,1.0,40.0,41.0,3.0,102.49999999999999,1874.6875520746541,2077.1538076987167,10.815505108123004,10.551712300607809,2.0,3.0,1.0,0.0,1,7.0,7.0,13.0,,,,,44.95454545454545,30.954545454545453,10.754545454545454,13.336363636363636,2.0,3.0,2.1666666666666665,3.75,3.3333333333333335,2.8,3.5,2.3333333333333335,2.0,4.0,5.25,4.666666666666667,2.6666666666666665,2.75,4.0,3.0,3.25,3.25,2.5,2.75,3.0,3.25,3.0,3.25,4.0,1.0
2,2,2.0,45.0,1.0,2.0,3.0,8.0,1.0,40.0,40.0,1.0,100.0,1124.8125312447926,1246.29228461923,6.489303064873804,6.489303064873804,1.0,1.0,1.0,0.0,1,2.0,4.0,23.0,,,,,41.0,35.666666666666664,5.666666666666666,14.666666666666668,3.0,5.0,3.5,2.75,4.0,2.6,3.25,7.0,7.0,6.0,6.0,6.0,3.0,2.5,3.75,4.25,2.75,3.25,3.5,3.0,2.75,3.75,4.25,2.5,3.0,1.0
2,2,2.0,40.0,1.0,2.0,1.0,4.0,2.0,24.0,36.0,3.0,150.0,833.1944675887353,923.1794700883186,8.0114852652763,5.340990176850866,1.0,1.0,1.0,0.0,1,2.0,4.0,12.0,,,,,26.167965367965365,54.3030303030303,8.121212121212121,10.074458874458873,3.0,1.0,3.6666666666666665,2.25,1.3333333333333333,1.4,4.5,5.333333333333333,6.666666666666667,5.666666666666667,4.25,2.3333333333333335,3.3333333333333335,2.25,3.75,3.75,3.5,2.75,2.5,2.5,3.0,1.25,2.5,3.5,4.0,1.0
2,2,2.0,39.0,2.0,2.0,1.0,6.0,2.0,20.0,15.0,2.0,75.0,501.99966672221285,556.2156307282121,5.7923038467947645,7.723071795726353,1.0,2.0,1.0,0.0,1,1.0,7.0,2.0,,,,,36.45897435897436,22.310256410256407,11.833333333333332,21.274358974358975,3.0,5.0,3.0,4.75,3.6666666666666665,2.0,1.5,2.3333333333333335,2.5,3.0,3.5,3.0,3.3333333333333335,3.0,2.75,2.75,2.5,3.75,2.75,2.75,2.25,2.75,3.25,3.25,4.0,1.0
2,2,2.0,54.0,1.0,1.0,1.0,5.0,1.0,40.0,40.0,1.0,100.0,1458.0903182802865,1615.564072654557,8.412059528540114,8.412059528540114,1.0,2.0,1.0,0.0,1,1.0,4.0,15.0,,,,,43.92857142857143,39.0,5.5,10.5,1.0,5.0,2.6666666666666665,4.5,4.666666666666667,3.0,2.25,1.3333333333333335,3.3333333333333335,5.0,5.75,6.0,3.0,1.5,3.0,3.5,3.0,2.5,3.0,2.25,3.25,4.5,3.25,3.5,4.0,1.0
2,2,2.0,39.0,2.0,1.0,1.0,5.0,1.0,40.0,40.0,1.0,100.0,1749.7083819363438,1938.6768871854688,10.094471434248138,10.094471434248138,1.0,2.0,1.0,0.0,1,12.0,7.0,10.0,,,,,34.42857142857143,37.166666666666664,6.999999999999999,12.333333333333334,2.0,4.0,2.5,4.5,4.333333333333333,2.4,3.5,4.0,4.0,3.6666666666666665,5.5,4.0,2.3333333333333335,1.75,2.0,4.0,1.75,2.75,2.5,2.75,2.75,1.25,3.0,3.75,4.0,1.0
2,2,2.0,29.0,1.0,1.0,1.0,5.0,1.0,40.0,65.0,3.0,162.5,1666.3889351774703,1846.3589401766371,9.613782318331559,5.916173734357882,1.0,3.0,1.0,0.0,1,9.0,6.0,5.0,,,,,29.78095238095238,34.78095238095238,8.447619047619046,20.457142857142856,3.0,4.0,2.3333333333333335,3.0,5.0,3.0,4.5,1.666666666666667,1.0,3.6666666666666665,6.25,6.333333333333333,1.6666666666666667,3.75,4.75,4.25,4.0,3.5,2.75,2.75,3.5,4.0,3.25,2.25,3.0,1.0
2,2,1.0,41.0,3.0,1.0,1.0,8.0,2.0,40.0,45.0,3.0,112.5,1583.0694884185968,1754.0409931678053,9.133093202414981,8.118305068813317,1.0,3.0,1.0,0.0,1,6.0,4.0,5.0,,,,,27.345454545454544,40.72727272727273,19.563636363636363,14.363636363636363,3.0,4.0,2.8333333333333335,3.75,3.0,2.2,3.5,1.3333333333333335,1.3333333333333333,5.333333333333333,5.0,4.0,3.0,2.25,4.5,4.0,3.0,3.5,3.5,3.25,2.0,2.25,2.75,3.5,4.0,1.0
2,2,2.0,57.0,1.0,1.0,1.0,5.0,1.0,40.0,55.0,3.0,137.5,1666.3889351774703,1846.3589401766371,9.613782318331559,6.991841686059316,1.0,4.0,1.0,0.0,1,1.0,7.0,24.0,,,,,44.666666666666664,35.666666666666664,11.866666666666667,19.0,5.0,5.0,3.1666666666666665,3.5,3.0,2.0,4.0,5.0,6.0,6.666666666666667,6.5,6.333333333333333,3.0,3.25,5.0,5.0,3.75,3.0,2.5,1.5,2.75,3.5,3.0,3.0,3.0,1.0
2,2,2.0,32.0,3.0,1.0,1.0,5.0,2.0,40.0,40.0,1.0,100.0,1458.0903182802865,1615.564072654557,8.412059528540114,8.412059528540114,1.0,4.0,1.0,0.0,1,1.0,7.0,6.0,,,,,21.333333333333336,40.023809523809526,31.07936507936508,15.063492063492063,4.0,4.0,2.1666666666666665,4.5,2.6666666666666665,2.4,4.75,4.0,2.3333333333333335,5.666666666666667,6.25,4.0,2.6666666666666665,3.0,4.5,4.25,2.25,3.5,2.5,3.0,3.5,3.0,3.25,4.0,3.0,1.0
2,2,2.0,45.0,1.0,2.0,1.0,5.0,1.0,40.0,40.0,1.0,100.0,1583.0694884185968,1754.0409931678053,9.133093202414981,9.133093202414981,2.0,3.0,1.0,0.0,1,12.0,8.0,5.0,,,,,45.5,24.0,9.0,21.5,5.0,2.0,3.3333333333333335,2.75,4.333333333333333,2.4,3.5,5.0,5.0,5.333333333333333,5.0,4.666666666666667,3.0,2.5,3.75,4.75,3.25,3.0,3.0,2.0,2.5,2.0,3.25,3.6666666666666665,3.8,1.0
2,2,1.0,70.0,1.0,1.0,1.0,4.0,1.0,40.0,30.0,2.0,75.0,1041.4930844859189,1153.974337610398,6.008613948957224,8.0114852652763,1.0,2.0,2.0,30.0,1,1.0,8.0,20.0,,,,,58.5,16.5,5.0,13.0,2.0,4.0,2.1666666666666665,2.75,3.6666666666666665,2.4,3.25,1.666666666666667,1.0,4.333333333333333,5.75,5.333333333333333,1.6666666666666667,2.0,1.0,2.25,2.0,3.75,2.25,2.25,3.0,3.25,2.75,2.0,2.0,1.0
2,2,2.0,41.0,1.0,2.0,1.0,5.0,1.0,20.0,25.0,3.0,125.0,583.2361273121146,646.2256290618229,6.729647622832092,5.383718098265673,1.0,3.0,1.0,0.0,1,1.0,4.0,6.0,,,,,36.8095238095238,29.857142857142858,13.93859649122807,6.0,3.0,4.0,3.1666666666666665,5.0,3.3333333333333335,1.8,4.0,3.0,1.3333333333333333,2.3333333333333335,5.5,3.0,1.3333333333333333,1.0,3.75,4.0,2.5,4.25,2.0,2.75,1.5,2.0,2.5,3.25,4.0,1.0
2,2,2.0,36.0,1.0,2.0,1.0,5.0,1.0,40.0,40.0,1.0,100.0,1749.7083819363438,1938.6768871854688,10.094471434248138,10.094471434248138,1.0,3.0,1.0,0.0,1,9.0,7.0,1.0,,,,,36.0,36.5,15.0,10.0,5.0,5.0,2.5,1.75,3.6666666666666665,2.8,3.5,1.3333333333333335,1.0,3.0,5.5,5.0,2.6666666666666665,3.0,2.5,3.0,3.25,3.0,2.75,2.25,3.0,4.25,3.0,3.0,2.4,1.0
2,2,1.0,51.0,3.0,1.0,1.0,4.0,1.0,8.0,12.0,3.0,150.0,104.14930844859191,115.39743376103979,3.004306974478612,2.002871316319075,1.0,2.0,6.0,40.0,1,11.0,7.0,4.0,,,,,76.0,7.600000000000001,5.6000000000000005,10.799999999999999,4.0,2.0,3.0,4.25,3.6666666666666665,2.4,4.0,3.3333333333333335,2.3333333333333335,4.333333333333333,5.5,6.0,1.3333333333333333,3.5,4.5,3.25,3.75,3.75,3.75,2.75,3.5,4.25,3.5,3.25,3.0,1.0
2,2,2.0,56.0,1.0,2.0,1.0,11.0,1.0,40.0,40.0,1.0,100.0,3124.479253457757,3461.9230128311947,18.025841846871675,18.025841846871675,2.0,4.0,1.0,0.0,1,9.0,7.0,32.0,,,,,35.92424242424242,23.31818181818182,12.318181818181818,28.075757575757574,4.0,3.0,2.5,3.75,4.666666666666667,3.6,3.75,2.3333333333333335,4.333333333333333,4.333333333333333,5.5,6.333333333333333,2.6666666666666665,3.25,3.75,3.75,2.0,4.0,4.0,3.75,3.25,4.25,3.5,2.25,1.0,1.0
2,2,2.0,42.0,1.0,1.0,1.0,1.0,1.0,40.0,40.0,1.0,100.0,1999.6667222129645,2215.630728211964,11.536538781997873,11.536538781997873,1.0,2.0,1.0,0.0,1,8.0,7.0,6.0,,,,,33.166666666666664,35.666666666666664,12.166666666666668,16.5,4.0,4.0,2.6666666666666665,4.0,4.666666666666667,3.2,3.5,1.666666666666667,1.6666666666666667,2.6666666666666665,5.75,5.0,2.0,4.25,3.75,3.5,3.0,3.5,4.0,3.25,3.25,4.0,3.0,3.0,1.0,1.0
2,2,1.0,45.0,1.0,2.0,1.0,1.0,1.0,40.0,40.0,1.0,100.0,2041.3264455924011,2261.7897017163805,11.77688333995616,11.77688333995616,2.0,4.0,1.0,0.0,1,3.0,7.0,18.0,,,,,47.0,19.0,8.0,14.5,3.0,4.0,2.6666666666666665,3.5,3.6666666666666665,3.0,1.75,3.0,3.3333333333333335,2.6666666666666665,3.75,4.333333333333333,2.0,2.0,2.75,2.75,2.75,3.5,3.5,3.0,2.75,4.25,3.0,3.0,2.0,1.0
2,2,2.0,45.0,2.0,2.0,1.0,6.0,1.0,40.0,40.0,1.0,100.0,1249.7917013831027,1384.7692051324777,7.210336738748668,7.210336738748668,1.0,1.0,1.0,0.0,1,1.0,5.0,14.0,,,,,33.5,30.0,20.0,16.5,3.0,4.0,2.8333333333333335,4.25,4.666666666666667,3.2,3.0,5.0,5.0,5.333333333333333,4.75,5.0,2.6666666666666665,2.25,3.0,3.75,3.25,2.75,2.75,2.5,2.5,3.75,3.75,3.5,4.0,1.0
2,2,2.0,37.0,2.0,1.0,1.0,1.0,2.0,40.0,40.0,1.0,100.0,1166.4722546242292,1292.4512581236459,6.729647622832092,6.729647622832092,1.0,1.0,1.0,0.0,1,2.0,7.0,9.0,,,,,45.121212121212125,31.742424242424242,2.6060606060606073,13.530303030303031,4.0,4.0,2.8333333333333335,4.0,4.0,2.8,3.5,2.6666666666666665,4.666666666666667,5.333333333333333,6.25,7.0,3.0,2.75,2.25,3.25,2.5,3.5,3.25,3.5,2.75,2.25,3.5,3.5,4.0,1.0
2,2,2.0,47.0,1.0,2.0,3.0,3.0,1.0,20.0,20.0,1.0,100.0,520.7465422429598,576.987168805199,6.008613948957224,6.008613948957224,1.0,3.0,4.0,100.0,1,1.0,8.0,11.0,,,,,22.333333333333332,8.5,27.0,14.166666666666668,4.0,5.0,2.1666666666666665,4.5,4.666666666666667,3.6,2.0,1.0,1.3333333333333333,1.333333333333333,4.25,6.0,1.0,1.75,1.0,2.5,2.0,3.0,3.0,3.25,3.5,5.0,3.0,3.25,2.0,1.0
2,2,2.0,64.0,1.0,1.0,1.0,1.0,1.0,40.0,40.0,1.0,100.0,1041.4930844859189,1153.974337610398,6.008613948957224,6.008613948957224,1.0,1.0,1.0,0.0,1,3.0,7.0,0.0,,,,,46.88297872340426,18.127659574468083,7.5,18.51063829787234,3.0,3.0,2.6666666666666665,2.75,3.0,2.8,3.0,1.9999999999999998,2.3333333333333335,2.0,2.75,4.0,3.0,1.5,2.0,3.0,1.5,4.5,4.75,2.5,3.5,4.75,3.5,2.5,2.0,1.0
2,2,2.0,29.0,3.0,1.0,1.0,11.0,2.0,40.0,40.0,1.0,100.0,1124.8125312447926,1246.29228461923,6.489303064873804,6.489303064873804,1.0,2.0,1.0,0.0,1,3.0,7.0,3.0,,,,,53.42857142857143,28.5,5.0,11.999999999999998,3.0,4.0,3.0,3.25,3.3333333333333335,3.4,2.75,3.3333333333333335,4.0,6.0,6.0,6.333333333333333,2.6666666666666665,2.5,3.0,2.5,3.0,3.75,2.75,1.5,2.25,3.0,3.25,3.75,4.0,1.0
2,2,2.0,27.0,2.0,1.0,1.0,1.0,2.0,40.0,40.0,1.0,100.0,1249.7917013831027,1384.7692051324777,7.210336738748668,7.210336738748668,1.0,2.0,1.0,0.0,1,2.0,7.0,3.0,,,,,43.42857142857143,40.75,6.5,8.25,3.0,5.0,2.5,4.75,4.333333333333333,2.4,3.0,5.333333333333333,2.3333333333333335,4.666666666666667,5.5,6.0,2.6666666666666665,2.25,2.25,2.5,2.75,3.5,1.75,2.75,2.5,2.0,2.25,3.25,4.0,1.0
2,2,2.0,40.0,1.0,2.0,1.0,11.0,1.0,25.0,25.0,1.0,100.0,624.8958506915515,692.3846025662388,5.768269390998935,5.768269390998935,1.0,1.0,1.0,0.0,1,3.0,6.0,5.0,,,,,21.6,49.0,22.5,4.399999999999999,2.0,1.0,2.6666666666666665,2.5,4.333333333333333,3.2,2.5,4.666666666666667,2.5,5.0,5.75,6.666666666666667,3.0,1.75,1.5,3.25,1.5,4.0,3.0,2.5,2.0,3.75,2.25,3.6666666666666665,2.4,1.0
2,2,2.0,50.0,1.0,2.0,1.0,11.0,2.0,40.0,40.0,1.0,100.0,1291.4514247625395,1430.9281786368938,7.450681296706959,7.450681296706959,1.0,1.0,1.0,0.0,1,7.0,4.0,2.0,,,,,50.5,14.250000000000004,9.25,19.5,2.0,2.0,2.8333333333333335,1.75,2.3333333333333335,2.6,3.75,4.333333333333333,4.333333333333333,4.666666666666667,4.25,5.0,3.3333333333333335,1.75,3.75,3.75,2.5,3.75,3.75,2.5,2.5,2.75,3.0,3.0,4.0,1.0
2,2,1.0,39.0,3.0,1.0,1.0,11.0,1.0,40.0,40.0,1.0,100.0,1333.1111481419762,1477.0871521413096,7.691025854665247,7.691025854665247,1.0,1.0,1.0,0.0,1,5.0,5.0,7.0,,,,,43.31578947368421,24.710526315789473,13.210526315789473,18.763157894736842,3.0,2.0,2.8333333333333335,4.5,4.333333333333333,3.8,3.75,5.666666666666667,3.0,5.666666666666667,5.25,5.666666666666667,4.0,3.25,3.25,2.25,2.75,3.5,3.5,2.75,2.25,3.0,3.5,2.25,4.0,1.0
2,2,2.0,47.0,5.0,2.0,1.0,11.0,1.0,30.0,30.0,1.0,100.0,958.1736377270454,1061.6563906015665,7.370566444054195,7.370566444054195,1.0,1.0,1.0,0.0,1,11.0,7.0,22.0,,,,,52.5,13.666666666666668,14.166666666666666,13.666666666666668,3.0,3.0,3.5,3.5,3.6666666666666665,3.4,2.5,3.6666666666666665,4.0,3.3333333333333335,3.5,4.0,3.3333333333333335,2.0,1.25,2.25,2.25,3.75,2.5,3.25,2.75,2.25,3.25,3.0,2.0,1.0
2,2,1.0,39.0,1.0,2.0,1.0,11.0,1.0,40.0,50.0,3.0,125.0,3332.7778703549407,3692.7178803532743,19.227564636663118,15.382051709330494,2.0,4.0,5.0,10.0,1,5.0,6.0,10.0,,,,,25.20090439276486,36.678940568475454,18.594573643410854,19.10891472868217,1.0,4.0,2.3333333333333335,2.5,3.6666666666666665,3.4,4.0,2.3333333333333335,3.3333333333333335,5.333333333333333,5.25,4.333333333333333,2.3333333333333335,2.25,2.75,2.5,3.0,3.0,4.0,3.25,3.5,4.25,3.5,4.0,2.8,1.0
2,2,2.0,41.0,1.0,2.0,1.0,6.0,1.0,40.0,40.0,1.0,100.0,1333.1111481419762,1477.0871521413096,7.691025854665247,7.691025854665247,1.0,3.0,1.0,0.0,1,6.0,7.0,12.0,,,,,49.0,34.0,12.5,15.5,4.0,2.0,3.3333333333333335,2.75,3.0,2.8,3.0,5.333333333333333,4.666666666666667,5.0,4.0,3.6666666666666665,3.6666666666666665,3.25,3.0,4.0,2.6666666666666665,2.6666666666666665,3.0,2.5,3.0,3.0,3.0,3.3333333333333335,3.0,1.0
2,2,2.0,35.0,1.0,1.0,1.0,8.0,1.0,40.0,40.0,1.0,100.0,1499.7500416597234,1661.7230461589734,8.652404086498404,8.652404086498404,1.0,2.0,5.0,20.0,1,7.0,5.0,4.0,,,,,31.5,45.0,8.5,15.0,3.0,4.0,2.8333333333333335,2.0,4.0,2.8,2.75,2.3333333333333335,2.0,4.333333333333333,3.75,3.6666666666666665,2.0,2.75,2.75,4.0,2.5,4.0,2.5,3.0,2.25,4.25,3.5,2.0,2.0,1.0
2,2,2.0,60.0,1.0,1.0,1.0,11.0,1.0,40.0,40.0,1.0,100.0,1874.6875520746541,2077.1538076987167,10.815505108123004,10.815505108123004,1.0,2.0,1.0,0.0,1,5.0,7.0,31.0,,,,,54.5,9.0,1.5,15.0,3.0,4.0,2.8333333333333335,4.0,3.3333333333333335,3.6,1.0,4.333333333333333,1.6666666666666667,1.5,2.75,3.0,3.3333333333333335,1.75,1.5,2.75,1.75,3.0,1.75,2.5,2.25,4.25,3.25,3.25,2.0,1.0
2,2,2.0,36.0,2.0,1.0,1.0,5.0,1.0,40.0,40.0,1.0,100.0,1458.0903182802865,1615.564072654557,8.412059528540114,8.412059528540114,1.0,3.0,3.0,20.0,1,8.0,8.0,12.0,,,,,32.5,21.000000000000004,4.499999999999999,16.5,3.0,5.0,2.5,5.0,4.333333333333333,2.6,3.75,3.3333333333333335,3.0,3.6666666666666665,4.25,3.3333333333333335,3.3333333333333335,3.75,4.25,5.0,3.25,3.75,4.0,2.75,3.5,4.75,3.25,2.5,3.0,1.0
2,2,2.0,42.0,1.0,2.0,1.0,8.0,1.0,40.0,40.0,1.0,100.0,1374.770871521413,1523.2461256457254,7.9313704126235365,7.9313704126235365,1.0,1.0,1.0,0.0,1,8.0,7.0,2.0,,,,,28.499999999999996,45.5,4.500000000000001,13.0,3.0,4.0,2.3333333333333335,2.5,3.3333333333333335,2.2,1.75,5.333333333333333,5.333333333333333,5.333333333333333,4.0,3.3333333333333335,3.0,1.75,1.0,3.25,2.25,3.5,2.75,2.25,3.5,4.0,3.25,3.25,2.0,1.0
2,2,1.0,43.0,2.0,2.0,1.0,8.0,1.0,40.0,40.0,1.0,100.0,1595.567405432428,1767.8886852191301,9.20519656980247,9.20519656980247,1.0,1.0,1.0,0.0,1,5.0,7.0,5.0,,,,,32.0,33.0,2.5,14.0,1.0,5.0,2.6666666666666665,3.0,2.3333333333333335,2.8,2.75,4.0,4.0,4.0,3.75,4.0,4.0,3.0,3.0,3.0,2.25,3.25,2.75,2.75,3.25,4.5,3.5,2.75,2.0,1.0
2,2,2.0,47.0,1.0,2.0,1.0,4.0,2.0,40.0,40.0,1.0,100.0,1041.4930844859189,1153.974337610398,6.008613948957224,6.008613948957224,1.0,1.0,1.0,0.0,1,7.0,4.0,6.0,,,,,30.5,42.0,5.5,15.0,3.0,3.0,3.3333333333333335,2.25,3.0,3.0,3.5,1.9999999999999998,3.6666666666666665,4.0,4.0,3.6666666666666665,4.0,2.5,3.5,4.0,2.75,2.25,2.0,1.5,3.0,2.25,3.25,3.25,4.0,1.0
2,2,2.0,44.0,1.0,2.0,1.0,4.0,1.0,40.0,40.0,1.0,100.0,958.1736377270454,1061.6563906015665,5.527924833040647,5.527924833040647,1.0,1.0,1.0,0.0,1,7.0,4.0,4.0,,,,,39.5,34.5,10.0,13.0,3.0,3.0,3.1666666666666665,3.0,3.0,2.2,2.75,1.9999999999999998,2.3333333333333335,1.0,3.0,2.0,3.6666666666666665,2.75,2.75,4.75,2.25,3.25,2.25,2.0,2.75,1.5,3.25,3.25,4.0,1.0
2,2,2.0,50.0,2.0,1.0,1.0,11.0,2.0,40.0,40.0,1.0,100.0,1374.770871521413,1523.2461256457254,7.9313704126235365,7.9313704126235365,1.0,1.0,1.0,0.0,1,8.0,4.0,2.0,,,,,45.0,29.0,10.0,13.0,5.0,4.0,2.6666666666666665,5.0,4.333333333333333,3.8,2.75,5.333333333333333,7.0,7.0,5.25,5.0,3.0,3.0,4.75,5.0,3.5,3.25,4.0,2.25,2.75,4.0,3.5,2.75,3.0,1.0
2,2,1.0,59.0,1.0,1.0,1.0,5.0,1.0,40.0,55.0,3.0,137.5,1333.1111481419762,1477.0871521413096,7.691025854665247,5.593473348847452,1.0,3.0,3.0,20.0,1,4.0,5.0,3.5,,,,,34.42377622377622,33.53846153846154,19.195804195804193,21.56923076923077,5.0,4.0,3.5,3.75,4.0,2.6,3.5,3.3333333333333335,3.0,5.333333333333333,5.75,6.333333333333333,2.0,2.75,4.0,3.5,3.5,3.75,4.0,3.75,3.25,4.0,3.0,2.5,3.0,1.0
2,2,2.0,45.0,1.0,2.0,1.0,5.0,1.0,30.0,30.0,1.0,100.0,770.70488251958,853.9410098316946,5.928499096304463,5.928499096304462,1.0,2.0,3.0,10.0,1,1.0,5.0,9.0,,,,,13.600000000000001,49.00714285714286,9.857142857142858,27.335714285714285,4.0,4.0,3.1666666666666665,4.0,3.3333333333333335,3.0,3.75,4.333333333333333,2.3333333333333335,4.666666666666667,5.0,3.6666666666666665,3.0,2.25,3.25,3.25,3.0,3.5,3.0,2.75,2.75,3.75,3.5,3.75,4.0,1.0
2,2,1.0,46.0,1.0,2.0,3.0,3.0,2.0,40.0,40.0,1.0,100.0,1208.131978003666,1338.610231628062,6.96999218079038,6.9699921807903795,1.0,2.0,1.0,0.0,1,2.0,7.0,14.0,,,,,48.5,22.200000000000003,12.5,14.3,3.0,3.0,2.8333333333333335,2.25,3.0,3.0,3.25,2.6666666666666665,2.3333333333333335,3.3333333333333335,4.25,5.333333333333333,2.3333333333333335,2.5,3.5,4.25,3.5,3.5,2.75,3.25,3.0,3.25,3.25,2.75,3.0,1.0
2,2,2.0,52.0,1.0,2.0,1.0,4.0,1.0,40.0,40.0,1.0,100.0,1287.2854524245959,1426.3122812864522,7.42664684091113,7.42664684091113,1.0,1.0,1.0,0.0,1,11.0,8.0,12.0,,,,,49.0,26.5,11.5,13.0,4.0,3.0,3.0,4.25,4.333333333333333,3.2,2.75,4.333333333333333,5.0,4.666666666666667,4.25,5.333333333333333,2.6666666666666665,2.0,3.0,4.0,2.0,3.5,3.75,2.75,3.25,4.0,3.25,3.0,2.0,1.0
2,2,2.0,43.0,1.0,2.0,1.0,3.0,2.0,40.0,40.0,1.0,100.0,1458.0903182802865,1615.564072654557,8.412059528540114,8.412059528540114,1.0,2.0,1.0,0.0,1,12.0,7.0,0.0,,,,,23.5,48.0,11.5,17.0,2.0,5.0,2.8333333333333335,4.0,3.3333333333333335,2.8,2.5,1.0,2.0,6.0,6.25,5.333333333333333,2.6666666666666665,3.25,2.75,3.5,2.5,3.5,3.75,3.75,3.25,4.5,3.25,2.5,2.0,1.0
2,2,2.0,36.0,1.0,2.0,1.0,3.0,1.0,40.0,50.0,3.0,125.0,1999.6667222129645,2215.630728211964,11.536538781997873,9.229231025598297,2.0,4.0,1.0,0.0,1,14.0,4.0,14.0,,,,,37.56818181818181,17.404545454545453,6.5,29.77727272727273,3.0,3.0,3.1666666666666665,3.25,3.0,3.8,4.25,4.0,2.6666666666666665,5.0,6.0,3.0,4.333333333333333,2.75,4.25,4.25,3.25,3.5,3.0,3.5,3.0,4.0,3.5,2.5,1.0,1.0
2,2,2.0,25.0,3.0,1.0,1.0,11.0,2.0,40.0,50.0,3.0,125.0,1666.3889351774703,1846.3589401766371,9.613782318331559,7.691025854665247,2.0,2.0,3.0,20.0,1,7.0,7.0,3.0,,,,,26.833333333333332,55.14545454545455,14.854545454545454,7.833333333333332,5.0,1.0,3.5,1.5,3.0,2.4,4.0,5.333333333333333,6.0,5.333333333333333,5.25,5.0,2.6666666666666665,4.5,4.75,4.75,3.0,3.5,3.25,4.25,2.25,4.0,4.0,3.5,3.0,1.0
2,2,2.0,61.0,4.0,3.0,1.0,11.0,1.0,40.0,40.0,1.0,100.0,1041.4930844859189,1153.974337610398,6.008613948957224,6.008613948957224,1.0,3.0,1.0,0.0,1,3.0,7.0,13.0,,,,,58.33333333333333,20.500000000000004,3.833333333333334,12.333333333333334,3.0,3.0,2.8333333333333335,2.75,4.0,2.8,3.0,3.6666666666666665,4.666666666666667,3.3333333333333335,5.5,5.666666666666667,2.6666666666666665,2.5,3.5,4.25,3.0,3.5,3.75,2.75,3.25,4.25,3.0,2.75,1.0,1.0
2,2,2.0,40.0,1.0,2.0,1.0,3.0,2.0,40.0,40.0,1.0,100.0,1333.1111481419762,1477.0871521413096,7.691025854665247,7.691025854665247,1.0,1.0,1.0,0.0,1,1.0,6.0,3.0,,,,,34.5,41.0,6.5,10.0,2.0,3.0,2.5,4.0,4.0,4.0,3.0,4.0,3.6666666666666665,5.333333333333333,3.5,3.0,3.0,1.75,3.0,3.75,1.75,3.25,2.0,3.5,2.25,5.0,4.0,3.25,2.0,1.0
2,2,1.0,40.0,2.0,2.0,1.0,1.0,3.0,40.0,40.0,1.0,100.0,1249.7917013831027,1384.7692051324777,7.210336738748668,7.210336738748668,1.0,1.0,5.0,0.0,1,10.0,6.0,3.0,,,,,40.5,38.50000000000001,4.0,12.0,2.0,2.0,3.6666666666666665,1.0,1.0,2.2,3.5,1.9999999999999998,1.3333333333333333,1.0,1.75,1.6666666666666667,5.0,1.5,2.75,3.5,2.0,3.5,2.0,2.5,3.0,2.75,2.75,3.75,4.0,1.0
2,2,2.0,30.0,1.0,1.0,1.0,5.0,1.0,40.0,40.0,1.0,100.0,1291.4514247625395,1430.9281786368938,7.450681296706959,7.450681296706959,1.0,3.0,5.0,6.0,1,1.0,7.0,3.0,,,,,17.500000000000004,57.25,4.0,18.75,4.0,5.0,2.6666666666666665,3.25,3.3333333333333335,3.2,2.5,3.6666666666666665,3.0,3.0,4.75,4.0,3.3333333333333335,1.25,2.25,3.5,2.25,3.25,3.25,3.0,2.25,4.25,3.0,2.5,2.0,1.0
2,2,1.0,30.0,1.0,1.0,1.0,11.0,1.0,40.0,40.0,1.0,100.0,1958.0069988335276,2169.471754707549,11.296194224039583,11.296194224039583,1.0,4.0,1.0,0.0,1,8.0,7.0,5.0,,,,,40.43478260869565,27.956521739130434,13.5,17.23913043478261,3.0,4.0,2.8333333333333335,3.5,3.6666666666666665,3.0,3.75,4.666666666666667,2.6666666666666665,5.333333333333333,4.75,4.666666666666667,2.3333333333333335,4.0,3.0,4.0,2.0,3.75,3.5,2.5,3.5,3.25,2.5,2.0,1.0,1.0
2,2,2.0,49.0,1.0,2.0,3.0,11.0,1.0,40.0,40.0,1.0,100.0,1083.1528078653557,1200.1333111148142,6.248958506915514,6.248958506915514,1.0,2.0,5.0,1.0,1,13.0,7.0,15.0,,,,,36.0,33.5,7.5,10.0,3.0,3.0,3.0,2.75,2.6666666666666665,2.8,2.5,3.3333333333333335,5.0,4.333333333333333,5.25,5.0,3.6666666666666665,2.5,3.0,3.75,2.5,2.75,3.5,2.75,2.75,5.0,3.25,2.75,2.0,1.0
2,2,2.0,33.0,1.0,2.0,1.0,11.0,1.0,40.0,50.0,3.0,125.0,1249.7917013831027,1384.7692051324777,7.210336738748668,5.768269390998935,1.0,3.0,3.0,0.0,1,12.0,7.0,0.0,,,,,30.833333333333332,44.77777777777778,8.333333333333334,11.555555555555555,4.0,3.0,2.6666666666666665,4.25,4.666666666666667,3.2,2.5,1.0,2.3333333333333335,5.666666666666667,6.25,7.0,2.6666666666666665,1.75,3.0,4.25,1.75,4.0,1.75,2.25,2.25,4.75,3.0,2.3333333333333335,2.0,1.0
2,2,2.0,42.0,1.0,2.0,1.0,5.0,1.0,40.0,40.0,1.0,100.0,1499.7500416597234,1661.7230461589734,8.652404086498404,8.652404086498404,1.0,1.0,1.0,0.0,1,8.0,7.0,1.0,,,,,42.5,23.0,10.0,13.0,3.0,2.0,2.8333333333333335,3.5,3.6666666666666665,2.4,3.25,3.6666666666666665,3.0,4.0,4.0,3.6666666666666665,4.0,2.5,3.75,3.75,2.0,3.25,2.75,3.0,3.25,3.5,3.25,3.25,2.0,1.0
2,2,2.0,50.0,1.0,2.0,1.0,11.0,1.0,40.0,40.0,1.0,100.0,1458.0903182802865,1615.564072654557,8.412059528540114,8.412059528540114,1.0,1.0,1.0,0.0,1,8.0,4.0,12.0,,,,,24.5,41.75,10.5,23.25,4.0,4.0,2.8333333333333335,4.25,4.333333333333333,3.6,3.0,4.0,4.333333333333333,5.0,4.5,4.333333333333333,2.3333333333333335,1.5,3.25,4.0,2.75,3.5,4.0,3.5,3.0,4.0,3.0,3.25,2.0,1.0
2,2,2.0,39.0,1.0,2.0,1.0,11.0,1.0,40.0,35.0,2.0,87.5,1333.1111481419762,1477.0871521413096,7.691025854665247,8.78974383390314,1.0,2.0,1.0,0.0,1,12.0,7.0,2.0,,,,,33.0,53.5,8.0,5.5,2.0,4.0,2.3333333333333335,4.75,4.666666666666667,2.8,2.25,2.3333333333333335,2.6666666666666665,4.5,4.75,5.333333333333333,3.0,2.25,1.5,2.5,2.25,3.0,2.5,2.5,3.5,5.0,3.5,2.25,2.0,1.0
2,2,1.0,30.0,2.0,1.0,1.0,11.0,2.0,40.0,40.0,1.0,100.0,1166.4722546242292,1292.4512581236459,6.729647622832092,6.729647622832092,2.0,2.0,7.0,40.0,1,3.0,7.0,1.5,,,,,33.0,17.750000000000004,14.75,29.0,2.0,3.0,2.5,3.75,3.6666666666666665,3.2,3.0,3.6666666666666665,5.666666666666667,4.666666666666667,4.0,3.6666666666666665,3.3333333333333335,2.5,3.5,4.0,2.25,2.5,3.25,3.75,2.5,2.75,3.0,3.25,4.0,1.0
2,2,2.0,42.0,1.0,2.0,1.0,1.0,1.0,40.0,45.0,3.0,112.5,1458.0903182802865,1615.564072654557,8.412059528540114,7.4773862475912125,1.0,2.0,1.0,0.0,1,6.0,7.0,2.0,,,,,39.40178846746839,28.052913968547642,14.82524998898727,16.868983745209462,3.0,2.0,3.3333333333333335,3.0,3.3333333333333335,2.8,3.5,1.666666666666667,1.0,5.333333333333333,4.75,5.666666666666667,2.6666666666666665,2.5,4.25,4.25,3.25,3.5,4.0,2.5,2.25,2.75,3.25,2.5,4.0,1.0
2,2,2.0,59.0,2.0,3.0,1.0,11.0,1.0,40.0,40.0,1.0,100.0,2416.263956007332,2677.220463256124,13.93998436158076,13.93998436158076,2.0,2.0,1.0,0.0,1,14.0,7.0,6.0,,,,,53.0,26.0,5.0,14.5,3.0,4.0,2.8333333333333335,3.75,4.0,3.2,2.75,1.0,1.3333333333333333,6.0,5.75,6.0,2.6666666666666665,3.75,4.25,4.75,4.0,4.5,4.25,2.5,3.5,4.5,3.0,1.5,1.0,1.0
2,2,2.0,33.0,2.0,1.0,1.0,11.0,1.0,40.0,40.0,1.0,100.0,1666.3889351774703,1846.3589401766371,9.613782318331559,9.613782318331559,2.0,3.0,1.0,0.0,1,14.0,7.0,4.0,,,,,44.5,22.5,19.5,11.0,3.0,5.0,2.3333333333333335,5.0,5.0,3.8,2.75,4.333333333333333,4.333333333333333,6.333333333333333,5.5,6.333333333333333,2.3333333333333335,2.5,3.75,4.0,2.75,3.25,3.25,2.5,3.25,4.25,3.75,3.75,4.0,1.0
2,2,2.0,34.0,2.0,1.0,1.0,1.0,1.0,40.0,40.0,1.0,100.0,1166.4722546242292,1292.4512581236459,6.729647622832092,6.729647622832092,1.0,1.0,1.0,0.0,1,12.0,7.0,4.0,,,,,29.0,27.0,12.5,15.5,3.0,3.0,2.8333333333333335,2.5,3.6666666666666665,3.0,3.0,4.0,4.0,4.0,4.5,4.666666666666667,2.6666666666666665,3.25,4.25,4.0,3.25,3.0,3.25,2.75,2.75,3.75,3.5,2.75,3.0,1.0
2,2,2.0,32.0,3.0,1.0,1.0,6.0,1.0,40.0,40.0,1.0,100.0,2082.9861689718377,2307.948675220796,12.017227897914449,12.017227897914449,1.0,4.0,1.0,0.0,1,8.0,4.0,1.0,,,,,63.0,21.000000000000004,6.0,8.999999999999998,3.0,2.0,2.8333333333333335,3.0,3.0,3.4,4.5,4.0,3.0,5.666666666666667,6.0,6.0,3.3333333333333335,4.0,4.5,4.25,3.0,3.25,3.75,2.5,3.0,4.0,3.75,2.25,3.0,1.0
2,2,2.0,35.0,3.0,1.0,1.0,6.0,1.0,40.0,40.0,1.0,100.0,1458.0903182802865,1615.564072654557,8.412059528540114,8.412059528540114,1.0,3.0,1.0,0.0,1,6.0,7.0,7.0,,,,,36.5,51.83333333333333,8.0,13.166666666666668,3.0,4.0,3.0,5.0,3.6666666666666665,3.6,3.25,6.0,6.333333333333332,1.666666666666667,2.75,3.6666666666666665,3.0,1.25,1.5,2.25,1.75,2.5,1.0,2.25,2.75,3.5,3.0,3.25,4.0,1.0
2,2,1.0,43.6,1.0,2.0,3.0,1.0,1.0,40.0,40.0,1.0,100.0,1666.3889351774703,1846.3589401766371,9.613782318331559,9.613782318331559,1.0,4.0,1.0,0.0,1,4.0,7.0,2.0,,,,,41.5,37.33333333333333,12.722222222222223,19.0,4.0,3.0,2.8333333333333335,3.25,3.3333333333333335,2.6,3.25,6.0,5.333333333333333,4.666666666666667,4.0,3.3333333333333335,4.0,2.75,3.5,4.25,3.25,3.0,3.0,2.5,3.0,2.75,3.5,3.25,4.0,1.0
2,2,1.0,30.0,3.0,1.0,1.0,1.0,1.0,40.0,30.0,2.0,75.0,854.0243292784535,946.2589568405265,4.927063438144925,6.569417917526566,1.0,1.0,5.0,25.0,1,2.0,4.0,5.0,,,,,28.8,31.75,8.85,19.1,2.0,3.0,3.1666666666666665,3.75,3.3333333333333335,2.6,3.0,4.0,2.6666666666666665,2.6666666666666665,1.75,1.0,4.333333333333333,4.75,3.5,4.5,3.0,2.5,2.0,2.25,2.25,2.75,3.0,3.0,3.0,1.0
2,2,2.0,44.0,4.0,2.0,1.0,1.0,2.0,40.0,40.0,1.0,100.0,1749.7083819363438,1938.6768871854688,10.094471434248138,10.094471434248138,1.0,2.0,1.0,0.0,1,11.0,8.0,10.0,,,,,29.955555555555556,40.16666666666667,13.455555555555556,16.42222222222222,2.0,3.0,2.1666666666666665,2.75,1.6666666666666667,3.2,3.5,2.3333333333333335,4.0,3.6666666666666665,5.0,6.333333333333333,2.6666666666666665,3.75,3.0,3.5,3.75,3.75,2.5,3.25,3.25,1.75,3.0,2.75,4.0,1.0
2,2,1.0,40.0,1.0,2.0,1.0,6.0,1.0,40.0,40.0,1.0,100.0,2499.5834027662054,2769.5384102649555,14.420673477497337,14.420673477497337,2.0,4.0,1.0,0.0,1,13.0,7.0,13.0,,,,,33.0,24.5,20.0,22.5,4.0,4.0,2.5,4.5,3.3333333333333335,2.8,3.75,6.0,7.0,3.6666666666666665,4.75,3.0,1.6666666666666667,2.0,3.5,4.0,3.0,2.5,2.5,2.5,2.25,3.25,3.25,3.75,4.0,1.0
2,2,1.0,40.0,3.0,1.0,1.0,11.0,1.0,40.0,40.0,1.0,100.0,958.1736377270454,1061.6563906015665,5.527924833040647,5.527924833040647,1.0,2.0,1.0,0.0,1,5.0,5.0,12.0,,,,,49.77272727272727,33.63636363636364,2.5,12.272727272727273,1.0,1.0,3.5,2.0,1.6666666666666667,1.8,4.5,1.0,1.0,1.0,2.0,2.0,1.6666666666666667,1.5,4.0,4.5,2.0,4.25,2.0,3.5,2.25,1.0,1.75,2.75,4.0,1.0
2,2,2.0,29.0,3.0,1.0,1.0,1.0,3.0,40.0,40.0,1.0,100.0,1291.4514247625395,1430.9281786368938,7.450681296706959,7.450681296706959,1.0,4.0,1.0,0.0,1,12.0,7.0,3.5,,,,,25.5,51.5,8.5,12.5,3.0,5.0,3.1666666666666665,2.75,3.3333333333333335,3.0,2.5,4.333333333333333,3.0,5.0,4.5,4.0,3.0,5.0,2.0,3.5,2.25,3.0,3.75,3.75,2.25,4.0,3.5,3.0,1.0,1.0
2,2,1.0,45.0,2.0,1.0,1.0,11.0,1.0,40.0,40.0,1.0,100.0,2916.180636560573,3231.1281453091146,16.824119057080228,16.824119057080228,2.0,2.0,3.0,0.0,1,4.0,5.0,6.0,,,,,31.0,35.0,20.5,13.5,3.0,3.0,2.6666666666666665,3.25,4.0,3.8,3.5,4.333333333333333,4.666666666666667,6.0,5.5,5.0,2.6666666666666665,3.0,4.25,5.0,3.75,3.5,4.0,3.5,3.5,3.75,3.75,2.75,3.0,1.0
2,2,2.0,32.0,3.0,1.0,1.0,6.0,1.0,40.0,40.0,1.0,100.0,1458.0903182802865,1615.564072654557,8.412059528540114,8.412059528540114,1.0,2.0,1.0,0.0,1,4.0,7.0,4.0,,,,,21.0,63.583333333333336,10.5,6.916666666666666,3.0,3.0,2.6666666666666665,4.25,3.0,3.2,2.25,4.0,4.0,3.3333333333333335,3.5,4.0,2.3333333333333335,1.25,2.25,2.75,2.25,3.25,2.25,2.75,2.25,2.25,2.75,3.5,4.0,1.0
2,2,1.0,35.0,1.0,2.0,3.0,4.0,1.0,40.0,40.0,1.0,100.0,1166.4722546242292,1292.4512581236459,6.729647622832092,6.729647622832092,1.0,4.0,1.0,0.0,1,13.0,4.0,17.0,,,,,29.5,26.5,23.0,21.0,3.0,2.0,2.8333333333333335,3.0,3.6666666666666665,3.0,3.25,4.666666666666667,5.0,4.666666666666667,4.0,4.0,4.0,2.25,2.75,4.25,3.0,3.25,3.5,2.5,2.25,3.25,3.75,2.75,4.0,1.0
2,2,1.0,43.0,3.0,1.0,3.0,11.0,1.0,40.0,40.0,1.0,100.0,1475.1708048658556,1634.4892517913681,8.510600797303013,8.510600797303013,1.0,1.0,1.0,0.0,1,10.0,4.0,25.0,,,,,33.0,38.0,5.0,17.0,3.0,4.0,2.5,4.25,4.0,2.8,1.5,1.9999999999999998,1.3333333333333333,5.0,4.5,6.666666666666667,2.6666666666666665,1.75,2.25,4.75,2.0,4.0,4.0,3.25,2.25,4.0,3.0,1.75,2.0,1.0
2,2,2.0,43.0,4.0,1.0,3.0,4.0,1.0,40.0,40.0,1.0,100.0,1666.3889351774703,1846.3589401766371,9.613782318331559,9.613782318331559,1.0,2.0,2.0,40.0,1,11.0,7.0,17.0,,,,,31.0,35.5,10.5,16.0,4.0,4.0,2.8333333333333335,3.5,4.666666666666667,3.6,2.5,1.9999999999999998,2.3333333333333335,6.333333333333333,5.5,7.0,3.0,3.0,3.25,4.0,2.5,3.5,3.0,3.0,3.25,4.25,3.25,2.5,1.0,1.0
2,2,1.0,38.0,1.0,2.0,3.0,11.0,1.0,40.0,40.0,1.0,100.0,2291.2847858690216,2538.743542742876,13.218950687705894,13.218950687705894,2.0,3.0,1.0,0.0,1,7.0,6.0,9.0,,,,,34.0,26.5,22.0,16.5,3.0,4.0,2.3333333333333335,4.75,4.666666666666667,4.0,2.5,4.0,5.333333333333333,7.0,5.25,6.0,3.0,4.0,4.25,4.0,3.0,3.5,4.75,4.0,3.25,5.0,4.0,2.25,1.0,1.0
2,2,2.0,33.0,2.0,1.0,3.0,11.0,1.0,40.0,50.0,3.0,125.0,1541.40976503916,1707.8820196633892,8.892748644456693,7.114198915565355,1.0,2.0,1.0,0.0,1,9.0,7.0,6.0,,,,,26.517786561264824,45.93675889328063,14.500000000000002,11.954545454545457,3.0,1.0,3.3333333333333335,1.0,1.6666666666666667,2.4,3.75,5.333333333333333,5.333333333333333,6.0,5.5,6.333333333333333,2.3333333333333335,4.0,4.75,5.0,3.75,3.75,4.5,3.25,3.0,2.25,2.75,2.0,3.0,1.0
2,2,1.0,39.0,1.0,1.0,3.0,11.0,2.0,40.0,40.0,1.0,100.0,2082.9861689718377,2307.948675220796,12.017227897914449,12.017227897914449,1.0,2.0,1.0,0.0,1,6.0,4.0,18.0,,,,,35.833333333333336,31.384615384615387,15.782051282051281,17.0,2.0,5.0,3.6666666666666665,3.5,4.666666666666667,4.0,4.0,6.666666666666667,4.666666666666667,7.0,5.5,6.0,2.0,3.5,3.5,5.0,4.25,4.25,4.25,3.0,3.25,4.25,3.75,2.5,1.0,1.0
2,2,1.0,49.0,1.0,2.0,3.0,11.0,1.0,40.0,40.0,1.0,100.0,1874.6875520746541,2077.1538076987167,10.815505108123004,10.815505108123004,3.0,1.0,7.0,2.0,1,5.0,6.0,22.0,,,,,51.33333333333333,18.833333333333336,8.333333333333332,15.5,3.0,4.0,2.5,3.5,4.333333333333333,3.2,2.5,3.0,4.0,4.0,3.25,5.0,3.0,1.5,1.25,3.0,3.0,3.75,2.0,3.75,3.25,4.5,3.25,3.0,2.0,1.0
2,2,1.0,36.0,3.0,1.0,3.0,11.0,1.0,40.0,40.0,1.0,100.0,2082.9861689718377,2307.948675220796,12.017227897914449,12.017227897914449,2.0,1.0,1.0,0.0,1,5.0,6.0,9.0,,,,,19.5,38.0,18.5,17.0,3.0,4.0,2.5,4.0,4.0,4.6,1.5,4.0,3.3333333333333335,5.333333333333333,4.5,6.333333333333333,2.6666666666666665,3.0,3.0,4.5,2.25,3.5,3.0,3.0,2.5,3.75,3.0,3.0,2.0,1.0
2,2,1.0,39.8,1.0,3.0,3.0,12.0,1.0,40.0,40.0,1.0,100.0,1874.6875520746541,2077.1538076987167,10.815505108123004,10.815505108123004,1.0,1.0,1.0,0.0,1,8.0,7.0,5.0,,,,,39.0,28.0,11.5,16.5,2.0,3.0,3.1666666666666665,3.25,3.6666666666666665,3.4,2.75,4.666666666666667,3.3333333333333335,6.0,5.0,5.333333333333333,3.0,3.0,3.5,4.0,3.25,4.0,3.25,2.75,3.25,4.0,3.25,2.75,3.0,1.0
2,2,2.0,38.0,2.0,2.0,3.0,4.0,2.0,40.0,40.0,1.0,100.0,1249.7917013831027,1384.7692051324777,7.210336738748668,7.210336738748668,1.0,3.0,1.0,0.0,1,6.0,7.0,1.0,,,,,49.83333333333333,25.055555555555557,10.0,12.61111111111111,3.0,5.0,2.8333333333333335,3.75,4.333333333333333,3.6,3.0,4.0,5.0,5.666666666666667,4.333333333333333,5.666666666666667,4.666666666666667,3.25,4.25,4.5,3.75,3.25,4.25,3.75,4.0,3.75,3.5,3.0,2.6,1.0
2,2,2.0,43.0,1.0,2.0,3.0,4.0,1.0,40.0,40.0,1.0,100.0,1291.4514247625395,1430.9281786368938,7.450681296706959,7.450681296706959,1.0,2.0,1.0,0.0,1,2.0,4.0,24.0,,,,,25.0,54.0,4.499999999999999,15.0,4.0,5.0,2.8333333333333335,4.0,4.666666666666667,3.8,2.25,1.666666666666667,2.6666666666666665,4.666666666666667,5.0,6.0,2.6666666666666665,2.75,2.5,4.25,2.5,3.5,3.25,3.0,2.75,4.0,3.75,2.25,2.0,1.0
2,2,1.0,63.0,1.0,1.0,3.0,2.0,1.0,40.0,40.0,1.0,100.0,1666.3889351774703,1846.3589401766371,9.613782318331559,9.613782318331559,1.0,3.0,1.0,0.0,1,2.0,8.0,26.0,,,,,36.13636363636363,37.27272727272727,11.136363636363637,15.454545454545453,5.0,5.0,2.5,5.0,5.0,3.8,3.25,5.333333333333333,4.333333333333333,4.333333333333333,5.25,5.333333333333333,1.0,4.0,3.75,4.5,3.0,3.25,3.5,2.75,3.5,4.25,3.25,2.0,1.0,1.0
2,2,2.0,53.0,1.0,2.0,1.0,2.0,1.0,40.0,55.0,3.0,137.5,1666.3889351774703,1846.3589401766371,9.613782318331559,6.991841686059316,1.0,4.0,1.0,0.0,1,6.0,7.0,16.0,,,,,37.388888888888886,32.94444444444444,6.222222222222222,23.444444444444443,5.0,4.0,2.5,4.0,4.0,3.4,3.0,1.9999999999999998,4.333333333333333,1.0,4.75,4.666666666666667,1.0,2.25,2.75,3.0,3.0,3.75,3.5,2.5,2.75,4.0,3.0,2.75,2.0,1.0
2,2,1.0,37.0,2.0,1.0,1.0,1.0,1.0,40.0,55.0,3.0,137.5,2707.882019663389,3000.3332777870355,15.622396267288783,11.361742739846388,2.0,5.0,1.0,0.0,1,12.0,6.0,8.0,,,,,29.818181818181817,39.42424242424242,12.939393939393938,11.818181818181817,4.0,5.0,2.8333333333333335,4.5,4.333333333333333,2.4,4.75,4.0,4.333333333333333,7.0,6.5,6.666666666666667,4.0,5.0,5.0,5.0,4.25,3.75,3.5,3.0,3.0,2.75,3.25,3.25,3.0,1.0
2,2,2.0,47.0,2.0,2.0,1.0,1.0,1.0,40.0,40.0,1.0,100.0,1583.0694884185968,1754.0409931678053,9.133093202414981,9.133093202414981,1.0,3.0,2.0,5.0,1,7.0,7.0,16.0,,,,,46.42857142857143,31.5,11.5,9.5,2.0,4.0,2.8333333333333335,4.5,4.0,3.4,3.75,1.666666666666667,2.3333333333333335,3.6666666666666665,5.25,4.0,2.6666666666666665,2.5,2.5,3.5,2.0,3.0,3.0,1.75,2.5,3.75,2.75,2.75,4.0,1.0
2,2,2.0,36.0,1.0,2.0,1.0,11.0,1.0,40.0,40.0,1.0,100.0,1333.1111481419762,1477.0871521413096,7.691025854665247,7.691025854665247,1.0,1.0,3.0,12.0,1,10.0,7.0,3.0,,,,,24.26923076923077,45.19230769230769,8.73076923076923,15.846153846153847,2.0,5.0,2.3333333333333335,3.0,2.0,2.6,2.75,4.666666666666667,5.666666666666667,5.333333333333333,5.25,5.666666666666667,3.6666666666666665,4.0,4.0,2.75,3.0,3.5,4.75,2.5,4.0,4.25,3.0,2.75,1.0,1.0
2,2,2.0,59.0,4.0,1.0,3.0,11.0,1.0,40.0,40.0,1.0,100.0,1499.7500416597234,1661.7230461589734,8.652404086498404,8.652404086498404,1.0,1.0,3.0,50.0,1,1.0,7.0,25.0,,,,,48.0,14.0,12.5,15.0,4.0,3.0,3.0,4.5,4.333333333333333,3.2,4.5,2.6666666666666665,4.0,7.0,6.25,5.666666666666667,3.0,3.5,5.0,5.0,3.5,3.5,3.75,3.25,3.5,4.0,3.75,3.25,3.0,1.0
2,2,2.0,40.0,1.0,2.0,3.0,11.0,1.0,30.0,30.0,1.0,100.0,1458.0903182802865,1615.564072654557,11.216079371386819,11.216079371386819,1.0,2.0,1.0,0.0,1,11.0,7.0,15.0,,,,,32.39247311827957,38.27956989247312,8.14516129032258,17.956989247311828,4.0,3.0,3.1666666666666665,1.75,2.3333333333333335,3.2,2.0,2.6666666666666665,2.0,3.0,3.5,3.0,3.0,1.75,2.25,3.5,2.5,3.25,2.75,2.25,2.5,3.75,2.75,2.75,4.0,1.0
2,2,2.0,49.0,2.0,2.0,1.0,11.0,1.0,40.0,40.0,1.0,100.0,2291.2847858690216,2538.743542742876,13.218950687705894,13.218950687705894,1.0,4.0,1.0,0.0,1,10.0,8.0,22.0,,,,,52.16666666666667,17.666666666666668,12.5,21.166666666666664,2.0,5.0,3.3333333333333335,2.75,3.6666666666666665,3.2,4.0,1.0,1.0,5.0,6.25,7.0,2.3333333333333335,4.0,3.5,3.25,3.5,4.25,3.25,3.0,2.5,4.75,2.75,1.25,1.0,1.0
2,2,1.0,31.0,2.0,1.0,1.0,3.0,2.0,20.0,30.0,3.0,150.0,520.7465422429598,576.987168805199,6.008613948957224,4.00574263263815,1.0,2.0,1.0,5.0,1,2.0,7.0,5.0,,,,,44.285714285714285,38.55238095238095,8.40952380952381,8.752380952380953,4.0,3.0,2.6666666666666665,3.0,3.6666666666666665,2.8,3.25,1.0,2.0,4.666666666666667,6.0,5.666666666666667,2.3333333333333335,2.5,3.25,2.75,2.5,4.0,4.0,3.25,2.5,4.0,3.0,2.5,2.0,1.0
2,2,2.0,28.0,3.0,1.0,1.0,2.0,2.0,40.0,40.0,1.0,100.0,1249.7917013831027,1384.7692051324777,7.210336738748668,7.210336738748668,1.0,2.0,1.0,0.0,1,2.0,4.0,3.0,,,,,19.499999999999996,57.0,13.0,6.0,2.0,4.0,3.0,1.75,3.6666666666666665,3.6,2.75,5.333333333333333,5.333333333333333,4.333333333333333,4.5,5.666666666666667,3.6666666666666665,2.0,2.0,3.75,2.25,3.0,2.25,1.5,2.0,3.25,3.0,2.25,2.0,1.0
2,2,1.0,60.0,4.0,1.0,3.0,11.0,1.0,40.0,40.0,1.0,100.0,1958.0069988335276,2169.471754707549,11.296194224039583,11.296194224039583,1.0,5.0,1.0,0.0,1,9.0,8.0,22.0,,,,,41.0,20.5,2.5,31.0,1.0,5.0,3.0,3.0,2.6666666666666665,3.4,2.5,2.6666666666666665,5.0,7.0,6.0,6.0,3.0,3.5,3.0,4.75,2.75,3.5,4.0,3.75,3.25,4.0,3.75,2.0,1.0,1.0
2,2,2.0,48.0,1.0,2.0,1.0,11.0,1.0,40.0,40.0,1.0,100.0,1499.7500416597234,1661.7230461589734,8.652404086498404,8.652404086498404,2.0,4.0,5.0,5.0,1,12.0,7.0,14.0,,,,,45.83333333333333,25.388888888888886,11.333333333333332,14.444444444444445,3.0,5.0,2.8333333333333335,3.0,4.666666666666667,3.6,3.5,5.333333333333333,2.6666666666666665,5.666666666666667,5.0,5.666666666666667,2.3333333333333335,3.0,4.5,3.75,3.75,3.25,3.5,2.5,3.0,3.0,3.5,2.5,3.0,1.0
2,2,1.0,60.0,1.0,3.0,1.0,6.0,1.0,40.0,40.0,1.0,100.0,2499.5834027662054,2769.5384102649555,14.420673477497337,14.420673477497337,2.0,1.0,1.0,0.0,1,7.0,7.0,7.0,,,,,45.0,25.5,13.833333333333334,17.0,4.0,3.0,3.0,3.5,3.3333333333333335,3.2,2.5,4.0,4.333333333333333,4.666666666666667,4.0,4.0,2.6666666666666665,2.5,4.0,3.75,2.6666666666666665,3.3333333333333335,3.75,2.25,3.0,3.75,3.0,2.3333333333333335,2.8,1.0
2,2,2.0,58.0,1.0,1.0,1.0,11.0,1.0,40.0,40.0,1.0,100.0,1666.3889351774703,1846.3589401766371,9.613782318331559,9.613782318331559,1.0,1.0,1.0,0.0,1,7.0,4.0,21.0,,,,,42.5,25.0,9.5,15.0,4.0,2.0,3.1666666666666665,2.0,2.6666666666666665,2.4,3.25,4.666666666666667,2.6666666666666665,5.0,6.0,5.0,3.0,1.0,3.0,3.5,2.5,3.75,2.25,2.5,3.0,4.5,3.5,2.75,2.0,1.0
2,2,2.0,35.0,1.0,2.0,1.0,11.0,3.0,20.0,20.0,1.0,100.0,758.2069655057489,840.09331778037,8.74854190968172,8.74854190968172,1.0,2.0,1.0,0.0,1,12.0,7.0,2.0,,,,,16.0,48.333333333333336,15.25,17.083333333333336,2.0,5.0,3.0,2.75,3.6666666666666665,3.2,2.25,5.666666666666667,4.666666666666667,6.333333333333333,4.75,6.0,1.0,3.25,2.5,4.25,2.0,3.0,2.0,1.75,2.0,4.25,3.5,3.25,4.0,1.0
2,2,2.0,51.0,1.0,2.0,1.0,1.0,2.0,40.0,40.0,1.0,100.0,1958.0069988335276,2169.471754707549,11.296194224039583,11.296194224039583,1.0,3.0,3.0,5.0,1,6.0,7.0,0.0,,,,,31.000000000000004,31.5,10.0,20.5,3.0,5.0,2.6666666666666665,4.75,4.333333333333333,2.8,1.5,4.0,2.0,6.666666666666667,5.25,5.0,3.0,2.0,1.25,3.25,2.5,4.5,4.75,2.75,3.0,5.0,3.25,3.0,2.0,1.0
2,2,2.0,53.0,1.0,2.0,1.0,1.0,2.0,40.0,45.0,3.0,112.5,1458.0903182802865,1615.564072654557,8.412059528540114,7.4773862475912125,1.0,1.0,5.0,10.0,1,11.0,7.0,6.0,,,,,46.92857142857143,24.25714285714286,12.157142857142857,15.857142857142858,5.0,3.0,3.1666666666666665,1.5,2.6666666666666665,2.0,3.75,3.6666666666666665,6.666666666666667,5.666666666666667,5.0,5.666666666666667,2.6666666666666665,4.75,3.5,3.0,3.5,3.5,3.25,2.75,3.25,4.0,3.25,2.25,3.0,1.0
2,2,2.0,50.0,1.0,4.0,1.0,1.0,1.0,40.0,40.0,1.0,100.0,1874.6875520746541,2077.1538076987167,10.815505108123004,10.815505108123004,1.0,4.0,1.0,0.0,1,7.0,7.0,8.0,,,,,38.0,25.5,12.0,15.5,3.0,5.0,2.6666666666666665,3.75,4.333333333333333,3.6,2.75,1.0,1.0,1.5,5.75,5.0,2.0,2.25,2.25,3.25,2.5,4.0,3.5,3.0,2.75,4.75,3.25,3.0,2.0,1.0
2,2,1.0,39.0,3.0,1.0,1.0,2.0,1.0,40.0,40.0,1.0,100.0,1666.3889351774703,1846.3589401766371,9.613782318331559,9.613782318331559,1.0,1.0,1.0,0.0,1,2.0,4.0,19.0,,,,,37.666666666666664,13.833333333333336,23.833333333333336,23.666666666666668,3.0,4.0,3.5,3.0,4.0,3.4,3.0,3.0,5.333333333333333,2.6666666666666665,4.25,4.0,1.3333333333333333,1.75,2.5,3.0,3.5,3.75,3.0,3.0,2.0,3.5,3.25,3.75,4.0,1.0
2,2,1.0,54.0,2.0,3.0,1.0,11.0,1.0,40.0,40.0,1.0,100.0,1249.7917013831027,1384.7692051324777,7.210336738748668,7.210336738748668,1.0,2.0,5.0,8.0,1,5.0,4.0,20.0,,,,,47.0,20.500000000000004,10.5,16.5,3.0,2.0,2.8333333333333335,1.75,3.0,2.8,2.75,3.3333333333333335,2.6666666666666665,4.333333333333333,2.75,3.0,3.3333333333333335,2.0,2.0,3.25,2.5,2.5,2.75,3.25,2.5,2.5,3.0,3.25,4.0,1.0
2,2,2.0,45.0,2.0,2.0,1.0,1.0,1.0,40.0,44.0,3.0,110.00000000000001,1791.3681053157807,1984.8358606898848,10.334815992206426,9.395287265642207,1.0,2.0,1.0,0.0,1,13.0,8.0,4.0,,,,,22.22222222222222,55.644444444444446,8.0,14.133333333333333,5.0,1.0,3.1666666666666665,1.25,2.6666666666666665,2.0,3.5,3.0,3.0,4.666666666666667,5.75,2.6666666666666665,4.0,2.0,5.0,4.25,2.75,2.25,2.0,2.25,2.25,3.75,4.0,3.5,4.0,1.0
2,2,2.0,40.0,1.0,2.0,1.0,11.0,1.0,40.0,40.0,1.0,100.0,2082.9861689718377,2307.948675220796,12.017227897914449,12.017227897914449,1.0,3.0,6.0,8.0,1,9.0,8.0,2.0,,,,,45.0,22.5,17.5,15.0,3.0,4.0,2.8333333333333335,2.5,3.6666666666666665,3.6,4.0,4.666666666666667,3.6666666666666665,6.666666666666667,6.25,6.333333333333333,3.0,3.25,3.75,4.25,3.5,3.75,4.0,2.5,3.25,3.25,3.25,3.0,3.0,1.0
2,2,2.0,46.0,1.0,2.0,1.0,2.0,1.0,40.0,40.0,1.0,100.0,1249.7917013831027,1384.7692051324777,7.210336738748668,7.210336738748668,1.0,2.0,4.0,3.0,1,2.0,4.0,5.0,,,,,44.0,33.5,11.0,11.5,5.0,4.0,3.1666666666666665,3.5,3.0,2.8,2.75,4.0,4.0,5.666666666666667,5.0,5.0,2.0,2.0,3.25,4.75,3.5,4.5,3.0,3.25,3.75,3.75,3.5,3.25,2.0,1.0
2,2,2.0,42.0,1.0,2.0,1.0,1.0,1.0,40.0,40.0,1.0,100.0,1666.3889351774703,1846.3589401766371,9.613782318331559,9.613782318331559,1.0,1.0,1.0,0.0,1,13.0,4.0,13.0,,,,,40.0,42.0,6.5,5.499999999999998,2.0,5.0,2.3333333333333335,4.5,3.3333333333333335,3.0,1.75,3.3333333333333335,5.5,6.0,3.75,4.0,2.0,1.5,2.0,3.5,3.25,3.0,3.25,4.0,3.0,3.0,4.25,1.6666666666666667,2.4,1.0
2,2,2.0,47.0,1.0,2.0,1.0,11.0,1.0,40.0,40.0,1.0,100.0,1249.7917013831027,1384.7692051324777,7.210336738748668,7.210336738748668,1.0,4.0,6.0,12.0,1,11.0,8.0,20.0,,,,,70.16666666666667,9.333333333333336,4.333333333333333,9.5,3.0,2.0,3.3333333333333335,2.25,1.6666666666666667,1.6,3.25,1.0,1.0,2.0,5.75,5.0,1.0,3.0,4.0,3.5,3.0,3.25,3.5,3.0,2.5,2.25,3.0,2.25,4.0,1.0
2,2,1.0,49.0,2.0,1.0,1.0,2.0,1.0,40.0,50.0,3.0,125.0,3332.7778703549407,3692.7178803532743,19.227564636663118,15.382051709330494,2.0,5.0,2.0,1.0,1,5.0,7.0,22.0,,,,,30.19138321995465,42.9297052154195,10.59410430839002,12.611337868480726,3.0,4.0,2.5,3.75,4.666666666666667,4.2,3.25,1.0,3.0,4.333333333333333,5.25,6.0,1.6666666666666667,1.25,2.5,2.25,2.25,4.0,2.0,3.0,3.5,3.75,3.0,3.25,2.0,1.0
2,2,1.0,49.0,1.0,2.0,1.0,5.0,1.0,40.0,40.0,1.0,100.0,1666.3889351774703,1846.3589401766371,9.613782318331559,9.613782318331559,1.0,1.0,1.0,0.0,1,10.0,7.0,12.0,,,,,35.5,42.5,10.0,12.0,1.0,3.0,2.1666666666666665,4.0,2.0,3.0,1.75,1.3333333333333335,1.6666666666666667,4.333333333333333,5.0,4.666666666666667,3.3333333333333335,3.0,2.75,5.0,2.5,3.75,3.0,3.25,3.0,2.5,3.5,2.75,2.0,1.0
2,2,2.0,47.0,1.0,2.0,1.0,7.0,1.0,40.0,40.0,1.0,100.0,1561.3231128145308,1729.9460089984998,9.007633343160753,9.007633343160753,1.0,2.0,1.0,0.0,1,1.0,4.0,11.0,,,,,42.0,38.5,11.0,8.499999999999998,3.0,3.0,2.5,4.5,3.6666666666666665,2.8,3.25,4.333333333333333,4.0,5.333333333333333,6.0,5.333333333333333,3.0,1.5,2.0,2.75,1.5,3.25,3.0,2.5,3.0,4.75,3.0,2.25,2.0,1.0
2,2,2.0,66.0,4.0,1.0,1.0,11.0,1.0,40.0,40.0,1.0,100.0,1249.7917013831027,1384.7692051324777,7.210336738748668,7.210336738748668,1.0,2.0,1.0,0.0,1,3.0,7.0,30.0,,,,,44.53333333333333,31.1,7.033333333333334,19.833333333333336,3.0,4.0,2.8333333333333335,2.25,4.0,2.8,2.5,1.666666666666667,1.6666666666666667,5.0,5.25,6.333333333333333,2.0,3.0,2.0,3.75,2.75,4.0,4.0,3.25,3.25,5.0,3.25,2.75,1.0,1.0
2,2,2.0,55.0,1.0,2.0,1.0,7.0,1.0,40.0,40.0,1.0,100.0,2707.882019663389,3000.3332777870355,15.622396267288783,15.622396267288783,2.0,4.0,1.0,0.0,1,3.0,7.0,24.0,,,,,36.10144927536232,27.40096618357488,8.0,25.405797101449274,3.0,4.0,2.8333333333333335,2.75,4.0,2.6,3.25,1.666666666666667,3.0,5.333333333333333,5.75,6.666666666666667,3.0,3.0,4.0,3.0,2.75,3.5,4.0,2.75,2.5,4.25,2.75,2.25,1.0,1.0
2,2,2.0,31.0,2.0,1.0,1.0,7.0,1.0,40.0,43.0,3.0,107.5,1166.4722546242292,1292.4512581236459,6.729647622832092,6.260137323564736,1.0,3.0,1.0,0.0,1,3.0,5.0,6.0,,,,,46.0,30.5,7.0,13.999999999999998,3.0,4.0,2.5,4.25,4.666666666666667,3.6,2.75,2.6666666666666665,3.6666666666666665,6.666666666666667,5.75,6.333333333333333,3.0,2.75,2.5,3.75,2.5,3.75,3.0,2.75,2.75,4.75,3.0,2.5,2.0,1.0
2,2,2.0,45.0,1.0,2.0,1.0,4.0,1.0,40.0,40.0,1.0,100.0,1958.0069988335276,2169.471754707549,11.296194224039583,11.296194224039583,1.0,2.0,1.0,0.0,1,8.0,4.0,5.0,,,,,35.5,39.5,4.0,21.0,3.0,4.0,2.3333333333333335,5.0,4.666666666666667,4.0,2.75,1.0,1.3333333333333333,2.3333333333333335,4.25,5.666666666666667,3.0,2.75,2.0,3.25,2.5,3.75,3.5,2.5,2.75,5.0,3.75,3.0,2.0,1.0
2,2,2.0,40.0,2.0,2.0,1.0,8.0,1.0,35.0,35.0,1.0,100.0,1166.4722546242292,1292.4512581236459,7.691025854665247,7.691025854665247,1.0,2.0,1.0,0.0,1,3.0,5.0,21.0,,,,,42.0,39.0,10.0,9.0,1.0,5.0,2.3333333333333335,5.0,4.0,3.8,2.75,3.3333333333333335,2.3333333333333335,6.333333333333333,5.5,6.333333333333333,3.0,1.75,2.25,4.5,2.5,3.25,3.5,1.75,3.5,4.25,3.0,2.25,2.0,1.0
2,2,2.0,39.0,1.0,2.0,1.0,7.0,1.0,30.0,30.0,1.0,100.0,1083.1528078653557,1200.1333111148142,8.331944675887351,8.331944675887351,1.0,1.0,1.0,0.0,1,12.0,8.0,11.0,,,,,45.22222222222222,38.611111111111114,3.0,10.166666666666668,5.0,1.0,3.6666666666666665,1.75,2.0,1.8,4.0,4.0,5.333333333333333,6.333333333333333,5.5,6.0,4.0,3.75,2.75,5.0,3.25,2.5,2.25,1.5,3.25,3.25,3.5,3.75,4.0,1.0
2,2,2.0,25.0,2.0,1.0,1.0,4.0,2.0,40.0,40.0,1.0,100.0,1291.4514247625395,1430.9281786368938,7.450681296706959,7.450681296706959,1.0,1.0,1.0,0.0,1,13.0,7.0,0.0,,,,,46.5,24.0,13.0,16.5,5.0,1.0,2.8333333333333335,2.0,2.0,3.4,4.5,4.666666666666667,5.0,5.333333333333333,4.5,5.333333333333333,2.6666666666666665,2.25,2.25,3.75,3.5,2.5,3.0,2.5,1.75,3.75,3.75,2.0,3.8,1.0
2,2,2.0,52.0,1.0,2.0,1.0,4.0,2.0,40.0,40.0,1.0,100.0,1999.6667222129645,2215.630728211964,11.536538781997873,11.536538781997873,1.0,2.0,5.0,20.0,1,11.0,7.0,5.0,,,,,37.77777777777778,33.77777777777778,12.5,15.944444444444445,2.0,5.0,2.6666666666666665,4.75,4.666666666666667,3.2,3.0,3.6666666666666665,2.6666666666666665,6.333333333333333,5.75,6.666666666666667,2.6666666666666665,3.0,3.75,4.75,2.5,2.5,2.75,2.25,2.75,4.0,3.5,3.75,4.0,1.0
2,2,2.0,33.0,3.0,1.0,1.0,4.0,3.0,40.0,55.0,3.0,137.5,1666.3889351774703,1846.3589401766371,9.613782318331559,6.991841686059316,1.0,1.0,1.0,0.0,1,2.0,8.0,8.0,,,,,28.666666666666668,39.38333333333333,15.522222222222222,13.805555555555555,5.0,1.0,3.0,2.25,3.6666666666666665,2.2,4.25,2.6666666666666665,6.333333333333332,6.0,5.5,5.333333333333333,3.0,3.5,4.0,3.0,2.5,3.5,3.5,3.0,3.0,2.75,2.75,3.25,4.0,1.0
2,2,1.0,32.0,3.0,1.0,1.0,4.0,2.0,40.0,40.0,1.0,100.0,1874.6875520746541,2077.1538076987167,10.815505108123004,10.815505108123004,1.0,2.0,1.0,0.0,1,8.0,7.0,0.0,,,,,29.714285714285715,24.214285714285715,14.0,27.07142857142857,3.0,2.0,2.8333333333333335,3.25,2.6666666666666665,3.2,4.666666666666667,4.333333333333333,4.333333333333333,4.0,3.75,3.3333333333333335,4.0,5.0,3.75,4.25,3.75,2.5,4.25,2.75,2.75,2.5,3.0,2.5,3.0,1.0
2,2,2.0,61.0,1.0,1.0,1.0,11.0,1.0,40.0,40.0,1.0,100.0,1249.7917013831027,1384.7692051324777,7.210336738748668,7.210336738748668,1.0,1.0,1.0,0.0,1,7.0,4.0,15.0,,,,,41.5,42.25,5.5,7.75,3.0,4.0,2.5,4.75,4.0,3.4,1.75,4.0,3.6666666666666665,5.0,3.5,3.6666666666666665,3.6666666666666665,1.5,2.5,3.25,2.75,3.75,2.25,3.75,3.0,3.5,3.5,3.0,2.8,1.0
2,2,2.0,32.0,2.0,1.0,1.0,9.0,1.0,40.0,40.0,1.0,100.0,916.5139143476083,1015.4974170971504,5.287580275082358,5.287580275082357,1.0,5.0,4.0,5.0,1,3.0,7.0,6.0,,,,,52.92857142857143,22.0,7.75,16.25,2.0,4.0,2.8333333333333335,4.75,4.0,1.4,4.25,1.0,2.6666666666666665,3.0,6.0,7.0,1.0,3.25,4.5,4.5,3.75,3.25,3.25,3.0,3.0,3.0,2.5,3.0,3.0,1.0
2,2,2.0,39.0,4.0,2.0,1.0,1.0,2.0,40.0,50.0,3.0,125.0,2082.9861689718377,2307.948675220796,12.017227897914449,9.613782318331559,1.0,2.0,1.0,0.0,1,10.0,7.0,4.0,,,,,42.3375,17.5,12.162500000000001,27.6875,4.0,1.0,3.1666666666666665,1.75,2.3333333333333335,1.4,3.75,4.333333333333333,3.3333333333333335,5.666666666666667,6.0,4.666666666666667,3.3333333333333335,4.25,4.0,4.5,3.75,2.5,2.0,2.75,3.25,3.75,3.75,2.25,3.0,1.0
2,2,2.0,44.0,1.0,2.0,1.0,1.0,2.0,40.0,40.0,1.0,100.0,2291.2847858690216,2538.743542742876,13.218950687705894,13.218950687705894,1.0,2.0,1.0,0.0,1,4.0,8.0,10.0,,,,,33.0,35.0,5.5,24.5,5.0,5.0,2.6666666666666665,5.0,4.666666666666667,3.6,3.25,1.0,5.666666666666667,4.666666666666667,6.0,6.0,3.0,2.25,4.5,4.5,3.25,4.5,4.25,3.5,3.0,5.0,2.75,2.25,3.0,1.0
2,2,2.0,25.0,1.0,1.0,1.0,1.0,2.0,40.0,40.0,1.0,100.0,1291.4514247625395,1430.9281786368938,7.450681296706959,7.450681296706959,1.0,1.0,1.0,0.0,1,2.0,7.0,1.25,,,,,46.0,35.0,6.0,7.666666666666666,4.0,4.0,2.6666666666666665,4.75,4.0,4.0,2.5,4.666666666666667,4.0,3.6666666666666665,3.75,5.666666666666667,2.3333333333333335,2.75,1.75,3.0,2.0,3.0,2.25,3.0,3.25,4.5,3.5,2.75,2.0,1.0
2,2,2.0,46.0,1.0,2.0,1.0,1.0,2.0,40.0,40.0,1.0,100.0,1791.3681053157807,1984.8358606898848,10.334815992206426,10.334815992206426,1.0,1.0,7.0,37.5,1,8.0,7.0,1.0,,,,,43.0,32.0,7.5,12.0,3.0,5.0,2.6666666666666665,3.25,3.3333333333333335,2.6,2.0,1.666666666666667,4.333333333333333,6.0,4.5,4.333333333333333,4.0,2.75,2.0,3.25,2.5,2.5,3.75,3.5,2.5,5.0,2.75,2.75,2.0,1.0
2,2,1.0,35.0,1.0,2.0,1.0,1.0,1.0,40.0,45.0,3.0,112.5,1749.7083819363438,1938.6768871854688,10.094471434248138,8.972863497109456,1.0,1.0,1.0,0.0,1,2.0,6.0,11.0,,,,,28.333333333333332,47.72412008281574,9.23913043478261,9.167184265010352,4.0,4.0,2.1666666666666665,3.0,3.3333333333333335,3.4,4.5,3.3333333333333335,1.6666666666666667,7.0,5.5,5.0,3.6666666666666665,3.0,4.5,4.0,2.75,3.75,3.5,3.0,2.75,3.75,2.75,2.75,3.0,1.0
2,2,2.0,41.0,1.0,2.0,1.0,1.0,1.0,30.0,30.0,1.0,100.0,833.1944675887353,923.1794700883186,6.409188212221039,6.409188212221039,1.0,2.0,1.0,0.0,1,2.0,6.0,0.0,,,,,43.0,44.0,2.5,4.5,2.0,5.0,2.3333333333333335,5.0,4.0,3.6,3.0,2.6666666666666665,5.0,6.0,5.25,5.666666666666667,2.6666666666666665,1.0,2.5,3.75,2.75,3.75,4.0,3.5,2.75,4.25,3.25,1.75,2.0,1.0
2,2,2.0,32.0,1.0,2.0,1.0,4.0,1.0,40.0,40.0,1.0,100.0,1666.3889351774703,1846.3589401766371,9.613782318331559,9.613782318331559,1.0,2.0,1.0,0.0,1,14.0,6.0,12.0,,,,,38.5,33.0,6.499999999999999,16.0,2.0,3.0,3.5,2.25,3.0,3.0,3.5,4.333333333333333,4.333333333333333,5.0,5.25,7.0,2.6666666666666665,2.75,4.0,5.0,3.25,3.5,3.0,2.75,2.75,3.75,3.0,2.25,3.0,1.0
2,2,2.0,29.0,3.0,1.0,1.0,1.0,2.0,40.0,52.5,3.0,131.25,1874.6875520746541,2077.1538076987167,10.815505108123004,8.240384844284193,1.0,4.0,6.0,10.0,1,8.0,7.0,5.0,,,,,22.955722639933164,43.50117718538771,8.438672438672437,10.913951545530491,5.0,4.0,3.1666666666666665,3.75,4.333333333333333,2.0,3.75,6.666666666666667,3.3333333333333335,7.0,5.0,4.333333333333333,3.0,5.0,5.0,4.5,3.75,3.75,3.75,2.5,3.75,3.0,3.25,2.5,3.0,1.0
2,2,2.0,32.0,1.0,1.0,1.0,9.0,1.0,40.0,36.0,2.0,90.0,1499.7500416597234,1661.7230461589734,8.652404086498404,9.613782318331562,1.0,2.0,1.0,0.0,1,1.0,7.0,9.0,,,,,12.225806451612904,52.44623655913979,15.089605734767026,17.012544802867385,3.0,3.0,2.6666666666666665,3.75,3.0,2.6,3.0,1.9999999999999998,2.6666666666666665,3.3333333333333335,3.0,2.6666666666666665,3.3333333333333335,1.75,2.25,2.75,2.5,3.25,2.25,2.25,2.25,3.75,3.0,3.75,4.0,1.0
2,2,2.0,36.0,3.0,1.0,1.0,9.0,2.0,40.0,60.0,3.0,150.0,1499.7500416597234,1661.7230461589734,8.652404086498404,5.768269390998936,2.0,3.0,5.0,10.0,1,14.0,4.0,5.0,,,,,36.88621794871795,24.064102564102566,8.97275641025641,21.09775641025641,4.0,3.0,2.6666666666666665,4.5,4.333333333333333,2.4,4.75,3.3333333333333335,3.3333333333333335,5.333333333333333,4.75,5.333333333333333,2.6666666666666665,3.0,4.75,2.5,3.5,3.25,2.5,3.25,3.5,2.25,2.75,2.25,3.0,1.0
2,2,1.0,42.0,1.0,2.0,1.0,9.0,2.0,40.0,40.0,1.0,100.0,1583.0694884185968,1754.0409931678053,9.133093202414981,9.133093202414981,1.0,3.0,1.0,0.0,1,8.0,7.0,6.5,,,,,47.0,26.0,12.0,15.0,4.0,2.0,3.1666666666666665,2.75,3.3333333333333335,2.4,3.0,4.666666666666667,4.0,6.666666666666667,5.75,3.6666666666666665,4.0,3.25,3.25,4.25,3.5,3.5,4.25,3.0,2.5,2.25,3.5,3.0,4.0,1.0
2,2,2.0,26.0,2.0,1.0,1.0,9.0,2.0,36.0,36.0,1.0,100.0,1158.5569071821362,1283.681053157807,7.426646840911129,7.426646840911129,1.0,2.0,1.0,0.0,1,10.0,7.0,1.0,,,,,24.0,58.0,8.5,7.0,3.0,4.0,2.5,4.75,2.6666666666666665,2.8,2.5,4.0,4.0,4.0,3.75,4.0,4.0,1.0,2.0,2.25,2.0,3.5,2.75,3.0,2.75,4.5,3.0,2.25,2.0,1.0
2,2,1.0,34.0,1.0,1.0,1.0,9.0,2.0,40.0,40.0,1.0,100.0,1249.7917013831027,1384.7692051324777,7.210336738748668,7.210336738748668,1.0,2.0,3.0,40.0,1,10.0,5.0,1.0,,,,,28.92857142857143,40.0,3.5,13.0,2.0,4.0,2.5,4.5,3.3333333333333335,2.4,3.25,4.0,2.0,5.666666666666667,6.0,6.0,1.3333333333333333,3.0,3.0,2.5,3.0,3.0,2.5,3.0,2.5,4.0,3.5,2.75,2.0,1.0
2,2,2.0,33.0,2.0,1.0,1.0,9.0,1.0,40.0,40.0,1.0,100.0,1458.0903182802865,1615.564072654557,8.412059528540114,8.412059528540114,2.0,2.0,5.0,50.0,1,10.0,7.0,9.0,,,,,32.5,41.83333333333333,14.222222222222221,9.222222222222221,5.0,4.0,2.8333333333333335,3.0,2.0,2.8,3.75,5.666666666666667,5.666666666666667,4.333333333333333,5.5,5.0,2.3333333333333335,2.0,3.75,4.5,3.5,3.0,2.75,2.0,2.5,3.75,3.0,3.5,4.0,1.0
2,2,2.0,31.0,1.0,1.0,1.0,9.0,1.0,40.0,50.0,3.0,125.0,1249.7917013831027,1384.7692051324777,7.210336738748668,5.768269390998935,1.0,1.0,1.0,0.0,1,10.0,7.0,3.0,,,,,47.166666666666664,26.76666666666667,8.166666666666666,17.5,5.0,4.0,3.3333333333333335,4.0,3.6666666666666665,2.4,4.0,3.6666666666666665,5.0,6.0,6.25,6.666666666666667,2.3333333333333335,2.5,4.5,3.0,3.0,2.5,2.25,2.25,2.75,3.75,3.25,3.5,4.0,1.0
2,2,2.0,41.0,2.0,2.0,1.0,9.0,1.0,40.0,47.5,3.0,118.75,1874.6875520746541,2077.1538076987167,10.815505108123004,9.107793775261477,2.0,2.0,1.0,0.0,1,8.0,7.0,16.0,,,,,32.4,43.0,7.0,15.1,5.0,4.0,2.8333333333333335,4.75,4.333333333333333,3.4,3.5,1.9999999999999998,2.6666666666666665,5.0,6.25,6.0,3.0,2.25,4.0,3.75,2.75,3.0,2.75,2.25,3.25,4.5,3.0,3.75,4.0,1.0
2,2,1.0,62.0,1.0,1.0,1.0,9.0,1.0,40.0,40.0,1.0,100.0,3499.4167638726876,3877.3537743709376,20.188942868496277,20.188942868496277,2.0,5.0,1.0,0.0,1,5.0,7.0,28.0,,,,,44.95,16.933333333333334,13.508333333333333,13.408333333333333,2.0,4.0,2.6666666666666665,4.75,4.666666666666667,3.6,4.5,3.0,3.0,6.0,6.25,5.666666666666667,2.0,2.5,3.0,3.5,5.0,3.5,3.25,2.0,3.5,5.0,4.5,2.0,3.0,1.0
2,2,3.0,28.0,2.0,1.0,1.0,9.0,7.0,40.0,40.0,1.0,100.0,2082.9861689718377,2307.948675220796,12.017227897914449,12.017227897914449,1.0,2.0,5.0,35.0,1,14.0,6.0,2.0,,,,,46.5,28.0,15.5,10.0,4.0,4.0,2.8333333333333335,4.25,4.0,3.0,3.5,3.3333333333333335,4.333333333333333,4.666666666666667,4.25,5.333333333333333,3.6666666666666665,2.0,3.5,3.0,2.75,2.5,2.25,3.0,2.5,2.75,3.0,3.0,4.0,1.0
2,2,2.0,29.0,2.0,1.0,1.0,9.0,2.0,28.0,33.0,3.0,117.85714285714286,1166.4722546242292,1292.4512581236459,9.613782318331559,8.157148633735869,3.0,2.0,6.0,35.0,1,14.0,7.0,2.5,,,,,31.066666666666663,46.37777777777778,4.888888888888889,12.022222222222222,4.0,4.0,2.5,3.0,3.6666666666666665,3.2,3.75,1.9999999999999998,3.3333333333333335,5.333333333333333,5.75,6.0,2.6666666666666665,3.0,4.75,3.75,3.5,3.5,3.5,3.0,3.0,5.0,3.75,3.25,3.0,1.0
2,2,2.0,26.0,2.0,1.0,1.0,1.0,1.0,40.0,40.0,1.0,100.0,1541.40976503916,1707.8820196633892,8.892748644456693,8.892748644456692,1.0,3.0,1.0,0.0,1,3.0,7.0,2.0,,,,,12.5,66.83333333333334,10.5,10.666666666666666,1.0,3.0,3.0,2.5,3.6666666666666665,2.6,1.5,1.3333333333333335,1.0,6.0,3.75,1.6666666666666667,3.6666666666666665,3.0,2.5,5.0,1.5,2.5,1.75,2.0,3.25,3.5,3.75,3.75,4.0,1.0
2,2,1.0,69.0,1.0,2.0,1.0,9.0,1.0,37.5,37.5,1.0,100.0,833.1944675887353,923.1794700883186,5.127350569776832,5.127350569776832,1.0,1.0,1.0,0.0,1,4.0,8.0,5.0,,,,,53.33333333333333,28.0,9.333333333333334,9.333333333333332,3.0,3.0,3.3333333333333335,3.5,3.6666666666666665,3.4,3.0,3.6666666666666665,4.333333333333333,4.0,6.0,5.666666666666667,4.0,3.5,4.5,4.5,3.25,3.75,4.5,4.0,3.5,3.0,3.5,2.0,1.0,1.0
2,2,2.0,45.0,1.0,2.0,1.0,2.0,1.0,40.0,40.0,1.0,100.0,1416.4305949008499,1569.4050991501415,8.171714970581826,8.171714970581826,1.0,2.0,1.0,0.0,1,6.0,7.0,11.0,,,,,54.76190476190476,30.0,6.30952380952381,7.857142857142856,1.0,2.0,2.3333333333333335,3.5,3.6666666666666665,2.4,4.25,1.666666666666667,1.0,6.333333333333333,6.0,6.666666666666667,2.6666666666666665,3.5,1.25,3.75,2.5,3.5,2.25,2.5,1.75,2.0,3.0,2.75,4.0,1.0
2,2,2.0,42.0,1.0,2.0,1.0,11.0,2.0,40.0,40.0,1.0,100.0,1666.3889351774703,1846.3589401766371,9.613782318331559,9.613782318331559,1.0,1.0,1.0,0.0,1,8.0,7.0,15.0,,,,,37.5,40.0,6.999999999999999,13.0,4.0,4.0,2.8333333333333335,3.0,3.6666666666666665,2.8,3.0,4.0,1.6666666666666667,3.6666666666666665,5.0,6.0,2.3333333333333335,2.5,3.5,4.5,1.75,4.0,3.0,3.0,2.75,5.0,3.0,2.5,2.0,1.0
2,2,2.0,30.0,2.0,1.0,1.0,1.0,2.0,32.0,36.0,3.0,112.5,1208.131978003666,1338.610231628062,8.712490225987976,7.744435756433756,1.0,3.0,1.0,8.0,1,8.0,7.0,4.0,,,,,43.5,31.285714285714285,5.571428571428571,16.785714285714285,5.0,2.0,3.8333333333333335,1.75,2.0,2.8,4.25,2.5,2.6666666666666665,1.333333333333333,4.25,1.6666666666666667,4.333333333333333,3.75,3.75,4.25,2.5,3.75,4.0,3.5,3.5,2.5,3.25,3.25,3.0,1.0
2,2,2.0,34.0,1.0,2.0,1.0,11.0,3.0,36.0,36.0,1.0,100.0,1541.40976503916,1707.8820196633892,9.880831827174104,9.880831827174104,1.0,2.0,1.0,0.0,1,11.0,8.0,7.0,,,,,11.0,36.833333333333336,25.833333333333336,26.33333333333333,4.0,5.0,2.6666666666666665,5.0,4.333333333333333,4.0,3.25,4.333333333333333,3.0,5.0,5.75,5.666666666666667,1.3333333333333333,4.0,2.6666666666666665,4.0,2.5,3.25,4.0,2.25,2.75,4.75,3.25,4.0,2.4,1.0
2,2,2.0,29.0,2.0,1.0,1.0,1.0,2.0,20.0,40.0,3.0,200.0,1291.4514247625395,1430.9281786368938,14.901362593413918,7.450681296706959,1.0,1.0,1.0,0.0,1,11.0,7.0,3.0,,,,,40.333333333333336,31.761904761904763,8.214285714285715,19.69047619047619,4.0,3.0,3.1666666666666665,3.5,4.0,3.6,3.75,5.333333333333333,5.666666666666667,6.333333333333333,6.0,7.0,3.0,2.75,4.25,4.75,3.5,3.0,2.5,2.25,3.25,3.0,2.5,3.25,4.0,1.0
2,2,2.0,30.0,3.0,1.0,1.0,1.0,2.0,40.0,40.0,1.0,100.0,1666.3889351774703,1846.3589401766371,9.613782318331559,9.613782318331559,1.0,3.0,1.0,0.0,1,11.0,7.0,1.5,,,,,28.0,39.5,17.0,15.5,3.0,3.0,3.0,2.75,3.6666666666666665,3.2,3.25,6.333333333333333,6.666666666666667,6.333333333333333,5.25,6.0,3.3333333333333335,3.25,3.5,3.75,2.75,3.0,3.75,2.5,3.5,3.5,3.5,3.25,3.0,1.0
2,2,2.0,44.0,2.0,2.0,1.0,2.0,2.0,40.0,55.0,3.0,137.5,1458.0903182802865,1615.564072654557,8.412059528540114,6.1178614753019005,1.0,3.0,1.0,0.0,1,8.0,7.0,3.0,,,,,44.27083333333333,17.03333333333333,12.229166666666668,22.820833333333333,4.0,3.0,2.6666666666666665,2.75,3.3333333333333335,2.0,4.25,3.0,3.6666666666666665,5.333333333333333,5.0,4.666666666666667,2.0,3.5,4.75,4.5,3.5,3.75,3.0,2.75,3.0,3.0,2.75,2.75,3.0,1.0
2,2,1.0,33.0,1.0,2.0,1.0,1.0,2.0,40.0,40.0,1.0,100.0,1333.1111481419762,1477.0871521413096,7.691025854665247,7.691025854665247,1.0,4.0,1.0,0.0,1,10.0,7.0,0.0,,,,,32.0,38.0,9.0,13.5,3.0,4.0,3.0,5.0,4.333333333333333,3.4,2.25,5.0,3.0,6.333333333333333,5.0,6.0,3.3333333333333335,4.25,3.5,4.0,3.0,4.0,3.75,2.5,2.75,3.75,3.75,2.5,3.0,1.0
2,2,2.0,41.0,1.0,1.0,1.0,1.0,2.0,40.0,40.0,1.0,100.0,1187.3021163139476,1315.530744875854,6.849819901811237,6.849819901811237,1.0,2.0,3.0,2.0,1,2.0,6.0,17.0,,,,,54.0,23.5,10.5,10.0,4.0,4.0,3.0,2.5,3.0,3.0,3.0,1.666666666666667,5.0,2.3333333333333335,4.75,5.666666666666667,1.3333333333333333,2.25,2.75,3.5,2.25,3.5,2.25,2.0,3.0,4.25,3.75,3.0,2.0,1.0
2,2,2.0,61.0,1.0,1.0,1.0,2.0,1.0,40.0,40.0,1.0,100.0,958.1736377270454,1061.6563906015665,5.527924833040647,5.527924833040647,1.0,1.0,1.0,0.0,1,6.0,4.0,27.0,,,,,43.5,23.000000000000004,11.0,13.5,5.0,3.0,2.5,3.25,2.6666666666666665,2.8,2.25,1.9999999999999998,2.3333333333333335,1.333333333333333,3.5,5.0,2.0,2.5,2.5,3.0,2.3333333333333335,2.5,2.75,2.25,2.75,4.75,3.25,3.6666666666666665,2.8,1.0
2,2,1.0,48.0,1.0,2.0,1.0,2.0,1.0,40.0,40.0,1.0,100.0,999.8333611064822,1107.815364105982,5.768269390998936,5.768269390998936,1.0,1.0,1.0,0.0,1,5.0,4.0,25.0,,,,,61.5,21.000000000000004,3.5,11.0,3.0,4.0,3.1666666666666665,2.5,3.3333333333333335,3.4,3.0,3.6666666666666665,3.6666666666666665,5.333333333333333,5.75,6.666666666666667,2.6666666666666665,2.75,4.0,4.25,3.25,3.0,2.75,2.0,2.75,3.5,3.25,3.75,4.0,1.0
2,2,2.0,55.0,2.0,1.0,1.0,11.0,1.0,40.0,40.0,1.0,100.0,2291.2847858690216,2538.743542742876,13.218950687705894,13.218950687705894,2.0,5.0,1.0,0.0,1,10.0,7.0,5.0,,,,,52.0,25.266666666666666,12.183333333333334,10.55,2.0,5.0,3.6666666666666665,3.0,4.0,3.0,4.25,1.666666666666667,1.3333333333333333,7.0,6.25,7.0,3.0,4.75,5.0,5.0,4.0,4.25,3.5,3.0,4.0,4.75,3.0,2.25,3.0,1.0
2,2,2.0,51.0,2.0,1.0,1.0,11.0,1.0,40.0,40.0,1.0,100.0,1083.1528078653557,1200.1333111148142,6.248958506915514,6.248958506915514,2.0,3.0,1.0,0.0,1,4.0,4.0,11.0,,,,,47.0,25.7,12.5,14.8,5.0,1.0,3.0,1.75,3.6666666666666665,2.2,4.5,3.6666666666666665,4.0,3.3333333333333335,5.5,4.0,5.0,2.5,4.0,3.5,4.25,3.25,3.25,2.75,3.0,3.5,3.0,2.5,3.0,1.0
2,2,2.0,27.0,2.0,1.0,1.0,1.0,2.0,40.0,30.0,2.0,75.0,1370.6048991834693,1518.630228295284,7.907335956827707,10.54311460910361,1.0,1.0,1.0,0.0,1,2.0,7.0,0.0,,,,,21.666666666666664,54.56060606060606,13.81060606060606,15.583333333333332,4.0,2.0,3.3333333333333335,3.5,2.3333333333333335,3.0,3.25,5.0,5.666666666666667,5.0,2.5,1.6666666666666667,5.333333333333333,1.25,2.5,4.5,1.5,2.5,1.2499999999999998,2.25,3.25,3.5,2.5,3.75,4.0,1.0
2,2,2.0,47.0,1.0,1.0,1.0,11.0,1.0,40.0,40.0,1.0,100.0,1124.8125312447926,1246.29228461923,6.489303064873804,6.489303064873804,1.0,2.0,1.0,0.0,1,7.0,4.0,0.0,,,,,59.0,20.5,9.0,11.5,3.0,2.0,3.3333333333333335,3.0,3.0,2.8,3.75,2.6666666666666665,6.333333333333332,3.0,5.0,4.0,1.6666666666666667,1.75,2.75,4.0,2.5,3.75,3.75,2.25,2.0,3.75,3.25,3.0,4.0,1.0
2,2,2.0,52.0,2.0,3.0,1.0,11.0,1.0,40.0,50.0,3.0,125.0,2499.5834027662054,2769.5384102649555,14.420673477497337,11.53653878199787,2.0,5.0,1.0,0.0,1,8.0,7.0,21.0,,,,,35.0,22.3,17.03333333333333,20.833333333333332,3.0,4.0,2.8333333333333335,4.25,4.666666666666667,3.8,3.5,1.9999999999999998,4.333333333333333,6.666666666666667,5.75,6.333333333333333,2.6666666666666665,3.75,4.25,4.0,3.5,3.0,2.75,2.25,3.25,3.75,3.0,2.25,3.0,1.0
2,2,2.0,40.0,1.0,2.0,1.0,5.0,1.0,40.0,40.0,1.0,100.0,2166.3056157307115,2400.2666222296284,12.497917013831028,12.497917013831028,1.0,3.0,1.0,0.0,1,8.0,7.0,8.0,,,,,24.08888888888889,44.55555555555556,13.577777777777778,13.555555555555555,4.0,2.0,3.0,2.0,3.3333333333333335,2.8,3.75,2.3333333333333335,2.6666666666666665,4.0,5.25,5.333333333333333,3.0,2.0,3.0,2.5,1.75,2.25,2.0,2.0,2.5,2.25,2.5,3.75,4.0,1.0
2,2,1.0,69.0,1.0,1.0,1.0,11.0,1.0,40.0,40.0,1.0,100.0,1374.770871521413,1523.2461256457254,7.9313704126235365,7.9313704126235365,1.0,1.0,1.0,0.0,1,7.0,4.0,38.0,,,,,37.09090909090909,29.136363636363637,7.0,20.454545454545453,5.0,5.0,3.0,5.0,5.0,3.4,2.0,7.0,7.0,7.0,5.5,5.0,3.0,3.0,1.0,5.0,4.0,4.0,5.0,3.0,1.0,3.0,3.0,3.5,3.0,1.0
2,2,2.0,45.0,1.0,1.0,1.0,2.0,1.0,40.0,42.0,3.0,105.0,1333.1111481419762,1477.0871521413096,7.691025854665247,7.324786528252616,1.0,1.0,3.0,2.0,1,6.0,5.0,14.0,,,,,37.52380952380952,27.080952380952382,12.428571428571429,22.966666666666665,3.0,2.0,2.6666666666666665,3.25,3.6666666666666665,2.8,2.75,2.3333333333333335,3.0,5.333333333333333,4.25,4.666666666666667,2.0,3.0,3.5,4.25,3.0,3.0,2.75,2.0,2.75,4.75,3.0,3.25,4.0,1.0
2,2,2.0,46.0,1.0,1.0,1.0,11.0,1.0,40.0,40.0,1.0,100.0,1437.260456590568,1592.4845859023494,8.29188724956097,8.29188724956097,1.0,1.0,1.0,0.0,1,8.0,6.0,4.0,,,,,50.5,29.75,13.25,8.499999999999998,4.0,2.0,2.8333333333333335,4.75,4.0,2.6,3.3333333333333335,2.6666666666666665,3.6666666666666665,6.333333333333333,5.25,4.333333333333333,3.0,1.25,3.75,4.25,3.0,3.3333333333333335,2.75,3.5,3.25,3.0,2.75,2.3333333333333335,2.8,1.0
2,2,2.0,26.0,1.0,1.0,1.0,1.0,2.0,40.0,40.0,1.0,100.0,1666.3889351774703,1846.3589401766371,9.613782318331559,9.613782318331559,1.0,3.0,1.0,0.0,1,13.0,7.0,5.0,,,,,11.5,58.5,3.5,19.5,3.0,4.0,2.6666666666666665,3.75,3.6666666666666665,3.2,2.25,2.3333333333333335,2.3333333333333335,5.0,4.5,5.0,2.6666666666666665,3.5,2.25,4.0,2.25,3.5,4.0,3.0,2.75,4.0,2.75,2.75,1.0,1.0
2,2,1.0,28.0,2.0,1.0,1.0,11.0,1.0,40.0,40.0,1.0,100.0,1944.8008665222462,2154.839360106649,11.220004999166806,11.220004999166806,1.0,2.0,2.0,5.0,1,4.0,7.0,5.0,,,,,35.785714285714285,38.0,11.071428571428571,15.142857142857142,4.0,5.0,2.5,3.5,4.333333333333333,3.4,3.5,6.333333333333333,5.0,6.666666666666667,5.75,6.333333333333333,3.0,2.75,1.75,3.5,2.5,3.5,3.25,4.0,2.5,4.0,4.0,2.5,2.0,1.0
2,2,2.0,58.0,1.0,1.0,1.0,11.0,2.0,40.0,40.0,1.0,100.0,1458.0903182802865,1615.564072654557,8.412059528540114,8.412059528540114,2.0,4.0,1.0,0.0,1,6.0,7.0,10.0,,,,,60.33333333333333,15.333333333333332,5.333333333333333,13.0,3.0,4.0,2.6666666666666665,4.25,3.6666666666666665,2.8,2.75,2.3333333333333335,2.6666666666666665,3.0,4.25,5.0,2.0,3.25,2.0,2.25,2.5,3.75,2.0,3.75,3.25,4.75,3.0,3.0,2.0,1.0
2,2,2.0,42.0,1.0,2.0,1.0,11.0,1.0,40.0,40.0,1.0,100.0,2499.5834027662054,2769.5384102649555,14.420673477497337,14.420673477497337,2.0,3.0,1.0,0.0,1,8.0,7.0,11.0,,,,,27.934782608695652,36.95652173913044,9.5,13.73913043478261,4.0,2.0,3.0,2.25,2.6666666666666665,3.6,4.25,4.333333333333333,4.333333333333333,6.666666666666667,6.0,4.666666666666667,5.333333333333333,2.25,4.75,4.75,2.5,3.5,4.0,3.25,3.0,4.5,2.75,3.0,1.0,1.0
2,2,1.0,29.0,2.0,1.0,1.0,1.0,1.0,40.0,40.0,1.0,100.0,1458.0903182802865,1615.564072654557,8.412059528540114,8.412059528540114,1.0,3.0,1.0,0.0,1,3.0,7.0,2.5,,,,,27.5,32.5,10.5,22.0,1.0,5.0,2.1666666666666665,4.0,4.333333333333333,3.6,2.75,2.6666666666666665,3.3333333333333335,3.3333333333333335,6.0,4.666666666666667,2.3333333333333335,2.75,4.5,4.5,3.0,3.5,3.5,2.25,3.25,3.75,3.5,2.25,3.0,1.0
2,2,2.0,44.2,1.0,2.0,1.0,1.0,1.0,40.0,40.0,1.0,100.0,874.8541909681719,969.3384435927344,5.047235717124069,5.047235717124069,1.0,1.0,1.0,0.0,1,2.0,4.0,15.0,,,,,56.49999999999999,14.000000000000004,3.5,14.5,1.0,1.0,3.5,2.5,2.0,1.6,3.0,4.333333333333333,1.3333333333333333,5.0,3.5,2.6666666666666665,2.3333333333333335,2.5,1.0,3.5,3.0,4.0,2.75,2.5,2.75,3.25,3.0,2.75,2.0,1.0
2,2,2.0,45.0,1.0,2.0,1.0,11.0,1.0,40.0,40.0,1.0,100.0,1583.0694884185968,1754.0409931678053,9.133093202414981,9.133093202414981,2.0,3.0,1.0,0.0,1,6.0,7.0,19.0,,,,,59.42857142857143,22.0,5.5,12.0,3.0,4.0,2.5,4.0,4.666666666666667,3.4,3.5,2.3333333333333335,3.3333333333333335,4.333333333333333,5.5,6.666666666666667,2.3333333333333335,2.0,2.25,2.5,2.75,3.75,3.0,2.3333333333333335,2.25,2.75,3.5,3.6666666666666665,3.6,1.0
2,2,2.0,31.0,2.0,1.0,1.0,1.0,2.0,40.0,40.0,1.0,100.0,1874.6875520746541,2077.1538076987167,10.815505108123004,10.815505108123004,1.0,1.0,1.0,0.0,1,6.0,7.0,5.0,,,,,21.166666666666664,47.5,10.5,17.333333333333332,3.0,3.0,3.1666666666666665,3.75,3.0,3.0,3.25,4.666666666666667,3.3333333333333335,4.333333333333333,3.25,2.3333333333333335,3.3333333333333335,1.5,2.25,2.0,2.0,3.0,2.0,2.0,2.75,3.0,2.75,3.5,4.0,1.0
2,2,2.0,43.6,4.0,2.0,1.0,11.0,1.0,40.0,40.0,1.0,100.0,1916.3472754540908,2123.3127812031325,11.055849666081293,11.055849666081293,1.0,2.0,1.0,0.0,1,7.0,7.0,3.0,,,,,51.5,22.5,6.499999999999999,19.0,3.0,4.0,2.1666666666666665,4.25,4.0,3.2,3.0,1.666666666666667,1.6666666666666667,1.666666666666667,6.0,4.0,1.0,2.5,2.75,3.5,2.5,2.5,4.5,3.25,3.25,4.25,3.75,3.0,2.0,1.0
2,2,2.0,42.0,3.0,1.0,1.0,6.0,1.0,40.0,45.0,3.0,112.5,1874.6875520746541,2077.1538076987167,10.815505108123004,9.613782318331559,1.0,1.0,5.0,10.0,1,7.0,7.0,5.0,,,,,40.608695652173914,28.391304347826086,7.5,21.5,5.0,1.0,3.0,1.75,1.6666666666666667,3.4,5.0,2.3333333333333335,1.3333333333333333,4.0,4.75,6.0,1.0,3.0,4.25,3.5,1.75,3.75,4.25,2.25,4.0,5.0,3.0,2.5,1.0,1.0
2,2,2.0,49.0,1.0,1.0,1.0,2.0,1.0,40.0,40.0,1.0,100.0,2707.882019663389,3000.3332777870355,15.622396267288783,15.622396267288783,2.0,3.0,1.0,0.0,1,12.0,7.0,18.0,,,,,44.166666666666664,24.944444444444443,10.0,18.666666666666664,3.0,3.0,3.1666666666666665,3.25,3.3333333333333335,3.6,3.25,5.0,3.6666666666666665,5.0,5.25,5.666666666666667,3.0,3.0,3.5,3.5,2.75,3.5,3.75,2.75,2.75,3.75,3.25,2.5,2.0,1.0
2,2,1.0,53.0,1.0,1.0,1.0,11.0,1.0,40.0,50.0,3.0,125.0,1708.0486585569074,1892.517913681053,9.85412687628985,7.883301501031879,1.0,3.0,3.0,15.0,1,9.0,4.0,6.0,,,,,44.030303030303024,17.075757575757574,11.96969696969697,19.59090909090909,3.0,3.0,3.3333333333333335,1.0,1.0,2.2,4.75,2.466666666666667,3.3333333333333335,7.0,6.5,5.666666666666667,3.0,3.75,4.5,4.5,3.75,4.0,3.25,2.75,3.25,3.75,3.0,3.25,3.0,1.0
2,2,2.0,27.0,2.0,1.0,1.0,6.0,2.0,40.0,40.0,1.0,100.0,1541.40976503916,1707.8820196633892,8.892748644456693,8.892748644456692,1.0,4.0,1.0,0.0,1,3.0,7.0,2.0,,,,,41.0,32.5,6.5,12.5,3.0,4.0,3.1666666666666665,3.5,2.0,3.4,2.75,3.6666666666666665,3.6666666666666665,4.333333333333333,4.5,4.666666666666667,2.6666666666666665,3.5,1.75,3.0,2.5,3.0,2.5,3.0,3.0,3.75,3.25,2.5,2.0,1.0
2,2,2.0,52.0,2.0,1.0,1.0,8.0,1.0,40.0,40.0,1.0,100.0,1666.3889351774703,1846.3589401766371,9.613782318331559,9.613782318331559,1.0,3.0,1.0,0.0,1,11.0,7.0,22.0,,,,,44.067251461988306,40.52777777777778,3.0,12.194444444444445,2.0,5.0,2.8333333333333335,4.75,4.666666666666667,4.0,2.25,4.0,2.0,4.0,5.0,4.333333333333333,2.3333333333333335,2.0,2.5,3.25,1.5,4.0,2.5,1.5,3.5,4.5,3.0,3.0,3.5999999999999996,1.0
2,2,2.0,46.0,1.0,2.0,1.0,11.0,1.0,40.0,60.0,3.0,150.0,2499.5834027662054,2769.5384102649555,14.420673477497337,9.613782318331557,2.0,3.0,5.0,3.0,1,7.0,7.0,13.0,,,,,33.17529137529137,33.29603729603729,14.074592074592074,17.526806526806528,4.0,3.0,2.6666666666666665,2.25,3.6666666666666665,3.6,4.25,1.3333333333333335,1.6666666666666667,5.0,6.5,6.666666666666667,2.0,4.5,4.5,3.25,3.25,3.75,4.25,2.75,3.5,3.5,3.0,2.5,1.0,1.0
2,2,1.0,47.0,1.0,2.0,1.0,11.0,1.0,40.0,40.0,1.0,100.0,1291.4514247625395,1430.9281786368938,7.450681296706959,7.450681296706959,1.0,2.0,1.0,0.0,1,11.0,4.0,10.0,,,,,38.225806451612904,39.612903225806456,5.89516129032258,6.540322580645162,3.0,2.0,3.0,3.0,3.3333333333333335,3.0,3.25,2.3333333333333335,4.666666666666667,2.3333333333333335,3.0,4.666666666666667,2.3333333333333335,3.0,3.0,4.25,2.75,3.5,2.5,2.5,3.75,4.0,2.5,3.5,4.0,1.0
2,2,2.0,50.0,1.0,2.0,1.0,5.0,4.0,2.0,2.0,1.0,100.0,20.8298616897182,23.07948675220814,2.4034455795828897,2.4034455795828897,1.0,1.0,1.0,0.0,1,9.0,8.0,10.0,,,,,61.52564102564103,30.743589743589745,6.333333333333332,7.807692307692307,1.0,4.0,2.3333333333333335,3.0,2.6666666666666665,3.4,2.5,3.0,1.0,3.3333333333333335,5.75,5.333333333333333,3.0,1.5,1.25,4.25,1.75,2.5,2.25,2.75,2.25,4.25,3.25,2.25,2.0,1.0
2,2,2.0,53.0,1.0,3.0,1.0,8.0,1.0,40.0,40.0,1.0,100.0,1166.4722546242292,1292.4512581236459,6.729647622832092,6.729647622832092,1.0,1.0,1.0,0.0,1,1.0,4.0,28.0,,,,,39.0,41.0,13.0,7.0,4.0,4.0,3.0,4.5,5.0,3.0,3.0,3.0,5.333333333333333,3.0,5.0,4.333333333333333,2.3333333333333335,2.0,2.75,4.75,2.5,3.25,3.0,2.75,2.75,3.5,3.75,2.25,2.0,1.0
2,2,1.0,42.0,1.0,2.0,1.0,11.0,1.0,40.0,40.0,1.0,100.0,1958.0069988335276,2169.471754707549,11.296194224039583,11.296194224039583,1.0,4.0,2.0,40.0,1,9.0,7.0,18.0,,,,,48.83333333333333,28.0,9.666666666666666,13.5,3.0,5.0,2.566666666666667,5.0,4.666666666666667,3.4,3.0,5.333333333333333,4.666666666666667,4.666666666666667,5.25,6.0,2.0,3.25,2.0,3.0,2.25,3.25,3.25,2.75,3.25,4.5,4.0,2.75,2.0,1.0
2,2,2.0,59.0,2.0,1.0,1.0,11.0,2.0,40.0,40.0,1.0,100.0,1333.1111481419762,1477.0871521413096,7.691025854665247,7.691025854665247,1.0,1.0,1.0,0.0,1,14.0,4.0,5.0,,,,,40.83333333333333,21.0,12.333333333333334,25.833333333333336,2.0,4.0,3.0,2.75,4.666666666666667,2.8,3.0,2.6666666666666665,2.3333333333333335,3.6666666666666665,5.0,6.333333333333333,3.0,3.5,2.75,4.0,3.25,4.0,3.25,3.75,3.5,4.25,3.0,2.5,1.0,1.0
2,2,2.0,25.0,3.0,1.0,1.0,11.0,2.0,30.0,35.0,3.0,116.66666666666667,1124.8125312447926,1246.29228461923,8.652404086498404,7.416346359855775,1.0,3.0,1.0,0.0,1,12.0,4.0,4.0,,,,,33.8568665377176,24.810659789383195,8.464646464646464,18.570814528261337,4.0,3.0,2.5,3.75,3.6666666666666665,2.6,3.75,4.0,3.3333333333333335,4.0,5.25,5.666666666666667,3.0,3.5,4.75,3.0,3.5,3.5,1.75,4.0,3.25,3.25,3.0,3.75,4.0,1.0
2,2,2.0,27.0,1.0,2.0,1.0,11.0,1.0,40.0,40.0,1.0,100.0,1041.4930844859189,1153.974337610398,6.008613948957224,6.008613948957224,1.0,3.0,1.0,0.0,1,3.0,7.0,5.0,,,,,43.3125,29.25,5.8125,14.625,2.0,5.0,2.3333333333333335,5.0,4.333333333333333,2.8,1.5,1.0,2.3333333333333335,5.0,5.75,5.666666666666667,3.0,3.5,1.5,3.5,2.0,4.25,4.5,3.5,2.75,4.75,3.25,2.75,2.0,1.0
2,2,2.0,47.0,1.0,1.0,1.0,8.0,1.0,40.0,40.0,1.0,100.0,833.1944675887353,923.1794700883186,4.8068911591657795,4.8068911591657795,1.0,1.0,1.0,0.0,1,1.0,4.0,23.0,,,,,44.63636363636364,18.909090909090907,5.5,14.727272727272727,1.0,5.0,2.5,4.25,5.0,4.0,1.75,1.0,1.0,2.0,5.75,5.333333333333333,2.3333333333333335,1.5,3.5,4.75,2.5,3.75,4.0,2.5,3.5,5.0,3.0,2.25,2.0,1.0
2,2,2.0,28.0,2.0,1.0,1.0,5.0,2.0,40.0,48.0,3.0,120.0,1562.2396267288784,1730.9615064155973,9.012920923435837,7.510767436196532,1.0,2.0,5.0,12.0,1,3.0,7.0,6.0,,,,,34.557309941520465,38.54619883040935,5.355555555555555,15.54093567251462,5.0,4.0,3.1666666666666665,3.25,4.333333333333333,3.0,3.75,6.0,4.333333333333333,7.0,5.75,5.333333333333333,3.3333333333333335,4.5,5.0,4.5,3.75,3.75,3.5,2.25,3.75,3.75,3.25,2.25,3.0,1.0
2,2,2.0,44.0,2.0,2.0,1.0,11.0,1.0,40.0,50.0,3.0,125.0,1666.3889351774703,1846.3589401766371,9.613782318331559,7.691025854665247,2.0,4.0,1.0,0.0,1,12.0,6.0,6.0,,,,,41.68027210884354,18.37414965986395,8.282993197278913,28.2891156462585,4.0,4.0,2.5,5.0,3.6666666666666665,3.0,3.75,1.666666666666667,1.6666666666666667,3.3333333333333335,5.0,5.333333333333333,2.0,3.5,3.5,3.5,2.75,3.75,2.5,2.75,3.5,4.5,3.25,3.5,3.0,1.0
2,2,1.0,43.0,1.0,2.0,1.0,8.0,1.0,40.0,40.0,1.0,100.0,2916.180636560573,3231.1281453091146,16.824119057080228,16.824119057080228,2.0,5.0,1.0,0.0,1,6.0,7.0,20.0,,,,,37.5,27.5,18.5,15.5,3.0,4.0,2.6666666666666665,4.75,4.333333333333333,4.0,3.0,2.6666666666666665,2.3333333333333335,5.0,5.25,6.333333333333333,2.6666666666666665,3.25,3.75,4.25,2.75,3.25,3.75,3.25,3.5,4.75,3.5,2.25,1.0,1.0
2,2,2.0,51.0,4.0,2.0,1.0,11.0,1.0,40.0,40.0,1.0,100.0,1874.6875520746541,2077.1538076987167,10.815505108123004,10.815505108123004,1.0,4.0,1.0,0.0,1,7.0,7.0,1.0,,,,,36.0,35.0,15.0,16.5,3.0,4.0,2.3333333333333335,5.0,4.0,3.8,2.75,1.0,3.3333333333333335,3.0,4.75,5.666666666666667,2.3333333333333335,3.25,3.5,3.75,3.0,3.5,3.0,3.0,3.75,4.5,2.75,2.75,1.0,1.0
2,2,2.0,26.0,2.0,1.0,1.0,11.0,2.0,40.0,50.0,3.0,125.0,1499.7500416597234,1661.7230461589734,8.652404086498404,6.921923269198723,1.0,2.0,1.0,0.0,1,10.0,6.0,3.0,,,,,33.89044289044289,34.14452214452214,16.644289044289042,8.654079254079257,2.0,4.0,2.5,4.75,4.666666666666667,3.2,3.5,3.6666666666666665,2.6666666666666665,5.0,5.25,5.666666666666667,2.3333333333333335,3.75,4.25,3.25,3.75,3.75,4.0,4.0,3.25,4.0,3.5,2.5,3.0,1.0
2,2,2.0,43.0,4.0,2.0,1.0,9.0,2.0,40.0,40.0,1.0,100.0,1874.6875520746541,2077.1538076987167,10.815505108123004,10.815505108123004,2.0,5.0,1.0,0.0,1,6.0,7.0,3.5,,,,,47.5,14.000000000000004,6.0,18.5,3.0,5.0,2.3333333333333335,4.0,4.666666666666667,3.8,3.5,3.0,3.6666666666666665,6.333333333333333,5.75,6.333333333333333,2.6666666666666665,1.5,3.75,3.75,2.75,3.0,3.0,3.25,2.5,4.0,3.0,2.5,4.0,1.0
2,2,2.0,34.0,2.0,2.0,1.0,11.0,1.0,40.0,40.0,1.0,100.0,2291.2847858690216,2538.743542742876,13.218950687705894,13.218950687705894,1.0,3.0,1.0,0.0,1,8.0,7.0,14.0,,,,,48.26704545454545,23.522727272727273,13.267045454545453,14.943181818181818,2.0,5.0,2.5,5.0,5.0,4.2,2.75,1.0,1.6666666666666667,3.0,5.0,6.0,2.0,3.25,3.75,4.75,3.25,3.75,4.0,2.75,3.0,5.0,4.25,2.75,3.0,1.0
2,2,2.0,56.0,1.0,1.0,1.0,11.0,1.0,40.0,42.0,3.0,105.0,2291.2847858690216,2538.743542742876,13.218950687705894,12.589476845434184,2.0,3.0,1.0,0.0,1,13.0,7.0,23.0,,,,,51.54195804195804,17.59090909090909,9.068181818181818,17.07167832167832,3.0,2.0,3.1666666666666665,2.75,3.3333333333333335,3.0,4.0,1.0,1.0,6.0,6.0,5.666666666666667,3.0,2.25,5.0,5.0,3.25,3.25,3.75,2.5,3.5,3.75,2.75,3.5,3.0,1.0
2,2,2.0,27.0,2.0,1.0,1.0,11.0,2.0,40.0,40.0,1.0,100.0,1541.40976503916,1707.8820196633892,8.892748644456693,8.892748644456692,1.0,1.0,1.0,0.0,1,8.0,7.0,4.0,,,,,47.0,23.5,6.499999999999999,14.5,3.0,1.0,3.6666666666666665,1.75,4.0,2.8,3.0,4.0,2.3333333333333335,3.6666666666666665,4.25,3.3333333333333335,4.666666666666667,2.5,3.25,2.25,1.5,3.3333333333333335,2.75,2.5,2.5,3.5,2.5,3.3333333333333335,3.2,1.0
2,2,1.0,30.0,3.0,1.0,1.0,1.0,2.0,40.0,40.0,1.0,100.0,874.8541909681719,969.3384435927344,5.047235717124069,5.047235717124069,1.0,1.0,1.0,0.0,1,2.0,4.0,2.0,,,,,34.5,43.300000000000004,6.3,15.5,4.0,2.0,3.5,2.75,3.3333333333333335,2.2,3.75,3.3333333333333335,4.666666666666667,4.333333333333333,5.0,5.333333333333333,3.0,1.75,3.25,3.25,2.5,2.75,2.0,3.0,2.25,2.25,3.5,4.0,4.0,1.0
2,2,2.0,48.0,1.0,2.0,1.0,5.0,1.0,40.0,48.0,3.0,120.0,1458.0903182802865,1615.564072654557,8.412059528540114,7.010049607116762,2.0,4.0,1.0,0.0,1,14.0,7.0,12.0,,,,,48.90909090909091,19.236363636363635,9.309090909090909,21.272727272727273,5.0,3.0,2.5,3.25,3.6666666666666665,2.6,4.0,3.6666666666666665,2.0,7.0,6.25,2.6666666666666665,4.333333333333333,1.75,3.5,3.75,3.0,3.0,1.75,1.5,3.0,2.5,3.25,2.5,4.0,1.0
2,2,1.0,45.0,1.0,2.0,1.0,1.0,1.0,54.0,54.0,1.0,100.0,2082.9861689718377,2307.948675220796,8.901650294751443,8.901650294751443,2.0,2.0,1.0,0.0,1,14.0,7.0,22.0,,,,,42.166666666666664,40.333333333333336,10.333333333333334,9.666666666666666,4.0,4.0,2.0,3.5,3.6666666666666665,3.8,3.0,3.0,1.3333333333333333,5.333333333333333,5.0,5.666666666666667,2.0,3.0,3.25,3.25,2.5,4.25,3.5,2.5,3.0,4.5,3.0,3.0,1.0,1.0
2,2,2.0,33.0,1.0,2.0,1.0,5.0,1.0,12.0,12.0,1.0,100.0,666.5555740709881,738.5435760706548,12.818376424442079,12.818376424442079,1.0,3.0,1.0,0.0,1,3.0,7.0,5.0,,,,,4.0,68.83333333333334,13.75,5.916666666666664,3.0,4.0,2.5,4.5,4.333333333333333,3.2,2.75,2.3333333333333335,1.3333333333333333,5.0,5.0,5.0,2.3333333333333335,1.5,1.75,2.75,1.75,3.0,1.2499999999999998,1.0,2.0,2.25,3.0,3.75,4.0,1.0
2,2,2.0,42.0,1.0,2.0,1.0,1.0,1.0,40.0,40.0,1.0,100.0,1874.6875520746541,2077.1538076987167,10.815505108123004,10.815505108123004,3.0,3.0,3.0,2.0,1,1.0,7.0,7.0,,,,,40.5,27.0,12.5,14.5,3.0,3.0,2.6666666666666665,3.25,3.3333333333333335,3.0,3.5,4.333333333333333,4.0,3.3333333333333335,4.5,4.666666666666667,4.333333333333333,3.0,3.0,2.5,2.75,2.75,3.0,2.5,2.75,3.75,3.0,3.25,4.0,1.0
2,2,2.0,35.0,2.0,1.0,1.0,11.0,2.0,40.0,40.0,1.0,100.0,1083.1528078653557,1200.1333111148142,6.248958506915514,6.248958506915514,1.0,5.0,5.0,6.0,1,3.0,8.0,4.0,,,,,25.136363636363637,33.13636363636363,15.136363636363637,26.59090909090909,3.0,3.0,3.0,2.0,3.0,2.6,3.75,4.0,4.666666666666667,5.333333333333333,5.75,5.333333333333333,2.0,2.75,3.5,4.75,3.25,3.25,1.5,3.25,2.25,4.75,2.75,3.5,4.0,1.0
2,2,2.0,30.0,1.0,1.0,1.0,9.0,2.0,40.0,40.0,1.0,100.0,1583.0694884185968,1754.0409931678053,9.133093202414981,9.133093202414981,1.0,2.0,1.0,0.0,1,9.0,7.0,3.5,,,,,43.5,27.5,15.0,14.0,2.0,3.0,2.8333333333333335,2.5,3.6666666666666665,3.0,3.5,4.0,4.666666666666667,5.333333333333333,5.5,4.333333333333333,3.0,3.75,3.0,3.5,3.0,3.5,3.25,3.0,3.25,4.0,3.75,3.0,3.0,1.0
2,2,1.0,57.0,1.0,1.0,1.0,5.0,1.0,40.0,40.0,1.0,100.0,1145.6423929345108,1269.371771371438,6.609475343852947,6.609475343852948,1.0,1.0,1.0,0.0,1,4.0,4.0,1.0,,,,,45.27777777777777,30.77777777777778,9.0,11.944444444444445,3.0,3.0,2.8333333333333335,4.0,3.6666666666666665,2.8,3.0,4.333333333333333,4.666666666666667,4.666666666666667,5.0,4.333333333333333,2.6666666666666665,2.75,3.5,4.5,3.25,3.0,3.5,2.25,3.0,3.5,3.5,3.0,3.0,1.0
2,2,2.0,40.0,2.0,1.0,1.0,9.0,1.0,40.0,40.0,1.0,100.0,1249.7917013831027,1384.7692051324777,7.210336738748668,7.210336738748668,1.0,1.0,1.0,0.0,1,1.0,4.0,22.0,,,,,41.0,25.0,7.0,19.0,2.0,4.0,2.6666666666666665,3.5,3.6666666666666665,3.4,3.25,1.9999999999999998,3.6666666666666665,4.666666666666667,4.5,5.0,3.0,2.25,3.5,3.5,3.25,3.25,2.75,3.5,3.5,4.0,2.75,2.75,3.0,1.0
2,2,1.0,44.0,1.0,2.0,1.0,10.0,1.0,40.0,40.0,1.0,100.0,2082.9861689718377,2307.948675220796,12.017227897914449,12.017227897914449,2.0,3.0,7.0,15.0,1,8.0,7.0,15.0,,,,,32.5,35.5,15.5,16.5,4.0,3.0,2.6666666666666665,4.25,3.3333333333333335,3.4,3.5,4.666666666666667,4.333333333333333,5.333333333333333,6.0,4.666666666666667,2.6666666666666665,3.25,2.75,4.0,3.0,4.0,3.75,2.75,3.0,3.75,3.25,3.75,4.0,1.0
2,2,2.0,53.0,1.0,1.0,1.0,1.0,2.0,40.0,40.0,1.0,100.0,2707.882019663389,3000.3332777870355,15.622396267288783,15.622396267288783,2.0,4.0,5.0,5.0,1,13.0,7.0,2.0,,,,,41.0,37.0,9.0,6.999999999999998,3.0,3.0,2.3333333333333335,3.5,3.3333333333333335,3.0,2.5,3.3333333333333335,3.6666666666666665,4.666666666666667,5.25,4.333333333333333,2.3333333333333335,2.25,1.75,2.75,3.5,4.0,2.5,3.0,3.5,4.75,3.25,3.0,2.0,1.0
2,2,1.0,23.0,2.0,1.0,1.0,5.0,2.0,40.0,40.0,1.0,100.0,1708.0486585569074,1892.517913681053,9.85412687628985,9.85412687628985,1.0,2.0,1.0,0.0,1,8.0,6.0,2.0,,,,,30.750000000000004,24.25,18.5,25.5,2.0,5.0,2.5,5.0,4.666666666666667,4.0,3.0,4.333333333333333,3.3333333333333335,5.0,5.5,6.0,2.3333333333333335,3.5,3.0,3.5,3.5,4.0,3.0,3.5,3.75,4.75,3.5,2.25,1.0,1.0
2,2,2.0,32.0,2.0,1.0,1.0,5.0,1.0,40.0,40.0,1.0,100.0,1249.7917013831027,1384.7692051324777,7.210336738748668,7.210336738748668,1.0,4.0,1.0,0.0,1,7.0,7.0,3.0,,,,,35.333333333333336,36.5,8.666666666666666,13.5,3.0,2.0,3.1666666666666665,3.5,3.6666666666666665,2.8,4.25,6.333333333333333,6.333333333333332,7.0,6.5,5.0,4.333333333333333,3.25,4.0,4.0,4.0,3.5,3.75,3.75,3.5,3.75,3.75,3.75,4.0,1.0
2,2,2.0,40.0,2.0,1.0,1.0,2.0,1.0,40.0,40.0,1.0,100.0,2499.5834027662054,2769.5384102649555,14.420673477497337,14.420673477497337,1.0,2.0,1.0,0.0,1,5.0,8.0,17.0,,,,,31.0,36.0,12.5,20.5,3.0,5.0,2.8333333333333335,4.75,4.333333333333333,3.8,3.0,3.6666666666666665,3.6666666666666665,5.333333333333333,4.5,6.0,2.3333333333333335,3.0,3.75,3.25,2.5,3.75,4.25,3.25,2.5,4.25,3.25,2.75,1.0,1.0
2,2,2.0,43.0,1.0,2.0,1.0,5.0,1.0,40.0,40.0,1.0,100.0,2278.7868688551907,2524.8958506915515,13.14684732031841,13.14684732031841,1.0,2.0,1.0,0.0,1,13.0,8.0,0.0,,,,,28.5,40.0,16.0,15.5,4.0,5.0,2.6666666666666665,5.0,3.6666666666666665,3.2,4.25,5.666666666666667,7.0,5.666666666666667,4.75,3.0,3.6666666666666665,5.0,4.75,5.0,3.25,3.75,5.0,3.25,2.5,2.25,3.75,2.75,3.0,1.0
2,2,1.0,49.0,1.0,2.0,1.0,5.0,1.0,40.0,40.0,1.0,100.0,2937.0104982502917,3254.2076320613232,16.944291336059372,16.944291336059372,2.0,4.0,1.0,0.0,1,5.0,7.0,14.0,,,,,49.388888888888886,34.05555555555556,5.277777777777778,9.055555555555555,3.0,4.0,3.1666666666666665,2.75,4.0,3.0,3.0,1.3333333333333335,1.3333333333333333,4.333333333333333,5.75,3.3333333333333335,2.6666666666666665,2.25,4.0,3.25,1.75,4.0,3.5,3.0,2.25,2.0,2.75,3.25,4.0,1.0
2,2,2.0,47.0,1.0,4.0,1.0,1.0,1.0,40.0,40.0,1.0,100.0,1416.4305949008499,1569.4050991501415,8.171714970581826,8.171714970581826,1.0,1.0,1.0,0.0,1,1.0,4.0,14.0,,,,,62.5,8.0,6.5,20.0,4.0,2.0,3.1666666666666665,2.0,2.3333333333333335,2.2,3.5,2.6666666666666665,3.0,3.5,4.75,4.666666666666667,3.0,2.25,3.5,3.5,2.75,3.25,2.75,2.75,2.0,3.5,3.75,3.0,4.0,1.0
2,2,2.0,28.0,2.0,1.0,1.0,5.0,4.0,40.0,40.0,1.0,100.0,708.2152974504249,784.7025495750709,4.085857485290913,4.085857485290914,1.0,3.0,1.0,0.0,1,6.0,7.0,0.0,,,,,44.16666666666667,22.416666666666664,12.333333333333332,11.583333333333332,5.0,4.0,2.6666666666666665,4.5,3.3333333333333335,3.4,4.25,4.666666666666667,3.6666666666666665,5.0,6.0,7.0,3.0,4.0,4.75,4.5,3.5,3.75,4.25,3.5,3.5,4.0,3.0,2.25,3.0,1.0
2,2,2.0,36.0,3.0,1.0,1.0,5.0,1.0,40.0,40.0,1.0,100.0,1666.3889351774703,1846.3589401766371,9.613782318331559,9.613782318331559,1.0,2.0,1.0,0.0,1,12.0,7.0,10.0,,,,,42.0,29.5,18.5,10.0,4.0,3.0,2.3333333333333335,4.75,3.3333333333333335,3.2,3.25,5.0,4.333333333333333,4.666666666666667,4.5,5.333333333333333,2.0,3.5,3.0,3.0,2.75,3.0,2.75,2.25,2.75,3.0,3.25,3.0,4.0,1.0
2,2,1.0,23.0,3.0,1.0,1.0,1.0,3.0,32.0,32.0,1.0,100.0,993.1678053657724,1100.4299283452758,7.162267827157011,7.162267827157011,1.0,2.0,2.0,7.5,1,5.0,4.0,1.0,,,,,51.714285714285715,14.714285714285715,9.5,24.07142857142857,4.0,2.0,3.1666666666666665,3.25,1.6666666666666667,2.4,4.25,1.666666666666667,3.6666666666666665,4.666666666666667,5.75,3.6666666666666665,3.0,3.75,3.25,4.25,3.25,2.5,2.75,3.0,3.25,4.0,3.5,3.5,4.0,1.0
2,2,2.0,34.0,1.0,1.0,1.0,5.0,1.0,40.0,40.0,1.0,100.0,1874.6875520746541,2077.1538076987167,10.815505108123004,10.815505108123004,1.0,2.0,1.0,0.0,1,8.0,7.0,6.0,,,,,44.0,34.50000000000001,13.0,13.0,4.0,3.0,2.7666666666666666,4.5,3.6666666666666665,3.0,2.5,2.6666666666666665,4.333333333333333,2.0,2.75,1.0,2.6666666666666665,2.0,4.0,4.0,2.75,3.25,2.25,1.25,2.25,3.75,4.0,3.5,4.0,1.0
2,2,2.0,36.0,1.0,2.0,1.0,4.0,1.0,40.0,40.0,1.0,100.0,1124.8125312447926,1246.29228461923,6.489303064873804,6.489303064873804,1.0,2.0,1.0,0.0,1,6.0,7.0,10.0,,,,,15.5,72.75,7.5,7.75,3.0,5.0,2.5,5.0,3.6666666666666665,2.6,3.5,3.0,3.6666666666666665,5.333333333333333,5.25,3.6666666666666665,3.0,2.5,3.0,4.25,2.25,3.5,4.0,3.25,2.25,3.75,3.0,3.25,2.0,1.0
2,2,2.0,39.0,3.0,1.0,1.0,11.0,1.0,40.0,40.0,1.0,100.0,1458.0903182802865,1615.564072654557,8.412059528540114,8.412059528540114,1.0,3.0,1.0,0.0,1,12.0,7.0,14.5,,,,,29.333333333333336,51.30555555555556,8.444444444444443,13.416666666666666,4.0,4.0,3.1666666666666665,5.0,4.0,3.4,2.75,1.3333333333333335,1.3333333333333333,2.0,3.5,1.6666666666666667,5.0,2.0,3.5,4.5,1.75,3.0,3.0,1.5,2.0,1.75,3.0,2.5,4.0,1.0
2,2,2.0,49.0,3.0,1.0,1.0,11.0,1.0,40.0,40.0,1.0,100.0,1458.0903182802865,1615.564072654557,8.412059528540114,8.412059528540114,1.0,2.0,1.0,0.0,1,7.0,7.0,5.0,,,,,48.27777777777777,29.27777777777778,12.0,10.444444444444443,3.0,3.0,2.6666666666666665,2.75,3.0,3.4,2.75,4.666666666666667,3.6666666666666665,3.3333333333333335,4.0,3.3333333333333335,2.6666666666666665,2.75,3.0,3.5,2.5,3.5,3.75,2.25,3.0,3.0,3.5,3.25,4.0,1.0
2,2,1.0,39.0,2.0,1.0,1.0,1.0,2.0,40.0,40.0,1.0,100.0,1666.3889351774703,1846.3589401766371,9.613782318331559,9.613782318331559,1.0,1.0,1.0,0.0,1,2.0,7.0,5.0,,,,,30.833333333333336,53.55797101449276,9.27536231884058,6.333333333333332,4.0,2.0,2.6666666666666665,3.0,1.6666666666666667,3.2,4.0,4.0,6.333333333333332,4.0,6.5,7.0,2.0,3.25,4.75,4.25,3.75,3.5,3.75,3.0,1.75,1.5,3.25,4.0,4.0,1.0
2,2,2.0,37.0,4.0,2.0,1.0,5.0,1.0,40.0,40.0,1.0,100.0,2916.180636560573,3231.1281453091146,16.824119057080228,16.824119057080228,2.0,2.0,1.0,0.0,1,7.0,7.0,12.0,,,,,30.5,35.33333333333333,6.722222222222223,14.222222222222221,4.0,2.0,3.0,2.75,2.6666666666666665,3.8,3.75,5.0,4.333333333333333,6.0,5.5,5.0,2.6666666666666665,2.0,4.0,4.0,3.0,4.0,2.0,4.0,4.0,3.0,2.0,2.0,2.6,1.0
2,2,2.0,39.0,1.0,2.0,1.0,11.0,2.0,20.0,20.0,1.0,100.0,749.8750208298618,830.8615230794867,8.652404086498404,8.652404086498404,1.0,3.0,5.0,20.0,1,7.0,7.0,2.5,,,,,25.0,52.75,8.0,15.25,4.0,4.0,2.8333333333333335,4.0,4.0,3.4,3.25,2.6666666666666665,3.6666666666666665,3.6666666666666665,5.25,4.666666666666667,2.3333333333333335,2.5,3.0,3.5,3.0,3.25,2.75,2.5,3.25,4.0,3.25,3.5,4.0,1.0
2,2,2.0,36.0,3.0,1.0,1.0,2.0,1.0,40.0,40.0,1.0,100.0,1666.3889351774703,1846.3589401766371,9.613782318331559,9.613782318331559,1.0,1.0,1.0,0.0,1,5.0,6.0,10.0,,,,,46.0,40.0,11.0,2.9999999999999982,5.0,5.0,2.6666666666666665,4.5,4.333333333333333,3.6,3.0,4.0,5.0,6.0,6.25,6.666666666666667,3.0,2.75,2.25,4.0,2.5,4.5,4.0,2.75,1.75,4.0,3.5,3.0,2.0,1.0
2,2,1.0,32.0,1.0,1.0,1.0,6.0,1.0,40.0,44.0,3.0,110.00000000000001,1624.7292117980335,1800.199966672221,9.373437760373271,8.521307054884792,1.0,1.0,1.0,0.0,1,10.0,7.0,6.0,,,,,32.27777777777778,38.24444444444444,8.911111111111111,12.611111111111112,5.0,4.0,2.8333333333333335,3.25,3.0,2.8,3.75,4.0,4.0,5.0,5.0,4.666666666666667,2.3333333333333335,2.5,4.0,3.5,2.5,2.5,2.5,2.75,3.25,3.25,3.5,3.0,4.0,1.0
2,2,1.0,45.0,1.0,2.0,1.0,6.0,1.0,40.0,40.0,1.0,100.0,2491.251458090318,2760.306615564072,14.37260456590568,14.37260456590568,2.0,5.0,1.0,0.0,1,3.0,8.0,20.0,,,,,47.42857142857143,27.5,14.0,10.0,2.0,4.0,2.8333333333333335,4.0,4.666666666666667,3.4,2.5,3.3333333333333335,1.3333333333333333,5.333333333333333,5.5,4.666666666666667,2.0,2.75,3.0,4.5,2.5,3.5,2.75,2.0,2.0,3.5,3.0,3.75,4.0,1.0
2,2,2.0,39.0,4.0,2.0,1.0,4.0,2.0,40.0,40.0,1.0,100.0,1458.0903182802865,1615.564072654557,8.412059528540114,8.412059528540114,1.0,4.0,1.0,0.0,1,11.0,7.0,8.0,,,,,25.5,57.833333333333336,10.0,6.666666666666666,3.0,3.0,2.8333333333333335,4.25,4.0,3.4,3.25,1.9999999999999998,3.0,2.3333333333333335,2.5,4.0,2.6666666666666665,2.0,1.75,3.5,1.5,2.75,2.25,2.25,2.25,4.0,3.25,3.75,4.0,1.0
2,2,2.0,39.0,1.0,2.0,1.0,6.0,1.0,40.0,50.0,3.0,125.0,1458.0903182802865,1615.564072654557,8.412059528540114,6.729647622832092,1.0,3.0,5.0,2.0,1,12.0,7.0,2.0,,,,,33.78205128205128,39.91917502787068,6.297534993187167,23.113154960981046,3.0,3.0,2.1666666666666665,3.5,4.0,2.8,3.25,3.0,3.6666666666666665,4.666666666666667,5.0,4.333333333333333,2.3333333333333335,2.5,3.5,2.75,2.5,4.0,3.5,3.0,2.75,3.75,2.5,2.5,2.0,1.0
2,2,1.0,36.0,2.0,2.0,1.0,11.0,5.0,40.0,40.0,1.0,100.0,1249.7917013831027,1384.7692051324777,7.210336738748668,7.210336738748668,1.0,4.0,1.0,0.0,1,14.0,7.0,6.0,,,,,40.5,36.8,7.300000000000001,15.0,4.0,4.0,3.0,2.0,3.0,1.8,3.25,3.0,5.333333333333333,3.3333333333333335,5.5,4.666666666666667,2.0,3.0,3.5,4.75,4.0,3.0,2.5,2.25,2.0,2.25,3.25,3.75,4.0,1.0
2,2,2.0,42.0,1.0,2.0,1.0,1.0,2.0,30.0,30.0,1.0,100.0,1083.1528078653557,1200.1333111148142,8.331944675887351,8.331944675887351,1.0,2.0,5.0,2.0,1,13.0,7.0,4.0,,,,,31.0,47.25,13.0,8.749999999999998,4.0,3.0,3.0,2.75,4.333333333333333,3.4,2.25,3.6666666666666665,3.3333333333333335,4.666666666666667,5.25,4.666666666666667,3.0,1.75,2.25,2.75,1.75,3.0,3.0,2.25,2.0,3.75,3.5,3.25,4.0,1.0
2,2,2.0,45.0,1.0,1.0,1.0,9.0,2.0,40.0,40.0,1.0,100.0,1666.3889351774703,1846.3589401766371,9.613782318331559,9.613782318331559,1.0,4.0,1.0,0.0,1,6.0,8.0,15.0,,,,,43.5,34.5,6.5,15.5,2.0,4.0,2.6666666666666665,4.25,4.333333333333333,3.0,3.0,2.3333333333333335,2.0,4.666666666666667,5.5,5.333333333333333,3.0,2.5,1.75,3.0,2.5,3.25,3.25,3.25,3.5,4.0,3.0,3.25,2.0,1.0
2,2,2.0,47.0,1.0,2.0,1.0,9.0,1.0,40.0,45.0,3.0,112.5,1749.7083819363438,1938.6768871854688,10.094471434248138,8.972863497109456,1.0,3.0,1.0,0.0,1,7.0,7.0,2.0,,,,,51.666666666666664,33.44444444444444,5.8999999999999995,23.666666666666664,3.0,3.0,2.5,3.75,3.6666666666666665,3.0,3.0,3.0,2.6666666666666665,5.0,4.75,4.666666666666667,2.6666666666666665,2.5,2.5,2.75,2.25,3.25,3.0,2.25,2.75,4.333333333333333,3.5,3.3333333333333335,3.1999999999999997,1.0
2,2,2.0,33.0,2.0,1.0,1.0,7.0,1.0,40.0,40.0,1.0,100.0,1708.0486585569074,1892.517913681053,9.85412687628985,9.85412687628985,1.0,3.0,3.0,4.0,1,7.0,6.0,5.5,,,,,32.5,28.0,7.499999999999999,24.5,3.0,4.0,2.3333333333333335,4.0,3.6666666666666665,3.2,3.25,1.9999999999999998,4.333333333333333,5.0,5.5,5.0,2.6666666666666665,3.5,3.25,4.25,2.0,4.25,3.5,3.0,3.25,4.0,2.75,2.75,1.0,1.0
2,2,2.0,49.0,1.0,1.0,1.0,8.0,1.0,40.0,40.0,1.0,100.0,1458.0903182802865,1615.564072654557,8.412059528540114,8.412059528540114,1.0,1.0,1.0,0.0,1,13.0,4.0,7.0,,,,,52.16666666666667,29.833333333333336,9.0,12.5,3.0,2.0,2.8333333333333335,2.75,4.0,2.8,2.5,3.3333333333333335,5.0,3.6666666666666665,3.5,1.3333333333333333,5.0,2.25,2.75,4.0,2.0,3.0,2.5,3.0,2.75,3.75,3.5,3.0,2.0,1.0
2,2,2.0,39.2,4.0,1.0,1.0,5.0,1.0,40.0,40.0,1.0,100.0,1583.0694884185968,1754.0409931678053,9.133093202414981,9.133093202414981,1.0,3.0,1.0,0.0,1,6.0,7.0,17.0,,,,,53.934782608695656,25.156521739130433,10.0,10.03913043478261,3.0,2.0,3.0,2.0,3.3333333333333335,2.6,3.0,2.3333333333333335,3.0,5.0,5.0,4.0,3.0,2.25,2.25,3.0,2.5,3.5,3.0,2.5,3.0,3.75,2.75,2.75,2.0,1.0
2,2,2.0,46.0,2.0,1.0,1.0,1.0,1.0,40.0,40.0,1.0,100.0,1458.0903182802865,1615.564072654557,8.412059528540114,8.412059528540114,1.0,1.0,1.0,0.0,1,6.0,7.0,6.0,,,,,42.5625,18.0,5.3125,27.125,2.0,4.0,2.5,4.25,5.0,4.0,1.5,5.0,3.0,5.0,4.5,6.666666666666667,2.3333333333333335,2.75,2.0,5.0,2.0,3.75,3.75,4.0,3.75,5.0,3.25,1.25,1.0,1.0
2,2,2.0,46.0,2.0,2.0,1.0,4.0,1.0,40.0,40.0,1.0,100.0,1833.0278286952173,2030.9948341943007,10.575160550164716,10.575160550164716,1.0,2.0,1.0,0.0,1,6.0,6.0,17.0,,,,,50.0,18.0,10.0,10.5,2.0,4.0,3.1666666666666665,3.0,4.0,3.4,3.0,3.0,3.6666666666666665,4.666666666666667,4.5,4.333333333333333,2.6666666666666665,2.0,3.0,3.5,2.5,3.25,3.0,2.75,3.0,4.25,3.5,3.0,4.0,1.0
2,2,2.0,68.0,1.0,1.0,1.0,8.0,3.0,32.0,47.5,3.0,148.4375,874.8541909681719,969.3384435927344,6.309044646405086,4.25030376178869,1.0,2.0,1.0,0.0,1,1.0,7.0,40.0,,,,,49.599999999999994,18.733333333333334,11.433333333333334,16.233333333333334,4.0,3.0,2.1666666666666665,3.5,3.6666666666666665,3.8,3.75,3.3333333333333335,1.0,4.666666666666667,6.0,5.333333333333333,2.6666666666666665,2.75,3.75,3.75,3.0,3.5,2.75,2.75,2.5,3.75,3.0,3.0,3.0,1.0
2,2,1.0,45.0,2.0,2.0,1.0,4.0,1.0,40.0,40.0,1.0,100.0,1666.3889351774703,1846.3589401766371,9.613782318331559,9.613782318331559,1.0,3.0,1.0,0.0,1,2.0,4.0,11.0,,,,,41.5,24.5,12.5,21.5,3.0,5.0,2.8333333333333335,4.25,4.333333333333333,3.4,3.25,3.6666666666666665,5.0,5.333333333333333,4.75,5.333333333333333,2.3333333333333335,3.0,3.0,3.5,3.25,3.25,3.5,3.0,3.0,3.5,3.0,3.0,3.0,1.0
2,2,2.0,46.0,1.0,2.0,1.0,4.0,1.0,40.0,40.0,1.0,100.0,1249.7917013831027,1384.7692051324777,7.210336738748668,7.210336738748668,1.0,2.0,1.0,0.0,1,6.0,7.0,8.0,,,,,18.000000000000004,46.5,17.0,16.5,3.0,5.0,3.1666666666666665,4.0,3.3333333333333335,2.8,3.25,4.666666666666667,3.3333333333333335,5.0,4.75,3.0,3.3333333333333335,2.5,3.0,4.25,2.25,3.25,3.75,3.0,2.75,4.5,3.25,1.75,2.0,1.0
2,2,1.0,66.0,1.0,1.0,1.0,9.0,4.0,5.0,5.0,1.0,100.0,416.59723379436764,461.58973504415917,19.227564636663118,19.227564636663118,1.0,1.0,6.0,50.0,1,9.0,7.0,2.0,,,,,79.16666666666667,8.833333333333336,2.0,10.0,3.0,4.0,2.6666666666666665,3.75,3.0,3.2,1.5,3.3333333333333335,2.6666666666666665,4.333333333333333,4.0,2.6666666666666665,4.0,4.0,3.75,2.75,3.25,3.75,2.5,3.0,3.5,3.5,3.5,3.25,3.0,1.0
2,2,2.0,32.0,6.0,1.0,1.0,7.0,2.0,40.0,40.0,1.0,100.0,1208.131978003666,1338.610231628062,6.96999218079038,6.9699921807903795,1.0,3.0,1.0,0.0,1,6.0,7.0,1.5,,,,,32.33333333333333,47.55555555555556,6.0,6.611111111111111,1.0,4.0,3.0,5.0,4.0,3.4,2.75,5.333333333333333,4.0,6.333333333333333,5.25,5.0,2.6666666666666665,2.75,3.25,4.0,2.25,2.75,3.0,2.75,3.75,4.75,3.25,3.5,2.0,1.0
2,2,2.0,30.0,3.0,1.0,1.0,5.0,2.0,40.0,80.0,3.0,200.0,1874.6875520746541,2077.1538076987167,10.815505108123004,5.407752554061501,1.0,4.0,1.0,0.0,1,8.0,7.0,5.0,,,,,43.41369047619048,19.976190476190478,16.657738095238095,16.782738095238095,5.0,2.0,3.1666666666666665,1.75,2.3333333333333335,3.0,4.75,5.666666666666667,5.666666666666667,5.0,6.0,3.6666666666666665,2.6666666666666665,4.5,4.75,4.25,4.0,3.25,4.0,3.0,3.0,2.5,2.75,3.0,3.0,1.0
2,2,1.0,27.0,3.0,1.0,2.0,5.0,1.0,40.0,40.0,1.0,100.0,1749.7083819363438,1938.6768871854688,10.094471434248138,10.094471434248138,1.0,5.0,5.0,1.5,1,8.0,7.0,1.0,,,,,29.666666666666664,29.666666666666664,11.666666666666668,24.5,4.0,5.0,3.0,3.5,4.333333333333333,3.8,3.75,4.0,3.0,4.666666666666667,4.5,4.666666666666667,2.6666666666666665,4.25,4.5,4.5,3.5,3.25,3.5,3.75,3.5,5.0,3.5,3.0,1.0,1.0
2,2,2.0,45.0,1.0,1.0,1.0,5.0,1.0,40.0,40.0,1.0,100.0,1999.6667222129645,2215.630728211964,11.536538781997873,11.536538781997873,1.0,2.0,1.0,0.0,1,7.0,7.0,14.0,,,,,34.0,39.0,15.5,11.5,3.0,4.0,2.8333333333333335,4.0,3.6666666666666665,3.6,2.5,3.0,5.0,5.0,5.0,5.0,3.0,3.25,3.5,4.25,2.75,3.0,3.0,2.25,3.5,3.75,3.0,2.5,3.0,1.0
2,2,1.0,44.0,1.0,2.0,1.0,9.0,1.0,40.0,35.0,2.0,87.5,1666.3889351774703,1846.3589401766371,9.613782318331559,10.987179792378925,1.0,2.0,1.0,0.0,1,13.0,8.0,13.0,,,,,39.6,25.4,9.0,18.799999999999997,3.0,3.0,3.3333333333333335,3.75,3.6666666666666665,2.6,3.25,3.6666666666666665,5.333333333333333,3.3333333333333335,4.25,3.6666666666666665,2.6666666666666665,2.25,3.0,2.5,3.0,3.25,3.0,3.0,2.5,3.5,3.5,3.25,4.0,1.0
2,2,2.0,43.0,2.0,1.0,1.0,5.0,2.0,40.0,40.0,1.0,100.0,1458.0903182802865,1615.564072654557,8.412059528540114,8.412059528540114,1.0,2.0,1.0,0.0,1,1.0,7.0,4.0,,,,,23.5,44.41666666666667,6.25,17.833333333333332,3.0,3.0,3.1666666666666665,3.0,3.3333333333333335,2.4,4.25,4.333333333333333,5.333333333333333,4.333333333333333,5.0,4.333333333333333,2.6666666666666665,1.25,3.5,4.0,2.5,3.75,3.75,2.75,2.0,1.0,2.75,3.75,4.0,1.0
2,2,2.0,44.0,1.0,4.0,1.0,9.0,1.0,28.0,31.0,3.0,110.71428571428572,1374.770871521413,1523.2461256457254,11.330529160890766,10.234026338869079,2.0,5.0,2.0,8.0,1,6.0,7.0,5.0,,,,,18.426839826839828,48.563203463203465,18.722077922077922,12.787878787878787,3.0,4.0,2.5,4.25,5.0,4.0,2.25,6.0,4.333333333333333,7.0,5.75,7.0,3.0,3.75,4.0,3.0,3.25,3.75,4.0,3.5,3.0,5.0,3.25,1.75,1.0,1.0
2,2,2.0,32.0,2.0,1.0,1.0,9.0,1.0,40.0,40.0,1.0,100.0,2499.5834027662054,2769.5384102649555,14.420673477497337,14.420673477497337,2.0,5.0,1.0,0.0,1,13.0,7.0,3.0,,,,,31.8,34.68333333333334,7.65,25.866666666666667,2.0,5.0,3.5,2.5,2.6666666666666665,2.8,4.0,5.333333333333333,3.0,6.666666666666667,4.25,2.0,4.0,3.25,3.25,3.0,3.25,2.25,1.5,2.75,2.5,2.5,3.0,3.5,4.0,1.0
2,2,1.0,53.0,4.0,2.0,1.0,9.0,1.0,40.0,40.0,1.0,100.0,1499.7500416597234,1661.7230461589734,8.652404086498404,8.652404086498404,1.0,2.0,5.0,10.0,1,10.0,7.0,10.0,,,,,43.33333333333333,23.666666666666664,6.833333333333332,16.166666666666668,2.0,5.0,3.0,1.25,3.6666666666666665,3.0,3.75,3.0,3.6666666666666665,4.333333333333333,6.0,6.333333333333333,3.0,2.0,1.25,2.0,2.0,3.5,2.25,3.0,2.75,3.25,3.5,2.25,2.0,1.0
2,2,2.0,58.0,2.0,1.0,1.0,9.0,1.0,40.0,40.0,1.0,100.0,2207.9653391101483,2446.4255957340442,12.738261571789318,12.738261571789318,2.0,5.0,1.0,0.0,1,13.0,4.0,20.0,,,,,51.5,20.0,5.0,15.0,3.0,3.0,2.3333333333333335,2.75,3.0,3.4,4.25,4.0,3.3333333333333335,5.0,5.25,5.333333333333333,4.666666666666667,3.75,3.75,4.75,3.5,2.5,4.25,2.5,2.75,4.25,3.75,2.75,3.0,1.0
2,2,1.0,46.0,1.0,2.0,1.0,9.0,1.0,20.0,12.0,2.0,60.0,958.1736377270454,1061.6563906015665,11.055849666081293,18.426416110135488,1.0,5.0,5.0,55.0,1,10.0,6.0,2.0,,,,,53.5,20.666666666666664,9.666666666666666,11.166666666666668,2.0,5.0,2.5,4.5,5.0,3.4,2.5,1.3333333333333335,1.0,5.0,6.0,6.333333333333333,3.0,4.75,5.0,5.0,4.0,3.0,3.5,3.25,3.25,2.75,3.0,3.25,3.0,1.0
2,2,1.0,37.0,2.0,1.0,1.0,9.0,2.0,20.0,25.0,3.0,125.0,833.1944675887353,923.1794700883186,9.613782318331559,7.691025854665247,2.0,4.0,1.0,0.0,1,8.0,8.0,1.5,,,,,21.953703703703702,27.433333333333337,21.65555555555556,32.89259259259259,3.0,2.0,2.5,4.25,3.6666666666666665,2.4,4.0,2.6666666666666665,2.6666666666666665,2.3333333333333335,5.5,4.666666666666667,1.6666666666666667,4.0,4.25,4.5,3.25,4.0,4.0,2.75,3.5,3.5,2.75,3.25,3.0,1.0
2,2,2.0,46.0,1.0,2.0,1.0,9.0,2.0,30.0,30.0,1.0,100.0,1166.4722546242292,1292.4512581236459,8.972863497109454,8.972863497109454,1.0,3.0,1.0,0.0,1,12.0,7.0,3.0,,,,,32.5,26.166666666666668,10.5,22.833333333333336,2.0,4.0,2.6666666666666665,3.0,3.6666666666666665,3.0,3.25,1.3333333333333335,1.0,1.666666666666667,4.0,3.0,2.6666666666666665,2.0,4.0,3.5,3.0,3.5,2.75,2.5,3.0,3.75,3.25,2.75,4.0,1.0
2,2,2.0,43.0,2.0,2.0,1.0,9.0,1.0,40.0,40.0,1.0,100.0,1833.0278286952173,2030.9948341943007,10.575160550164716,10.575160550164716,1.0,3.0,1.0,0.0,1,1.0,6.0,6.0,,,,,44.93478260869565,22.956521739130437,7.5,17.73913043478261,1.0,3.0,3.1666666666666665,3.0,4.333333333333333,3.2,3.75,3.6666666666666665,2.0,5.0,5.5,4.666666666666667,2.6666666666666665,1.75,3.0,3.3333333333333335,3.5,4.0,3.75,3.5,3.0,3.0,3.3333333333333335,2.6666666666666665,3.2,1.0
2,2,2.0,57.0,1.0,4.0,1.0,5.0,1.0,40.0,40.0,1.0,100.0,833.1944675887353,923.1794700883186,4.8068911591657795,4.8068911591657795,1.0,1.0,1.0,0.0,1,4.0,4.0,7.0,,,,,34.09090909090909,30.318181818181817,8.818181818181818,17.40909090909091,5.0,4.0,2.5,4.0,2.6666666666666665,2.8,3.5,3.0,1.0,4.666666666666667,6.0,6.333333333333333,3.0,3.75,4.0,4.75,2.75,3.75,4.75,3.0,4.0,5.0,3.0,2.0,1.0,1.0
2,2,2.0,43.0,2.0,1.0,1.0,9.0,1.0,25.0,25.0,1.0,100.0,1041.4930844859189,1153.974337610398,9.613782318331559,9.613782318331559,1.0,1.0,5.0,25.0,1,7.0,6.0,2.0,,,,,52.16666666666667,23.833333333333332,4.0,6.499999999999998,2.0,3.0,2.8333333333333335,2.0,3.0,3.0,2.75,4.0,4.0,4.0,3.5,4.0,4.0,3.0,2.75,3.25,2.5,3.25,3.0,3.0,2.75,3.75,3.5,3.0,3.1999999999999997,1.0
2,2,2.0,45.0,1.0,3.0,3.0,11.0,2.0,40.0,40.0,1.0,100.0,1916.3472754540908,2123.3127812031325,11.055849666081293,11.055849666081293,1.0,2.0,1.0,0.0,1,13.0,4.0,2.5,,,,,27.428571428571427,47.91666666666667,6.500000000000001,10.083333333333332,1.0,5.0,2.5,5.0,4.666666666666667,4.0,2.5,1.3333333333333335,1.6666666666666667,3.5,5.0,6.0,2.6666666666666665,1.75,2.5,2.5,1.25,3.25,2.25,3.25,1.75,2.75,3.25,3.5,4.0,1.0
2,2,2.0,49.0,1.0,2.0,3.0,6.0,1.0,32.0,32.0,1.0,100.0,1749.7083819363438,1938.6768871854688,12.618089292810172,12.618089292810172,1.0,2.0,1.0,0.0,1,7.0,7.0,3.0,,,,,22.136363636363637,31.90909090909091,12.0,23.727272727272727,3.0,4.0,2.6666666666666665,4.75,4.0,3.6,1.25,1.666666666666667,3.0,3.6666666666666665,5.25,5.0,2.6666666666666665,2.25,2.5,3.75,2.0,3.5,2.75,2.5,3.0,4.0,3.0,2.25,2.0,1.0
2,2,2.0,45.0,2.0,2.0,1.0,9.0,2.0,40.0,40.0,1.0,100.0,1983.0028328611897,2197.167138810198,11.440400958814555,11.440400958814555,2.0,4.0,1.0,0.0,1,8.0,7.0,4.5,,,,,41.0,23.0,13.5,20.0,3.0,4.0,2.6666666666666665,3.25,4.666666666666667,3.2,3.0,1.9999999999999998,3.6666666666666665,4.333333333333333,5.25,5.0,2.6666666666666665,2.0,4.0,4.0,2.75,4.0,3.5,2.75,2.75,3.0,3.0,2.5,3.0,1.0
2,2,2.0,47.0,1.0,2.0,1.0,9.0,1.0,40.0,40.0,1.0,100.0,2291.2847858690216,2538.743542742876,13.218950687705894,13.218950687705894,3.0,2.0,6.0,4.0,1,9.0,7.0,3.0,,,,,51.5,24.0,11.75,12.75,3.0,3.0,2.6666666666666665,3.5,2.3333333333333335,2.4,4.5,1.9999999999999998,1.6666666666666667,3.3333333333333335,5.5,5.0,3.0,3.25,4.0,3.75,3.0,3.25,3.75,2.5,3.25,3.5,3.25,2.25,3.0,1.0
1,1,2.0,56.0,2.0,1.0,4.0,9.0,1.0,30.0,30.0,1.0,100.0,3270.0,2890.68,25.153846153846153,25.153846153846153,1.0,1.0,1.0,0.0,1,9.0,8.0,25.0,,,,,28.6,25.923809523809524,12.857142857142858,31.419047619047618,4.0,2.0,3.5,4.75,4.333333333333333,2.6,3.25,5.333333333333333,2.0,5.666666666666667,4.5,4.0,2.6666666666666665,2.5,2.75,3.5,2.25,2.75,2.75,3.25,3.25,2.5,3.5,2.75,4.0,1.0
1,1,2.0,53.0,1.0,1.0,5.0,13.0,1.0,40.0,44.0,3.0,110.00000000000001,4300.0,3801.2,24.807692307692307,22.55244755244755,2.0,3.0,3.0,8.0,1,1.0,6.0,10.0,,,,,24.872727272727275,36.82424242424243,27.862626262626264,6.596464646464648,5.0,2.0,2.5,3.75,3.3333333333333335,2.6,3.75,1.9999999999999998,3.3333333333333335,3.6666666666666665,5.5,4.0,3.0,3.5,4.5,4.25,3.25,3.5,3.75,2.75,3.25,4.0,2.5,3.25,3.0,1.0
1,1,2.0,41.0,3.0,1.0,4.0,11.0,1.0,40.0,40.0,1.0,100.0,3870.0,3421.08,22.326923076923077,22.326923076923077,1.0,2.0,1.0,0.0,1,6.0,7.0,7.0,,,,,43.07142857142857,24.357142857142854,11.714285714285714,20.857142857142858,3.0,4.0,2.8333333333333335,3.0,2.6666666666666665,2.8,2.75,3.6666666666666665,2.0,3.6666666666666665,5.25,6.0,2.6666666666666665,2.75,2.0,2.75,2.75,3.5,2.25,3.0,3.25,4.0,3.25,2.5,2.0,1.0
1,1,1.0,62.0,3.0,1.0,5.0,11.0,1.0,40.0,40.0,1.0,100.0,4000.0,3536.0,23.076923076923077,23.076923076923077,2.0,4.0,1.0,0.0,1,5.0,7.0,3.0,,,,,54.5,14.5,10.5,18.0,5.0,2.0,3.5,3.75,3.6666666666666665,2.0,3.5,3.0,3.0,4.0,4.75,5.666666666666667,4.0,2.25,4.5,3.25,3.75,3.5,3.25,3.0,3.0,2.75,3.25,3.25,4.0,1.0
1,1,2.0,30.0,2.0,1.0,4.0,1.0,1.0,30.0,40.0,3.0,133.33333333333331,1790.0,1582.36,13.76923076923077,10.326923076923077,1.0,4.0,1.0,0.0,1,1.0,4.0,4.0,,,,,37.06666666666666,36.13333333333333,5.666666666666668,12.866666666666667,3.0,5.0,2.6666666666666665,4.75,4.333333333333333,2.8,3.25,2.3333333333333335,4.0,5.0,6.0,7.0,2.0,3.75,4.5,4.75,3.25,2.0,3.5,3.75,3.0,3.5,4.0,2.5,3.0,1.0
1,1,1.0,53.0,1.0,3.0,4.0,9.0,1.0,40.0,50.0,3.0,125.0,5500.0,4862.0,31.730769230769234,25.384615384615387,2.0,4.0,1.0,0.0,1,7.0,7.0,25.0,,,,,32.666666666666664,33.05555555555556,8.722222222222221,19.555555555555557,3.0,2.0,3.5,3.5,3.0,2.6,3.25,3.3333333333333335,3.0,4.0,4.5,2.6666666666666665,4.333333333333333,3.25,2.25,2.5,2.25,2.75,2.0,3.25,2.5,2.0,2.75,3.75,4.0,1.0
1,1,1.0,38.0,2.0,1.0,4.0,11.0,2.0,30.0,30.0,1.0,100.0,2000.0,1768.0,15.384615384615385,15.384615384615385,1.0,2.0,1.0,0.0,1,12.0,7.0,6.0,,,,,29.33333333333333,11.000000000000004,18.333333333333332,27.333333333333332,4.0,3.0,3.1666666666666665,4.0,3.6666666666666665,2.0,2.75,3.3333333333333335,1.0,2.3333333333333335,3.25,4.0,2.6666666666666665,2.5,1.75,2.0,2.75,3.5,2.5,3.0,3.0,3.5,3.75,3.25,2.0,1.0
1,1,2.0,54.0,1.0,1.0,4.0,5.0,1.0,40.0,40.0,1.0,100.0,4040.0,3571.3599999999997,23.307692307692307,23.307692307692307,1.0,1.0,1.0,0.0,1,1.0,4.0,23.0,,,,,42.756410256410255,36.69230769230769,5.012820512820512,15.538461538461538,5.0,4.0,3.0,4.25,4.666666666666667,3.8,2.5,4.333333333333333,1.3333333333333333,4.666666666666667,5.75,6.0,3.0,1.25,2.5,4.0,2.0,4.25,4.0,2.75,3.25,5.0,3.75,3.25,2.0,1.0
1,1,1.0,56.0,1.0,1.0,5.0,4.0,1.0,40.0,40.0,1.0,100.0,7000.0,6188.0,40.38461538461539,40.38461538461539,2.0,5.0,1.0,0.0,1,5.0,7.0,12.0,,,,,41.59288537549407,30.859683794466406,9.505928853754941,11.875494071146246,3.0,4.0,2.8333333333333335,3.0,3.3333333333333335,3.4,2.0,2.3333333333333335,2.3333333333333335,4.0,4.75,6.0,1.0,3.25,2.25,2.25,1.75,3.75,3.25,3.0,3.25,3.75,2.75,3.0,2.0,1.0
1,1,2.0,34.0,2.0,2.0,4.0,9.0,1.0,20.0,25.0,3.0,125.0,1300.0,1149.2,15,12.0,1.0,2.0,1.0,0.0,1,13.0,7.0,8.0,,,,,48.67142857142857,23.357142857142858,21.99206349206349,15.312698412698413,4.0,2.0,3.1666666666666665,3.25,3.0,3.6,2.25,4.0,3.6666666666666665,3.5,4.25,4.0,4.666666666666667,2.0,1.5,3.0,1.75,3.25,3.0,3.5,2.5,4.25,3.25,3.25,2.0,1.0
1,1,2.0,32.0,2.0,1.0,4.0,1.0,3.0,30.0,30.0,1.0,100.0,3264.0,2885.376,25.10769230769231,25.10769230769231,1.0,2.0,1.0,0.0,1,8.0,8.0,6.5,,,,,21.83333333333333,66.83333333333334,0.0,8.0,3.0,5.0,2.8333333333333335,4.0,3.6666666666666665,4.0,2.5,4.666666666666667,1.6666666666666667,5.333333333333333,5.0,6.0,3.0,3.25,1.25,3.0,2.0,3.75,3.0,2.5,3.25,4.25,3.0,3.25,2.0,1.0
1,1,2.0,26.0,2.0,1.0,4.0,4.0,1.0,38.5,38.5,1.0,100.0,2593.0,2292.212,15.542457542457543,15.542457542457543,1.0,2.0,1.0,0.0,1,13.0,4.0,4.0,,,,,38.254385964912274,35.25438596491228,5.938596491228069,11.5,3.0,3.0,2.6666666666666665,3.25,3.3333333333333335,3.4,2.75,4.333333333333333,2.6666666666666665,3.6666666666666665,2.5,3.3333333333333335,1.3333333333333333,3.0,2.0,2.5,2.25,3.75,2.5,2.25,3.0,3.0,2.5,3.25,2.0,1.0
1,1,2.0,59.0,4.0,1.0,4.0,5.0,1.0,40.0,40.0,1.0,100.0,2400.0,2121.6,13.846153846153845,13.846153846153845,1.0,1.0,5.0,2.0,1,1.0,4.0,23.0,,,,,58.83333333333333,28.500000000000004,0.0,6.249999999999998,3.0,1.0,3.1666666666666665,2.25,3.3333333333333335,2.2,3.25,2.3333333333333335,2.3333333333333335,2.6666666666666665,4.5,4.333333333333333,2.6666666666666665,1.0,2.25,2.25,1.75,3.75,2.25,3.0,2.0,4.75,3.5,3.0,2.0,1.0
1,1,2.0,40.0,1.0,3.0,5.0,9.0,1.0,25.0,25.0,1.0,100.0,2300.0,2033.1999999999998,21.23076923076923,21.23076923076923,1.0,3.0,5.0,5.0,1,8.0,7.0,1.5,,,,,31.952380952380953,51.333333333333336,2.2380952380952372,12.476190476190478,3.0,4.0,3.3333333333333335,4.0,4.333333333333333,3.6,2.25,5.666666666666667,5.333333333333333,6.666666666666667,5.75,5.333333333333333,4.0,3.5,1.5,4.5,2.25,3.25,3.0,3.75,2.0,2.25,3.5,3.25,2.0,1.0
1,1,1.0,38.0,2.0,1.0,5.0,1.0,1.0,35.0,35.0,1.0,100.0,5000.0,4420.0,32.967032967032964,32.967032967032964,2.0,5.0,1.0,0.0,1,13.0,8.0,13.0,,,,,35.0,19.0,16.5,23.5,3.0,5.0,2.6666666666666665,4.0,5.0,4.0,3.25,1.0,1.6666666666666667,1.0,6.25,7.0,1.6666666666666667,1.5,1.75,3.25,2.0,4.0,3.25,3.75,3.5,3.5,3.0,3.25,2.0,1.0
1,1,1.0,52.0,1.0,2.0,5.0,11.0,1.0,40.0,44.0,3.0,110.00000000000001,6200.0,5480.8,35.76923076923077,32.51748251748251,2.0,3.0,1.0,0.0,1,13.0,7.0,22.0,,,,,28.954545454545453,27.575757575757574,5.090909090909091,29.21212121212121,4.0,4.0,2.8333333333333335,4.25,4.666666666666667,3.4,2.75,1.0,1.0,2.0,4.75,6.0,1.6666666666666667,3.0,3.25,4.25,2.25,3.25,3.75,4.0,3.25,4.0,3.25,3.0,2.0,1.0
1,1,1.0,55.0,1.0,2.0,4.0,9.0,1.0,40.0,40.0,1.0,100.0,2600.0,2298.4,15,15.0,1.0,1.0,1.0,0.0,1,6.0,2.0,9.0,,,,,59.83333333333333,24.0,1.0,14.75,3.0,4.0,3.0,2.5,3.6666666666666665,2.6,3.75,1.9999999999999998,2.0,1.0,5.25,6.666666666666667,1.0,2.5,1.5,3.5,2.25,3.75,3.75,3.0,2.5,3.3333333333333335,3.0,3.6666666666666665,2.8,1.0
1,1,2.0,52.0,1.0,1.0,4.0,11.0,1.0,30.0,30.0,1.0,100.0,1850.0,1635.4,14.23076923076923,14.23076923076923,1.0,1.0,5.0,5.0,1,4.0,2.0,2.0,,,,,48.0,29.5,10.75,11.75,3.0,2.0,3.5,2.5,2.6666666666666665,2.4,3.5,3.0,1.6666666666666667,4.666666666666667,6.25,4.666666666666667,3.3333333333333335,3.0,3.25,3.75,3.25,2.5,3.0,3.5,3.0,4.25,3.25,2.75,3.0,1.0
1,1,2.0,40.0,1.0,2.0,4.0,6.0,1.0,20.0,20.0,1.0,100.0,1550.0,1370.2,17.884615384615383,17.884615384615383,1.0,1.0,1.0,0.0,1,1.0,2.0,2.5,,,,,45.93333333333333,11.26666666666667,22.733333333333334,20.066666666666666,3.0,4.0,3.5,4.75,3.0,2.6,2.75,1.9999999999999998,1.0,4.0,5.5,1.6666666666666667,3.3333333333333335,2.0,1.0,1.75,2.25,3.25,3.0,3.5,2.75,4.75,3.5,3.25,2.0,1.0
1,1,2.0,30.0,1.0,2.0,4.0,11.0,1.0,40.0,40.0,1.0,100.0,3000.0,2652.0,17.307692307692307,17.307692307692307,1.0,2.0,5.0,2.0,1,13.0,6.0,6.0,,,,,18.5,54.0,7.5,13.5,3.0,3.0,2.8333333333333335,3.75,3.0,2.4,2.5,3.3333333333333335,3.3333333333333335,4.666666666666667,5.25,5.666666666666667,3.0,3.0,3.0,3.5,2.5,3.25,3.0,3.0,3.25,3.75,3.25,3.0,2.0,1.0
1,1,1.0,58.0,4.0,1.0,4.0,11.0,6.0,40.0,40.0,1.0,100.0,3500.0,3094.0,20.192307692307693,20.192307692307693,1.0,1.0,1.0,0.0,1,3.0,6.0,18.0,,,,,35.0,30.0,7.333333333333333,29.0,2.0,4.0,2.3333333333333335,4.0,4.0,3.2,2.5,1.9999999999999998,1.6666666666666667,4.666666666666667,4.25,5.666666666666667,3.0,1.5,2.25,2.5,2.0,4.0,3.5,3.25,3.0,3.75,2.75,3.25,2.0,1.0
1,1,2.0,41.0,3.0,1.0,4.0,9.0,1.0,40.0,45.0,3.0,112.5,3300.0,2917.2,19.03846153846154,16.923076923076923,1.0,1.0,1.0,0.0,1,1.0,8.0,6.0,,,,,36.14249952945605,33.77093920572181,11.193675889328063,18.89288537549407,4.0,2.0,3.5,2.5,1.6666666666666667,2.2,4.75,5.333333333333333,2.3333333333333335,6.333333333333333,6.0,4.666666666666667,4.0,3.25,4.25,5.0,3.0,3.0,4.0,2.5,2.0,1.25,2.75,2.5,4.0,1.0
1,1,2.0,37.0,2.0,1.0,4.0,6.0,1.0,32.0,32.0,1.0,100.0,2272.96,2009.2966400000005,16.391538461538463,16.391538461538463,1.0,2.0,1.0,0.0,1,1.0,7.0,9.0,,,,,24.166666666666664,38.75,10.25,26.833333333333332,2.0,2.0,3.1666666666666665,4.5,3.3333333333333335,2.8,2.5,5.333333333333333,5.666666666666667,4.333333333333333,3.5,1.6666666666666667,5.666666666666667,1.0,3.0,4.25,1.75,3.25,3.0,2.25,2.0,1.0,2.75,2.75,4.0,1.0
1,1,2.0,41.0,1.0,4.0,4.0,5.0,1.0,30.0,30.0,1.0,100.0,2780.0,2457.52,21.384615384615383,21.384615384615383,1.0,3.0,1.0,0.0,1,13.0,4.0,17.0,,,,,33.0,38.75,15.5,12.75,2.0,4.0,2.6666666666666665,5.0,3.6666666666666665,3.2,2.75,4.666666666666667,3.3333333333333335,6.0,5.25,4.333333333333333,2.6666666666666665,2.25,3.5,3.5,3.25,3.5,3.25,2.75,3.0,3.5,3.5,3.0,4.0,1.0
1,1,1.0,54.0,1.0,2.0,5.0,9.0,1.0,28.0,28.0,1.0,100.0,3500.0,3094.0,28.846153846153847,28.846153846153847,2.0,2.0,1.0,0.0,1,13.0,7.0,4.0,,,,,48.33333333333333,20.666666666666664,5.499999999999999,23.166666666666668,3.0,4.0,2.6666666666666665,4.0,4.666666666666667,3.4,3.0,3.6666666666666665,1.6666666666666667,2.6666666666666665,3.75,3.6666666666666665,2.3333333333333335,1.5,2.75,1.75,2.25,3.75,3.0,3.0,3.5,3.75,3.0,3.25,2.0,1.0
1,1,2.0,30.0,2.0,1.0,4.0,9.0,1.0,37.0,40.0,3.0,108.10810810810811,2660.0,2351.44,16.59043659043659,15.346153846153845,1.0,2.0,1.0,0.0,1,6.0,7.0,26.0,,,,,18.484962406015036,53.97493734335839,8.12907268170426,16.208020050125313,3.0,4.0,2.0,4.5,4.0,3.6,2.5,4.666666666666667,3.0,5.666666666666667,5.75,4.666666666666667,3.3333333333333335,2.0,2.5,4.0,2.5,3.5,4.0,3.75,2.75,4.25,3.25,3.25,2.0,1.0
1,1,2.0,60.0,3.0,1.0,4.0,5.0,1.0,20.0,20.0,1.0,100.0,1750.0,1547.0,20.192307692307693,20.192307692307693,1.0,1.0,5.0,16.5,1,13.0,7.0,32.0,,,,,38.766666666666666,44.166666666666664,9.166666666666666,14.3,4.0,1.0,3.3333333333333335,3.0,3.3333333333333335,4.0,4.0,4.333333333333333,2.6666666666666665,2.0,2.0,1.0,3.6666666666666665,2.25,2.25,2.5,3.5,2.75,2.0,1.0,2.0,1.75,2.25,3.25,4.0,1.0
1,1,1.0,39.0,1.0,2.0,4.0,6.0,1.0,28.0,28.0,1.0,100.0,2400.0,2121.6,19.780219780219777,19.780219780219777,1.0,1.0,1.0,0.0,1,10.0,7.0,4.0,,,,,17.416666666666668,33.416666666666664,11.5,37.666666666666664,4.0,5.0,3.0,3.25,4.0,2.8,2.75,5.0,3.6666666666666665,6.0,5.75,4.666666666666667,1.6666666666666667,4.25,3.75,3.5,2.25,3.75,4.0,3.5,2.5,4.0,3.0,2.0,1.0,1.0
1,1,2.0,59.0,1.0,3.0,4.0,2.0,1.0,18.0,18.0,1.0,100.0,2180.0,1927.12,27.94871794871795,27.94871794871795,1.0,1.0,1.0,0.0,1,1.0,4.0,10.0,,,,,61.599999999999994,7.400000000000002,2.0000000000000018,21.799999999999997,1.0,4.0,3.5,3.75,3.6666666666666665,2.8,1.75,5.666666666666667,1.6666666666666667,4.333333333333333,5.25,5.333333333333333,2.6666666666666665,2.75,4.0,3.75,2.0,3.25,3.25,3.25,3.5,3.25,3.5,3.25,2.0,1.0
1,1,2.0,37.0,2.0,1.0,4.0,9.0,1.0,40.0,55.0,3.0,137.5,5000.0,4420.0,28.846153846153847,20.97902097902098,2.0,2.0,1.0,0.0,1,10.0,7.0,12.0,,,,,37.676767676767675,25.818181818181817,21.97373737373738,23.33131313131313,3.0,4.0,2.8333333333333335,3.75,3.3333333333333335,2.4,3.75,4.666666666666667,5.666666666666667,5.666666666666667,5.5,5.666666666666667,2.6666666666666665,3.0,4.25,3.5,3.5,3.0,3.75,3.5,4.0,4.0,4.0,3.75,4.0,1.0
1,1,1.0,60.0,2.0,1.0,4.0,2.0,1.0,40.0,40.0,1.0,100.0,4200.0,3712.8,24.230769230769234,24.230769230769234,1.0,1.0,1.0,0.0,1,2.0,4.0,37.0,,,,,53.5,16.700000000000003,7.1,23.900000000000002,3.0,5.0,3.0,4.5,5.0,4.0,2.0,1.0,1.0,5.0,5.75,6.333333333333333,1.0,2.75,2.75,3.75,2.25,3.75,3.5,2.5,3.0,4.75,3.25,2.75,2.0,1.0
1,1,3.0,55.0,3.0,1.0,4.0,1.0,1.0,23.0,23.0,1.0,100.0,1600.0,1414.4,16.05351170568562,16.05351170568562,1.0,2.0,3.0,25.0,1,5.0,7.0,5.0,,,,,1.000000000000007,63.75,12.5,17.75,5.0,4.0,2.8333333333333335,4.0,4.0,3.4,2.0,2.3333333333333335,2.3333333333333335,4.666666666666667,4.0,7.0,2.0,1.5,1.0,3.0,3.0,3.5,3.0,2.0,2.25,2.5,2.5,3.25,4.0,1.0
1,1,2.0,33.0,3.0,1.0,4.0,11.0,1.0,40.0,40.0,1.0,100.0,2600.0,2298.4,15,15.0,1.0,2.0,1.0,0.0,1,7.0,2.0,14.0,,,,,30.333333333333332,34.33333333333333,11.833333333333334,18.0,3.0,3.0,2.6666666666666665,3.25,3.6666666666666665,3.2,2.25,4.666666666666667,2.3333333333333335,4.0,4.25,5.0,2.3333333333333335,3.25,1.75,4.0,2.0,3.0,2.25,2.75,3.25,3.75,3.5,2.5,2.0,1.0
1,1,2.0,23.0,2.0,1.0,4.0,11.0,1.0,40.0,30.0,2.0,75.0,2890.0,2554.76,16.673076923076923,22.23076923076923,1.0,2.0,1.0,0.0,1,6.0,2.0,7.0,,,,,23.25,27.25,6.5,36.0,2.0,5.0,3.0,3.25,5.0,3.4,1.5,4.0,1.3333333333333333,4.333333333333333,4.25,5.333333333333333,2.0,2.0,1.5,3.5,2.0,4.0,3.5,3.75,3.25,5.0,3.25,2.0,2.0,1.0
1,1,1.0,42.0,2.0,2.0,4.0,9.0,1.0,40.0,40.0,1.0,100.0,4600.0,4066.3999999999996,26.538461538461537,26.538461538461537,1.0,2.0,1.0,0.0,1,4.0,1.0,16.0,,,,,34.166666666666664,44.5,9.0,12.333333333333334,2.0,4.0,2.3333333333333335,2.25,3.3333333333333335,2.6,1.25,1.0,1.0,4.333333333333333,5.0,4.666666666666667,3.6666666666666665,3.0,1.75,3.5,1.75,4.0,3.75,3.75,2.75,3.75,4.0,3.0,2.0,1.0
1,1,2.0,48.0,1.0,2.0,4.0,5.0,1.0,40.0,40.0,1.0,100.0,3572.0,3157.6480000000006,20.607692307692307,20.607692307692307,1.0,1.0,1.0,0.0,1,6.0,4.0,17.0,,,,,24.166666666666664,34.166666666666664,18.38888888888889,24.166666666666664,3.0,4.0,2.5,5.0,4.666666666666667,3.2,2.75,3.0,1.0,6.0,5.25,5.333333333333333,2.6666666666666665,2.25,3.5,5.0,2.5,3.0,1.75,3.0,3.25,4.5,3.5,3.5,2.0,1.0
1,1,2.0,50.0,1.0,1.0,4.0,2.0,1.0,40.0,40.0,1.0,100.0,3000.0,2652.0,17.307692307692307,17.307692307692307,1.0,2.0,1.0,0.0,1,1.0,2.0,11.0,,,,,51.77777777777778,23.77777777777778,11.0,13.444444444444445,3.0,4.0,3.0,3.25,4.0,3.0,3.0,4.666666666666667,3.0,4.0,6.0,5.0,2.6666666666666665,1.75,3.0,3.5,2.25,3.5,2.5,1.75,3.0,4.25,3.25,4.0,4.0,1.0
1,1,2.0,29.0,2.0,1.0,4.0,9.0,1.0,32.0,32.0,1.0,100.0,1900.0,1679.6,13.701923076923077,13.701923076923077,1.0,2.0,5.0,5.0,1,6.0,7.0,2.25,,,,,43.0,37.166666666666664,4.166666666666666,10.166666666666668,3.0,3.0,2.5,4.25,3.6666666666666665,3.4,2.75,6.0,1.6666666666666667,5.333333333333333,4.75,4.333333333333333,2.3333333333333335,1.25,2.25,4.0,2.5,2.25,2.25,3.5,3.5,3.5,3.0,3.25,4.0,1.0
1,1,2.0,55.0,4.0,1.0,4.0,11.0,6.0,20.0,20.0,1.0,100.0,2500.0,2210.0,28.846153846153847,28.846153846153847,1.0,1.0,1.0,0.0,1,3.0,4.0,25.0,,,,,64.43333333333334,6.0,12.333333333333334,13.15,3.0,3.0,2.5,5.0,4.333333333333333,2.6,2.5,1.666666666666667,1.6666666666666667,3.3333333333333335,3.5,3.6666666666666665,2.3333333333333335,1.75,1.25,2.75,1.75,3.75,2.75,2.75,2.0,3.25,3.0,3.25,2.0,1.0
1,1,2.0,31.0,2.0,1.0,4.0,9.0,1.0,40.0,40.0,1.0,100.0,4000.0,3536.0,23.076923076923077,23.076923076923077,2.0,1.0,1.0,0.0,1,5.0,7.0,10.0,,,,,14.5,52.50000000000001,7.000000000000001,23.0,5.0,3.0,3.0,3.75,4.0,3.8,3.75,3.3333333333333335,1.0,4.333333333333333,6.0,4.333333333333333,4.0,2.75,2.5,3.75,2.5,2.75,3.5,3.0,2.75,4.75,3.75,3.75,4.0,1.0
1,1,1.0,35.0,1.0,1.0,4.0,1.0,1.0,40.0,40.0,1.0,100.0,4200.0,3712.8,24.230769230769234,24.230769230769234,1.0,4.0,1.0,0.0,1,1.0,8.0,5.0,,,,,36.416666666666664,26.083333333333336,7.833333333333333,22.25,2.0,2.0,3.1666666666666665,2.75,2.3333333333333335,2.8,3.25,4.0,2.0,5.0,4.75,4.666666666666667,4.0,4.0,3.0,3.0,3.0,2.75,4.0,3.5,2.25,3.25,3.0,2.5,3.0,1.0
1,1,2.0,50.0,2.0,1.0,4.0,1.0,1.0,40.0,40.0,1.0,100.0,2600.0,2298.4,15,15.0,1.0,1.0,1.0,0.0,1,13.0,2.0,5.0,,,,,46.0,27.5,11.5,15.0,2.0,4.0,2.3333333333333335,4.5,3.6666666666666665,3.2,3.25,4.0,3.6666666666666665,6.0,6.0,6.333333333333333,3.0,3.5,3.25,4.25,1.5,3.75,4.5,3.5,2.75,4.0,3.5,2.25,1.0,1.0
1,1,2.0,27.0,3.0,1.0,4.0,9.0,1.0,40.0,40.0,1.0,100.0,3000.0,2652.0,17.307692307692307,17.307692307692307,1.0,1.0,1.0,0.0,1,1.0,2.0,10.0,,,,,17.000000000000004,38.0,26.0,17.0,3.0,4.0,3.0,3.0,3.3333333333333335,2.6,3.0,4.333333333333333,4.666666666666667,5.333333333333333,4.25,4.333333333333333,4.0,2.0,2.5,3.0,3.0,3.25,3.0,3.0,2.75,4.0,3.5,3.75,4.0,1.0
1,1,2.0,54.0,3.0,1.0,4.0,9.0,1.0,40.0,40.0,1.0,100.0,3349.0,2960.5160000000005,19.321153846153845,19.321153846153845,1.0,1.0,1.0,0.0,1,7.0,7.0,13.0,,,,,21.93700159489633,23.952950558213715,28.316586921850078,25.793460925039874,3.0,3.0,3.1666666666666665,4.75,4.333333333333333,3.2,3.0,5.0,4.333333333333333,4.333333333333333,6.0,5.333333333333333,2.3333333333333335,3.25,3.25,4.25,3.25,2.75,4.5,3.0,3.0,2.25,3.0,3.5,4.0,1.0
1,1,2.0,20.0,2.0,1.0,4.0,9.0,1.0,30.0,30.0,1.0,100.0,1785.15,1578.0726000000002,13.731923076923078,13.731923076923078,1.0,1.0,1.0,0.0,1,6.0,4.0,0.0,,,,,12.249999999999996,55.25,3.0,18.666666666666668,2.0,5.0,2.6666666666666665,4.0,4.333333333333333,4.0,1.5,5.0,3.3333333333333335,5.666666666666667,3.75,4.333333333333333,2.6666666666666665,3.75,1.0,3.25,2.0,3.5,2.25,2.75,2.5,5.0,3.25,3.25,2.0,1.0
1,1,1.0,37.0,1.0,1.0,5.0,9.0,1.0,30.0,30.0,1.0,100.0,2710.0,2395.64,20.846153846153847,20.846153846153847,1.0,2.0,4.0,25.0,1,1.0,7.0,3.8,,,,,21.611111111111114,43.77777777777777,7.555555555555555,20.055555555555557,3.0,4.0,3.1666666666666665,3.5,3.6666666666666665,3.6,2.0,3.3333333333333335,2.6666666666666665,5.666666666666667,5.25,6.0,2.6666666666666665,3.25,3.25,5.0,2.5,3.5,4.0,2.75,3.0,4.25,3.0,2.5,1.0,1.0
1,1,2.0,35.0,2.0,1.0,4.0,5.0,1.0,40.0,43.0,3.0,107.5,3050.0,2696.2,17.596153846153847,16.368515205724506,1.0,2.0,1.0,0.0,1,1.0,7.0,10.5,,,,,28.427186761229315,36.68321513002364,18.705437352245866,15.110874704491726,4.0,3.0,3.3333333333333335,3.25,2.0,2.4,3.25,5.0,2.6666666666666665,3.6666666666666665,5.5,2.6666666666666665,2.3333333333333335,1.5,2.75,2.5,2.25,3.25,2.25,3.0,1.75,3.0,3.0,3.75,4.0,1.0
1,1,2.0,36.0,1.0,1.0,4.0,6.0,1.0,30.0,30.0,1.0,100.0,2000.0,1768.0,15.384615384615385,15.384615384615385,1.0,2.0,1.0,0.0,1,6.0,7.0,9.0,,,,,35.547619047619044,25.904761904761905,13.547619047619047,21.0,4.0,4.0,2.6666666666666665,4.75,4.0,2.6,2.75,1.9999999999999998,1.0,3.3333333333333335,3.25,4.0,2.3333333333333335,1.0,1.75,2.25,2.0,3.25,2.25,3.5,3.0,4.0,3.0,3.25,2.0,1.0
1,1,2.0,38.0,3.0,2.0,4.0,9.0,1.0,23.0,26.0,3.0,113.04347826086956,1200.0,1060.8,12.040133779264213,10.650887573964496,1.0,1.0,6.0,32.0,1,1.0,7.0,2.5,,,,,35.92424242424242,35.439393939393945,12.718614718614718,13.41774891774892,3.0,2.0,2.8333333333333335,3.75,3.3333333333333335,2.2,3.0,1.9999999999999998,2.3333333333333335,3.6666666666666665,5.5,4.333333333333333,3.0,4.0,4.5,4.75,3.0,3.75,4.5,3.25,2.0,3.0,3.5,3.25,3.0,1.0
1,1,1.0,27.0,2.0,1.0,4.0,9.0,2.0,25.0,25.0,1.0,100.0,1465.79,1295.75836,13.530369230769232,13.530369230769232,1.0,3.0,5.0,2.0,1,3.0,7.0,6.0,,,,,36.78947368421053,31.333333333333336,18.5,13.166666666666666,3.0,5.0,2.1666666666666665,5.0,5.0,3.6,2.25,4.666666666666667,1.3333333333333333,6.0,6.0,6.666666666666667,3.0,3.25,2.5,3.25,2.25,3.5,3.25,2.5,3.75,4.75,3.25,2.0,2.0,1.0
1,1,1.0,38.0,2.0,1.0,4.0,1.0,1.0,40.0,40.0,1.0,100.0,4600.0,4066.3999999999996,26.538461538461537,26.538461538461537,1.0,2.0,6.0,5.0,1,9.0,8.0,1.5,,,,,44.4,34.0,7.722222222222223,10.6,2.0,4.0,2.6666666666666665,2.5,4.0,3.4,2.0,1.666666666666667,2.6666666666666665,4.0,3.5,5.0,1.3333333333333333,1.75,1.75,3.0,2.0,3.75,2.5,3.5,3.0,4.0,3.0,3.25,2.0,1.0
1,1,2.0,47.0,2.0,1.0,4.0,5.0,1.0,40.0,45.0,3.0,112.5,2200.0,1944.8000000000002,12.692307692307692,11.282051282051281,1.0,2.0,1.0,0.0,1,1.0,4.0,15.0,,,,,52.25757575757575,34.23939393939394,6.284848484848484,12.818181818181817,4.0,3.0,2.8333333333333335,2.5,4.0,2.4,4.25,4.666666666666667,4.0,6.666666666666667,6.0,5.0,2.6666666666666665,3.0,4.5,4.25,3.75,3.25,3.25,3.0,2.75,3.25,3.75,3.25,4.0,1.0
1,1,2.0,54.0,1.0,2.0,7.0,8.0,1.0,40.0,40.0,1.0,100.0,3317.0,2932.2280000000005,19.13653846153846,19.13653846153846,2.0,3.0,1.0,0.0,1,7.0,7.0,9.0,,,,,28.5,45.00000000000001,9.0,14.5,4.0,2.0,4.0,1.75,3.0,2.2,3.5,5.666666666666667,1.3333333333333333,2.0,2.25,1.0,3.6666666666666665,2.75,2.25,4.0,2.5,3.5,2.0,2.25,3.0,3.25,3.5,3.75,4.0,1.0
1,1,2.0,36.0,2.0,1.0,4.0,9.0,6.0,30.0,35.0,3.0,116.66666666666667,2800.0,2475.2,21.53846153846154,18.461538461538463,1.0,3.0,1.0,0.0,1,1.0,7.0,8.0,,,,,11.519230769230766,70.03846153846155,7.173076923076923,11.26923076923077,3.0,4.0,3.3333333333333335,3.75,3.6666666666666665,3.0,3.0,2.6666666666666665,2.3333333333333335,4.333333333333333,5.75,5.0,1.6666666666666667,3.75,3.25,4.25,3.0,3.0,4.0,2.75,3.75,4.75,3.0,2.5,1.0,1.0
1,1,2.0,40.0,2.0,2.0,4.0,9.0,1.0,40.0,40.0,1.0,100.0,3823.16,3379.6734400000005,22.05669230769231,22.05669230769231,2.0,5.0,1.0,0.0,1,1.0,4.0,15.0,,,,,35.5,37.27777777777778,16.916666666666668,10.305555555555557,4.0,3.0,2.6666666666666665,3.5,3.6666666666666665,3.4,3.75,5.666666666666667,1.3333333333333333,6.0,6.0,6.333333333333333,2.6666666666666665,5.0,4.0,4.5,3.5,3.25,3.5,2.25,3.5,4.0,3.0,2.75,3.0,1.0
1,1,2.0,53.0,3.0,1.0,4.0,9.0,2.0,40.0,40.0,1.0,100.0,4000.0,3536.0,23.076923076923077,23.076923076923077,2.0,4.0,5.0,2.0,1,7.0,8.0,15.0,,,,,44.833333333333336,29.0,5.0,21.666666666666668,3.0,5.0,2.5,3.75,4.666666666666667,3.8,3.0,5.333333333333333,1.6666666666666667,5.333333333333333,5.25,7.0,2.3333333333333335,4.0,2.5,4.0,3.0,3.5,3.75,3.25,3.75,5.0,2.75,3.0,1.0,1.0
1,1,2.0,34.0,1.0,1.0,4.0,11.0,2.0,40.0,40.0,1.0,100.0,3900.0,3447.6000000000004,22.5,22.5,1.0,3.0,5.0,3.0,1,6.0,7.0,1.0,,,,,18.5,43.5,7.5,23.5,2.0,4.0,3.1666666666666665,4.0,4.0,2.4,2.0,3.6666666666666665,1.6666666666666667,5.333333333333333,5.5,4.333333333333333,2.3333333333333335,2.25,2.25,3.5,2.0,3.5,3.75,3.25,2.75,4.25,3.25,3.25,2.0,1.0
1,1,2.0,37.0,1.0,2.0,4.0,9.0,1.0,20.0,20.0,1.0,100.0,1550.0,1370.2,17.884615384615383,17.884615384615383,1.0,2.0,1.0,0.0,1,3.0,7.0,4.0,,,,,48.095238095238095,23.833333333333332,1.0,10.5,1.0,4.0,2.5,4.5,4.666666666666667,3.0,2.0,1.0,1.6666666666666667,2.0,5.0,7.0,1.0,1.5,2.0,4.25,2.75,3.25,2.25,2.0,2.75,4.75,3.0,3.0,4.0,1.0
1,1,2.0,31.0,1.0,2.0,4.0,9.0,2.0,20.0,20.0,1.0,100.0,1550.0,1370.2,17.884615384615383,17.884615384615383,1.0,1.0,1.0,0.0,1,3.0,7.0,3.0,,,,,8.499999999999996,69.5,15.0,7.0,1.0,5.0,2.8333333333333335,5.0,3.6666666666666665,2.6,1.0,2.6666666666666665,4.0,3.3333333333333335,4.0,4.666666666666667,3.0,2.0,1.25,3.25,2.25,4.0,3.25,2.25,2.25,4.75,3.0,2.25,2.0,1.0
1,1,2.0,39.0,2.0,1.0,4.0,9.0,1.0,40.0,40.0,1.0,100.0,3900.0,3447.6000000000004,22.5,22.5,1.0,2.0,1.0,0.0,1,5.0,7.0,11.0,,,,,33.5,40.16666666666667,3.666666666666666,16.666666666666668,3.0,4.0,3.0,4.0,3.3333333333333335,3.6,3.0,5.333333333333333,3.6666666666666665,5.666666666666667,5.25,5.666666666666667,2.6666666666666665,2.5,2.0,3.0,2.0,3.0,3.25,3.5,3.0,3.75,3.0,3.25,2.0,1.0
1,1,2.0,42.0,1.0,1.0,6.0,11.0,2.0,40.0,40.0,1.0,100.0,3500.0,3094.0,20.192307692307693,20.192307692307693,1.0,3.0,5.0,10.0,1,11.0,7.0,13.0,,,,,54.0,17.75,9.214285714285714,13.75,2.0,3.0,3.0,2.5,3.0,3.8,3.5,3.6666666666666665,2.0,3.0,5.0,5.0,4.333333333333333,2.25,2.5,2.0,2.75,2.75,3.25,3.25,3.0,4.75,3.5,3.25,2.0,1.0
1,1,1.0,44.0,3.0,1.0,4.0,11.0,1.0,40.0,40.0,1.0,100.0,3400.0,3005.6,19.615384615384617,19.615384615384617,2.0,1.0,6.0,5.0,1,5.0,7.0,15.0,,,,,55.5,25.166666666666668,5.666666666666666,13.666666666666668,1.0,2.0,2.6666666666666665,3.5,3.3333333333333335,2.2,2.75,1.666666666666667,1.3333333333333333,3.0,5.75,5.666666666666667,2.3333333333333335,3.0,3.0,3.75,3.5,3.5,3.0,3.75,2.25,3.25,3.5,3.75,4.0,1.0
1,1,2.0,48.0,2.0,1.0,6.0,11.0,1.0,40.0,45.0,3.0,112.5,5000.0,4420.0,28.846153846153847,25.64102564102564,1.0,2.0,1.0,0.0,1,3.0,7.0,21.0,,,,,26.398989898989896,32.161616161616166,24.78787878787879,19.151515151515152,5.0,5.0,2.6666666666666665,4.5,4.666666666666667,3.4,2.75,5.0,4.333333333333333,4.666666666666667,6.25,6.333333333333333,3.0,2.25,3.5,2.5,2.25,3.25,1.75,2.25,2.75,4.5,3.5,3.75,4.0,1.0
1,1,2.0,36.0,1.0,1.0,4.0,5.0,1.0,20.0,20.0,1.0,100.0,3500.0,3094.0,40.38461538461539,40.38461538461539,1.0,4.0,2.0,20.0,1,6.0,7.0,13.0,,,,,34.0,24.5,19.0,18.0,3.0,4.0,2.3333333333333335,4.75,4.333333333333333,3.6,3.75,4.666666666666667,4.333333333333333,5.333333333333333,6.25,7.0,3.0,4.25,4.75,5.0,4.75,2.5,3.75,3.5,3.5,5.0,4.0,2.5,3.0,1.0
1,1,2.0,46.0,1.0,2.0,4.0,5.0,1.0,40.0,50.0,3.0,125.0,3400.0,3005.6,19.615384615384617,15.692307692307693,1.0,1.0,1.0,0.0,1,6.0,2.0,15.0,,,,,22.9953488372093,27.851162790697675,25.227906976744187,23.925581395348836,4.0,1.0,3.0,3.5,3.3333333333333335,3.0,3.25,1.0,5.666666666666667,3.6666666666666665,5.0,4.666666666666667,2.6666666666666665,2.25,3.5,3.3333333333333335,2.5,3.0,3.25,3.0,2.75,3.0,3.5,3.6666666666666665,4.0,1.0
1,1,2.0,34.0,2.0,2.0,4.0,5.0,1.0,40.0,40.0,1.0,100.0,3241.79,2865.74236,18.702634615384614,18.702634615384614,1.0,1.0,1.0,0.0,1,13.0,3.0,2.0,,,,,50.5,26.5,9.0,12.0,3.0,3.0,2.6666666666666665,3.0,3.6666666666666665,3.4,4.25,2.6666666666666665,2.0,4.666666666666667,5.5,5.0,3.0,4.0,5.0,5.0,3.5,3.0,4.75,3.0,3.0,3.5,3.0,2.5,3.0,1.0
1,1,2.0,56.0,2.0,1.0,4.0,7.0,1.0,30.0,33.0,3.0,110.00000000000001,2040.0,1803.3600000000001,15.692307692307692,14.265734265734267,1.0,2.0,1.0,0.0,1,6.0,4.0,6.0,,,,,29.42063492063492,42.33015873015873,6.011111111111111,14.682539682539684,4.0,2.0,3.0,2.75,3.0,3.0,3.75,5.666666666666667,3.0,5.333333333333333,4.75,3.0,4.666666666666667,2.75,4.75,4.25,3.0,2.75,2.75,3.25,3.5,3.5,3.25,3.0,3.0,1.0
1,1,2.0,50.0,4.0,1.0,4.0,1.0,1.0,40.0,40.0,1.0,100.0,3490.0,3085.16,20.134615384615383,20.134615384615383,1.0,2.0,1.0,0.0,1,1.0,6.0,6.0,,,,,36.33333333333333,29.5,13.5,25.666666666666664,4.0,5.0,2.8333333333333335,2.75,4.0,3.6,2.75,2.6666666666666665,2.3333333333333335,5.0,5.5,6.333333333333333,2.3333333333333335,2.5,2.5,3.5,2.25,3.5,3.0,3.25,3.25,4.5,2.5,2.5,2.0,1.0
1,1,1.0,31.0,2.0,2.0,4.0,2.0,3.0,15.0,15.0,1.0,100.0,892.5999999999997,789.0583999999999,13.732307692307694,13.732307692307694,1.0,1.0,1.0,0.0,1,1.0,6.0,0.0,,,,,49.614285714285714,40.23809523809524,4.166666666666666,12.38095238095238,4.0,1.0,3.1666666666666665,2.0,3.3333333333333335,3.0,3.25,1.666666666666667,1.0,1.0,2.0,1.3333333333333333,2.6666666666666665,4.25,2.5,2.75,1.5,4.0,4.0,2.75,3.5,4.5,2.75,2.75,1.0,1.0
1,1,2.0,36.0,1.0,2.0,4.0,11.0,2.0,24.0,24.0,1.0,100.0,2100.0,1856.4,20.192307692307693,20.192307692307693,1.0,2.0,1.0,0.0,1,8.0,7.0,5.0,,,,,17.5,61.0,3.5,11.666666666666666,4.0,3.0,3.1666666666666665,2.75,4.333333333333333,3.2,1.75,4.0,5.0,6.0,5.25,4.666666666666667,3.3333333333333335,2.5,1.5,3.25,1.5,2.75,3.25,3.0,3.0,4.75,3.25,3.25,2.0,1.0
1,1,2.0,52.0,4.0,1.0,4.0,5.0,1.0,30.0,35.0,3.0,116.66666666666667,2300.0,2033.1999999999998,17.69230769230769,15.164835164835162,1.0,1.0,1.0,0.0,1,1.0,4.0,15.0,,,,,21.785714285714285,50.81277056277056,7.817099567099567,18.251082251082252,2.0,2.0,3.3333333333333335,2.5,4.0,2.0,4.75,6.0,1.3333333333333333,5.666666666666667,6.0,3.6666666666666665,3.0,1.75,4.5,3.75,3.5,3.5,3.5,3.5,2.25,1.75,3.5,2.75,3.0,1.0
1,1,2.0,28.0,2.0,1.0,6.0,2.0,1.0,40.0,40.0,1.0,100.0,1600.0,1414.4,9.23076923076923,9.23076923076923,1.0,4.0,2.0,8.0,1,6.0,2.0,3.0,,,,,23.166666666666664,53.66666666666667,8.0,15.166666666666668,4.0,3.0,3.3333333333333335,4.5,3.6666666666666665,2.4,4.0,6.333333333333333,6.666666666666667,7.0,5.25,4.333333333333333,3.6666666666666665,4.5,4.25,3.0,1.75,3.25,4.5,4.25,3.75,2.5,2.75,3.0,1.0,1.0
1,1,2.0,46.0,2.0,2.0,4.0,11.0,1.0,30.0,30.0,1.0,100.0,4300.0,3801.2,33.07692307692307,33.07692307692307,2.0,4.0,1.0,0.0,1,13.0,7.0,19.0,,,,,44.35714285714286,25.67857142857143,13.142857142857142,12.821428571428573,3.0,4.0,2.6666666666666665,3.75,4.666666666666667,3.8,3.5,4.0,3.0,4.666666666666667,4.5,5.0,2.3333333333333335,2.25,2.0,2.25,2.75,2.75,2.5,2.5,3.5,3.75,3.5,3.25,4.0,1.0
1,1,1.0,55.0,3.0,1.0,7.0,8.0,6.0,40.0,40.0,1.0,100.0,4700.0,4154.8,27.115384615384613,27.115384615384613,1.0,1.0,1.0,0.0,1,13.0,2.0,8.0,,,,,30.5,40.0,13.5,18.0,2.0,5.0,2.6666666666666665,4.5,5.0,4.0,1.25,4.0,1.0,3.0,4.25,6.333333333333333,2.6666666666666665,2.0,1.0,4.5,2.0,4.0,3.25,2.75,2.75,4.5,3.0,3.75,2.0,1.0
1,1,2.0,51.0,2.0,1.0,5.0,5.0,1.0,40.0,43.0,3.0,107.5,4300.0,3801.2,24.807692307692307,23.076923076923077,1.0,2.0,1.0,0.0,1,1.0,4.0,22.0,,,,,40.43333333333333,18.900000000000002,16.1,19.566666666666666,4.0,4.0,3.1666666666666665,3.0,4.666666666666667,3.2,3.25,4.333333333333333,4.0,6.666666666666667,6.25,5.666666666666667,3.3333333333333335,3.25,3.5,2.5,2.25,3.25,3.0,3.0,3.25,4.25,3.5,2.0,2.0,1.0
1,1,2.0,31.0,1.0,1.0,4.0,11.0,1.0,40.0,50.0,3.0,125.0,1800.0,1591.2,10.384615384615383,8.307692307692307,1.0,1.0,1.0,0.0,1,3.0,7.0,10.0,,,,,21.03832635177428,64.3282054985796,1.7391304347826093,9.759858442871586,5.0,5.0,3.1666666666666665,1.5,2.3333333333333335,1.4,3.0,5.666666666666667,1.3333333333333333,7.0,6.5,5.0,3.0,3.75,4.5,3.5,1.75,3.25,4.5,3.75,3.25,2.0,2.75,2.75,1.0,1.0
1,1,2.0,33.0,2.0,1.0,4.0,11.0,1.0,30.0,37.0,3.0,123.33333333333334,3000.0,2652.0,23.076923076923077,18.71101871101871,1.0,1.0,1.0,0.0,1,6.0,7.0,9.0,,,,,20.83333333333333,56.62857142857142,6.476190476190477,12.776190476190477,5.0,3.0,3.5,1.5,3.0,2.6,2.75,1.9999999999999998,1.0,2.3333333333333335,3.75,4.333333333333333,2.0,4.5,2.0,4.75,2.25,3.0,3.25,3.5,3.0,4.25,3.0,1.5,1.0,1.0
1,1,2.0,40.0,2.0,2.0,4.0,6.0,1.0,25.0,25.0,1.0,100.0,2500.0,2210.0,23.076923076923077,23.076923076923077,1.0,1.0,1.0,0.0,1,1.0,4.0,19.0,,,,,28.92857142857143,44.5,10.357142857142858,16.214285714285715,4.0,3.0,3.0,2.25,3.6666666666666665,3.4,3.5,6.0,3.0,6.333333333333333,5.5,4.666666666666667,3.3333333333333335,2.25,2.25,3.0,2.25,3.0,3.0,3.0,2.5,3.5,3.5,3.25,4.0,1.0
1,1,2.0,48.0,1.0,1.0,4.0,5.0,1.0,40.0,40.0,1.0,100.0,2200.0,1944.8000000000002,12.692307692307692,12.692307692307692,1.0,1.0,1.0,0.0,1,1.0,6.0,5.0,,,,,35.5,38.33333333333333,8.222222222222221,15.722222222222221,3.0,1.0,2.3333333333333335,2.75,3.6666666666666665,2.8,3.75,4.666666666666667,3.0,4.0,6.0,3.0,4.333333333333333,4.5,3.5,4.75,2.5,4.0,3.0,2.5,2.75,3.75,3.0,3.75,4.0,1.0
1,1,2.0,26.0,2.0,1.0,6.0,2.0,1.0,40.0,40.0,1.0,100.0,3050.0,2696.2,17.596153846153847,17.596153846153847,1.0,3.0,1.0,0.0,1,6.0,7.0,0.0,,,,,9.592105263157897,36.48684210526316,18.10526315789474,28.18421052631579,4.0,4.0,2.6666666666666665,4.0,4.666666666666667,3.6,1.75,3.3333333333333335,3.6666666666666665,5.0,5.0,6.0,3.3333333333333335,3.5,3.0,4.0,3.0,3.0,3.75,3.0,3.25,4.75,3.5,2.5,1.0,1.0
1,1,2.0,42.0,1.0,2.0,6.0,11.0,1.0,24.0,24.0,1.0,100.0,2300.0,2033.1999999999998,22.115384615384613,22.115384615384613,1.0,2.0,1.0,0.0,1,10.0,7.0,3.0,,,,,3.3333333333333357,44.70370370370371,34.81481481481482,4.148148148148147,3.0,3.0,3.0,3.75,3.6666666666666665,3.2,1.75,4.333333333333333,3.6666666666666665,4.333333333333333,5.25,4.666666666666667,2.3333333333333335,2.25,2.25,3.5,1.75,3.0,3.25,2.75,2.5,3.5,3.0,3.25,2.0,1.0
1,1,2.0,26.0,3.0,1.0,6.0,2.0,1.0,30.0,30.0,1.0,100.0,1811.0,1600.9240000000004,13.930769230769231,13.930769230769231,1.0,2.0,1.0,0.0,1,11.0,4.0,1.5,,,,,11.666666666666664,60.16666666666667,21.833333333333336,8.833333333333334,4.0,3.0,3.3333333333333335,3.75,4.0,3.2,3.25,6.333333333333333,2.0,3.6666666666666665,4.5,3.3333333333333335,3.6666666666666665,3.25,2.25,2.5,2.0,2.75,2.25,2.25,2.25,2.5,3.0,3.25,4.0,1.0
1,1,2.0,37.0,1.0,1.0,4.0,11.0,2.0,30.0,30.0,1.0,100.0,2760.62,2440.38808,21.23553846153846,21.23553846153846,1.0,3.0,1.0,0.0,1,8.0,7.0,10.0,,,,,39.01190476190476,28.607142857142854,5.642857142857142,23.880952380952383,1.0,3.0,2.6666666666666665,5.0,4.666666666666667,3.6,2.25,4.0,2.3333333333333335,4.666666666666667,5.5,3.6666666666666665,5.333333333333333,3.25,3.5,2.75,2.5,2.5,2.75,4.0,2.5,4.5,3.0,2.0,2.0,1.0
1,1,1.0,41.0,2.0,1.0,4.0,5.0,1.0,30.0,32.0,3.0,106.66666666666667,2445.0,2161.38,18.80769230769231,17.63221153846154,1.0,1.0,1.0,0.0,1,3.0,6.0,11.0,,,,,19.166666666666664,50.67687074829932,0.13605442176870675,33.04761904761905,4.0,2.0,3.5,1.75,2.3333333333333335,3.0,3.0,5.0,4.333333333333333,5.666666666666667,4.0,2.0,6.0,1.0,1.25,3.75,3.0,2.25,1.75,3.25,1.75,1.75,3.25,3.75,4.0,1.0
1,1,1.0,35.0,3.0,1.0,4.0,1.0,1.0,40.0,40.0,1.0,100.0,3000.0,2652.0,17.307692307692307,17.307692307692307,1.0,1.0,1.0,0.0,1,14.0,4.0,9.0,,,,,31.11111111111111,19.444444444444443,12.722222222222223,21.22222222222222,4.0,5.0,2.0,3.5,4.666666666666667,3.6,3.25,3.3333333333333335,2.0,6.0,5.75,7.0,2.6666666666666665,4.0,3.75,4.5,2.25,3.5,4.25,3.75,3.25,4.25,3.25,2.0,1.0,1.0
1,1,2.0,49.0,3.0,1.0,4.0,11.0,1.0,40.0,40.0,1.0,100.0,4000.0,3536.0,23.076923076923077,23.076923076923077,1.0,2.0,1.0,0.0,1,9.0,7.0,11.0,,,,,34.0,39.5,4.499999999999999,19.0,4.0,4.0,3.1666666666666665,2.0,4.0,2.4,3.75,4.0,4.666666666666667,6.0,5.5,5.0,3.0,2.25,2.5,3.25,2.75,2.75,2.5,2.75,3.0,3.75,3.25,3.0,4.0,1.0
1,1,1.0,28.0,3.0,1.0,6.0,11.0,1.0,40.0,40.0,1.0,100.0,3000.0,2652.0,17.307692307692307,17.307692307692307,1.0,2.0,1.0,0.0,1,10.0,4.0,6.0,,,,,10.75,48.75,11.5,22.666666666666668,4.0,5.0,2.8333333333333335,4.25,4.333333333333333,3.6,1.75,3.0,2.0,3.6666666666666665,3.0,4.0,2.3333333333333335,4.0,2.5,3.25,2.25,3.75,2.25,4.0,3.0,4.75,3.0,3.25,2.0,1.0
1,1,2.0,44.0,1.0,2.0,4.0,5.0,1.0,20.0,25.0,3.0,125.0,1900.0,1679.6,21.923076923076923,17.538461538461537,1.0,2.0,1.0,0.0,1,1.0,7.0,2.0,,,,,39.411764705882355,35.529411764705884,2.088235294117645,16.852941176470587,1.0,5.0,2.5,5.0,4.666666666666667,3.4,2.75,4.333333333333333,2.6666666666666665,3.3333333333333335,5.0,6.666666666666667,1.3333333333333333,2.0,3.0,2.25,2.0,4.0,3.25,2.5,3.25,4.5,3.0,2.75,2.0,1.0
1,1,2.0,40.0,2.0,2.0,4.0,5.0,1.0,20.0,20.0,1.0,100.0,1320.0,1166.88,15.230769230769232,15.230769230769232,1.0,1.0,1.0,0.0,1,11.0,7.0,4.0,,,,,34.93333333333333,29.666666666666664,25.77777777777778,14.622222222222224,3.0,2.0,3.0,3.0,2.6666666666666665,2.4,2.0,1.666666666666667,1.0,3.0,4.5,2.6666666666666665,3.3333333333333335,2.25,1.25,3.25,1.75,3.0,1.5,3.25,2.25,2.75,3.0,3.0,2.0,1.0
1,1,2.0,23.0,3.0,1.0,6.0,11.0,2.0,40.0,40.0,1.0,100.0,3800.0,3359.2,21.923076923076923,21.923076923076923,1.0,3.0,1.0,0.0,1,10.0,7.0,0.0,,,,,27.27777777777778,38.94444444444444,15.222222222222223,14.055555555555555,4.0,3.0,2.3333333333333335,4.5,4.666666666666667,3.6,3.25,5.333333333333333,3.3333333333333335,5.0,5.25,5.333333333333333,3.0,4.25,3.5,4.75,2.0,3.0,2.5,3.0,3.75,4.5,2.75,3.0,1.0,1.0
1,1,2.0,28.0,2.0,1.0,4.0,11.0,1.0,38.5,41.0,3.0,106.49350649350649,3731.0,3298.2040000000006,22.363636363636363,21.0,1.0,3.0,1.0,0.0,1,9.0,7.0,2.5,,,,,15.542105263157893,41.465413533834585,12.176691729323307,20.327067669172934,4.0,5.0,2.6666666666666665,3.5,4.0,3.0,2.75,4.333333333333333,4.333333333333333,4.333333333333333,5.5,6.666666666666667,1.6666666666666667,4.0,2.5,4.0,2.0,3.75,3.75,4.0,3.0,5.0,3.25,3.0,1.0,1.0
1,1,2.0,21.0,3.0,1.0,4.0,11.0,3.0,12.0,12.0,1.0,100.0,520.0000000000002,459.67999999999984,10,10.0,1.0,1.0,1.0,0.0,1,6.0,6.0,1.0,,,,,35.666666666666664,22.666666666666664,11.0,19.666666666666668,2.0,3.0,3.1666666666666665,4.25,3.0,1.6,2.75,3.6666666666666665,3.0,6.666666666666667,5.75,4.666666666666667,3.0,1.5,1.0,1.75,1.75,5.0,1.0,2.0,2.75,4.25,3.5,2.5,2.0,1.0
1,1,2.0,32.0,2.0,1.0,4.0,5.0,1.0,20.0,20.0,1.0,100.0,1450.0,1281.8,16.730769230769234,16.730769230769234,1.0,1.0,5.0,5.0,1,1.0,6.0,4.5,,,,,40.666666666666664,31.666666666666664,7.523809523809524,12.0,4.0,4.0,3.0,4.5,4.0,2.6,3.75,4.666666666666667,2.6666666666666665,5.333333333333333,4.75,3.0,3.3333333333333335,4.75,3.25,4.75,3.75,2.25,1.5,1.75,2.25,2.25,2.5,3.5,4.0,1.0
1,1,1.0,29.0,2.0,1.0,4.0,6.0,1.0,20.0,20.0,1.0,100.0,1151.13,1017.5989200000001,13.28226923076923,13.28226923076923,1.0,3.0,1.0,0.0,1,1.0,7.0,5.0,,,,,34.78219696969697,46.82575757575758,0.3125,5.352272727272728,2.0,5.0,2.8333333333333335,5.0,4.333333333333333,3.8,2.25,3.3333333333333335,3.0,4.0,5.75,5.666666666666667,3.0,3.25,2.0,4.0,2.25,4.0,3.75,3.75,3.0,5.0,3.0,3.25,2.0,1.0
1,1,2.0,35.0,2.0,1.0,4.0,5.0,1.0,20.0,20.0,1.0,100.0,1940.0,1714.96,22.384615384615383,22.384615384615383,1.0,2.0,5.0,10.0,1,11.0,7.0,6.0,,,,,29.666666666666664,45.5,4.499999999999999,16.833333333333332,4.0,2.0,3.0,2.5,3.3333333333333335,3.2,3.0,5.0,2.3333333333333335,6.0,3.0,3.0,5.0,1.75,2.75,2.0,2.25,3.0,3.5,4.0,2.25,2.5,2.0,3.75,4.0,1.0
1,1,2.0,34.0,3.0,1.0,4.0,5.0,2.0,25.0,25.0,1.0,100.0,1400.0,1237.6,12.923076923076923,12.923076923076923,1.0,1.0,1.0,0.0,1,13.0,4.0,0.0,,,,,32.0,42.33333333333333,5.5,20.166666666666668,2.0,3.0,3.6666666666666665,3.0,3.6666666666666665,3.25,3.0,4.333333333333333,3.3333333333333335,1.666666666666667,1.75,1.3333333333333333,2.6666666666666665,1.5,1.0,1.75,2.0,3.75,2.0,2.5,2.0,2.0,2.0,3.6666666666666665,3.2,1.0
1,1,2.0,59.0,4.0,1.0,4.0,7.0,1.0,20.0,20.0,1.0,100.0,2247.0,1986.348,25.926923076923078,25.926923076923078,1.0,2.0,1.0,0.0,1,13.0,4.0,25.0,,,,,37.6,25.4,7.333333333333333,28.466666666666665,4.0,2.0,3.0,3.25,3.0,2.6,3.0,3.0,1.3333333333333333,4.0,6.25,4.333333333333333,3.0,4.25,4.25,5.0,3.0,3.75,3.75,3.25,3.5,3.5,3.5,2.75,3.0,1.0
1,1,3.0,35.0,3.0,1.0,4.0,1.0,1.0,40.0,40.0,1.0,100.0,2400.0,2121.6,13.846153846153845,13.846153846153845,1.0,2.0,1.0,0.0,1,13.0,4.0,4.0,,,,,19.638297872340427,60.46099290780141,4.627659574468086,14.421985815602836,4.0,3.0,3.6666666666666665,2.5,2.6666666666666665,2.8,3.0,1.666666666666667,2.3333333333333335,2.3333333333333335,5.25,3.0,3.6666666666666665,1.0,1.0,2.5,2.5,3.5,2.5,2.0,1.5,1.75,3.25,3.75,4.0,1.0
1,1,2.0,39.0,2.0,1.0,4.0,11.0,1.0,40.0,40.0,1.0,100.0,4100.0,3624.3999999999996,23.653846153846153,23.653846153846153,2.0,4.0,1.0,0.0,1,10.0,8.0,11.0,,,,,14.5,67.5,7.5,10.5,3.0,4.0,2.5,3.75,4.666666666666667,3.8,3.5,4.333333333333333,4.0,4.666666666666667,5.75,7.0,3.3333333333333335,2.75,1.75,3.5,2.25,2.5,2.0,2.25,3.5,3.75,3.0,4.0,4.0,1.0
1,1,1.0,30.0,2.0,1.0,4.0,4.0,1.0,40.0,40.0,1.0,100.0,3500.0,3094.0,20.192307692307693,20.192307692307693,1.0,4.0,1.0,0.0,1,8.0,7.0,0.0,,,,,7.833333333333336,67.0952380952381,5.404761904761904,16.80952380952381,4.0,3.0,2.6666666666666665,2.5,2.3333333333333335,2.4,2.5,2.6666666666666665,1.3333333333333333,3.6666666666666665,5.5,7.0,1.3333333333333333,4.5,1.25,3.5,2.0,4.25,4.5,3.25,3.5,4.75,3.25,2.75,1.0,1.0
1,1,2.0,26.0,2.0,1.0,4.0,5.0,3.0,10.0,10.0,1.0,100.0,509.0000000000002,449.95600000000013,11.746153846153847,11.746153846153847,1.0,1.0,1.0,0.0,1,10.0,6.0,1.0,,,,,62.333333333333336,23.0,1.666666666666666,6.066666666666666,3.0,2.0,3.1666666666666665,1.75,3.0,2.6,2.5,3.0,2.6666666666666665,2.3333333333333335,1.75,1.6666666666666667,4.0,3.0,1.75,1.5,2.0,3.25,2.75,2.5,2.75,3.25,3.25,2.75,2.0,1.0
1,1,2.0,51.0,2.0,3.0,4.0,5.0,1.0,20.0,20.0,1.0,100.0,1200.0,1060.8,13.846153846153845,13.846153846153845,1.0,2.0,5.0,10.0,1,1.0,6.0,25.0,,,,,23.0,50.80952380952381,8.857142857142858,12.904761904761905,4.0,1.0,2.5,3.5,3.3333333333333335,1.8,3.0,3.3333333333333335,1.3333333333333333,4.666666666666667,5.5,4.0,3.5,3.0,2.5,2.75,2.25,3.25,3.0,3.25,4.0,2.75,3.0,2.5,2.0,1.0
1,1,2.0,30.0,2.0,1.0,6.0,2.0,1.0,40.0,40.0,1.0,100.0,3400.0,3005.6,19.615384615384617,19.615384615384617,1.0,2.0,1.0,0.0,1,1.0,7.0,5.0,,,,,13.119883040935676,57.68128654970761,16.82748538011696,7.239766081871345,4.0,4.0,2.3333333333333335,4.5,4.666666666666667,3.6,3.0,5.333333333333333,4.0,6.0,6.25,6.0,2.3333333333333335,4.5,4.75,4.5,2.75,2.75,4.25,3.5,3.75,5.0,3.25,2.5,1.0,1.0
1,1,1.0,49.0,3.0,1.0,6.0,2.0,1.0,40.0,40.0,1.0,100.0,3300.0,2917.2,19.03846153846154,19.03846153846154,1.0,2.0,1.0,0.0,1,11.0,8.0,15.0,,,,,30.0,41.25,18.0,11.75,4.0,4.0,2.8333333333333335,4.0,4.333333333333333,3.4,2.75,3.3333333333333335,2.6666666666666665,4.666666666666667,5.0,5.333333333333333,4.333333333333333,2.75,2.25,3.25,2.5,3.25,3.75,2.75,3.0,3.5,3.25,3.5,4.0,1.0
1,1,2.0,46.0,1.0,2.0,6.0,11.0,1.0,40.0,40.0,1.0,100.0,4000.0,3536.0,23.076923076923077,23.076923076923077,1.0,1.0,5.0,5.0,1,11.0,7.0,10.0,,,,,50.0,22.0,6.499999999999999,18.5,4.0,3.0,3.0,4.75,3.3333333333333335,3.2,3.0,5.0,2.3333333333333335,5.666666666666667,5.25,6.0,2.3333333333333335,2.5,1.25,2.25,2.5,2.5,2.75,3.0,2.75,3.25,2.5,3.5,4.0,1.0
1,1,2.0,49.0,1.0,2.0,4.0,5.0,1.0,20.0,20.0,1.0,100.0,1362.0,1204.0080000000003,15.715384615384616,15.715384615384616,1.0,1.0,1.0,0.0,1,13.0,7.0,2.0,,,,,42.92857142857143,25.023809523809522,10.642857142857142,10.547619047619047,2.0,3.0,2.6,2.25,4.0,3.0,2.75,6.0,4.666666666666667,3.3333333333333335,5.5,5.0,3.6666666666666665,3.25,2.25,3.75,2.25,2.25,2.5,2.75,3.25,3.75,3.0,3.0,4.0,1.0
1,1,2.0,33.0,3.0,1.0,4.0,5.0,1.0,40.0,45.0,3.0,112.5,3300.0,2917.2,19.03846153846154,16.923076923076923,1.0,2.0,5.0,2.0,1,8.0,7.0,12.0,,,,,17.92389006342495,34.438689217758984,6.2272727272727275,28.01479915433404,2.0,4.0,2.6666666666666665,2.25,3.3333333333333335,3.4,2.75,6.333333333333333,4.666666666666667,6.666666666666667,5.75,5.666666666666667,3.6666666666666665,4.75,3.5,3.5,2.25,3.0,4.75,3.5,4.0,5.0,3.0,3.25,1.0,1.0
1,1,2.0,49.0,1.0,2.0,4.0,1.0,2.0,40.0,40.0,1.0,100.0,4000.0,3536.0,23.076923076923077,23.076923076923077,3.0,3.0,1.0,0.0,1,8.0,7.0,8.0,,,,,29.23076923076923,23.653846153846153,18.03846153846154,25.07692307692308,4.0,5.0,2.8333333333333335,4.5,4.0,3.8,1.75,3.3333333333333335,1.6666666666666667,4.0,5.25,6.0,1.3333333333333333,1.5,2.0,2.25,2.0,3.75,2.0,3.25,3.0,5.0,3.5,3.75,2.0,1.0
1,1,2.0,62.0,2.0,1.0,4.0,6.0,1.0,40.0,40.0,1.0,100.0,2800.0,2475.2,16.153846153846153,16.153846153846153,1.0,3.0,1.0,0.0,1,13.0,4.0,23.0,,,,,34.77272727272727,24.344155844155843,5.961038961038962,34.92207792207792,5.0,5.0,2.6666666666666665,4.0,4.333333333333333,4.0,2.5,2.3333333333333335,2.0,5.666666666666667,6.0,6.666666666666667,4.666666666666667,3.75,3.25,4.25,2.5,3.75,4.75,4.0,3.5,5.0,3.0,3.5,1.0,1.0
1,1,1.0,51.0,1.0,2.0,4.0,1.0,1.0,40.0,40.0,1.0,100.0,3000.0,2652.0,17.307692307692307,17.307692307692307,1.0,2.0,1.0,0.0,1,8.0,7.0,16.0,,,,,36.0,46.25,11.0,9.25,2.0,4.0,2.8333333333333335,5.0,4.333333333333333,4.0,2.75,3.0,4.0,4.0,4.5,4.333333333333333,3.3333333333333335,1.5,2.0,4.25,2.25,3.0,2.25,2.75,2.0,2.75,3.0,3.5,4.0,1.0
1,1,2.0,31.0,2.0,1.0,4.0,5.0,1.0,36.5,36.5,1.0,100.0,3940.0,3482.96,24.910432033719708,24.910432033719708,2.0,4.0,1.0,0.0,1,13.0,7.0,5.0,,,,,23.166666666666664,54.0,10.5,12.333333333333332,4.0,2.0,2.5,2.0,2.3333333333333335,3.2,3.25,3.6666666666666665,1.0,3.3333333333333335,4.75,3.0,4.333333333333333,1.75,2.5,3.5,3.25,2.5,1.75,2.5,3.0,2.75,3.25,3.75,4.0,1.0
1,1,2.0,53.0,1.0,2.0,4.0,2.0,3.0,40.0,40.0,1.0,100.0,3950.0,3491.8,22.78846153846154,22.78846153846154,3.0,1.0,1.0,0.0,1,8.0,7.0,4.0,,,,,20.400000000000002,23.700000000000003,18.700000000000003,35.2,3.0,2.0,3.5,2.25,2.6666666666666665,2.0,3.75,2.6666666666666665,3.0,3.3333333333333335,6.0,6.0,2.6666666666666665,4.25,2.75,3.5,3.0,2.25,3.5,2.5,3.25,2.5,3.25,3.0,4.0,1.0
1,1,2.0,30.0,3.0,1.0,6.0,6.0,1.0,40.0,40.0,1.0,100.0,2800.0,2475.2,16.153846153846153,16.153846153846153,1.0,4.0,1.0,0.0,1,12.0,7.0,1.0,,,,,3.206349206349202,62.58730158730159,16.22222222222222,12.650793650793652,4.0,3.0,2.0,4.5,3.6666666666666665,2.8,4.0,6.0,1.0,5.666666666666667,5.25,4.666666666666667,2.6666666666666665,4.5,3.5,4.25,2.5,3.25,2.0,3.5,3.0,2.75,4.0,3.5,4.0,1.0
1,1,1.0,32.0,3.0,1.0,4.0,6.0,2.0,40.0,40.0,1.0,100.0,3300.0,2917.2,19.03846153846154,19.03846153846154,1.0,2.0,1.0,0.0,1,7.0,6.0,5.0,,,,,19.125,57.333333333333336,10.125,13.416666666666666,3.0,2.0,3.0,3.75,3.6666666666666665,4.0,2.5,3.3333333333333335,2.6666666666666665,4.333333333333333,2.0,1.6666666666666667,4.0,1.25,1.5,4.0,2.25,3.5,2.0,3.0,2.5,3.25,3.0,3.25,2.0,1.0
1,1,1.0,40.0,1.0,1.0,8.0,8.0,6.0,40.0,40.0,1.0,100.0,2100.0,1856.4,12.115384615384617,12.115384615384617,1.0,1.0,1.0,0.0,1,3.0,6.0,5.0,,,,,33.76923076923077,53.03846153846153,8.08974358974359,7.769230769230768,3.0,5.0,2.3333333333333335,3.0,2.6666666666666665,3.4,3.75,3.6666666666666665,3.6666666666666665,6.0,5.5,6.333333333333333,1.0,4.75,4.5,4.5,3.0,2.25,4.75,3.75,3.75,4.5,3.5,2.25,1.0,1.0
1,1,2.0,30.0,2.0,1.0,4.0,11.0,1.0,25.0,30.0,3.0,120.0,3600.0,3182.4,33.230769230769226,27.69230769230769,1.0,4.0,1.0,0.0,1,13.0,7.0,7.0,,,,,16.240896358543417,59.689075630252105,4.857142857142857,13.26890756302521,5.0,4.0,3.1666666666666665,3.75,3.6666666666666665,3.6,3.25,6.0,2.3333333333333335,5.0,6.0,6.666666666666667,2.3333333333333335,4.0,1.75,3.25,2.5,3.75,3.75,4.0,3.75,4.5,3.25,3.25,1.0,1.0
1,1,2.0,36.0,2.0,2.0,4.0,11.0,1.0,20.0,20.0,1.0,100.0,1547.7000000000003,1368.1668,17.858076923076926,17.858076923076926,1.0,1.0,1.0,0.0,1,3.0,8.0,9.0,,,,,58.35897435897436,11.743589743589741,9.333333333333332,13.224358974358974,3.0,4.0,2.8333333333333335,3.25,4.0,2.6,2.75,2.3333333333333335,2.0,3.0,4.75,6.0,2.0,3.5,3.0,2.25,2.25,3.25,4.0,3.0,3.0,4.5,3.75,3.0,2.0,1.0
1,1,2.0,56.0,1.0,1.0,4.0,11.0,1.0,40.0,40.0,1.0,100.0,4800.0,4243.2,27.69230769230769,27.69230769230769,1.0,1.0,5.0,4.0,1,13.0,7.0,32.0,,,,,32.5,37.5,14.5,21.0,4.0,3.0,2.1666666666666665,4.75,4.666666666666667,4.2,2.75,2.6666666666666665,1.3333333333333333,4.666666666666667,6.0,7.0,2.3333333333333335,2.5,2.5,2.75,2.75,3.5,4.25,3.0,2.75,5.0,3.0,3.25,2.0,1.0
1,1,2.0,30.0,2.0,1.0,6.0,11.0,1.0,40.0,40.0,1.0,100.0,2900.0,2563.6,16.730769230769234,16.730769230769234,1.0,1.0,1.0,0.0,1,12.0,7.0,3.0,,,,,22.666666666666664,40.05,15.272222222222222,19.38888888888889,2.0,3.0,3.3333333333333335,3.0,3.0,2.2,3.75,6.333333333333333,4.333333333333333,6.333333333333333,5.5,4.0,3.0,3.25,3.75,3.0,2.25,3.25,3.0,3.25,3.0,3.25,3.0,2.75,4.0,1.0
1,1,2.0,32.0,3.0,1.0,4.0,5.0,1.0,40.0,40.0,1.0,100.0,3000.0,2652.0,17.307692307692307,17.307692307692307,1.0,1.0,1.0,0.0,1,1.0,6.0,6.0,,,,,61.121212121212125,23.242424242424242,2.6060606060606073,13.030303030303031,2.0,4.0,3.1666666666666665,2.0,4.0,3.6,3.75,3.6666666666666665,2.3333333333333335,5.666666666666667,5.5,6.0,2.3333333333333335,1.25,2.0,3.25,2.5,3.0,2.75,2.75,3.0,3.75,2.75,3.75,4.0,1.0
1,1,2.0,49.0,1.0,1.0,4.0,9.0,1.0,40.0,45.0,3.0,112.5,5000.0,4420.0,28.846153846153847,25.64102564102564,2.0,5.0,1.0,0.0,1,13.0,7.0,16.5,,,,,26.772727272727273,36.018181818181816,20.827272727272728,13.181818181818182,4.0,4.0,2.5,3.25,4.333333333333333,4.0,3.25,6.0,4.333333333333333,6.333333333333333,6.0,7.0,3.0,3.25,4.25,4.0,3.5,1.0,2.0,2.25,3.5,4.25,3.0,3.25,3.0,1.0
1,1,2.0,54.0,4.0,1.0,4.0,1.0,1.0,40.0,40.0,1.0,100.0,3900.0,3447.6000000000004,22.5,22.5,1.0,3.0,1.0,0.0,1,1.0,7.0,13.0,,,,,47.590909090909086,23.81818181818182,7.818181818181818,20.40909090909091,5.0,4.0,2.5,4.25,3.6666666666666665,3.6,4.0,3.0,1.0,4.333333333333333,6.25,7.0,2.3333333333333335,2.5,1.75,4.25,2.75,4.0,3.75,4.0,4.0,5.0,3.25,1.75,1.0,1.0
1,1,2.0,46.0,1.0,2.0,4.0,1.0,1.0,25.0,25.0,1.0,100.0,1800.0,1591.2,16.615384615384613,16.615384615384613,1.0,1.0,1.0,0.0,1,1.0,7.0,8.0,,,,,56.43333333333334,31.833333333333336,4.833333333333334,9.399999999999999,3.0,3.0,3.5,2.5,2.6666666666666665,3.4,1.75,3.6666666666666665,3.0,1.0,1.25,3.6666666666666665,2.0,1.0,2.0,2.25,1.0,3.75,3.0,3.75,2.0,5.0,2.75,3.6666666666666665,2.4,1.0
1,1,2.0,34.0,3.0,1.0,6.0,11.0,1.0,40.0,40.0,1.0,100.0,4000.0,3536.0,23.076923076923077,23.076923076923077,1.0,2.0,1.0,0.0,1,7.0,6.0,5.0,,,,,29.5,55.0,4.499999999999999,10.0,4.0,3.0,2.6666666666666665,4.0,4.0,3.8,2.75,4.0,5.666666666666667,6.333333333333333,5.0,5.666666666666667,3.0,1.75,1.75,3.75,2.75,3.25,3.0,2.75,3.25,4.25,3.0,3.0,2.0,1.0
1,1,2.0,29.0,2.0,1.0,4.0,9.0,3.0,28.0,28.0,1.0,100.0,2000.0,1768.0,16.483516483516485,16.483516483516485,1.0,1.0,5.0,5.0,1,6.0,6.0,0.0,,,,,16.5,50.66666666666667,6.499999999999999,12.833333333333332,2.0,3.0,3.5,3.75,4.333333333333333,1.8,2.25,3.6666666666666665,1.0,5.0,4.0,4.0,2.6666666666666665,4.75,3.25,2.5,1.75,2.75,2.5,2.25,3.25,4.0,3.0,3.25,2.0,1.0
1,1,2.0,18.0,2.0,1.0,7.0,11.0,3.0,40.0,40.0,1.0,100.0,799.9999999999998,707.2,4.615384615384615,4.615384615384615,1.0,1.0,1.0,0.0,1,1.0,1.0,2.0,,,,,23.0,38.5,8.0,17.5,3.0,2.0,3.3333333333333335,2.75,3.3333333333333335,3.0,3.25,7.0,4.0,4.0,4.0,5.333333333333333,2.0,4.0,2.5,2.25,2.0,4.75,1.5,2.5,2.25,2.75,4.0,3.5,4.0,1.0
1,1,2.0,35.0,3.0,1.0,4.0,5.0,1.0,40.0,40.0,1.0,100.0,3350.0,2961.4,19.326923076923077,19.326923076923077,2.0,1.0,1.0,0.0,1,13.0,4.0,15.0,,,,,25.0,48.75,14.5,13.25,4.0,3.0,2.3333333333333335,5.0,4.0,3.2,2.75,4.333333333333333,1.6666666666666667,5.666666666666667,5.0,5.0,2.6666666666666665,2.0,3.0,2.0,3.0,3.25,2.75,3.0,2.25,2.75,2.75,3.75,4.0,1.0
1,1,2.0,57.0,1.0,2.0,4.0,4.0,1.0,36.0,40.0,3.0,111.11111111111111,2300.0,2033.1999999999998,14.743589743589743,13.269230769230768,1.0,2.0,4.0,4.0,1,1.0,4.0,12.0,,,,,41.84126984126984,15.68253968253968,6.833333333333334,32.34126984126984,3.0,4.0,2.5,3.75,3.6666666666666665,3.2,2.5,4.666666666666667,3.0,5.666666666666667,5.0,5.333333333333333,2.6666666666666665,2.5,3.0,3.75,2.5,3.5,4.0,3.25,3.0,4.0,3.25,2.5,2.0,1.0
1,1,2.0,52.0,1.0,1.0,4.0,4.0,1.0,40.0,40.0,1.0,100.0,3322.24,2936.86016,19.16676923076923,19.16676923076923,1.0,1.0,1.0,0.0,1,6.0,4.0,31.0,,,,,28.73076923076923,27.225274725274726,15.181318681318682,25.362637362637365,4.0,4.0,2.6666666666666665,5.0,5.0,4.2,2.75,1.666666666666667,1.6666666666666667,5.666666666666667,6.0,7.0,2.3333333333333335,2.75,3.25,3.75,2.25,4.0,3.0,4.25,4.0,5.0,3.0,3.6666666666666665,1.6,1.0
1,1,1.0,56.0,4.0,1.0,4.0,4.0,2.0,40.0,40.0,1.0,100.0,3800.0,3359.2,21.923076923076923,21.923076923076923,1.0,1.0,1.0,0.0,1,8.0,7.0,5.0,,,,,43.0,29.5,12.5,12.0,4.0,2.0,3.1666666666666665,3.25,3.3333333333333335,2.6,3.0,3.0,4.333333333333333,4.666666666666667,4.25,5.0,2.6666666666666665,3.5,3.0,3.0,3.0,2.75,3.0,2.75,3.0,3.0,3.0,3.25,4.0,1.0
1,1,2.0,56.0,2.0,1.0,4.0,3.0,1.0,40.0,40.0,1.0,100.0,3000.0,2652.0,17.307692307692307,17.307692307692307,1.0,2.0,1.0,0.0,1,3.0,7.0,3.0,,,,,51.77777777777777,23.77777777777778,11.0,13.444444444444445,2.0,4.0,2.8333333333333335,4.0,4.0,3.4,3.5,3.3333333333333335,2.6666666666666665,5.666666666666667,6.0,6.0,2.3333333333333335,1.5,4.0,4.75,2.25,2.75,3.25,2.25,2.75,4.25,3.0,3.75,4.0,1.0
1,1,2.0,49.0,1.0,2.0,4.0,9.0,6.0,40.0,45.0,3.0,112.5,5000.0,4420.0,28.846153846153847,25.64102564102564,2.0,3.0,1.0,0.0,1,13.0,7.0,16.0,,,,,27.087445887445888,31.441558441558442,19.275324675324676,21.468398268398268,5.0,3.0,3.0,2.25,3.6666666666666665,2.2,4.5,6.333333333333333,1.3333333333333333,6.333333333333333,6.5,6.0,3.0,3.25,4.75,4.25,3.75,4.25,4.25,2.0,3.75,3.25,3.0,3.25,3.0,1.0
1,1,2.0,34.0,1.0,1.0,4.0,11.0,2.0,40.0,40.0,1.0,100.0,2380.2,2104.0968000000003,13.731923076923076,13.731923076923076,1.0,2.0,1.0,0.0,1,6.0,7.0,2.0,,,,,36.0,45.5,5.0,11.0,4.0,4.0,3.1666666666666665,1.75,3.3333333333333335,2.8,2.75,5.0,4.333333333333333,2.3333333333333335,1.5,4.0,4.0,1.0,2.0,1.0,1.75,4.25,3.25,3.75,2.25,2.25,2.5,3.25,2.0,1.0
