Country,Version,Gender,Age,Marital_Status,Cares_for_Dependents,Institution_Type,Subject_Area,Contract_Duration,Employment_Hours_HE,Avg_Work_Hours_HE,Effort_Comparison,Effort [%],Income EURO,Euro Adj.,Salary/hour,Salary effort/hour,Holds_Leadership_Position,Policy_Influence,Has_Other_Job,Avg_Work_Hours_Other,Academic/Non-academic,Job_Description_Category,Education_Level,Career_Length_HE,Effort_Teaching_Desc,Effort_Research_Desc,Effort_External_Projects_Desc,Effort_Org_Admin_Desc,Teaching %,Research %,Activities related to externally funded research projects %,Organisational and administrative activities %,Vulnerability,Academic_Resources,Performance_Pressure,Perceived_Autonomy,Quality_Leadership,Sense_Community,Job_Satisfaction,WM_Amotivation,WM_Extrinsic_Social,WM_Extrinsic_Material,WM_Introjected_Motivation,WM_Identified_Motivation,WM_Intrinsic_Motivation,Burnout_Score,VB_Subjective_Significance,VB_Professional_Ambition,VB_Tendency_Exertion,VB_Striving_Perfection,VB_Emotional_Distancing,VB_Resignation_Tendency,VB_Offensive_Coping,VB_Mental_Stability,VB_Satisfaction_Work,VB_Satisfaction_Life,VB_Social_Support,Current_Position
2,4,2.0,28.0,3.0,1.0,1.0,1.0,2.0,40,50.0,3.0,125.0,1666.38893517747,1846.358940176637,9.613782318331559,7.691025854665247,1.0,1.0,1.0,,2,,,,5.0,29.0,1.0,15,10.0,57.99999999999999,2.0,30.0,4,3,1,2,3,3,2,1,2,1,3,6,6,4,2,2,4,4,3,4,2,4,1,2,4,3.0
2,4,1.0,33.0,2.0,1.0,1.0,3.0,3.0,40,50.0,3.0,125.0,750.0,831.0,4.326923076923077,3.4615384615384617,1.0,1.0,5.0,5.0,2,,,,5.0,30.0,5.0,10,10.0,60.0,10.0,20.0,4,3,5,2,2,2,2,3,3,4,6,6,5,4,2,2,4,4,2,4,2,2,2,2,4,3.0
2,4,1.0,39.0,2.0,2.0,1.0,5.0,2.0,40,44.0,3.0,125.0,1374.770871521413,1523.246125645726,7.931370412623536,10.354928024816378,1.0,2.0,1.0,,2,,,,20.0,20.0,10.0,3,,,,,3,4,5,3,4,3,3,1,1,4,6,6,5,4,3,4,5,4,2,3,3,4,4,3,5,4.0
2,4,2.0,39.0,3.0,1.0,1.0,8.0,2.0,40,40.0,1.0,100.0,1666.38893517747,1846.358940176637,9.613782318331559,9.613782318331559,1.0,2.0,1.0,,2,,,,33.0,10.0,6.0,2.5,,,,,3,4,2,4,5,5,3,1,1,1,5,7,7,5,3,4,5,5,1,4,5,2,4,5,4,4.0
2,4,2.0,44.0,2.0,2.0,1.0,5.0,1.0,40,40.0,1.0,100.0,2374.604232627895,2631.061489751708,13.69963980362247,13.69963980362247,2.0,5.0,1.0,,2,,,,20.0,2.0,5.0,13,50.0,5.0,12.5,32.5,2,3,4,3,4,5,4,2,4,4,4,6,6,3,1,2,2,2,4,3,4,2,4,5,4,4.0
2,4,2.0,42.0,1.0,2.0,1.0,1.0,2.0,40,40.0,1.0,100.0,3124.479253457757,3461.923012831195,18.02584184687167,18.02584184687167,3.0,2.0,1.0,,2,,,,8.0,16.0,12.0,4,20.0,40.0,30.0,10.0,2,4,4,3,4,5,4,1,5,5,5,6,7,4,2,3,2,2,3,3,2,4,4,4,4,4.0
2,4,1.0,33.0,2.0,1.0,1.0,5.0,1.0,40,40.0,1.0,100.0,2499.583402766205,2769.538410264955,14.42067347749734,14.42067347749734,2.0,3.0,1.0,,2,,,,20.0,20.0,10.0,10,,,,,3,2,5,2,1,2,2,2,6,5,6,5,3,5,4,5,5,5,1,4,2,2,4,2,4,4.0
2,4,1.0,35.0,3.0,1.0,1.0,1.0,1.0,40,40.0,1.0,100.0,3749.375104149308,4154.307615397433,21.63101021624601,21.63101021624601,3.0,1.0,1.0,,2,,,,10.0,10.0,12.0,8,25.0,25.0,30.0,20.0,4,4,4,4,4,4,4,1,3,5,4,6,5,4,2,3,2,4,2,2,3,4,3,4,4,4.0
2,4,2.0,47.0,3.0,1.0,1.0,5.0,3.0,40,60.0,3.0,150.0,1708.048658556907,1892.517913681053,9.85412687628985,6.569417917526566,1.0,1.0,1.0,,2,,,,30.0,30.0,0.0,0,50.0,50.0,0.0,0.0,3,2,1,2,1,2,3,3,2,1,5,6,4,4,4,3,5,4,1,3,4,3,2,3,4,4.0
2,4,1.0,25.0,1.0,2.0,1.0,6.0,2.0,40,40.0,1.0,100.0,2291.284785869022,2538.743542742876,13.21895068770589,13.21895068770589,1.0,4.0,1.0,,2,,,,11.0,21.0,3.5,2.5,27.5,52.5,8.75,6.25,1,4,4,4,4,4,4,1,1,4,3,7,7,2,1,5,1,3,4,1,4,4,4,5,5,4.0
2,4,2.0,42.0,1.0,2.0,1.0,5.0,1.0,40,40.0,1.0,100.0,900.0,997.1999999999998,5.192307692307692,5.192307692307692,1.0,2.0,2.0,20.0,2,,,,10.0,20.0,5.0,5,25.0,50.0,12.5,12.5,3,1,2,4,3,3,2,1,3,1,5,7,7,2,5,4,4,3,3,2,4,3,4,4,5,5.0
2,4,1.0,59.0,3.0,1.0,1.0,1.0,1.0,40,80.0,3.0,200.0,1749.708381936344,1938.676887185469,10.09447143424814,5.047235717124069,1.0,3.0,1.0,,2,,,,8.0,70.0,5.0,0,,,,,4,3,4,3,3,5,3,1,2,3,4,7,7,5,3,3,4,3,2,3,3,3,2,2,3,5.0
2,4,1.0,48.0,1.0,2.0,1.0,1.0,1.0,40,55.0,3.0,137.5,3207.798700216631,3554.240959840026,18.50653096278825,13.45929524566418,3.0,1.0,1.0,,2,,,,16.0,37.0,1.0,1,29.09090909090909,50.0,1.818181818181818,1.818181818181818,3,2,3,2,2,2,2,2,2,3,5,6,5,4,3,4,4,3,2,2,3,4,4,2,4,5.0
2,4,1.0,48.0,3.0,1.0,1.0,1.0,1.0,40,40.0,1.0,100.0,2624.562572904516,2908.015330778204,15.14170715137221,15.14170715137221,1.0,1.0,1.0,,2,,,,8.0,32.0,0.0,0,20.0,80.0,0.0,0.0,4,3,5,3,2,3,3,1,3,3,4,5,6,3,2,2,3,3,4,3,3,4,2,3,4,5.0
2,4,2.0,48.0,2.0,2.0,1.0,5.0,1.0,24,24.0,1.0,100.0,624.8958506915515,692.3846025662388,6.008613948957223,6.008613948957223,1.0,1.0,5.0,7.0,2,,,,15.0,0.0,0.0,1,62.5,0.0,0.0,4.166666666666666,2,3,5,5,5,5,2,2,6,1,5,6,5,5,2,2,2,4,5,4,4,4,3,4,4,2.0
2,4,1.0,38.0,1.0,2.0,1.0,5.0,1.0,40,40.0,1.0,100.0,1083.152807865356,1200.133311114814,6.248958506915514,6.248958506915514,1.0,3.0,5.0,20.0,2,,,,15.0,40.0,25.0,4,,,,,1,4,3,4,5,2,3,1,3,3,6,7,7,3,2,4,4,4,2,3,5,3,5,4,4,2.0
2,4,2.0,28.0,2.0,1.0,1.0,5.0,3.0,21,21.0,1.0,100.0,1145.642392934511,1269.371771371438,12.58947684543418,12.58947684543418,1.0,1.0,1.0,,2,,,,37.5,2.0,1.0,1,,,,,3,3,5,2,2,2,2,2,5,4,6,7,5,5,3,4,4,4,2,3,3,3,4,3,5,2.0
2,4,1.0,53.0,3.0,1.0,1.0,5.0,1.0,40,40.0,1.0,100.0,2082.986168971838,2307.948675220796,12.01722789791445,12.01722789791445,1.0,3.0,1.0,,2,,,,24.0,0.0,0.0,6,60.0,0.0,0.0,15.0,4,4,4,4,3,4,3,1,2,3,6,6,6,4,2,3,4,2,3,3,4,4,4,4,3,2.0
2,4,1.0,67.0,1.0,1.0,1.0,1.0,4.0,10,20.0,3.0,200.0,41.659723379436855,46.158973504415826,0.9613782318331558,0.4806891159165776,3.0,3.0,6.0,4.0,2,,,,6.0,6.0,4.0,4,30.0,30.0,20.0,20.0,3,3,4,3,4,4,3,1,4,1,6,6,6,3,4,4,4,4,2,4,4,3,4,3,4,6.0
2,4,2.0,62.0,4.0,1.0,1.0,5.0,1.0,40,60.0,3.0,150.0,4165.972337943675,4615.897350441592,24.0344557958289,16.0229705305526,2.0,4.0,1.0,,2,,,,12.0,30.0,10.0,8,20.0,50.0,16.66666666666666,13.33333333333333,2,4,5,4,3,4,4,1,4,6,5,7,6,5,2,4,5,3,4,3,4,4,5,4,4,6.0
2,4,1.0,55.0,1.0,2.0,1.0,5.0,2.0,40,60.0,3.0,150.0,3749.375104149308,4154.307615397433,21.63101021624601,14.42067347749734,3.0,3.0,7.0,15.0,2,,,,20.0,30.0,10.0,10,,,,,3,4,5,3,2,3,3,2,2,4,4,6,6,5,3,4,4,2,3,2,3,3,4,3,4,6.0
2,4,1.0,44.0,1.0,2.0,1.0,1.0,5.0,40,50.0,3.0,125.0,2416.263956007332,2677.220463256124,13.93998436158076,11.15198748926461,3.0,2.0,1.0,50.0,2,,,,6.0,20.0,12.0,12,12.0,50.0,24.0,24.0,4,3,4,3,2,3,3,2,4,3,4,6,6,4,2,4,4,4,3,3,2,3,3,4,3,4.0
2,4,2.0,44.0,1.0,2.0,1.0,5.0,3.0,24,24.0,1.0,100.0,1249.791701383103,1384.769205132478,12.01722789791445,12.01722789791445,3.0,1.0,2.0,15.0,2,,,,0.0,22.0,4.0,"0,5",,,,,3,3,3,4,2,2,2,1,1,1,4,6,7,4,3,4,4,4,2,4,3,4,3,3,5,7.0
2,4,1.0,36.0,3.0,3.0,1.0,1.0,3.0,40,70.0,3.0,175.0,1874.687552074654,2077.153807698717,10.815505108123,6.180288633213145,1.0,1.0,1.0,,2,,,,0.0,0.0,0.0,0,0.0,0.0,0.0,0.0,3,4,4,4,2,2,3,1,2,3,4,7,6,4,2,3,4,3,3,2,4,4,3,2,4,7.0
2,4,1.0,28.0,3.0,3.0,1.0,1.0,4.0,10,20.0,3.0,200.0,41.659723379436855,46.158973504415826,0.9613782318331558,0.4806891159165776,1.0,1.0,1.0,,2,,,,0.0,20.0,0.0,0,0.0,100.0,0.0,0.0,4,3,3,3,2,2,3,2,6,5,6,6,5,3,1,2,3,4,3,3,4,3,4,3,3,7.0
2,4,2.0,24.0,2.0,1.0,1.0,1.0,2.0,40,40.0,1.0,100.0,999.8333611064825,1107.815364105982,5.768269390998936,5.768269390998936,1.0,1.0,1.0,,2,,,,2.0,30.0,1.0,1,5.0,75.0,2.5,2.5,4,4,3,3,2,2,2,2,4,2,6,7,6,3,2,4,3,4,4,4,4,2,2,4,5,7.0
2,4,1.0,31.0,1.0,2.0,1.0,1.0,3.0,40,40.0,1.0,100.0,999.8333611064825,1107.815364105982,5.768269390998936,5.768269390998936,1.0,1.0,1.0,,2,,,,0.0,45.0,2.0,4,,,,,3,4,3,4,4,5,3,1,1,5,6,7,7,4,5,5,5,5,1,3,4,4,4,4,3,7.0
2,4,1.0,34.0,1.0,1.0,1.0,1.0,2.0,36,36.0,1.0,100.0,1249.791701383103,1384.769205132478,8.0114852652763,8.0114852652763,1.0,3.0,1.0,,2,,,,0.0,26.0,6.0,4,0.0,72.22222222222221,16.66666666666666,11.11111111111111,2,4,4,4,3,4,3,2,3,3,3,5,6,2,1,3,2,4,4,1,4,4,4,5,5,7.0
2,4,2.0,41.0,3.0,1.0,1.0,1.0,3.0,40,60.0,3.0,150.0,1458.0903182802872,1615.564072654557,8.412059528540114,5.608039685693409,1.0,1.0,1.0,,2,,,,0.0,30.0,15.0,15,0.0,50.0,25.0,25.0,4,3,5,2,4,2,2,2,2,5,7,6,5,4,2,4,4,3,4,3,3,4,3,3,2,7.0
2,4,2.0,28.0,2.0,1.0,1.0,2.0,4.0,40,50.0,3.0,125.0,833.1944675887353,923.1794700883186,4.806891159165779,3.8455129273326225,1.0,5.0,3.0,20.0,2,,,,20.0,20.0,20.0,10,,,,,4,3,5,3,2,2,2,2,2,6,4,6,5,4,1,4,4,4,2,4,3,3,4,3,4,7.0
2,4,2.0,33.0,3.0,1.0,1.0,1.0,2.0,40,40.0,1.0,100.0,1012.3312781203131,1121.663056157307,5.840372758386422,5.840372758386421,1.0,1.0,1.0,,2,,,,2.0,50.0,10.0,2,,,,,2,4,4,4,5,4,3,2,2,3,5,5,5,4,1,3,2,2,4,2,3,3,4,4,4,7.0
2,4,1.0,35.0,1.0,3.0,1.0,7.0,3.0,40,40.0,1.0,100.0,1983.00283286119,2197.167138810198,11.44040095881456,11.44040095881456,1.0,1.0,1.0,,2,,,,0.0,35.0,0.0,5,0.0,87.5,0.0,12.5,4,3,5,4,4,5,3,4,4,6,3,2,3,4,1,4,2,4,3,3,2,4,2,4,3,7.0
2,4,1.0,29.0,2.0,1.0,1.0,1.0,3.0,40,40.0,1.0,100.0,1958.006998833528,2169.471754707549,11.29619422403958,11.29619422403958,1.0,2.0,1.0,,2,,,,1.0,33.0,2.0,4,2.5,82.5,5.0,10.0,1,3,3,4,4,4,3,2,2,2,4,6,6,3,2,5,4,4,4,2,4,4,4,4,4,7.0
2,4,1.0,37.0,3.0,1.0,1.0,1.0,3.0,20,20.0,1.0,100.0,208.29861689718382,230.79486752207958,2.40344557958289,2.4034455795828897,1.0,3.0,3.0,40.0,2,,,,1.0,30.0,0.0,0,,,,,3,3,2,4,4,2,2,1,4,4,6,7,7,4,3,4,4,5,2,3,4,3,3,3,2,7.0
2,4,1.0,26.0,3.0,1.0,1.0,1.0,3.0,18,18.0,1.0,100.0,458.25695717380427,507.7487085485752,5.875089194535954,5.8750891945359545,1.0,1.0,1.0,,2,,,,1.0,6.0,1.0,2,5.555555555555555,33.33333333333333,5.555555555555555,11.11111111111111,3,4,5,3,4,3,3,3,5,6,6,7,5,3,3,5,3,4,2,3,4,3,4,3,4,7.0
2,4,2.0,38.0,1.0,1.0,1.0,1.0,1.0,40,40.0,1.0,100.0,2082.986168971838,2307.948675220796,12.01722789791445,12.01722789791445,1.0,2.0,1.0,,2,,,,2.0,30.0,2.0,2,5.0,75.0,5.0,5.0,2,3,3,4,2,2,3,2,5,5,6,5,5,3,1,3,3,4,4,4,3,4,3,4,4,7.0
2,4,2.0,30.0,2.0,1.0,1.0,1.0,3.0,40,50.0,3.0,125.0,1916.347275454091,2123.312781203133,11.05584966608129,8.844679732865036,1.0,1.0,1.0,,2,,,,1.5,45.0,0.0,0.5,3.0,90.0,0.0,1.0,4,4,3,3,3,2,3,2,2,1,6,7,4,4,3,1,5,3,3,2,4,3,3,2,2,3.0
2,4,2.0,32.0,2.0,1.0,1.0,1.0,2.0,20,35.0,3.0,175.0,541.5764039326775,600.0666555574071,6.248958506915514,3.57083343252315,1.0,1.0,1.0,,2,,,,0.0,33.0,0.0,2,0.0,94.28571428571428,0.0,5.714285714285714,3,3,2,3,2,2,2,2,4,4,6,7,6,4,3,4,4,3,2,3,3,3,2,4,5,3.0
1,3,1.0,51.0,3.0,1.0,4.0,5.0,3.0,40,40.0,1.0,100.0,3500.0,3094.0,20.19230769230769,20.19230769230769,3.0,2.0,1.0,,2,,,,0.0,10.0,10.0,80,,,,,4,2,1,2,3,3,2,2,3,2,3,6,4,4,2,2,3,1,2,3,2,3,4,4,4,13.0
1,3,1.0,34.0,2.0,1.0,4.0,7.0,3.0,40,50.0,3.0,125.0,3100.0,2740.4,17.88461538461538,14.30769230769231,1.0,3.0,1.0,,2,,,,15.0,30.0,2.0,5,,,,,4,4,4,4,4,4,4,1,4,4,5,6,6,2,2,3,2,3,3,3,4,3,4,4,4,8.0
1,3,2.0,29.0,2.0,1.0,4.0,2.0,3.0,35,35.0,1.0,100.0,4000.0,3536.0,26.37362637362638,26.37362637362638,1.0,1.0,1.0,,2,,,,1.0,20.0,9.0,5,2.857142857142857,57.14285714285714,25.71428571428571,14.28571428571428,1,4,4,3,3,3,3,4,3,2,5,5,6,4,1,3,4,4,3,3,4,3,4,4,5,11.0
1,3,1.0,41.0,2.0,1.0,4.0,5.0,6.0,40,40.0,1.0,100.0,3800.0,3359.2,21.92307692307692,21.92307692307692,2.0,3.0,1.0,,2,,,,35.0,5.0,0.0,5,,,,,4,4,3,4,3,4,3,4,3,1,4,4,4,5,4,1,4,4,1,4,1,2,2,2,2,10.0
1,3,1.0,56.0,2.0,2.0,7.0,9.0,1.0,40,40.0,1.0,100.0,1200.0,1060.8,6.923076923076922,6.923076923076922,1.0,4.0,1.0,,2,,,,6.0,10.0,3.0,2,15.0,25.0,7.5,5.0,3,4,4,4,5,5,3,1,3,2,2,7,7,4,4,4,4,4,2,3,4,3,4,4,2,12.0
1,3,2.0,26.0,2.0,1.0,4.0,1.0,3.0,35,35.0,1.0,100.0,3300.0,2917.2,21.75824175824176,21.75824175824176,1.0,2.0,1.0,,2,,,,4.0,28.0,1.0,2,11.42857142857143,80.0,2.857142857142857,5.714285714285714,4,4,4,4,4,5,5,1,5,4,6,7,7,3,2,3,3,3,4,2,3,4,2,2,4,9.0
1,3,1.0,36.0,1.0,2.0,4.0,1.0,3.0,40,50.0,3.0,125.0,5000.0,4420.0,28.84615384615385,23.07692307692308,1.0,1.0,5.0,10.0,2,,,,10.0,30.0,0.0,20,,,,,3,3,5,2,2,5,2,1,5,4,4,6,6,5,3,3,5,4,1,2,3,3,2,2,2,8.0
1,3,2.0,29.0,1.0,1.0,4.0,4.0,3.0,40,40.0,1.0,100.0,5000.0,4420.0,28.84615384615385,28.84615384615385,1.0,1.0,1.0,,2,,,,3.0,35.0,0.0,2,7.5,87.5,0.0,5.0,3,4,4,4,5,4,4,1,2,1,5,7,6,4,3,4,4,4,2,4,3,3,4,4,4,8.0
1,3,2.0,26.0,2.0,1.0,4.0,7.0,2.0,20,45.0,3.0,225.0,1100.0,972.3999999999999,12.69230769230769,5.6410256410256405,3.0,1.0,3.0,15.0,2,,,,10.0,15.0,10.0,10,22.22222222222222,33.33333333333333,22.22222222222222,22.22222222222222,3,3,5,4,2,5,2,1,2,5,6,7,7,5,2,5,5,4,2,4,4,4,4,3,4,9.0
1,3,1.0,31.0,2.0,1.0,4.0,1.0,3.0,30,50.0,3.0,166.6666666666667,2050.0,1812.2,15.76923076923077,9.461538461538462,1.0,1.0,1.0,,2,,,,2.0,40.0,0.0,8,4.0,80.0,0.0,16.0,4,3,3,2,2,3,2,4,5,4,5,3,1,4,2,2,3,4,3,3,3,3,2,2,4,9.0
1,3,1.0,30.0,2.0,1.0,4.0,1.0,3.0,40,40.0,1.0,100.0,2800.0,2475.2,16.15384615384615,16.15384615384615,1.0,1.0,1.0,,2,,,,0.0,40.0,0.0,2,,,,,1,4,3,3,4,4,4,3,5,5,5,4,5,2,3,3,3,4,4,2,3,4,4,4,4,8.0
1,3,1.0,31.0,2.0,1.0,4.0,1.0,3.0,40,40.0,1.0,100.0,4728.78,4180.24152,27.28142307692308,27.28142307692308,1.0,2.0,1.0,,2,,,,4.0,28.0,4.0,4,10.0,70.0,10.0,10.0,1,4,3,4,4,4,4,1,4,5,5,7,6,3,3,4,4,3,4,2,4,3,3,4,4,8.0
1,3,1.0,34.0,1.0,2.0,6.0,2.0,2.0,40,40.0,1.0,100.0,3500.0,3094.0,20.19230769230769,20.19230769230769,1.0,3.0,1.0,,2,,,,6.0,20.0,4.0,10,15.0,50.0,10.0,25.0,2,3,4,4,4,4,4,1,3,3,3,6,7,4,2,2,2,2,4,2,3,2,2,3,4,11.0
1,3,1.0,30.0,1.0,1.0,4.0,1.0,3.0,30,30.0,1.0,100.0,1970.0,1741.48,15.15384615384616,15.15384615384616,1.0,1.0,1.0,,2,,,,9.0,9.0,5.0,7,30.0,30.0,16.66666666666666,23.33333333333333,3,3,3,3,1,2,3,4,5,5,6,6,6,4,4,5,5,4,2,4,5,4,5,4,4,9.0
1,3,2.0,31.0,2.0,1.0,4.0,5.0,3.0,40,50.0,3.0,125.0,3500.0,3094.0,20.19230769230769,16.15384615384615,1.0,2.0,1.0,,2,,,,15.0,20.0,10.0,5,30.0,40.0,20.0,10.0,4,4,4,5,2,4,4,2,4,2,6,4,4,4,1,4,4,4,2,5,2,2,3,4,5,9.0
1,3,2.0,77.0,5.0,2.0,4.0,5.0,6.0,10,10.000000000000004,1.0,100.0,250.0,221.0,5.769230769230769,5.769230769230768,3.0,4.0,4.0,10.0,2,,,,3.0,7.0,0.0,3,,,,,2,5,4,5,4,5,4,1,2,1,3,7,6,2,3,4,3,3,4,2,3,3,5,4,4,10.0
1,3,2.0,32.0,2.0,1.0,4.0,5.0,3.0,40,50.0,3.0,125.0,4772.0,4218.448,27.53076923076923,22.02461538461539,1.0,1.0,1.0,,2,,,,6.0,45.0,7.0,3,,,,,4,1,1,1,1,2,2,1,3,4,6,7,5,4,1,3,4,3,2,3,3,3,4,3,4,8.0
1,3,1.0,39.0,1.0,2.0,6.0,6.0,1.0,40,40.0,1.0,100.0,4300.0,3801.2,24.80769230769231,24.80769230769231,1.0,3.0,1.0,,2,,,,30.0,6.0,2.0,2,75.0,15.0,5.0,5.0,4,3,3,4,3,4,4,1,5,5,5,7,5,2,2,3,3,4,2,3,3,2,3,4,4,3.0
1,3,1.0,34.0,3.0,1.0,4.0,2.0,3.0,40,40.0,1.0,100.0,3000.0,2652.0,17.30769230769231,17.30769230769231,1.0,1.0,1.0,,2,,,,0.0,35.0,5.0,5,,,,,4,4,4,2,2,4,2,3,3,6,4,6,5,5,2,2,4,5,1,4,2,3,4,2,2,8.0
1,3,2.0,51.0,1.0,2.0,4.0,5.0,6.0,40,40.0,1.0,100.0,5000.0,4420.0,28.84615384615385,28.84615384615385,2.0,1.0,1.0,,2,,,,15.0,5.0,15.0,5,37.5,12.5,37.5,12.5,4,4,4,4,4,5,5,1,3,3,4,6,6,3,2,3,4,4,2,2,3,2,3,4,4,10.0
1,3,1.0,30.0,1.0,1.0,6.0,2.0,3.0,30,50.0,3.0,166.6666666666667,2600.0,2298.4,20,12.0,1.0,1.0,1.0,,2,,,,5.0,43.0,2.0,5,,,,,3,4,3,2,2,2,3,3,2,4,4,6,7,4,4,4,5,2,1,3,3,3,4,4,4,12.0
1,3,1.0,55.0,1.0,3.0,4.0,1.0,6.0,40,70.0,3.0,175.0,4000.0,3536.0,23.07692307692308,13.18681318681319,3.0,3.0,5.0,35.0,2,,,,35.0,20.0,11.0,4,50.0,28.57142857142857,15.71428571428571,5.714285714285714,3,3,5,3,4,4,2,2,2,2,4,6,4,4,3,2,5,3,2,2,4,4,3,2,2,5.0
1,3,1.0,39.0,1.0,2.0,4.0,5.0,3.0,30,30.0,1.0,100.0,2700.0,2386.8,20.76923076923077,20.76923076923077,1.0,1.0,1.0,,2,,,,10.0,15.0,2.0,3,33.33333333333333,50.0,6.666666666666667,10.0,1,5,4,4,5,5,4,1,2,5,5,6,7,2,4,4,3,2,4,2,4,4,4,3,2,9.0
1,3,1.0,45.0,1.0,2.0,6.0,5.0,6.0,40,40.0,1.0,100.0,6800.0,6011.2,39.23076923076923,39.23076923076923,1.0,4.0,1.0,,2,,,,18.0,14.0,6.0,2,45.0,35.0,15.0,5.0,2,4,5,4,2,3,4,1,3,6,6,4,5,3,1,3,4,3,3,2,4,4,3,3,5,10.0
1,3,2.0,28.0,3.0,1.0,4.0,8.0,3.0,40,43.0,3.0,107.5,3700.0,3270.8,21.34615384615385,19.85688729874776,1.0,1.0,1.0,,2,,,,10.0,20.0,0.0,10,23.25581395348837,46.51162790697674,0.0,23.25581395348837,1,3,1,4,2,3,3,2,5,2,6,7,6,3,2,4,2,4,4,2,4,3,3,4,5,9.0
1,3,1.0,25.0,3.0,1.0,4.0,1.0,3.0,30,45.0,3.0,150.0,2099.0,1855.516,16.14615384615384,10.76410256410256,1.0,1.0,1.0,,2,,,,0.0,35.0,0.0,10,0.0,77.77777777777779,0.0,22.22222222222222,2,5,4,4,3,5,5,1,2,5,4,7,7,2,2,3,3,3,4,3,4,4,4,5,4,9.0
1,3,1.0,27.0,2.0,1.0,4.0,1.0,3.0,30,30.0,1.0,100.0,2400.0,2121.6,18.46153846153846,18.46153846153846,1.0,1.0,1.0,,2,,,,0.0,30.0,0.0,0,0.0,100.0,0.0,0.0,2,4,4,4,5,4,4,1,1,4,6,7,7,4,2,4,2,3,5,4,2,3,5,5,5,9.0
1,3,2.0,27.0,3.0,1.0,4.0,6.0,3.0,40,45.0,3.0,112.5,3800.0,3359.2,21.92307692307692,19.48717948717949,1.0,2.0,1.0,,2,,,,5.0,25.0,0.0,15,11.11111111111111,55.55555555555556,0.0,33.33333333333333,4,3,4,2,3,5,2,3,6,1,6,6,3,4,3,3,4,4,2,4,2,2,5,4,2,9.0
1,3,2.0,36.0,2.0,1.0,4.0,3.0,3.0,40,40.0,1.0,100.0,5000.0,4420.0,28.84615384615385,28.84615384615385,1.0,1.0,1.0,,2,,,,25.0,10.0,5.0,5,,,,,4,4,2,3,2,3,4,1,2,5,4,6,7,4,1,2,3,2,3,3,2,2,4,4,4,8.0
1,3,1.0,38.0,1.0,1.0,4.0,2.0,1.0,30,40.0,3.0,133.3333333333333,2800.0,2475.2,21.53846153846154,16.15384615384615,1.0,1.0,1.0,,2,,,,0.0,30.0,5.0,5,0.0,75.0,12.5,12.5,3,5,4,2,2,4,3,3,5,6,4,3,6,4,2,2,4,3,2,3,3,4,5,5,2,9.0
1,3,1.0,42.0,1.0,2.0,4.0,1.0,6.0,40,40.0,1.0,100.0,4000.0,3536.0,23.07692307692308,23.07692307692308,2.0,2.0,1.0,,2,,,,15.0,5.0,5.0,15,37.5,12.5,12.5,37.5,4,3,1,2,5,4,3,5,3,3,2,1,4,4,1,2,3,1,2,2,2,3,3,3,2,6.0
1,3,1.0,30.0,1.0,2.0,4.0,1.0,3.0,30,35.0,3.0,116.6666666666667,2200.0,1944.8,16.92307692307692,14.50549450549451,1.0,1.0,1.0,,2,,,,0.0,32.0,0.0,3,0.0,91.42857142857143,0.0,8.571428571428571,2,4,1,4,2,5,4,2,2,1,6,6,5,4,3,4,4,3,4,2,3,4,3,4,3,11.0
1,3,1.0,35.0,1.0,1.0,4.0,1.0,3.0,40,40.0,1.0,100.0,4770.0,4216.68,27.51923076923077,27.51923076923077,3.0,2.0,1.0,,2,,,,2.5,35.0,1.0,2,,,,,2,4,4,5,4,5,4,1,1,1,6,7,7,2,1,4,1,2,4,3,4,4,2,4,5,10.0
1,3,2.0,29.0,3.0,1.0,4.0,1.0,3.0,30,30.0,1.0,100.0,2700.0,2386.8,20.76923076923077,20.76923076923077,1.0,1.0,1.0,,2,,,,0.0,29.0,0.0,1,0.0,96.66666666666667,0.0,3.333333333333333,4,4,4,3,2,4,3,4,5,2,5,4,3,3,1,2,2,4,4,4,2,3,2,3,4,9.0
1,3,1.0,34.0,1.0,1.0,4.0,1.0,3.0,40,65.0,3.0,162.5,3000.0,2652.0,17.30769230769231,10.6508875739645,1.0,1.0,1.0,,2,,,,0.0,60.0,5.0,0,0.0,92.3076923076923,7.692307692307693,0.0,3,4,3,2,3,4,2,1,2,2,5,7,6,4,4,4,4,4,2,2,4,2,2,3,5,8.0
1,3,2.0,36.0,4.0,1.0,6.0,4.0,6.0,40,40.0,1.0,100.0,3500.0,3094.0,20.19230769230769,20.19230769230769,1.0,3.0,1.0,,2,,,,2.0,3.0,0.0,35,5.0,7.5,0.0,87.5,1,3,1,3,1,5,2,2,5,4,5,7,4,3,2,4,4,3,4,2,4,4,4,4,4,13.0
1,3,2.0,30.0,3.0,1.0,4.0,5.0,3.0,30,45.0,3.0,150.0,2672.3,2362.313200000001,20.55615384615385,13.70410256410256,1.0,2.0,5.0,6.0,2,,,,12.0,10.0,10.0,5,26.66666666666667,22.22222222222222,22.22222222222222,11.11111111111111,3,4,5,3,3,2,3,2,5,6,5,3,6,4,4,4,5,5,2,3,3,3,4,3,2,9.0
1,3,1.0,30.0,1.0,1.0,4.0,1.0,3.0,25,50.0,3.0,200.0,2000.0,1768.0,18.46153846153846,9.230769230769232,1.0,1.0,1.0,,2,,,,5.0,40.0,2.0,5,,,,,4,1,1,2,1,2,1,6,1,1,3,2,2,4,1,2,3,3,2,2,2,3,2,2,4,11.0
1,3,1.0,39.0,1.0,2.0,4.0,1.0,2.0,40,50.0,3.0,125.0,3500.0,3094.0,20.19230769230769,16.15384615384615,3.0,2.0,1.0,,2,,,,10.0,30.0,5.0,5,20.0,60.0,10.0,10.0,4,4,4,4,2,4,3,1,6,5,4,6,6,3,2,4,4,2,2,2,2,4,4,4,3,7.0
1,3,2.0,55.0,3.0,1.0,4.0,5.0,3.0,40,55.0,3.0,137.5,2700.0,2386.8,15.57692307692308,11.32867132867133,3.0,2.0,6.0,50.0,2,,,,2.0,35.0,5.0,5,3.636363636363636,63.63636363636363,9.090909090909092,9.090909090909092,4,4,5,4,5,4,3,1,4,3,4,7,6,4,2,4,4,2,2,3,4,4,3,4,4,10.0
1,3,2.0,30.0,1.0,1.0,4.0,2.0,3.0,40,40.0,1.0,100.0,5000.0,4420.0,28.84615384615385,28.84615384615385,1.0,1.0,1.0,,2,,,,0.0,35.0,1.0,4,0.0,87.5,2.5,10.0,1,5,4,4,4,5,4,1,2,3,7,7,6,2,2,2,4,5,3,2,4,4,4,4,5,8.0
1,3,1.0,44.0,1.0,1.0,4.0,1.0,6.0,40,40.0,1.0,100.0,4400.0,3889.6000000000004,25.38461538461538,25.38461538461538,1.0,2.0,1.0,,2,,,,16.0,4.0,8.0,12,40.0,10.0,20.0,30.0,4,4,3,2,4,2,3,2,2,1,6,5,4,4,2,2,2,3,2,3,2,4,4,3,5,10.0
1,3,1.0,28.0,2.0,1.0,4.0,1.0,3.0,30,45.0,3.0,150.0,2875.0,2541.5,22.11538461538462,14.74358974358974,1.0,1.0,1.0,,2,,,,0.0,40.0,0.0,2,0.0,88.88888888888889,0.0,4.444444444444445,2,4,4,3,3,4,3,5,2,3,4,4,5,4,2,2,2,2,4,5,2,4,4,3,4,9.0
1,3,2.0,30.0,3.0,1.0,4.0,5.0,3.0,30,45.0,3.0,150.0,3885.2,3434.5168,29.88615384615384,19.92410256410256,1.0,1.0,1.0,,2,,,,3.0,28.0,12.0,2,6.666666666666667,62.22222222222222,26.66666666666667,4.444444444444445,1,5,4,5,4,5,4,1,3,2,4,7,7,2,2,4,3,4,3,2,4,4,2,4,4,9.0
1,3,2.0,51.0,1.0,2.0,7.0,8.0,1.0,48,48.0,1.0,100.0,3500.0,3094.0,16.82692307692308,16.82692307692308,1.0,1.0,1.0,,2,,,,15.0,15.0,15.0,3,31.25,31.25,31.25,6.25,4,1,2,3,3,3,3,3,4,2,4,4,5,3,1,4,3,1,3,4,3,2,3,4,4,4.0
1,3,1.0,30.0,3.0,1.0,4.0,1.0,3.0,40,50.0,3.0,125.0,4352.0,3847.168000000001,25.10769230769231,20.08615384615385,2.0,4.0,1.0,,2,,,,16.0,16.0,6.0,12,32.0,32.0,12.0,24.0,1,4,3,4,4,5,4,1,4,4,6,7,7,5,3,5,3,4,3,3,4,4,4,4,4,8.0
1,3,2.0,27.0,2.0,1.0,4.0,13.0,3.0,30,30.0,1.0,100.0,2050.0,1812.2,15.76923076923077,15.76923076923077,1.0,1.0,1.0,,2,,,,0.0,5.0,15.0,10,0.0,16.66666666666666,50.0,33.33333333333333,1,4,4,4,5,5,4,1,3,1,4,6,7,2,2,4,2,4,4,2,4,3,4,5,5,9.0
1,3,2.0,35.0,2.0,1.0,4.0,1.0,6.0,40,40.0,1.0,100.0,5000.0,4420.0,28.84615384615385,28.84615384615385,3.0,1.0,1.0,,2,,,,2.0,25.0,5.0,8,5.0,62.5,12.5,20.0,4,4,3,4,4,5,4,1,4,4,6,5,6,4,3,2,3,2,2,4,1,2,4,4,4,10.0
1,3,2.0,31.0,3.0,1.0,4.0,1.0,3.0,40,40.0,1.0,100.0,2700.0,2386.8,15.57692307692308,15.57692307692308,1.0,1.0,1.0,,2,,,,3.0,36.0,3.0,3,,,,,4,5,5,3,4,4,2,6,4,5,6,5,3,5,2,3,5,4,2,4,2,2,3,1,1,8.0
1,3,2.0,32.0,1.0,1.0,4.0,5.0,3.0,30,37.0,3.0,123.3333333333333,2762.0,2441.608,21.24615384615385,17.22661122661123,1.0,1.0,1.0,,2,,,,9.0,25.0,2.0,5,,,,,4,3,3,3,2,3,2,4,4,5,5,4,4,4,3,3,3,3,3,4,2,2,2,2,2,9.0
1,3,2.0,28.0,2.0,1.0,4.0,5.0,3.0,30,38.0,3.0,126.6666666666667,3400.0,3005.6,26.15384615384615,20.64777327935223,1.0,2.0,1.0,,2,,,,14.0,14.0,0.0,10,36.84210526315789,36.84210526315789,0.0,26.31578947368421,3,4,4,4,3,5,3,1,5,3,7,7,6,3,3,5,4,4,2,2,4,4,4,4,4,9.0
1,3,2.0,32.0,1.0,1.0,4.0,1.0,3.0,40,60.0,3.0,150.0,5000.0,4420.0,28.84615384615385,19.23076923076923,1.0,1.0,1.0,,2,,,,3.0,40.0,3.0,14,5.0,66.66666666666666,5.0,23.33333333333333,3,4,5,3,3,5,3,3,2,3,5,7,7,4,4,5,5,5,1,3,3,2,3,2,5,11.0
1,3,1.0,45.0,1.0,1.0,4.0,2.0,3.0,40,42.8,3.0,109.0,4200.0,3712.8,24.23076923076923,20.18464632100881,3.0,1.0,1.0,,2,,,,6.0,6.0,2.0,2,,,,,3,3,3,3,3,5,3,1,3,2,5,6,5,3,3,4,4,2,2,3,3,3,3,4,4,8.0
1,3,2.0,54.0,3.0,1.0,4.0,5.0,6.0,40,50.0,3.0,125.0,3800.0,3359.2,21.92307692307692,17.53846153846154,1.0,3.0,1.0,,2,,,,30.0,5.0,1.0,14,60.0,10.0,2.0,28.0,3,3,4,4,2,5,3,1,5,3,6,7,6,4,4,3,5,3,2,2,4,3,3,2,4,10.0
1,3,1.0,36.0,3.0,1.0,4.0,1.0,3.0,40,40.0,1.0,100.0,4600.0,4066.4,26.53846153846154,26.53846153846154,1.0,2.0,1.0,,2,,,,4.0,10.0,10.0,16,10.0,25.0,25.0,40.0,3,5,5,2,2,3,4,4,4,2,1,1,5,4,4,3,5,3,2,2,3,4,5,5,4,10.0
1,3,1.0,34.0,1.0,2.0,4.0,2.0,3.0,40,50.0,3.0,125.0,4351.0,3846.284000000001,25.10192307692308,20.08153846153846,1.0,1.0,1.0,,2,,,,0.0,25.0,10.0,15,0.0,50.0,20.0,30.0,3,3,5,3,3,3,2,1,4,4,5,5,6,4,3,5,5,4,2,3,3,2,4,2,2,8.0
2,2,1.0,32.0,3.0,1.0,1.0,8.0,2.0,40,40.0,1.0,100.0,1874.687552074654,2077.153807698717,10.815505108123,10.815505108123,1.0,2.0,1.0,,2,,,,5.0,20.0,5.0,10,12.5,50.0,12.5,25.0,2,4,2,4,4,4,3,2,3,2,5,5,6,2,2,3,2,4,5,2,4,4,3,4,4,7.0
2,2,1.0,35.0,1.0,2.0,1.0,5.0,1.0,56,30.0,2.0,53.57142857142856,4165.972337943675,4615.897350441592,17.16746842559207,32.0459410611052,1.0,1.0,1.0,,2,,,,15.0,15.0,0.0,0,50.0,50.0,0.0,0.0,2,3,3,3,3,4,4,3,2,3,2,4,4,2,1,2,1,1,4,3,1,2,3,4,3,9.0
2,2,2.0,37.0,1.0,3.0,1.0,8.0,1.0,40,50.0,3.0,125.0,1478.920179970005,1638.643559406765,8.53223180751926,6.825785446015407,1.0,4.0,1.0,,2,,,,34.0,9.0,5.0,5,,,,,3,3,3,4,3,4,4,1,2,2,4,7,7,2,4,4,4,4,2,2,4,3,4,4,5,4.0
2,2,2.0,77.0,1.0,1.0,1.0,8.0,1.0,40,46.0,3.0,115.0,1458.0903182802872,1615.564072654557,8.412059528540114,11.34746772973735,1.0,4.0,1.0,,2,,,,35.0,40.0,10.0,2,,,,,1,4,2,4,5,5,3,1,2,3,5,7,6,3,5,5,5,4,2,2,5,4,4,4,5,6.0
2,2,2.0,55.0,4.0,2.0,1.0,8.0,1.0,40,55.0,3.0,137.5,2916.180636560573,3231.128145309115,16.82411905708023,12.2357229506038,2.0,5.0,1.0,,2,,,,30.0,20.0,10.0,5,,,,,3,4,4,4,3,5,4,1,3,1,5,7,6,3,4,5,5,3,2,2,3,3,5,4,4,6.0
2,2,1.0,34.0,1.0,2.0,1.0,8.0,2.0,40,40.0,1.0,100.0,1999.666722212964,2215.630728211964,11.53653878199787,11.53653878199787,1.0,3.0,1.0,,2,,,,15.0,8.0,2.0,15,37.5,20.0,5.0,37.5,1,4,3,4,4,4,3,1,3,5,5,7,7,3,2,4,5,4,2,1,4,5,4,3,4,4.0
2,2,2.0,50.0,2.0,1.0,1.0,7.0,1.0,40,40.0,1.0,100.0,1583.069488418597,1754.040993167805,9.133093202414981,9.133093202414981,1.0,1.0,5.0,16.0,2,,,,35.0,0.0,0.0,5,87.5,0.0,0.0,12.5,3,2,5,2,1,2,2,1,1,2,6,6,5,3,3,4,4,5,2,3,4,3,4,3,4,2.0
2,2,1.0,67.0,4.0,1.0,1.0,5.0,1.0,40,40.0,1.0,100.0,2499.583402766205,2769.538410264955,14.42067347749734,14.42067347749734,2.0,5.0,1.0,,2,,,,20.0,10.0,5.0,5,50.0,25.0,12.5,12.5,1,4,4,5,4,5,4,1,3,1,4,7,7,4,5,4,5,4,1,2,5,5,5,5,5,6.0
2,2,2.0,43.0,3.0,2.0,1.0,7.0,1.0,40,20.0,2.0,50.0,1458.0903182802872,1615.564072654557,8.412059528540114,16.82411905708023,1.0,3.0,5.0,20.0,2,,,,12.0,2.0,0.0,6,60.0,10.0,0.0,30.0,2,3,4,2,2,2,3,1,2,2,5,7,6,3,2,2,4,4,3,3,4,3,4,5,4,2.0
2,2,2.0,45.0,3.0,2.0,1.0,8.0,1.0,40,40.0,1.0,100.0,2291.284785869022,2538.743542742876,13.21895068770589,13.21895068770589,1.0,4.0,1.0,,2,,,,16.0,16.0,4.0,4,40.0,40.0,10.0,10.0,1,4,5,4,4,3,4,1,4,4,6,7,7,3,3,5,2,4,4,4,4,4,4,4,4,5.0
2,2,1.0,50.0,2.0,3.0,1.0,5.0,2.0,20,20.0,1.0,100.0,1249.791701383103,1384.769205132478,14.42067347749734,14.42067347749734,1.0,1.0,6.0,10.0,2,,,,15.0,10.0,6.0,5,,,,,2,2,2,3,2,3,3,3,3,1,5,6,5,3,2,3,3,3,2,3,4,4,4,4,4,4.0
2,2,1.0,32.0,1.0,2.0,1.0,7.0,2.0,40,70.0,3.0,175.0,2499.583402766205,2769.538410264955,14.42067347749734,8.240384844284193,1.0,3.0,6.0,80.0,2,,,,15.0,40.0,5.0,10,21.42857142857143,57.14285714285714,7.142857142857142,14.28571428571428,3,2,2,4,3,3,2,2,4,3,6,6,6,5,3,4,4,4,2,3,4,3,3,3,2,4.0
2,2,1.0,36.0,1.0,1.0,1.0,5.0,1.0,40,50.0,3.0,125.0,1624.7292117980328,1800.199966672221,9.373437760373271,7.498750208298617,1.0,3.0,7.0,7.0,2,,,,30.0,10.0,5.0,5,60.0,20.0,10.0,10.0,2,4,3,4,4,3,3,2,2,2,4,6,7,4,2,2,4,4,3,2,3,3,4,4,5,4.0
2,2,1.0,44.0,4.0,2.0,1.0,5.0,1.0,40,40.0,1.0,100.0,1499.750041659723,1661.723046158973,8.652404086498404,8.652404086498404,1.0,1.0,1.0,,2,,,,18.0,20.0,1.0,1,45.0,50.0,2.5,2.5,4,2,4,2,2,4,2,5,3,4,1,3,3,4,3,2,3,3,3,2,4,2,4,2,4,4.0
2,2,1.0,41.0,1.0,2.0,1.0,5.0,1.0,40,60.0,3.0,150.0,1499.750041659723,1661.723046158973,8.652404086498404,5.768269390998936,3.0,4.0,7.0,3.0,2,,,,25.0,15.0,15.0,5,41.66666666666667,25.0,25.0,8.333333333333332,3,2,5,4,5,5,2,1,6,5,6,7,7,5,4,3,5,4,2,3,3,2,4,3,3,4.0
2,2,2.0,57.0,1.0,1.0,1.0,7.0,1.0,40,40.0,1.0,100.0,2291.284785869022,2538.743542742876,13.21895068770589,13.21895068770589,1.0,3.0,6.0,22.0,2,,,,20.0,20.0,20.0,10,,,,,3,3,4,2,2,3,2,3,4,3,4,6,6,4,4,4,4,4,2,4,3,4,3,3,4,5.0
2,2,1.0,47.0,2.0,2.0,1.0,4.0,1.0,40,40.0,1.0,100.0,2314.405932344609,2564.361773037826,13.35234191737274,13.35234191737274,1.0,2.0,1.0,,2,,,,15.0,15.0,0.0,10,37.5,37.5,0.0,25.0,2,4,4,4,5,5,3,2,5,4,7,7,7,3,2,2,2,4,4,4,2,4,4,5,4,4.0
2,2,2.0,48.0,1.0,2.0,1.0,5.0,2.0,40,40.0,1.0,100.0,1916.347275454091,2123.312781203133,11.05584966608129,11.05584966608129,2.0,4.0,1.0,,2,,,,20.0,4.0,2.0,14,50.0,10.0,5.0,35.0,2,3,3,4,4,5,3,1,2,2,4,7,7,4,2,2,3,3,2,2,3,4,3,4,5,4.0
2,2,2.0,45.0,1.0,1.0,1.0,5.0,1.0,40,40.0,1.0,100.0,1249.791701383103,1384.769205132478,7.210336738748668,7.210336738748668,1.0,3.0,1.0,,2,,,,10.0,20.0,7.0,3,25.0,50.0,17.5,7.5,3,4,5,2,2,4,3,1,6,6,6,7,6,4,4,3,4,4,2,3,4,4,4,4,5,7.0
2,2,1.0,51.0,1.0,2.0,1.0,5.0,1.0,40,50.0,3.0,125.0,2707.882019663389,3000.333277787036,15.62239626728878,12.49791701383103,2.0,4.0,1.0,,2,,,,6.0,3.0,3.0,38,12.0,6.0,6.0,76.0,3,3,4,3,3,3,2,2,3,4,5,6,6,4,4,4,4,4,2,4,3,3,4,4,2,5.0
2,2,1.0,46.0,1.0,2.0,1.0,5.0,1.0,40,65.0,3.0,162.5,2374.604232627895,2631.061489751708,13.69963980362247,8.430547571459984,2.0,4.0,1.0,,2,,,,17.0,35.0,10.0,10,,,,,1,4,4,4,5,5,4,1,2,2,3,6,7,2,2,3,3,3,2,2,3,3,4,5,5,5.0
2,2,1.0,36.0,2.0,2.0,1.0,5.0,2.0,40,40.0,1.0,100.0,1249.791701383103,1384.769205132478,7.210336738748668,7.210336738748668,1.0,1.0,5.0,30.0,2,,,,30.0,0.0,0.0,4,88.23529411764706,0.0,0.0,10.0,3,3,2,5,4,5,3,1,1,1,2,7,6,2,5,5,4,3,2,3,2,3,5,4,2,2.0
2,2,2.0,37.0,1.0,2.0,1.0,5.0,1.0,40,40.0,1.0,100.0,1249.791701383103,1384.769205132478,7.210336738748668,7.210336738748668,1.0,4.0,1.0,,2,,,,20.0,15.0,0.0,0,57.14285714285714,37.5,0.0,0.0,4,2,4,4,3,5,2,1,2,2,4,7,7,4,2,3,3,3,2,3,3,2,3,3,2,3.0
2,2,2.0,56.0,3.0,1.0,1.0,5.0,1.0,40,50.0,3.0,125.0,1874.687552074654,2077.153807698717,10.815505108123,8.652404086498404,2.0,4.0,1.0,,2,,,,18.0,19.0,3.0,10,36.0,38.0,6.0,20.0,1,3,4,4,3,2,3,1,1,1,3,6,6,3,3,3,3,3,3,2,4,4,4,4,3,6.0
2,2,1.0,45.0,1.0,3.0,1.0,2.0,1.0,40,70.0,3.0,175.0,3541.076487252124,3923.512747875354,20.42928742645456,11.67387852940261,3.0,4.0,1.0,,2,,,,10.0,40.0,10.0,10,14.28571428571428,57.14285714285714,14.28571428571428,14.28571428571428,1,4,5,4,3,4,4,1,5,5,4,6,5,3,2,3,4,4,3,2,4,3,4,4,4,5.0
2,2,2.0,41.0,1.0,2.0,1.0,5.0,2.0,20,25.0,3.0,125.0,833.1944675887353,923.1794700883186,9.613782318331559,7.691025854665247,1.0,2.0,5.0,20.0,2,,,,15.0,2.0,2.0,6,60.0,8.0,8.0,24.0,3,4,5,4,3,4,3,1,4,2,5,7,7,4,4,4,4,4,3,2,4,3,3,5,4,4.0
2,2,2.0,45.0,1.0,2.0,1.0,5.0,4.0,4,33.9,3.0,135.0,166.63889351774696,184.63589401766376,9.613782318331559,7.614423237152781,1.0,1.0,2.0,40.0,2,,,,6.0,0.0,0.0,0,,,,,4,2,3,3,3,2,2,2,3,3,5,6,5,4,3,2,2,2,3,3,3,2,3,3,4,8.0
2,2,1.0,66.0,1.0,1.0,1.0,3.0,1.0,50,50.0,1.0,100.0,3561.906348941843,3946.592234627561,16.43956776434696,16.43956776434696,3.0,3.0,2.0,4.0,2,,,,20.0,10.0,4.0,6,50.0,20.0,8.0,12.0,2,4,4,4,4,4,5,1,3,2,3,7,7,2,2,3,4,2,4,2,4,4,4,5,4,5.0
2,2,2.0,50.0,3.0,1.0,1.0,5.0,1.0,40,45.0,3.0,112.5,1749.708381936344,1938.676887185469,10.09447143424814,8.972863497109456,2.0,4.0,2.0,8.0,2,,,,34.0,2.0,1.0,10,,,,,4,2,3,3,4,4,2,2,4,4,5,6,3,2,3,3,3,3,2,4,1,2,4,2,4,5.0
2,2,1.0,52.0,3.0,1.0,1.0,5.0,1.0,40,40.0,1.0,100.0,2499.583402766205,2769.538410264955,14.42067347749734,14.42067347749734,1.0,2.0,1.0,,2,,,,16.0,22.0,0.0,2,40.0,55.00000000000001,0.0,5.0,3,3,3,2,1,3,3,2,6,5,6,6,7,4,3,4,4,5,2,4,3,2,3,2,5,5.0
2,2,2.0,49.0,1.0,2.0,1.0,5.0,1.0,40,40.0,1.0,100.0,1249.791701383103,1384.769205132478,7.210336738748668,7.210336738748668,2.0,2.0,5.0,20.0,2,,,,30.0,5.0,5.0,5,,,,,1,3,5,2,4,4,2,1,1,2,4,7,6,4,2,4,4,4,3,1,4,4,4,4,5,4.0
2,2,1.0,45.0,1.0,2.0,1.0,5.0,1.0,40,60.0,3.0,150.0,1249.791701383103,1384.769205132478,7.210336738748668,4.806891159165778,1.0,3.0,1.0,,2,,,,15.0,20.0,5.0,20,25.0,33.33333333333333,8.333333333333332,33.33333333333333,3,4,4,4,5,5,3,1,5,5,4,6,7,1,4,3,4,2,3,4,4,3,3,4,2,4.0
2,2,1.0,59.0,2.0,1.0,1.0,7.0,1.0,40,25.0,2.0,62.50000000000001,1583.069488418597,1754.040993167805,9.133093202414981,14.61294912386397,1.0,2.0,5.0,25.0,2,,,,25.0,2.0,0.0,1,,,,,4,3,3,3,2,3,2,3,4,3,5,5,5,4,4,3,3,3,2,4,3,4,3,2,3,4.0
2,2,1.0,49.0,1.0,2.0,1.0,5.0,2.0,40,40.0,1.0,100.0,1333.111148141976,1477.08715214131,7.691025854665247,7.691025854665247,1.0,3.0,1.0,,2,,,,18.0,18.0,3.0,1,45.0,45.0,7.5,2.5,2,2,4,4,5,5,3,1,1,2,5,7,7,2,1,2,1,2,3,2,3,4,3,4,4,4.0
2,2,1.0,44.0,2.0,1.0,1.0,5.0,2.0,40,50.0,3.0,125.0,1666.38893517747,1846.358940176637,9.613782318331559,7.691025854665247,1.0,2.0,1.0,,2,,,,20.0,20.0,5.0,5,40.0,40.0,10.0,10.0,4,2,5,3,2,4,2,1,6,6,6,7,6,4,3,4,4,4,3,3,2,3,3,3,4,4.0
2,2,2.0,60.0,1.0,1.0,1.0,5.0,1.0,60,60.0,1.0,100.0,2916.180636560573,3231.128145309115,11.21607937138682,11.21607937138682,2.0,4.0,1.0,,2,,,,20.0,20.0,10.0,10,33.33333333333333,33.33333333333333,16.66666666666666,16.66666666666666,3,4,2,5,4,4,3,1,1,2,4,7,7,3,4,2,4,3,2,3,2,3,4,4,5,6.0
2,2,1.0,37.0,1.0,1.0,1.0,5.0,4.0,2,7.9999999999999964,3.0,400.0,66.65555740709897,73.8543576070656,7.691025854665248,1.9227564636663121,1.0,1.0,6.0,72.0,2,,,,8.0,50.0,10.0,12,,,,,3,2,5,3,3,3,2,1,5,4,5,6,7,4,3,4,5,4,2,2,3,4,4,4,4,2.0
2,2,2.0,49.0,1.0,2.0,1.0,5.0,1.0,40,60.0,3.0,150.0,1874.687552074654,2077.153807698717,10.815505108123,7.210336738748669,2.0,5.0,1.0,,2,,,,15.0,20.0,10.0,15,25.0,33.33333333333333,16.66666666666666,25.0,3,2,5,2,2,4,2,2,2,1,6,7,6,4,4,4,5,5,1,3,4,2,5,3,2,4.0
2,2,2.0,31.0,2.0,2.0,1.0,5.0,2.0,40,40.0,1.0,100.0,1249.791701383103,1384.769205132478,7.210336738748668,7.210336738748668,1.0,1.0,1.0,,2,,,,30.0,3.0,1.0,4,78.94736842105263,7.5,2.5,10.0,2,3,3,5,5,5,4,1,3,1,6,7,6,3,1,3,2,2,4,2,3,3,4,5,5,3.0
2,2,1.0,52.0,1.0,1.0,1.0,5.0,1.0,48,65.0,3.0,135.4166666666667,2916.180636560573,3231.128145309115,14.02009921423352,10.35330403512629,2.0,3.0,1.0,,2,,,,15.0,30.0,5.0,20,,,,,3,5,4,4,3,5,5,1,2,1,3,6,7,4,4,2,4,3,2,3,3,3,4,4,4,6.0
2,2,2.0,46.0,1.0,4.0,1.0,5.0,1.0,40,40.0,1.0,100.0,1874.687552074654,2077.153807698717,10.815505108123,10.815505108123,2.0,3.0,1.0,,2,,,,15.0,18.0,2.0,5,37.5,45.0,5.0,12.5,4,4,5,4,2,4,3,1,5,3,5,7,7,3,2,4,4,4,3,3,2,2,4,2,5,4.0
2,2,2.0,44.0,1.0,1.0,1.0,5.0,2.0,20,30.0,3.0,150.0,654.057657057157,724.6958840193302,7.546819119890276,5.031212746593516,1.0,1.0,3.0,20.0,2,,,,27.0,0.0,1.0,2,90.0,0.0,3.333333333333333,6.666666666666667,4,2,5,2,2,3,2,1,1,3,3,6,6,4,2,3,3,4,3,3,3,3,3,3,4,4.0
2,2,1.0,38.0,3.0,1.0,1.0,5.0,2.0,20,20.0,1.0,100.0,499.9166805532411,553.907682052991,5.768269390998936,5.768269390998936,2.0,4.0,2.0,48.0,2,,,,10.0,5.0,5.0,5,,,,,3,2,2,3,4,3,1,5,2,1,5,6,4,5,2,3,5,5,2,2,4,4,2,2,4,4.0
2,2,2.0,40.0,2.0,1.0,1.0,5.0,5.0,40,84.0,3.0,210.0,1262.289618396934,1398.6168971838033,7.282440106136155,3.4678286219695984,2.0,4.0,1.0,20.0,2,,,,40.0,12.0,12.0,20,47.61904761904761,14.28571428571428,14.28571428571428,23.80952380952381,3,2,5,2,1,5,2,1,3,1,6,7,7,4,4,4,4,5,2,2,4,4,4,2,3,4.0
2,2,1.0,38.0,1.0,2.0,1.0,1.0,2.0,40,40.0,1.0,100.0,3124.479253457757,3461.923012831195,18.02584184687167,18.02584184687167,1.0,2.0,1.0,,2,,,,17.5,22.5,5.0,2,,,,,2,4,4,4,5,4,5,1,3,1,4,5,7,2,3,4,3,2,4,2,3,4,3,4,4,4.0
2,2,2.0,40.0,1.0,2.0,1.0,5.0,1.0,40,40.0,1.0,100.0,1333.111148141976,1477.08715214131,7.691025854665247,7.691025854665247,1.0,3.0,7.0,40.0,2,,,,35.0,0.0,0.0,5,87.5,0.0,0.0,12.5,4,2,4,4,5,5,3,1,6,1,6,7,6,4,1,2,4,4,3,2,2,2,4,4,4,2.0
2,2,2.0,74.0,1.0,3.0,1.0,5.0,1.0,4,4.0,1.0,100.0,124.97917013831011,138.47692051324793,7.21033673874867,7.21033673874867,1.0,1.0,1.0,,2,,,,1.0,8.0,0.0,0,,,,,4,2,3,3,4,4,1,3,2,1,6,7,7,4,5,3,3,4,2,4,3,1,2,3,3,6.0
2,2,1.0,55.0,1.0,1.0,1.0,8.0,4.0,4,4.0,1.0,100.0,166.63889351774696,184.63589401766376,9.613782318331559,9.613782318331559,1.0,1.0,6.0,50.0,2,,,,8.0,2.0,2.0,0,,,,,3,4,3,4,5,5,2,1,4,5,7,7,7,4,3,3,4,2,2,2,3,4,5,4,4,4.0
2,2,1.0,46.0,1.0,2.0,1.0,5.0,1.0,40,44.0,3.0,116.66666666666666,1458.0903182802872,1615.564072654557,8.412059528540114,10.755117736787458,1.0,3.0,1.0,,2,,,,20.0,15.0,10.0,10,,,,,2,3,5,3,5,4,3,1,1,1,2,7,6,4,3,4,3,4,2,3,4,4,4,4,4,4.0
2,2,2.0,47.0,4.0,3.0,1.0,7.0,2.0,20,20.0,1.0,100.0,624.8958506915515,692.3846025662388,7.210336738748668,7.210336738748668,1.0,1.0,5.0,,2,,,,12.0,0.0,0.0,0,60.0,0.0,0.0,0.0,4,2,4,2,2,2,2,1,6,1,5,6,5,4,3,3,4,5,2,4,1,2,4,4,5,3.0
2,2,1.0,42.0,1.0,2.0,1.0,5.0,1.0,40,40.0,1.0,100.0,1333.111148141976,1477.08715214131,7.691025854665247,7.691025854665247,1.0,3.0,1.0,,2,,,,20.0,10.0,0.0,10,50.0,25.0,0.0,25.0,3,3,4,4,4,4,3,1,1,2,2,7,7,5,4,4,4,5,2,4,2,4,2,3,4,4.0
2,2,2.0,40.0,2.0,2.0,1.0,5.0,2.0,40,50.0,3.0,125.0,1708.048658556907,1892.517913681053,9.85412687628985,7.883301501031879,1.0,3.0,2.0,5.0,2,,,,20.0,18.0,5.0,5,40.0,36.0,10.0,10.0,4,3,5,2,2,3,2,2,4,4,5,6,5,4,3,4,3,2,2,3,3,3,4,3,2,5.0
2,2,2.0,40.0,1.0,2.0,1.0,5.0,1.0,16,45.0,3.0,112.5,1041.493084485919,1153.974337610398,15.02153487239306,9.017727814595005,1.0,1.0,1.0,,2,,,,25.0,25.0,1.0,1,,,,,3,2,3,4,4,3,3,1,1,2,3,7,7,4,4,2,5,5,2,3,4,4,4,4,5,4.0
2,2,2.0,43.0,1.0,2.0,1.0,5.0,1.0,40,40.0,1.0,100.0,2291.284785869022,2538.743542742876,13.21895068770589,13.21895068770589,4.0,4.0,1.0,,2,,,,13.0,10.0,5.0,12,32.5,25.0,12.5,30.0,3,2,3,3,3,4,2,2,3,2,4,6,5,4,3,3,4,4,1,3,3,4,4,3,4,4.0
2,2,2.0,60.0,1.0,1.0,1.0,4.0,1.0,40,50.0,3.0,125.0,1916.347275454091,2123.312781203133,11.05584966608129,8.844679732865036,1.0,1.0,5.0,4.0,2,,,,30.0,10.0,10.0,5,,,,,1,3,1,3,1,4,2,1,2,1,6,7,7,3,5,5,5,4,2,2,4,4,4,5,5,5.0
2,2,2.0,46.0,1.0,2.0,1.0,5.0,1.0,60,60.0,1.0,100.0,2582.902849525079,2861.856357273788,9.934241728942613,9.934241728942613,1.0,5.0,5.0,,2,,,,30.0,8.0,12.0,10,50.0,13.33333333333333,20.0,16.66666666666666,3,2,5,2,3,3,2,1,3,1,4,7,7,4,3,4,4,4,2,2,3,3,4,4,5,5.0
2,2,2.0,43.0,1.0,2.0,1.0,5.0,2.0,40,60.0,3.0,150.0,2082.986168971838,2307.948675220796,12.01722789791445,8.0114852652763,3.0,3.0,1.0,,2,,,,26.0,10.0,20.0,4,43.33333333333334,16.66666666666666,33.33333333333333,6.666666666666667,1,4,4,4,4,4,4,1,2,3,4,7,7,4,4,4,4,3,2,2,4,4,4,4,4,5.0
2,2,1.0,51.0,2.0,1.0,1.0,5.0,1.0,40,80.0,3.0,200.0,2499.583402766205,2769.538410264955,14.42067347749734,7.210336738748668,2.0,5.0,1.0,,2,,,,20.0,10.0,10.0,30,25.0,12.5,12.5,37.5,3,4,3,5,4,4,5,3,4,5,4,5,5,3,5,3,3,3,2,2,2,4,5,5,5,5.0
2,2,2.0,26.0,1.0,1.0,1.0,5.0,4.0,3,3.0,1.0,100.0,199.96667222129645,221.56307282119633,15.3820517093305,15.3820517093305,1.0,1.0,6.0,42.0,2,,,,5.0,0.5,0.0,0,,,,,1,4,4,4,5,5,4,1,3,4,3,7,7,3,4,4,4,3,2,2,4,4,5,5,4,8.0
2,2,1.0,61.0,1.0,1.0,1.0,5.0,1.0,40,10.000000000000004,2.0,25.0,1666.38893517747,1846.358940176637,9.613782318331559,38.45512927332624,2.0,5.0,1.0,,2,,,,15.0,10.0,0.0,25,,,,,4,4,5,2,5,5,3,1,2,2,3,5,4,3,2,2,4,3,2,3,4,3,4,4,4,4.0
2,2,1.0,38.0,1.0,2.0,1.0,5.0,2.0,28,28.0,1.0,100.0,874.8541909681719,969.3384435927344,7.21033673874867,7.21033673874867,1.0,2.0,6.0,60.0,2,,,,8.0,4.0,4.0,2,28.57142857142857,14.28571428571428,14.28571428571428,7.142857142857142,1,3,2,4,4,5,3,1,2,3,2,7,6,1,3,4,4,3,2,2,3,4,5,4,3,4.0
2,2,1.0,59.0,1.0,1.0,1.0,5.0,1.0,40,40.0,1.0,100.0,1249.791701383103,1384.769205132478,7.210336738748668,7.210336738748668,1.0,2.0,2.0,10.0,2,,,,30.0,10.0,5.0,2,,,,,4,2,5,1,3,3,2,2,2,1,2,6,7,5,3,2,5,4,2,3,3,2,3,2,3,5.0
2,2,1.0,35.0,2.0,1.0,1.0,1.0,2.0,40,60.0,3.0,150.0,1458.0903182802872,1615.564072654557,8.412059528540114,5.608039685693409,3.0,3.0,3.0,40.0,2,,,,10.0,10.0,10.0,30,16.66666666666666,16.66666666666666,16.66666666666666,50.0,3,3,5,2,2,4,3,3,3,3,3,5,6,4,3,4,4,4,2,2,3,4,3,3,3,5.0
2,2,2.0,47.0,3.0,1.0,1.0,8.0,1.0,40,40.0,1.0,100.0,1166.472254624229,1292.451258123646,6.729647622832092,6.7296476228320925,1.0,2.0,5.0,3.0,2,,,,25.0,14.0,1.0,0,62.5,35.0,2.5,0.0,2,3,2,3,4,4,3,1,1,1,2,6,5,2,2,2,1,2,4,2,3,4,4,4,4,4.0
2,2,2.0,26.0,2.0,1.0,1.0,5.0,3.0,30,45.0,3.0,150.0,708.2152974504247,784.7025495750709,5.447809980387884,3.63187332025859,1.0,2.0,1.0,,2,,,,0.0,45.0,6.0,5,,,,,3,2,2,4,4,4,2,2,1,3,7,7,7,4,2,4,4,4,2,2,4,3,4,2,3,7.0
2,2,3.0,35.0,2.0,3.0,1.0,1.0,3.0,40,55.0,3.0,137.5,2707.882019663389,3000.333277787036,15.62239626728878,11.36174273984639,3.0,1.0,1.0,,2,,,,10.0,20.0,20.0,5,18.18181818181818,36.36363636363637,36.36363636363637,9.090909090909092,3,3,5,3,1,4,2,1,3,3,6,7,7,4,4,5,5,4,2,2,4,4,4,3,4,7.0
2,2,2.0,37.0,2.0,1.0,1.0,4.0,2.0,40,48.0,3.0,120.0,2499.583402766205,2769.538410264955,14.42067347749734,12.01722789791445,1.0,4.0,2.0,5.0,2,,,,10.0,30.0,5.0,0,20.83333333333334,62.5,10.41666666666667,0.0,3,4,5,4,4,5,4,1,3,4,6,7,6,4,3,3,5,5,2,3,4,3,4,4,3,3.0
2,2,1.0,42.0,2.0,1.0,1.0,4.0,1.0,40,40.0,1.0,100.0,2124.645892351275,2354.107648725212,12.25757245587274,12.25757245587274,1.0,1.0,3.0,4.0,2,,,,20.0,20.0,1.0,0,,,,,3,2,1,2,1,3,2,4,1,1,6,6,4,4,4,4,4,4,2,2,4,3,2,2,4,4.0
2,2,2.0,61.0,2.0,3.0,1.0,4.0,2.0,40,40.0,1.0,100.0,2291.284785869022,2538.743542742876,13.21895068770589,13.21895068770589,1.0,3.0,1.0,,2,,,,20.0,5.0,5.0,10,50.0,12.5,12.5,25.0,1,4,4,5,5,5,5,1,1,1,5,7,7,4,2,4,3,4,4,1,5,5,5,5,4,4.0
2,2,1.0,47.0,3.0,1.0,1.0,5.0,1.0,40,46.0,3.0,115.0,2499.583402766205,2769.538410264955,14.42067347749734,14.318827631292221,2.0,5.0,1.0,,2,,,,20.0,20.0,3.0,10,,,,,1,3,5,5,4,4,3,1,4,5,4,6,7,3,4,4,5,2,2,2,4,3,5,5,4,5.0
2,2,1.0,60.0,1.0,3.0,1.0,4.0,2.0,20,40.0,3.0,200.0,1041.493084485919,1153.974337610398,12.01722789791445,6.008613948957224,2.0,4.0,1.0,,2,,,,5.0,10.0,10.0,10,12.5,25.0,25.0,25.0,4,2,5,2,3,4,3,1,3,4,4,6,6,4,2,4,4,2,2,3,3,3,3,4,4,5.0
2,2,2.0,65.0,3.0,1.0,1.0,5.0,1.0,40,50.0,3.0,125.0,1458.0903182802872,1615.564072654557,8.412059528540114,6.729647622832091,1.0,4.0,4.0,5.0,2,,,,25.0,15.0,5.0,5,50.0,30.0,10.0,10.0,2,2,4,3,3,4,3,1,2,3,5,7,6,3,3,3,4,2,3,2,3,4,4,4,3,4.0
2,2,1.0,46.0,1.0,2.0,1.0,8.0,1.0,40,40.0,1.0,100.0,1499.750041659723,1661.723046158973,8.652404086498404,8.652404086498404,1.0,4.0,5.0,12.0,2,,,,26.0,4.0,5.0,5,65.0,10.0,12.5,12.5,2,3,4,3,3,5,4,1,4,4,4,6,6,4,2,3,3,3,2,2,4,3,4,4,4,4.0
2,2,1.0,46.0,1.0,1.0,1.0,5.0,1.0,40,40.0,1.0,100.0,1874.687552074654,2077.153807698717,10.815505108123,10.815505108123,1.0,3.0,1.0,,2,,,,20.0,10.0,5.0,5,50.0,25.0,12.5,12.5,3,3,5,2,2,4,3,1,4,3,6,7,7,4,4,4,4,4,2,2,3,3,4,4,4,5.0
2,2,2.0,45.0,1.0,4.0,1.0,5.0,1.0,40,40.0,1.0,100.0,1874.687552074654,2077.153807698717,10.815505108123,10.815505108123,1.0,3.0,1.0,,2,,,,18.0,17.0,1.0,4,45.0,42.5,2.5,10.0,3,3,2,3,2,4,3,1,5,5,7,7,6,5,4,4,5,4,2,4,3,3,4,4,2,4.0
2,2,1.0,62.0,1.0,1.0,1.0,8.0,1.0,40,42.0,3.0,105.0,1499.750041659723,1661.723046158973,8.652404086498404,9.620148121269729,1.0,4.0,2.0,50.0,2,,,,30.0,5.0,10.0,5,,,,,3,3,3,4,4,5,3,1,2,3,5,7,6,3,4,2,5,4,2,3,4,4,4,4,4,4.0
2,2,2.0,46.0,3.0,1.0,1.0,5.0,2.0,40,80.0,3.0,200.0,1249.791701383103,1384.769205132478,7.210336738748668,3.6051683693743346,1.0,4.0,1.0,,2,,,,30.0,30.0,5.0,20,,,,,1,2,5,2,4,5,2,3,4,4,4,6,6,4,3,3,4,2,2,3,3,5,4,4,5,4.0
2,2,2.0,62.0,5.0,1.0,1.0,5.0,1.0,40,40.0,1.0,100.0,1249.791701383103,1384.769205132478,7.210336738748668,7.210336738748668,1.0,3.0,5.0,42.0,2,,,,20.0,10.0,0.0,10,50.0,25.0,0.0,25.0,4,2,3,4,3,4,3,1,4,3,6,7,6,3,4,3,4,3,3,4,3,3,3,4,4,4.0
2,2,2.0,44.0,1.0,2.0,1.0,5.0,1.0,40,40.0,1.0,100.0,1437.260456590568,1592.484585902349,8.29188724956097,8.29188724956097,2.0,4.0,5.0,12.0,2,,,,30.0,4.0,3.0,3,75.0,10.0,7.5,7.5,4,3,5,3,4,3,3,3,5,3,6,6,5,4,2,3,4,2,2,2,4,3,2,4,4,4.0
2,2,1.0,42.0,1.0,1.0,1.0,5.0,2.0,40,60.0,3.0,150.0,1666.38893517747,1846.358940176637,9.613782318331559,6.409188212221039,1.0,1.0,1.0,,2,,,,30.0,20.0,10.0,0,50.0,33.33333333333333,16.66666666666666,0.0,3,5,4,4,3,4,4,1,1,3,6,7,7,4,4,4,4,5,2,4,4,2,4,4,4,4.0
2,2,2.0,41.0,1.0,2.0,1.0,1.0,1.0,40,40.0,1.0,100.0,1249.791701383103,1384.769205132478,7.210336738748668,7.210336738748668,3.0,3.0,1.0,,2,,,,5.0,25.0,5.0,5,12.5,62.5,12.5,12.5,4,3,3,3,3,4,3,2,3,3,4,5,5,2,3,4,4,4,3,4,2,2,3,3,2,4.0
2,2,1.0,36.0,3.0,1.0,1.0,4.0,2.0,40,40.0,1.0,100.0,1666.38893517747,1846.358940176637,9.613782318331559,9.613782318331559,1.0,4.0,1.0,,2,,,,0.0,20.0,5.0,15,0.0,50.0,12.5,37.5,4,3,2,4,3,5,3,2,2,4,2,4,7,3,2,2,2,2,2,4,2,4,2,2,4,7.0
2,2,2.0,36.0,2.0,1.0,1.0,5.0,2.0,40,70.0,3.0,175.0,1041.493084485919,1153.974337610398,6.008613948957224,3.433493685118414,1.0,4.0,1.0,,2,,,,20.0,20.0,20.0,10,28.57142857142857,28.57142857142857,28.57142857142857,14.28571428571428,3,4,4,4,5,4,3,1,2,3,2,7,7,5,3,5,5,4,2,3,2,4,4,3,4,4.0
2,2,1.0,57.0,1.0,2.0,1.0,7.0,1.0,60,60.0,1.0,100.0,2082.986168971838,2307.948675220796,8.0114852652763,8.0114852652763,1.0,4.0,1.0,,2,,,,20.0,37.0,1.0,2,33.33333333333333,61.66666666666667,1.666666666666667,3.333333333333333,2,4,4,4,4,4,3,1,3,3,4,6,6,3,2,3,3,4,4,2,4,3,3,4,3,5.0
2,2,2.0,35.0,2.0,2.0,1.0,5.0,2.0,20,30.0,3.0,150.0,666.5555740709881,738.5435760706548,7.691025854665247,5.127350569776832,1.0,4.0,2.0,35.0,2,,,,19.0,9.0,1.0,1,63.33333333333333,30.0,3.333333333333333,3.333333333333333,3,2,4,4,5,5,3,2,4,2,6,7,7,5,4,5,4,4,2,4,3,2,3,4,3,3.0
2,2,1.0,35.0,1.0,1.0,1.0,5.0,2.0,20,39.0,3.0,127.5,749.8750208298616,830.8615230794869,8.652404086498404,7.132843826728179,1.0,1.0,6.0,60.0,2,,,,20.0,20.0,10.0,10,,,,,3,1,5,1,1,1,2,3,1,3,3,7,7,5,2,4,4,3,3,2,5,4,3,2,2,4.0
2,2,2.0,52.0,1.0,2.0,1.0,8.0,2.0,20,26.0,3.0,130.0,749.8750208298616,830.8615230794869,8.652404086498404,6.655695451152618,1.0,2.0,1.0,,2,,,,20.0,2.0,0.0,1,76.92307692307693,7.692307692307693,0.0,3.846153846153846,4,4,4,3,5,5,4,2,5,6,4,6,5,2,2,3,4,3,2,4,3,4,3,4,3,4.0
2,2,2.0,63.0,1.0,3.0,3.0,7.0,1.0,40,40.0,1.0,100.0,2916.180636560573,3231.128145309115,16.82411905708023,16.82411905708023,2.0,5.0,6.0,20.0,2,,,,20.0,20.0,0.0,10,,,,,1,4,4,4,5,5,3,1,1,1,6,7,7,2,3,4,4,4,3,2,5,5,5,5,5,5.0
2,2,2.0,43.0,1.0,2.0,1.0,5.0,1.0,40,50.0,3.0,125.0,1308.115314114314,1449.39176803866,7.546819119890276,6.037455295912222,1.0,4.0,3.0,6.0,2,,,,16.0,6.0,10.0,18,32.0,12.0,20.0,36.0,4,2,5,2,2,3,2,1,2,2,5,7,7,5,3,3,5,4,2,3,2,2,3,2,2,4.0
2,2,2.0,38.0,3.0,1.0,1.0,8.0,1.0,40,43.0,3.0,107.5,1333.111148141976,1477.08715214131,7.691025854665247,10.465542067775026,1.0,3.0,7.0,50.0,2,,,,40.0,5.0,0.0,5,,,,,3,3,4,4,4,4,3,1,5,4,6,7,7,2,4,3,5,4,2,2,3,2,4,4,5,4.0
2,2,2.0,37.0,1.0,1.0,1.0,5.0,2.0,40,50.0,3.0,125.0,1208.131978003666,1338.610231628062,6.96999218079038,5.575993744632305,1.0,2.0,5.0,6.0,2,,,,40.0,4.0,4.0,2,80.0,8.0,8.0,4.0,3,3,4,3,2,4,3,1,2,2,6,7,7,3,3,4,4,4,2,2,4,4,4,4,3,2.0
2,2,2.0,38.0,1.0,2.0,1.0,5.0,2.0,40,52.0,3.0,130.0,1541.40976503916,1707.882019663389,8.892748644456693,6.840575880351303,1.0,3.0,6.0,12.0,2,,,,15.0,20.0,4.5,10,28.84615384615384,38.46153846153847,8.653846153846153,19.23076923076923,1,2,5,3,3,3,2,1,2,4,5,6,6,4,3,4,4,4,2,2,4,3,4,4,5,4.0
2,2,1.0,39.0,1.0,2.0,1.0,5.0,1.0,20,30.0,3.0,150.0,666.5555740709881,738.5435760706548,7.691025854665247,5.127350569776832,1.0,2.0,5.0,30.0,2,,,,15.0,13.0,1.0,1,50.0,43.33333333333334,3.333333333333333,3.333333333333333,4,3,3,4,1,4,3,2,2,2,4,6,6,3,2,3,4,3,3,2,4,3,3,4,4,4.0
2,2,2.0,29.0,3.0,1.0,1.0,4.0,2.0,8,12.0,3.0,150.0,229.12847858690202,253.87435427428773,6.609475343852948,4.4063168959019645,1.0,2.0,2.0,45.0,2,,,,5.0,1.0,1.0,2,41.66666666666667,8.333333333333332,8.333333333333332,16.66666666666666,3,2,3,3,5,3,3,2,5,5,6,6,5,4,4,4,4,4,2,4,3,2,3,4,3,2.0
2,2,2.0,43.0,3.0,1.0,1.0,5.0,1.0,40,60.0,3.0,150.0,1249.791701383103,1384.769205132478,7.210336738748668,4.806891159165778,2.0,4.0,1.0,,2,,,,40.0,10.0,0.0,10,66.66666666666666,16.66666666666666,0.0,16.66666666666666,3,3,3,3,2,1,3,3,3,2,4,6,6,5,4,3,4,4,1,4,2,4,3,5,4,4.0
2,2,1.0,45.0,1.0,2.0,1.0,5.0,1.0,40,60.0,3.0,150.0,1874.687552074654,2077.153807698717,10.815505108123,7.210336738748669,2.0,4.0,3.0,10.0,2,,,,10.0,10.0,2.0,28,16.66666666666666,16.66666666666666,3.333333333333333,46.66666666666666,3,3,5,3,2,4,3,1,2,3,4,6,6,4,4,4,4,4,2,4,3,3,4,4,4,5.0
2,2,2.0,37.0,2.0,2.0,1.0,1.0,2.0,40,40.0,1.0,100.0,1458.0903182802872,1615.564072654557,8.412059528540114,8.412059528540114,1.0,1.0,1.0,,2,,,,8.0,35.0,2.0,2,,,,,4,3,4,3,2,5,3,2,6,5,6,6,5,4,4,2,4,4,2,5,2,2,2,4,4,7.0
2,2,2.0,45.0,2.0,3.0,1.0,5.0,1.0,40,54.0,3.0,135.0,1458.0903182802872,1615.564072654557,8.412059528540114,6.23115520632601,2.0,4.0,7.0,,2,,,,20.0,15.0,4.0,15,37.03703703703704,27.77777777777778,7.407407407407407,27.77777777777778,3,2,4,2,2,4,2,1,3,4,4,6,6,4,2,2,4,4,2,2,2,4,4,3,4,5.0
2,2,2.0,44.0,1.0,2.0,1.0,4.0,1.0,40,40.0,1.0,100.0,1666.38893517747,1846.358940176637,9.613782318331559,9.613782318331559,1.0,2.0,1.0,,2,,,,24.0,14.0,1.0,1,60.0,35.0,2.5,2.5,1,3,4,4,4,5,3,1,3,4,5,7,7,4,3,4,4,4,3,2,3,4,4,4,4,4.0
2,2,1.0,40.0,2.0,1.0,3.0,4.0,1.0,40,50.0,3.0,125.0,1666.38893517747,1846.358940176637,9.613782318331559,7.691025854665247,1.0,2.0,1.0,,2,,,,16.0,28.0,2.0,4,32.0,56.00000000000001,4.0,8.0,3,4,4,4,4,5,4,1,4,6,4,6,6,3,3,3,4,4,3,3,3,3,3,3,3,4.0
2,2,1.0,47.0,1.0,2.0,1.0,2.0,2.0,12,12.0,1.0,100.0,833.1944675887353,923.1794700883186,16.0229705305526,16.0229705305526,1.0,1.0,2.0,8.0,2,,,,0.0,10.0,1.0,1,32.0,83.33333333333334,8.333333333333332,8.333333333333332,4,4,4,3,4,4,3,4,2,2,2,3,2,4,3,2,2,4,3,3,2,3,4,3,4,7.0
2,2,2.0,59.0,1.0,3.0,1.0,1.0,1.0,40,37.6,3.0,110.0,1874.687552074654,2077.153807698717,10.815505108123,12.883477753707716,3.0,2.0,7.0,15.0,2,,,,15.0,15.0,15.0,15,,,,,3,3,3,4,2,5,3,2,3,3,3,5,6,4,2,4,4,4,2,3,3,3,3,4,5,7.0
2,2,1.0,46.0,1.0,2.0,1.0,4.0,1.0,20,20.0,1.0,100.0,999.8333611064825,1107.815364105982,11.53653878199787,11.53653878199787,1.0,2.0,2.0,50.0,2,,,,14.0,2.0,2.0,2,32.0,10.0,10.0,10.0,4,3,4,2,3,4,3,1,5,3,4,6,4,4,1,3,3,2,2,3,3,2,4,3,4,5.0
2,2,1.0,51.0,1.0,1.0,1.0,5.0,1.0,40,65.0,3.0,162.5,1458.0903182802872,1615.564072654557,8.412059528540114,5.176652017563148,4.0,5.0,1.0,,2,,,,20.0,20.0,6.5,12.5,30.76923076923077,30.76923076923077,10.0,19.23076923076923,3,2,5,2,3,5,2,1,1,1,4,7,7,4,4,4,4,3,2,2,4,4,4,4,5,4.0
2,2,2.0,43.0,1.0,2.0,1.0,5.0,2.0,24,24.0,1.0,100.0,666.5555740709881,738.5435760706548,6.409188212221039,6.409188212221039,1.0,2.0,2.0,24.0,2,,,,16.0,2.0,4.0,2,66.66666666666666,8.333333333333332,16.66666666666666,8.333333333333332,2,3,3,4,2,4,3,3,1,1,2,7,6,3,4,3,2,2,3,2,3,3,3,5,4,4.0
2,2,2.0,55.0,1.0,1.0,1.0,5.0,1.0,40,40.0,1.0,100.0,1666.38893517747,1846.358940176637,9.613782318331559,9.613782318331559,1.0,4.0,1.0,,2,,,,20.0,15.0,1.0,1,50.0,37.5,2.5,2.5,1,4,2,3,4,5,3,1,4,1,6,7,7,2,4,4,2,4,3,2,4,3,4,4,5,5.0
2,2,2.0,53.0,1.0,1.0,1.0,4.0,2.0,16,16.0,1.0,100.0,541.5764039326775,600.0666555574071,7.811198133644393,7.811198133644393,1.0,2.0,6.0,32.0,2,,,,16.0,0.0,0.0,0,100.0,0.0,0.0,0.0,3,2,2,3,2,4,2,2,4,2,6,7,5,2,2,3,4,4,2,3,3,3,4,4,3,4.0
2,2,2.0,28.0,2.0,1.0,1.0,1.0,2.0,10,40.0,3.0,400.0,374.9375104149308,415.43076153974334,8.652404086498404,2.1631010216246,1.0,1.0,1.0,,2,,,,0.0,40.0,0.0,0,0.0,100.0,0.0,0.0,3,5,3,2,2,5,3,1,2,1,2,4,4,4,4,4,4,4,2,3,3,2,4,4,5,7.0
2,2,1.0,50.0,3.0,1.0,1.0,5.0,1.0,40,46.0,3.0,115.0,1374.770871521413,1523.246125645726,7.931370412623536,7.3353159088869795,2.0,4.0,5.0,45.0,2,,,,15.0,15.0,5.0,10,,,,,3,2,4,3,3,4,2,2,3,1,3,6,6,2,4,3,3,4,2,3,2,2,3,4,4,4.0
2,2,2.0,31.0,1.0,2.0,1.0,1.0,2.0,40,40.0,1.0,100.0,1458.0903182802872,1615.564072654557,8.412059528540114,8.412059528540114,1.0,2.0,3.0,6.0,2,,,,18.0,16.0,4.0,2,45.0,40.0,10.0,5.0,2,3,3,4,4,4,4,1,1,1,3,6,6,2,3,2,3,3,4,2,3,4,5,5,4,3.0
2,2,1.0,36.0,1.0,2.0,1.0,1.0,1.0,40,40.0,1.0,100.0,2916.180636560573,3231.128145309115,16.82411905708023,16.82411905708023,3.0,2.0,1.0,,2,,,,8.0,8.0,16.0,8,20.0,20.0,40.0,20.0,4,4,2,3,4,3,3,2,3,5,3,5,5,4,2,4,4,2,3,2,3,3,3,3,4,4.0
2,2,2.0,46.0,2.0,2.0,1.0,8.0,2.0,40,70.0,3.0,175.0,1333.111148141976,1477.08715214131,7.691025854665247,4.394871916951571,1.0,3.0,5.0,80.0,2,,,,40.0,0.0,1.0,10,57.14285714285714,0.0,1.428571428571429,14.28571428571428,3,2,3,3,3,3,3,1,2,2,4,7,6,5,4,3,4,4,2,3,3,3,2,4,5,4.0
2,2,1.0,29.0,1.0,1.0,1.0,6.0,2.0,20,20.0,1.0,100.0,624.8958506915515,692.3846025662388,7.210336738748668,7.210336738748668,1.0,1.0,4.0,10.0,2,,,,13.0,3.0,3.0,1,65.0,15.0,15.0,5.0,1,4,3,4,5,5,4,1,3,2,6,7,7,3,4,5,4,4,3,2,4,4,5,5,4,3.0
2,2,2.0,30.0,2.0,1.0,1.0,8.0,1.0,40,45.0,3.0,112.5,1374.770871521413,1523.246125645726,7.931370412623536,7.050107033443144,1.0,1.0,3.0,45.0,2,,,,28.0,5.0,1.0,13,,,,,4,3,3,3,3,2,3,3,3,4,5,4,4,4,2,3,3,3,3,3,3,2,4,4,5,3.0
2,2,1.0,31.0,1.0,2.0,1.0,3.0,2.0,40,50.0,3.0,125.0,1416.43059490085,1569.405099150141,8.171714970581826,6.53737197646546,1.0,3.0,3.0,15.0,2,,,,5.0,20.0,15.0,10,10.0,40.0,30.0,20.0,3,3,4,4,2,2,3,2,2,2,4,7,6,4,3,5,4,4,2,3,4,4,4,3,4,4.0
2,2,1.0,23.0,2.0,1.0,1.0,1.0,2.0,12,12.0,1.0,100.0,287.4520913181136,318.4969171804696,5.527924833040647,5.527924833040647,1.0,2.0,1.0,,2,,,,0.0,12.0,1.0,0,,,,,4,4,3,3,4,4,3,1,3,2,4,5,7,4,2,3,2,3,3,4,3,2,3,4,3,7.0
2,2,1.0,56.0,1.0,1.0,1.0,1.0,1.0,40,40.0,1.0,100.0,2332.944509248458,2584.902516247292,13.45929524566418,13.45929524566418,3.0,2.0,5.0,2.0,2,,,,20.0,15.0,5.0,0,50.0,37.5,12.5,0.0,3,4,5,5,3,4,5,1,4,4,4,7,7,3,4,2,4,4,4,4,2,2,4,5,5,5.0
2,2,1.0,44.0,1.0,2.0,1.0,1.0,2.0,40,45.0,3.0,112.5,1791.368105315781,1984.835860689885,10.33481599220643,9.18650310418349,1.0,1.0,2.0,5.0,2,,,,20.0,17.0,2.0,6,44.44444444444444,37.77777777777778,4.444444444444445,13.33333333333333,4,4,5,3,3,4,3,1,4,6,2,5,5,4,1,1,2,4,2,4,2,2,2,2,4,4.0
2,2,1.0,33.0,1.0,2.0,1.0,3.0,1.0,40,40.0,1.0,100.0,1708.048658556907,1892.517913681053,9.85412687628985,9.85412687628985,1.0,3.0,1.0,,2,,,,1.0,30.0,7.0,2,2.5,75.0,17.5,5.0,3,4,5,4,2,4,3,1,6,6,5,6,7,5,3,5,5,5,2,4,4,2,5,4,3,7.0
2,2,1.0,39.0,1.0,2.0,1.0,1.0,1.0,40,60.0,3.0,150.0,1958.006998833528,2169.471754707549,11.29619422403958,7.530796149359722,3.0,1.0,2.0,12.0,2,,,,6.0,40.0,10.0,4,10.0,66.66666666666666,16.66666666666666,6.666666666666667,3,3,4,2,2,3,3,3,3,4,5,6,6,4,3,4,5,4,3,2,4,4,3,4,2,4.0
2,2,2.0,59.0,3.0,4.0,1.0,6.0,1.0,40,40.0,1.0,100.0,1666.38893517747,1846.358940176637,9.613782318331559,9.613782318331559,1.0,1.0,1.0,,2,,,,30.0,5.0,10.0,3,,,,,4,2,5,2,1,2,2,2,4,6,7,7,4,5,3,2,5,5,1,5,2,2,3,2,2,5.0
2,2,1.0,46.0,1.0,2.0,1.0,6.0,1.0,40,40.0,1.0,100.0,1874.687552074654,2077.153807698717,10.815505108123,10.815505108123,2.0,5.0,5.0,8.0,2,,,,18.0,4.0,4.0,12,45.0,10.0,10.0,30.0,4,3,3,3,3,5,3,3,3,3,3,5,5,2,2,3,2,4,3,4,4,3,4,4,4,5.0
2,2,2.0,38.0,1.0,2.0,1.0,3.0,2.0,40,40.0,1.0,100.0,1374.770871521413,1523.246125645726,7.931370412623536,7.931370412623536,1.0,1.0,2.0,15.0,2,,,,38.0,2.0,0.0,0,95.0,5.0,0.0,0.0,3,2,5,4,2,4,2,2,5,4,6,7,6,4,4,4,4,4,2,3,4,4,3,4,2,4.0
2,2,1.0,34.0,2.0,1.0,1.0,5.0,2.0,40,48.0,3.0,120.0,1374.770871521413,1523.246125645726,7.931370412623536,6.609475343852946,1.0,1.0,7.0,48.0,2,,,,26.0,12.0,4.0,6,54.16666666666666,25.0,8.333333333333332,12.5,3,4,5,4,2,5,4,1,6,6,6,7,7,4,4,4,4,5,2,2,4,4,4,4,3,4.0
2,2,2.0,25.0,2.0,1.0,1.0,5.0,1.0,8,7.9999999999999964,1.0,100.0,249.95834027662067,276.9538410264954,7.21033673874867,7.21033673874867,1.0,1.0,4.0,30.0,2,,,,4.0,2.0,1.0,3,,,,,3,2,1,3,2,3,3,1,1,1,2,7,5,4,4,4,4,4,2,4,3,3,4,4,2,3.0
2,2,1.0,56.0,1.0,2.0,1.0,1.0,1.0,40,40.0,1.0,100.0,2499.583402766205,2769.538410264955,14.42067347749734,14.42067347749734,2.0,5.0,1.0,,2,,,,15.0,9.0,1.0,15,37.5,22.5,2.5,37.5,2,4,5,4,4,4,4,1,1,2,4,7,6,4,2,2,4,4,2,3,3,4,5,5,4,6.0
2,2,1.0,45.0,1.0,2.0,1.0,5.0,1.0,40,50.0,3.0,125.0,3957.6737210464917,4385.102482919514,22.83273300603745,18.26618640482996,2.0,5.0,1.0,,2,,,,10.0,20.0,10.0,10,20.0,40.0,20.0,20.0,1,4,3,5,5,4,5,1,5,5,6,7,7,3,4,4,3,4,3,2,4,3,5,5,5,5.0
2,2,2.0,48.0,3.0,1.0,1.0,4.0,1.0,40,60.0,3.0,150.0,2082.986168971838,2307.948675220796,12.01722789791445,8.0114852652763,1.0,2.0,2.0,12.0,2,,,,40.0,10.0,10.0,10,,,,,4,3,5,2,1,5,3,2,5,5,6,2,4,5,2,3,5,5,1,5,2,2,4,3,2,4.0
2,2,1.0,53.0,1.0,2.0,1.0,3.0,1.0,40,45.0,3.0,112.5,2916.180636560573,3231.128145309115,16.82411905708023,14.95477249518243,3.0,4.0,1.0,,2,,,,5.0,25.0,15.0,0,11.11111111111111,55.55555555555556,33.33333333333333,0.0,2,4,4,4,5,5,4,1,1,1,2,6,7,3,1,1,2,2,4,1,4,4,4,5,5,5.0
2,2,2.0,31.0,1.0,2.0,1.0,6.0,2.0,20,20.0,1.0,100.0,583.2361273121146,646.2256290618232,6.729647622832092,6.7296476228320925,1.0,2.0,1.0,,2,,,,10.0,8.0,1.0,1,50.0,40.0,5.0,5.0,4,3,5,2,3,4,3,1,5,6,5,4,5,4,2,4,4,4,3,4,2,3,4,4,3,4.0
2,2,2.0,32.0,1.0,2.0,1.0,5.0,2.0,40,60.0,3.0,150.0,1583.069488418597,1754.040993167805,9.133093202414981,6.088728801609987,1.0,1.0,6.0,30.0,2,,,,15.0,30.0,10.0,10,,,,,3,2,4,2,2,2,2,2,4,6,6,6,5,4,4,5,5,4,1,2,4,3,4,3,3,9.0
2,2,2.0,40.0,1.0,2.0,1.0,5.0,2.0,8,12.0,3.0,150.0,249.95834027662067,276.9538410264954,7.21033673874867,4.806891159165781,1.0,1.0,2.0,16.0,2,,,,8.0,5.0,1.0,2.5,,,,,3,3,3,3,5,3,3,3,3,2,3,4,3,5,4,4,4,4,1,4,2,2,3,3,3,4.0
2,2,1.0,41.0,1.0,2.0,1.0,8.0,1.0,40,50.0,3.0,125.0,2416.263956007332,2677.220463256124,13.93998436158076,11.15198748926461,1.0,5.0,1.0,,2,,,,25.0,10.0,7.0,8,50.0,20.0,14.0,16.0,3,4,3,4,4,4,4,1,2,2,6,6,5,4,3,3,4,4,2,3,3,4,4,3,3,5.0
2,2,2.0,55.0,1.0,2.0,1.0,3.0,1.0,40,40.0,1.0,100.0,1874.687552074654,2077.153807698717,10.815505108123,10.815505108123,1.0,1.0,2.0,2.0,2,,,,8.0,16.0,8.0,8,20.0,40.0,20.0,20.0,4,4,5,4,1,5,3,2,5,5,4,2,3,3,2,2,3,4,3,4,2,3,2,3,4,4.0
2,2,1.0,67.0,3.0,1.0,1.0,5.0,4.0,20,20.0,1.0,100.0,1041.493084485919,1153.974337610398,12.01722789791445,12.01722789791445,1.0,2.0,4.0,30.0,2,,,,10.0,0.0,0.0,10,50.0,0.0,0.0,50.0,4,3,5,2,2,2,2,3,5,5,5,6,5,3,2,2,3,3,2,4,2,2,3,3,4,4.0
2,2,2.0,43.0,1.0,2.0,1.0,3.0,1.0,40,45.0,3.0,112.5,2124.645892351275,2354.107648725212,12.25757245587274,10.89561996077577,3.0,1.0,1.0,,2,,,,12.0,13.0,12.0,8,26.66666666666667,28.88888888888889,26.66666666666667,17.77777777777778,3,4,5,3,1,5,4,1,3,2,6,7,6,3,3,4,4,5,2,2,2,3,4,4,3,5.0
2,2,2.0,46.0,1.0,2.0,1.0,4.0,1.0,32,32.0,1.0,100.0,874.8541909681719,969.3384435927344,6.309044646405086,6.309044646405086,1.0,1.0,6.0,56.0,2,,,,42.0,6.0,2.0,6,,,,,3,3,5,2,3,3,2,2,1,2,4,7,6,5,3,2,5,4,2,2,3,4,4,4,2,4.0
2,2,1.0,39.0,1.0,2.0,1.0,3.0,2.0,40,40.0,1.0,100.0,1441.426428928512,1597.100483252791,8.315921705356798,8.315921705356798,1.0,1.0,5.0,5.0,2,,,,15.0,10.0,5.0,10,37.5,25.0,12.5,25.0,2,3,4,3,2,4,3,4,2,3,3,4,3,3,2,3,3,4,4,2,3,4,3,3,4,4.0
2,2,2.0,69.0,4.0,1.0,1.0,5.0,1.0,40,40.0,1.0,100.0,1249.791701383103,1384.769205132478,7.210336738748668,7.210336738748668,1.0,2.0,1.0,,2,,,,20.0,0.0,2.0,4,50.0,0.0,5.0,10.0,3,4,2,4,4,5,3,1,1,2,5,7,7,3,4,3,3,3,4,3,4,3,4,3,4,3.0
2,2,2.0,42.0,1.0,2.0,1.0,6.0,1.0,40,40.0,1.0,100.0,1499.750041659723,1661.723046158973,8.652404086498404,8.652404086498404,1.0,1.0,1.0,,2,,,,24.0,14.0,2.0,2,,,,,3,3,3,2,3,4,4,2,5,5,6,7,6,3,4,4,4,4,3,2,4,3,2,3,4,4.0
2,2,2.0,44.0,1.0,2.0,1.0,5.0,1.0,40,40.0,1.0,100.0,1458.0903182802872,1615.564072654557,8.412059528540114,8.412059528540114,1.0,2.0,4.0,20.0,2,,,,30.0,4.0,2.0,4,75.0,10.0,5.0,10.0,3,2,5,2,2,2,1,1,1,3,5,5,4,4,4,2,4,4,2,2,3,4,4,4,3,4.0
2,2,2.0,33.0,2.0,1.0,1.0,8.0,1.0,40,40.0,1.0,100.0,1228.961839693384,1361.68971838027,7.090164459769525,7.090164459769525,1.0,1.0,5.0,15.0,2,,,,28.0,15.0,5.0,4,,,,,4,3,4,2,3,4,3,2,4,4,5,5,5,4,2,2,3,2,2,3,3,2,4,4,2,3.0
2,2,2.0,38.0,1.0,2.0,1.0,3.0,3.0,8,20.0,3.0,250.0,141.64305949008485,156.940509915014,4.085857485290912,1.6343429941163645,1.0,1.0,3.0,30.0,2,,,,14.0,5.0,0.0,1,70.0,25.0,0.0,5.0,4,3,5,3,1,4,2,4,2,3,2,3,4,5,2,2,5,4,2,2,2,3,4,4,2,3.0
2,2,2.0,42.0,1.0,2.0,1.0,4.0,1.0,40,40.0,1.0,100.0,1874.687552074654,2077.153807698717,10.815505108123,10.815505108123,4.0,3.0,3.0,8.0,2,,,,25.0,10.0,10.0,5,,,,,2,4,4,2,2,4,3,2,2,4,5,7,6,3,4,4,4,3,2,3,5,4,4,5,5,5.0
2,2,2.0,47.0,1.0,2.0,1.0,1.0,1.0,40,50.0,3.0,125.0,2041.326445592401,2261.78970171638,11.77688333995616,9.421506671964927,4.0,4.0,1.0,,2,,,,15.0,10.0,5.0,10,30.0,20.0,10.0,20.0,3,3,4,2,4,4,4,1,2,1,5,6,5,4,3,4,4,4,2,2,3,4,4,4,5,5.0
2,2,1.0,52.0,1.0,2.0,1.0,4.0,1.0,40,40.0,1.0,100.0,1708.048658556907,1892.517913681053,9.85412687628985,9.85412687628985,1.0,1.0,2.0,6.0,2,,,,12.0,24.0,4.0,1,,,,,4,3,4,4,2,3,3,2,3,4,5,5,5,2,2,2,4,4,3,3,3,4,3,4,3,5.0
2,2,2.0,42.0,2.0,4.0,1.0,8.0,2.0,40,40.0,1.0,100.0,1166.472254624229,1292.451258123646,6.729647622832092,6.7296476228320925,1.0,3.0,6.0,3.0,2,,,,25.0,10.0,0.0,5,62.5,25.0,0.0,12.5,4,2,2,4,4,4,3,1,3,3,6,7,6,4,2,2,4,4,3,3,3,2,4,4,4,3.0
2,2,2.0,41.0,2.0,2.0,1.0,1.0,2.0,40,50.0,3.0,125.0,2082.986168971838,2307.948675220796,12.01722789791445,9.613782318331559,3.0,2.0,1.0,,2,,,,21.0,9.0,8.0,5,42.0,18.0,16.0,10.0,3,3,4,4,2,3,3,1,3,4,3,6,7,3,4,4,4,4,3,3,3,3,2,4,3,4.0
2,2,1.0,75.0,1.0,1.0,1.0,3.0,1.0,16,24.0,3.0,150.0,1041.493084485919,1153.974337610398,15.02153487239306,10.01435658159537,1.0,2.0,3.0,5.0,2,,,,8.0,16.0,4.0,4,,,,,3,4,5,4,2,4,4,2,4,3,4,5,5,2,5,4,4,4,2,2,4,4,4,4,4,6.0
2,2,2.0,45.0,1.0,2.0,1.0,4.0,1.0,40,40.0,1.0,100.0,1666.38893517747,1846.358940176637,9.613782318331559,9.613782318331559,1.0,1.0,3.0,8.0,2,,,,30.0,10.0,1.0,1,,,,,4,4,4,2,3,5,4,2,4,6,4,5,4,4,2,2,5,4,2,2,3,2,4,4,3,4.0
2,2,1.0,60.0,1.0,1.0,1.0,3.0,1.0,40,40.0,1.0,100.0,2082.986168971838,2307.948675220796,12.01722789791445,12.01722789791445,2.0,4.0,5.0,15.0,2,,,,20.0,5.0,7.0,8,50.0,12.5,17.5,20.0,2,3,3,4,4,3,5,1,3,7,6,7,5,2,2,2,4,2,4,2,4,4,5,4,5,5.0
2,2,1.0,32.0,1.0,2.0,1.0,3.0,1.0,40,40.0,1.0,100.0,1666.38893517747,1846.358940176637,9.613782318331559,9.613782318331559,1.0,3.0,1.0,,2,,,,2.0,25.0,5.0,8,5.0,62.5,12.5,20.0,3,4,4,4,4,3,3,1,2,4,6,7,5,3,4,4,4,4,3,3,4,2,4,4,4,4.0
2,2,1.0,59.0,1.0,1.0,1.0,1.0,1.0,40,52.0,3.0,130.0,3624.395934010998,4015.8306948841855,20.90997654237114,16.08459734028549,4.0,3.0,5.0,5.0,2,,,,16.0,20.0,10.0,5,30.76923076923077,38.46153846153847,19.23076923076923,9.615384615384617,1,4,5,4,4,4,4,1,6,7,6,6,6,3,3,4,4,4,2,2,4,4,5,5,5,6.0
2,2,2.0,36.0,1.0,2.0,1.0,3.0,1.0,40,40.0,1.0,100.0,1478.920179970005,1638.643559406765,8.53223180751926,8.53223180751926,1.0,3.0,1.0,,2,,,,10.0,25.0,1.0,4,25.0,62.5,2.5,10.0,4,3,4,3,3,4,3,1,5,6,6,7,6,4,3,3,4,4,3,4,3,2,2,4,4,4.0
2,2,2.0,36.0,2.0,1.0,1.0,1.0,2.0,40,50.0,3.0,125.0,1833.027828695217,2030.994834194301,10.57516055016472,8.460128440131774,1.0,3.0,3.0,2.0,2,,,,20.0,15.0,7.0,8,40.0,30.0,14.0,16.0,3,3,3,4,3,5,4,1,3,5,6,6,6,3,4,4,4,3,2,2,3,3,3,4,3,4.0
2,2,2.0,39.0,1.0,2.0,3.0,1.0,3.0,40,43.6,3.0,109.0,1749.708381936344,1938.676887185469,10.09447143424814,9.301334392985783,2.0,4.0,2.0,35.0,2,,,,15.0,25.0,15.0,5,,,,,3,4,5,4,3,5,4,2,6,7,6,6,6,5,4,4,5,3,2,2,4,3,3,4,2,7.0
2,2,1.0,29.0,2.0,1.0,1.0,5.0,2.0,20,20.0,1.0,100.0,749.8750208298616,830.8615230794869,8.652404086498404,8.652404086498404,1.0,1.0,2.0,20.0,2,,,,8.0,8.0,3.0,1,40.0,40.0,15.0,5.0,2,4,4,4,4,3,3,2,4,3,6,6,5,2,2,3,2,3,4,3,3,4,4,5,4,4.0
2,2,1.0,41.0,1.0,2.0,1.0,1.0,1.0,40,56.0,3.0,140.0,2499.583402766205,2769.538410264955,14.42067347749734,8.366737411896551,4.0,3.0,1.0,,2,,,,13.0,20.0,8.0,12,,,,,3,4,5,3,4,4,3,1,2,2,4,6,6,4,4,3,4,4,2,2,3,3,4,4,4,5.0
2,2,1.0,38.0,1.0,1.0,1.0,1.0,2.0,40,51.0,3.0,127.5,1374.770871521413,1523.246125645726,7.931370412623536,6.220682676567479,1.0,1.0,1.0,,2,,,,10.0,25.0,10.0,5,19.6078431372549,49.01960784313725,19.6078431372549,9.803921568627452,3,3,4,2,4,4,2,4,4,6,7,4,4,3,4,2,4,5,2,2,5,3,3,2,2,9.0
2,2,2.0,46.0,1.0,2.0,1.0,6.0,1.0,40,40.0,1.0,100.0,1666.38893517747,1846.358940176637,9.613782318331559,9.613782318331559,1.0,2.0,2.0,6.0,2,,,,35.0,5.0,0.0,0,87.5,12.5,0.0,0.0,3,2,4,3,4,3,3,1,4,5,6,7,7,4,3,4,4,4,1,4,4,2,3,4,3,4.0
2,2,1.0,49.0,3.0,1.0,1.0,3.0,1.0,40,40.0,1.0,100.0,1624.7292117980328,1800.199966672221,9.373437760373271,9.373437760373271,1.0,1.0,1.0,,2,,,,25.0,10.0,5.0,0,62.5,25.0,12.5,0.0,4,2,3,3,2,3,1,4,1,1,2,4,3,5,2,2,3,5,3,4,2,3,1,1,5,5.0
2,2,2.0,30.0,1.0,1.0,1.0,3.0,2.0,40,46.6,3.0,116.5,1041.493084485919,1153.974337610398,6.008613948957224,7.913745145039928,1.0,1.0,1.0,,2,,,,5.0,30.0,5.0,1,,,,,3,5,3,2,3,4,5,1,3,6,4,7,7,4,2,3,4,4,2,2,4,3,4,4,3,4.0
2,2,1.0,41.0,1.0,2.0,1.0,8.0,2.0,40,50.0,3.0,125.0,1458.0903182802872,1615.564072654557,8.412059528540114,6.729647622832091,1.0,3.0,4.0,4.0,2,,,,40.0,10.0,0.0,2,,,,,4,3,4,4,3,4,3,1,6,4,6,7,4,4,1,2,4,4,3,2,3,4,4,2,3,4.0
2,2,1.0,26.0,1.0,2.0,1.0,8.0,2.0,40,40.0,1.0,100.0,1249.791701383103,1384.769205132478,7.210336738748668,7.210336738748668,1.0,2.0,1.0,,2,,,,18.0,15.0,2.0,5,45.0,37.5,5.0,12.5,4,4,4,3,3,4,3,2,1,2,4,6,6,4,1,2,3,3,2,2,2,4,3,3,3,3.0
2,2,2.0,65.0,1.0,1.0,1.0,1.0,1.0,40,40.0,1.0,100.0,2041.326445592401,2261.78970171638,11.77688333995616,11.77688333995616,1.0,2.0,3.0,6.0,2,,,,30.0,12.5,1.0,1,,,,,2,4,4,4,2,4,5,1,4,2,7,7,7,1,4,4,2,3,3,2,3,4,5,4,3,5.0
2,2,2.0,43.0,1.0,2.0,1.0,8.0,1.0,40,48.0,3.0,120.0,1583.069488418597,1754.040993167805,9.133093202414981,7.610911002012485,1.0,3.0,1.0,,2,,,,30.0,10.0,0.0,8,62.5,20.83333333333334,0.0,16.66666666666666,4,3,5,3,3,3,3,1,5,6,6,6,6,4,2,4,4,4,1,4,2,2,3,4,4,4.0
2,2,1.0,26.0,3.0,1.0,1.0,1.0,4.0,20,20.0,1.0,100.0,499.9166805532411,553.907682052991,5.768269390998936,5.768269390998936,1.0,1.0,3.0,20.0,2,,,,6.0,10.0,1.0,3,30.0,50.0,5.0,15.0,1,3,3,3,3,3,3,2,2,5,6,6,6,3,2,4,3,4,4,2,4,4,3,4,5,3.0
2,2,2.0,34.0,2.0,1.0,1.0,3.0,1.0,40,40.0,1.0,100.0,1416.43059490085,1569.405099150141,8.171714970581826,8.171714970581826,1.0,1.0,1.0,,2,,,,20.0,20.0,10.0,10,,,,,4,3,5,2,1,2,3,3,5,6,5,5,5,4,4,2,3,3,2,3,4,2,4,2,5,7.0
2,2,2.0,40.0,1.0,2.0,1.0,2.0,2.0,40,60.0,3.0,150.0,1874.687552074654,2077.153807698717,10.815505108123,7.210336738748669,1.0,2.0,2.0,8.0,2,,,,4.0,24.0,12.0,20,6.666666666666667,40.0,20.0,33.33333333333333,3,4,5,3,5,4,3,2,6,7,6,5,5,3,3,4,4,5,1,2,4,3,3,4,5,4.0
2,2,1.0,31.0,2.0,2.0,1.0,8.0,2.0,40,50.0,3.0,125.0,1666.38893517747,1846.358940176637,9.613782318331559,7.691025854665247,1.0,3.0,2.0,6.0,2,,,,25.0,10.0,5.0,6,50.0,20.0,10.0,12.0,1,3,3,4,4,5,3,3,3,5,6,6,5,4,1,4,4,5,3,2,4,4,4,3,3,4.0
2,2,2.0,50.0,1.0,1.0,1.0,4.0,1.0,40,55.0,3.0,137.5,1249.791701383103,1384.769205132478,7.210336738748668,5.243881264544486,1.0,1.0,1.0,,2,,,,40.0,5.0,5.0,10,,,,,3,2,5,2,2,4,3,2,5,4,4,6,6,4,4,4,4,4,1,4,2,4,4,4,3,3.0
2,2,1.0,44.0,3.0,1.0,1.0,8.0,1.0,40,60.0,3.0,150.0,1499.750041659723,1661.723046158973,8.652404086498404,5.768269390998936,1.0,5.0,1.0,,2,,,,25.0,10.0,5.0,20,41.66666666666667,16.66666666666666,8.333333333333332,33.33333333333333,3,4,4,3,3,4,3,1,2,2,4,7,7,4,3,3,4,4,2,3,3,3,4,4,4,4.0
2,2,1.0,53.0,3.0,1.0,1.0,3.0,1.0,40,40.0,1.0,100.0,1416.43059490085,1569.405099150141,8.171714970581826,8.171714970581826,1.0,2.0,1.0,,2,,,,26.0,11.0,2.0,1,65.0,27.5,5.0,2.5,3,4,4,4,4,4,3,2,3,3,2,4,5,2,2,1,2,3,4,3,3,4,3,2,4,4.0
2,2,2.0,34.0,1.0,2.0,3.0,3.0,1.0,40,40.0,1.0,100.0,1458.0903182802872,1615.564072654557,8.412059528540114,8.412059528540114,3.0,1.0,1.0,,2,,,,4.0,20.0,12.0,4,10.0,50.0,30.0,10.0,3,3,5,4,4,4,2,2,3,5,4,5,5,5,3,4,4,4,2,4,3,3,4,2,5,7.0
2,2,2.0,30.0,3.0,1.0,1.0,2.0,2.0,40,60.0,3.0,150.0,1395.600733211131,1546.325612397934,8.051542691602682,5.36769512773512,1.0,4.0,1.0,,2,,,,30.0,20.0,5.0,10,,,,,2,2,5,3,2,4,3,1,2,2,2,7,7,4,2,3,3,2,4,2,3,3,3,5,4,2.0
2,2,2.0,40.0,1.0,2.0,1.0,1.0,2.0,40,40.0,1.0,100.0,2124.645892351275,2354.107648725212,12.25757245587274,12.25757245587274,4.0,5.0,1.0,,2,,,,12.0,12.0,12.0,4,30.0,30.0,30.0,10.0,2,4,4,3,3,4,4,1,4,4,5,5,5,4,2,2,2,4,4,3,3,2,3,4,4,4.0
2,2,1.0,44.0,3.0,1.0,1.0,1.0,1.0,40,66.0,3.0,165.0,1611.0648225295781,1785.059823362773,9.294604745362951,5.633093785068455,1.0,3.0,1.0,,2,,,,12.0,18.0,20.0,16,18.18181818181818,27.27272727272727,30.3030303030303,24.24242424242424,3,2,4,2,4,4,2,3,1,3,1,7,5,2,1,3,4,5,3,2,2,4,4,4,4,4.0
2,2,2.0,42.0,1.0,2.0,1.0,8.0,2.0,32,32.0,1.0,100.0,1333.111148141976,1477.08715214131,9.613782318331559,9.613782318331559,1.0,3.0,5.0,2.0,2,,,,28.0,3.0,1.0,2,,,,,4,4,3,3,2,5,4,1,6,4,6,7,7,4,2,2,3,4,2,4,2,2,3,4,4,4.0
2,2,2.0,58.0,1.0,2.0,1.0,5.0,1.0,12,12.0,1.0,100.0,512.414597567072,567.7553741043159,9.854126876289849,9.854126876289849,1.0,3.0,5.0,30.0,2,,,,10.0,3.0,1.0,2,,,,,1,3,4,2,4,2,2,3,4,4,6,5,4,3,3,3,4,3,4,2,4,3,4,4,4,4.0
2,2,2.0,40.0,2.0,1.0,1.0,8.0,2.0,20,25.0,3.0,125.0,708.2152974504247,784.7025495750709,8.171714970581826,6.53737197646546,1.0,3.0,5.0,20.0,2,,,,15.0,5.0,0.0,5,60.0,20.0,0.0,20.0,4,4,4,3,3,4,3,2,2,5,4,5,6,4,3,4,3,3,2,3,4,3,2,2,3,3.0
2,2,1.0,56.0,2.0,2.0,1.0,1.0,2.0,10,15.0,3.0,150.0,374.9375104149308,415.43076153974334,8.652404086498404,5.768269390998936,1.0,1.0,6.0,50.0,2,,,,10.0,1.0,0.0,0,66.66666666666666,6.666666666666667,0.0,0.0,3,2,5,3,4,3,2,3,2,2,6,5,6,4,3,3,4,4,1,4,4,4,4,3,2,4.0
2,2,1.0,44.0,1.0,2.0,1.0,3.0,1.0,40,55.0,3.0,137.5,2332.944509248458,2584.902516247292,13.45929524566418,9.788578360483042,4.0,4.0,1.0,,2,,,,15.0,20.0,15.0,5,27.27272727272727,36.36363636363637,27.27272727272727,9.090909090909092,3,4,3,5,4,5,4,1,2,1,4,7,6,4,2,4,5,4,1,2,4,4,4,4,3,5.0
2,2,2.0,45.0,1.0,2.0,1.0,5.0,1.0,40,40.0,1.0,100.0,1333.111148141976,1477.08715214131,7.691025854665247,7.691025854665247,1.0,1.0,5.0,10.0,2,,,,20.0,0.0,20.0,5,,,,,2,2,5,3,2,2,2,2,2,4,4,6,6,2,2,3,2,3,4,2,4,2,4,4,4,4.0
2,2,2.0,45.0,4.0,2.0,1.0,8.0,1.0,40,43.0,3.0,125.0,1666.38893517747,1846.358940176637,9.613782318331559,11.030212913232411,4.0,4.0,1.0,,2,,,,30.0,20.0,20.0,10,,,,,3,2,3,4,4,3,3,1,2,2,2,5,6,4,4,4,5,4,2,3,4,3,4,5,3,4.0
2,2,1.0,45.0,1.0,1.0,1.0,4.0,1.0,20,20.0,1.0,100.0,499.9166805532411,553.907682052991,5.768269390998936,5.768269390998936,1.0,2.0,1.0,,2,,,,15.0,1.0,1.0,2,75.0,5.0,5.0,10.0,1,2,4,2,2,2,3,1,3,3,5,7,7,3,3,3,2,4,3,2,3,4,4,4,4,3.0
2,2,1.0,46.0,1.0,2.0,1.0,6.0,1.0,40,60.0,3.0,150.0,2291.284785869022,2538.743542742876,13.21895068770589,8.812633791803929,1.0,4.0,2.0,8.0,2,,,,28.0,8.0,8.0,16,46.66666666666666,13.33333333333333,13.33333333333333,26.66666666666667,4,2,4,3,4,3,3,2,3,4,2,6,5,5,3,4,4,2,2,2,4,3,3,3,2,5.0
2,2,1.0,34.0,1.0,2.0,1.0,3.0,2.0,40,45.0,3.0,112.5,1749.708381936344,1938.676887185469,10.09447143424814,8.972863497109456,3.0,3.0,1.0,,2,,,,8.0,15.0,16.0,6,17.77777777777778,33.33333333333333,35.55555555555556,13.33333333333333,1,5,5,4,5,4,4,1,4,4,6,5,7,3,3,5,4,5,4,2,4,4,3,5,5,7.0
2,2,2.0,40.0,3.0,1.0,1.0,3.0,1.0,40,55.0,3.0,137.5,1499.750041659723,1661.723046158973,8.652404086498404,6.292657517453385,2.0,4.0,1.0,,2,,,,25.0,20.0,8.0,2,45.45454545454545,36.36363636363637,14.54545454545454,3.636363636363636,3,2,4,2,2,5,2,1,2,3,4,4,3,4,2,3,4,4,2,2,4,4,2,2,4,4.0
2,2,2.0,29.0,2.0,1.0,1.0,1.0,2.0,30,45.0,3.0,150.0,1208.131978003666,1338.610231628062,9.293322907720507,6.195548605147005,1.0,3.0,3.0,6.0,2,,,,12.0,25.0,2.0,6,26.66666666666667,55.55555555555556,4.444444444444445,13.33333333333333,1,4,4,4,4,4,4,1,5,7,7,7,7,5,3,4,5,5,2,2,5,4,4,3,5,3.0
2,2,2.0,62.0,5.0,1.0,1.0,5.0,1.0,40,40.0,1.0,100.0,1458.0903182802872,1615.564072654557,8.412059528540114,8.412059528540114,1.0,3.0,5.0,5.0,2,,,,15.0,15.0,5.0,5,37.5,37.5,12.5,12.5,3,3,3,4,4,4,3,1,3,3,4,6,6,3,4,3,4,4,3,4,3,4,4,4,4,4.0
2,2,2.0,26.0,2.0,1.0,1.0,4.0,4.0,40,40.0,1.0,100.0,1124.812531244793,1246.29228461923,6.489303064873804,6.489303064873804,1.0,2.0,3.0,10.0,2,,,,3.0,5.0,7.0,25,7.5,12.5,17.5,62.5,1,3,3,4,3,5,3,1,2,3,2,6,6,4,2,4,4,4,4,2,2,3,4,4,5,7.0
2,2,2.0,36.0,1.0,2.0,3.0,7.0,1.0,40,40.0,1.0,100.0,2291.284785869022,2538.743542742876,13.21895068770589,13.21895068770589,2.0,1.0,2.0,20.0,2,,,,15.0,15.0,3.0,7,37.5,37.5,7.5,17.5,3,5,4,3,3,4,4,1,5,6,6,5,4,4,3,3,3,3,3,2,3,3,4,4,2,7.0
2,2,2.0,30.0,1.0,1.0,1.0,5.0,2.0,40,40.0,1.0,100.0,937.343776037327,1038.576903849358,5.407752554061502,5.407752554061501,1.0,1.0,3.0,5.0,2,,,,8.0,12.0,8.0,10,20.0,30.0,20.0,25.0,3,4,5,3,3,5,4,1,5,4,6,5,6,4,4,5,5,4,1,4,3,3,3,4,3,3.0
2,2,2.0,37.0,1.0,2.0,1.0,4.0,1.0,20,40.0,3.0,200.0,1874.687552074654,2077.153807698717,21.63101021624601,10.815505108123,1.0,1.0,1.0,,2,,,,20.0,15.0,20.0,1,,,,,3,3,5,1,2,3,3,1,5,5,6,5,3,4,2,3,5,5,2,3,2,2,4,3,2,4.0
2,2,2.0,51.0,1.0,3.0,1.0,5.0,1.0,40,50.0,3.0,125.0,1666.38893517747,1846.358940176637,9.613782318331559,7.691025854665247,1.0,4.0,1.0,,2,,,,25.0,10.0,5.0,10,50.0,20.0,10.0,20.0,3,4,3,4,4,5,4,1,3,4,6,6,6,4,4,4,4,4,2,3,3,3,3,3,3,4.0
2,2,2.0,46.0,3.0,3.0,1.0,2.0,2.0,40,40.0,1.0,100.0,1241.459756707215,1375.5374104315938,7.162267827157012,7.162267827157012,1.0,3.0,7.0,12.0,2,,,,16.0,16.0,8.0,0,40.0,40.0,20.0,0.0,2,5,4,5,4,5,4,1,1,2,5,7,7,3,3,2,2,3,4,2,4,2,2,4,5,4.0
2,2,2.0,62.0,1.0,3.0,2.0,5.0,4.0,10,10.000000000000004,1.0,100.0,666.5555740709881,738.5435760706548,15.38205170933049,15.38205170933049,1.0,3.0,5.0,10.0,2,,,,10.0,2.0,0.0,0,,,,,2,3,1,4,2,3,4,1,2,1,3,7,7,2,3,2,2,3,4,3,3,3,4,5,4,8.0
2,2,2.0,49.0,2.0,1.0,2.0,5.0,1.0,40,40.0,1.0,100.0,1249.791701383103,1384.769205132478,7.210336738748668,7.210336738748668,1.0,4.0,6.0,5.0,2,,,,10.0,10.0,0.0,10,25.0,25.0,0.0,25.0,1,2,3,4,1,3,3,2,4,4,6,6,6,3,4,4,4,3,3,2,3,4,4,4,5,4.0
2,2,2.0,42.0,1.0,2.0,2.0,5.0,1.0,20,13.0,2.0,65.0,595.7340443259457,660.0733211131476,6.873854357607065,10.57516055016472,1.0,3.0,6.0,30.0,2,,,,5.0,2.0,0.0,1.5,38.46153846153847,15.38461538461539,0.0,11.53846153846154,2,2,2,4,3,5,3,2,3,2,4,6,5,3,2,4,2,2,4,3,4,4,3,3,4,4.0
2,2,2.0,34.0,1.0,2.0,1.0,2.0,2.0,40,40.0,1.0,100.0,1541.40976503916,1707.882019663389,8.892748644456693,8.892748644456693,1.0,3.0,1.0,,2,,,,37.0,0.0,1.0,2,92.5,0.0,2.5,5.0,3,3,3,4,4,5,3,1,4,4,6,7,5,3,3,3,4,4,4,4,2,3,5,5,4,4.0
2,2,1.0,57.0,1.0,3.0,1.0,2.0,1.0,40,40.0,1.0,100.0,2749.541743042826,3046.492251291451,15.86274082524707,15.86274082524707,1.0,3.0,1.0,,2,,,,15.0,20.0,5.0,0,37.5,50.0,12.5,0.0,4,2,1,1,1,4,1,4,5,3,3,5,6,4,1,3,4,4,2,3,2,3,3,2,4,4.0
2,2,2.0,33.0,1.0,2.0,1.0,1.0,3.0,40,45.0,3.0,112.5,2082.986168971838,2307.948675220796,12.01722789791445,10.68198035370173,1.0,1.0,1.0,,2,,,,1.5,35.5,5.0,3,3.333333333333333,78.88888888888889,11.11111111111111,6.666666666666667,3,4,5,4,2,1,3,1,2,4,5,7,7,5,4,4,5,5,1,3,2,4,3,2,2,7.0
2,2,1.0,26.0,2.0,1.0,1.0,1.0,2.0,14,35.0,3.0,250.0,916.5139143476085,1015.49741709715,15.10737221452102,6.042948885808409,1.0,1.0,1.0,,2,,,,2.0,30.0,1.0,0,5.714285714285714,85.71428571428571,2.857142857142857,0.0,3,4,4,4,4,3,4,1,6,4,6,7,7,2,4,4,3,5,3,3,4,3,4,5,4,3.0
2,2,1.0,50.0,3.0,1.0,1.0,6.0,1.0,40,43.4,1.0,108.5,2291.284785869022,2538.743542742876,13.21895068770589,13.452253047841726,1.0,2.0,1.0,,2,,,,20.0,5.0,10.0,5,,,,,4,4,4,3,4,3,3,1,3,3,5,6,5,3,4,2,2,2,2,4,2,2,2,4,4,4.0
2,2,1.0,45.0,3.0,1.0,1.0,1.0,1.0,40,47.0,3.0,117.5,2478.753541076487,2746.458923512748,14.3005011985182,12.17063931788783,1.0,3.0,1.0,,2,,,,25.0,5.0,5.0,10,53.19148936170212,10.63829787234043,10.63829787234043,21.27659574468085,4,2,4,2,3,2,3,2,3,3,4,5,5,3,3,2,3,2,2,4,2,3,2,2,3,4.0
2,2,1.0,42.0,1.0,2.0,1.0,2.0,2.0,40,50.0,3.0,125.0,1583.069488418597,1754.040993167805,9.133093202414981,7.306474561931985,1.0,1.0,1.0,,2,,,,32.5,15.0,1.0,0,65.0,30.0,2.0,0.0,3,3,2,3,5,5,3,2,3,4,5,5,5,3,2,4,3,2,3,4,2,2,4,4,4,4.0
2,2,1.0,52.0,1.0,2.0,1.0,1.0,1.0,40,70.0,3.0,175.0,2499.583402766205,2769.538410264955,14.42067347749734,8.240384844284193,4.0,5.0,5.0,2.0,2,,,,16.0,18.0,20.0,16,22.85714285714286,25.71428571428571,28.57142857142857,22.85714285714286,3,3,4,4,4,4,3,1,2,4,5,6,7,4,3,2,5,5,2,2,3,4,3,5,4,5.0
2,2,2.0,30.0,3.0,1.0,3.0,12.0,1.0,40,40.0,1.0,100.0,2082.986168971838,2307.948675220796,12.01722789791445,12.01722789791445,2.0,3.0,1.0,,2,,,,25.0,1.0,1.0,3,62.5,2.5,2.5,7.5,4,3,4,2,2,3,4,3,4,6,3,3,3,4,2,3,4,4,2,2,3,4,4,3,3,3.0
2,2,1.0,38.0,1.0,2.0,1.0,1.0,2.0,20,20.0,1.0,100.0,1333.111148141976,1477.08715214131,15.38205170933049,15.38205170933049,1.0,1.0,2.0,32.0,2,,,,8.0,10.0,1.0,1,40.0,50.0,5.0,5.0,4,4,2,4,2,4,3,2,2,4,4,2,5,4,1,4,4,4,3,3,2,3,4,2,3,4.0
2,2,1.0,37.0,2.0,2.0,1.0,1.0,1.0,40,50.0,3.0,125.0,3332.777870354941,3692.717880353274,19.22756463666312,15.38205170933049,1.0,2.0,1.0,,2,,,,24.0,8.0,4.0,1,48.0,16.0,8.0,2.0,3,4,5,4,5,4,4,1,1,3,6,7,5,4,4,4,4,5,2,2,3,4,4,4,4,4.0
2,2,1.0,62.0,2.0,1.0,1.0,1.0,1.0,40,50.0,3.0,125.0,2332.944509248458,2584.902516247292,13.45929524566418,10.76743619653135,1.0,3.0,3.0,15.0,2,,,,30.0,10.0,2.0,8,60.0,20.0,4.0,16.0,4,3,5,2,4,4,3,2,5,5,5,6,5,4,4,3,4,4,3,4,2,2,2,3,4,4.0
2,2,2.0,39.0,3.0,1.0,1.0,2.0,2.0,40,84.0,3.0,210.0,1083.152807865356,1200.133311114814,6.248958506915514,2.9756945271026254,1.0,4.0,1.0,,2,,,,30.0,30.0,5.0,15,35.71428571428572,35.71428571428572,5.952380952380952,17.85714285714286,3,2,5,4,2,4,2,1,1,3,3,7,7,5,3,4,4,4,1,2,4,4,4,1,3,4.0
2,2,2.0,38.0,2.0,1.0,1.0,5.0,2.0,40,60.0,3.0,150.0,2499.583402766205,2769.538410264955,14.42067347749734,9.613782318331557,1.0,1.0,1.0,,2,,,,37.0,0.0,2.0,1,61.66666666666667,0.0,3.333333333333333,1.666666666666667,3,2,5,2,3,2,1,2,3,7,4,5,4,5,3,5,4,2,1,2,3,3,3,2,1,4.0
2,2,2.0,48.8,1.0,3.0,1.0,6.0,1.0,40,40.0,1.0,100.0,1666.38893517747,1846.358940176637,9.613782318331559,9.613782318331559,1.0,1.0,5.0,2.0,2,,,,42.0,0.0,0.0,2,,,,,3,4,3,4,4,4,3,1,5,3,6,6,5,3,4,4,4,4,2,3,3,3,4,4,4,4.0
2,2,1.0,34.0,3.0,1.0,1.0,6.0,1.0,40,40.0,1.0,100.0,3624.395934010998,4015.8306948841855,20.90997654237114,20.90997654237114,1.0,2.0,1.0,,2,,,,16.0,10.0,8.0,6,40.0,25.0,20.0,15.0,1,3,4,3,3,4,5,1,6,7,6,7,7,2,5,5,5,3,2,2,5,5,5,5,5,4.0
2,2,2.0,45.0,1.0,2.0,1.0,6.0,1.0,40,40.0,1.0,100.0,2499.583402766205,2769.538410264955,14.42067347749734,14.42067347749734,2.0,5.0,1.0,,2,,,,18.0,5.0,2.0,15,45.0,12.5,5.0,37.5,3,3,1,2,1,4,3,4,1,1,5,7,7,4,3,2,4,5,2,2,5,3,4,4,3,5.0
2,2,1.0,63.0,1.0,1.0,1.0,2.0,1.0,45,45.0,1.0,100.0,2332.944509248458,2584.902516247292,11.96381799614594,11.96381799614594,1.0,4.0,1.0,5.0,2,,,,40.0,4.0,0.0,1,88.88888888888889,8.88888888888889,0.0,2.222222222222222,4,3,3,4,4,4,3,1,4,4,5,6,4,2,3,3,4,4,3,3,3,2,4,3,2,5.0
2,2,1.0,39.0,1.0,2.0,1.0,6.0,2.0,40,40.0,1.0,100.0,2916.180636560573,3231.128145309115,16.82411905708023,16.82411905708023,1.0,4.0,2.0,1.0,2,,,,10.0,15.0,5.0,10,25.0,37.5,12.5,25.0,3,4,5,4,4,4,4,1,1,1,2,5,7,4,1,3,4,4,3,2,4,3,4,4,3,5.0
2,2,2.0,58.0,4.0,1.0,1.0,6.0,1.0,60,60.0,1.0,100.0,2499.583402766205,2769.538410264955,9.613782318331557,9.613782318331557,1.0,4.0,5.0,60.0,2,,,,20.0,20.0,10.0,10,33.33333333333333,33.33333333333333,16.66666666666666,16.66666666666666,3,2,4,4,2,2,3,1,3,3,4,6,5,4,5,4,5,3,1,2,4,4,4,4,5,4.0
2,2,2.0,53.0,5.0,1.0,1.0,5.0,1.0,40,40.0,1.0,100.0,2499.583402766205,2769.538410264955,14.42067347749734,14.42067347749734,2.0,5.0,1.0,,2,,,,10.0,10.0,10.0,10,25.0,25.0,25.0,25.0,1,2,5,4,3,4,4,2,3,4,3,7,6,3,4,4,4,3,2,2,4,4,4,4,4,5.0
2,2,2.0,38.0,1.0,4.0,1.0,5.0,2.0,40,45.0,3.0,112.5,1249.791701383103,1384.769205132478,7.210336738748668,6.4091882122210375,1.0,3.0,3.0,5.0,2,,,,40.0,5.0,8.0,2,,,,,2,3,5,4,3,5,3,1,3,2,5,7,7,4,2,2,4,3,3,2,4,4,3,4,3,4.0
2,2,1.0,34.0,1.0,2.0,3.0,1.0,6.0,40,40.0,1.0,100.0,2499.583402766205,2769.538410264955,14.42067347749734,14.42067347749734,1.0,2.0,1.0,,2,,,,8.0,20.0,2.0,10,20.0,50.0,5.0,25.0,2,3,3,3,2,3,3,1,4,3,6,5,5,3,2,3,3,4,4,3,2,4,4,4,5,3.0
2,2,1.0,30.0,3.0,1.0,3.0,5.0,1.0,40,40.0,1.0,100.0,2166.305615730711,2400.266622229628,12.49791701383103,12.49791701383103,1.0,1.0,4.0,10.0,2,,,,20.0,5.0,5.0,10,50.0,12.5,12.5,25.0,3,3,3,3,4,5,2,2,6,5,6,5,5,3,3,4,4,5,2,2,4,4,3,3,5,3.0
2,2,2.0,62.0,1.0,1.0,3.0,12.0,1.0,40,40.0,1.0,100.0,1999.666722212964,2215.630728211964,11.53653878199787,11.53653878199787,1.0,2.0,1.0,,2,,,,30.0,10.0,0.0,0,75.0,25.0,0.0,0.0,1,3,3,4,5,5,4,1,3,4,6,7,6,2,4,4,4,4,2,3,4,4,4,5,4,3.0
2,2,2.0,48.0,1.0,2.0,3.0,12.0,2.0,40,40.0,1.0,100.0,1666.38893517747,1846.358940176637,9.613782318331559,9.613782318331559,1.0,3.0,1.0,,2,,,,5.0,20.0,2.0,3,12.5,50.0,5.0,7.5,3,3,3,3,5,5,3,1,2,3,6,7,6,3,3,4,4,4,2,4,4,3,3,3,2,2.0
2,2,2.0,25.0,1.0,1.0,3.0,1.0,2.0,16,19.0,3.0,118.75,499.9166805532411,553.907682052991,7.21033673874867,6.071862516840985,1.0,1.0,3.0,10.0,2,,,,4.0,30.0,0.0,2,,,,,1,4,3,4,4,5,3,2,5,5,6,6,7,2,3,4,3,4,4,3,4,2,4,4,5,7.0
2,2,2.0,45.0,1.0,1.0,3.0,4.0,1.0,40,47.0,3.0,117.5,1999.666722212964,2215.630728211964,11.53653878199787,9.818330878296061,3.0,1.0,1.0,,2,,,,2.0,30.0,3.0,10,4.25531914893617,63.82978723404256,6.382978723404255,21.27659574468085,3,3,2,1,2,4,2,1,2,3,4,6,6,4,4,2,4,4,3,2,4,4,2,4,3,4.0
2,2,1.0,60.0,1.0,1.0,3.0,12.0,1.0,40,55.0,3.0,137.5,1958.006998833528,2169.471754707549,11.29619422403958,8.215413981119697,1.0,3.0,1.0,,2,,,,25.0,10.0,0.0,15,45.45454545454545,18.18181818181818,0.0,27.27272727272727,2,3,4,2,4,4,3,1,5,5,6,6,5,3,2,2,4,4,4,2,4,5,4,4,4,4.0
2,2,2.0,46.0,3.0,1.0,3.0,5.0,1.0,40,40.0,1.0,100.0,1749.708381936344,1938.676887185469,10.09447143424814,10.09447143424814,1.0,1.0,1.0,,2,,,,35.0,7.0,1.0,2,,,,,4,2,4,4,3,4,4,2,4,5,6,5,5,4,2,3,3,3,3,3,3,4,4,4,2,4.0
2,2,1.0,32.0,3.0,1.0,3.0,2.0,2.0,40,40.0,1.0,100.0,2082.986168971838,2307.948675220796,12.01722789791445,12.01722789791445,1.0,2.0,1.0,,2,,,,30.0,10.0,0.0,0,75.0,25.0,0.0,0.0,3,3,4,2,4,4,3,2,3,5,5,6,6,4,3,4,4,5,1,2,3,4,1,4,3,4.0
2,2,2.0,33.0,1.0,2.0,3.0,4.0,2.0,40,40.0,1.0,100.0,2499.583402766205,2769.538410264955,14.42067347749734,14.42067347749734,1.0,3.0,1.0,,2,,,,10.0,10.0,10.0,10,25.0,25.0,25.0,25.0,1,3,4,4,3,5,4,1,1,1,5,6,7,4,3,4,4,4,3,2,4,5,5,5,4,3.0
2,2,2.0,54.0,1.0,1.0,2.0,5.0,1.0,40,40.0,1.0,100.0,2082.986168971838,2307.948675220796,12.01722789791445,12.01722789791445,4.0,4.0,6.0,14.0,2,,,,2.0,20.0,10.0,8,5.0,50.0,25.0,20.0,3,2,2,4,3,4,3,1,4,4,4,6,6,4,4,4,3,4,2,3,4,2,4,4,5,7.0
2,2,2.0,39.0,2.0,2.0,3.0,4.0,1.0,40,42.0,3.0,105.0,2082.986168971838,2307.948675220796,12.01722789791445,11.44497895039471,1.0,3.0,2.0,3.0,2,,,,4.0,14.0,2.0,20,9.523809523809524,33.33333333333333,4.761904761904762,47.61904761904761,2,4,5,3,4,5,4,2,5,5,2,5,5,1,1,2,3,4,4,2,3,3,4,5,4,4.0
2,2,1.0,48.0,2.0,2.0,3.0,2.0,6.0,40,50.0,3.0,125.0,4165.972337943675,4615.897350441592,24.0344557958289,19.22756463666312,2.0,5.0,1.0,,2,,,,17.5,10.0,5.0,25,,,,,3,3,4,3,5,5,4,2,5,5,6,6,6,4,3,4,4,4,2,2,3,4,4,4,4,5.0
2,2,1.0,43.0,1.0,2.0,3.0,1.0,2.0,40,60.0,3.0,150.0,2707.882019663389,3000.333277787036,15.62239626728878,10.41493084485919,1.0,2.0,6.0,20.0,2,,,,4.0,16.0,10.0,20,6.666666666666667,26.66666666666667,16.66666666666666,33.33333333333333,3,3,1,4,1,3,2,2,4,3,6,6,6,5,4,4,5,4,2,2,3,3,4,3,3,5.0
2,2,1.0,53.0,1.0,1.0,3.0,12.0,1.0,40,40.0,1.0,100.0,2207.965339110148,2446.425595734044,12.73826157178932,12.73826157178932,2.0,4.0,1.0,,2,,,,20.0,10.0,6.0,4,50.0,25.0,15.0,10.0,1,3,4,2,4,3,3,2,4,4,6,6,6,4,3,4,4,4,2,1,4,4,4,4,4,4.0
2,2,1.0,58.0,1.0,1.0,3.0,5.0,5.0,40,70.0,3.0,175.0,3749.375104149308,4154.307615397433,21.63101021624601,12.36057726642629,1.0,1.0,1.0,,2,,,,20.0,10.0,5.0,10,28.57142857142857,14.28571428571428,7.142857142857142,14.28571428571428,2,2,5,2,2,5,4,1,5,5,5,4,5,2,2,2,4,2,2,2,4,3,4,4,4,2.0
2,2,1.0,52.0,1.0,1.0,3.0,2.0,2.0,40,46.0,1.0,115.0,3588.985169138477,3976.595567405432,20.70568366810659,15.498583076390622,2.0,5.0,1.0,,2,,,,20.0,20.0,20.0,40,,,,,2,3,3,3,4,5,4,1,1,1,4,6,6,2,2,3,2,3,2,2,3,3,4,4,4,5.0
2,2,1.0,50.0,2.0,2.0,3.0,10.0,2.0,40,50.0,3.0,125.0,3332.777870354941,3692.717880353274,19.22756463666312,15.38205170933049,1.0,3.0,1.0,,2,,,,20.0,10.0,10.0,10,40.0,20.0,20.0,20.0,1,2,4,3,4,3,5,1,1,1,2,7,7,3,3,3,3,4,4,2,4,4,4,5,4,4.0
2,2,2.0,40.0,3.0,1.0,3.0,11.0,1.0,40,57.0,3.0,142.5,2166.305615730711,2400.266622229628,12.49791701383103,8.770468079881423,2.0,3.0,1.0,,2,,,,10.0,0.0,0.0,50,,,,,3,4,2,3,2,5,4,1,4,3,4,5,4,3,4,2,4,5,2,3,3,4,2,4,2,4.0
2,2,1.0,42.0,3.0,1.0,3.0,2.0,1.0,40,30.0,2.0,75.0,2082.986168971838,2307.948675220796,12.01722789791445,16.0229705305526,1.0,1.0,1.0,,2,,,,20.0,10.0,1.0,1,,,,,2,3,2,3,1,2,2,3,3,1,3,3,3,3,1,2,2,2,4,3,2,3,2,3,3,4.0
2,2,1.0,54.0,1.0,1.0,3.0,5.0,1.0,40,40.0,1.0,100.0,1999.666722212964,2215.630728211964,11.53653878199787,11.53653878199787,1.0,2.0,7.0,18.0,2,,,,24.0,2.0,0.0,2,60.0,5.0,0.0,5.0,2,3,2,3,4,4,3,2,4,5,4,5,5,2,2,2,3,2,4,2,3,4,4,4,4,3.0
2,2,1.0,54.0,1.0,1.0,3.0,12.0,1.0,40,60.0,3.0,150.0,1874.687552074654,2077.153807698717,10.815505108123,7.210336738748669,1.0,1.0,1.0,,2,,,,20.0,10.0,5.0,5,33.33333333333333,16.66666666666666,8.333333333333332,8.333333333333332,3,2,4,2,2,2,2,1,1,1,1,6,6,4,3,2,4,3,3,1,3,4,3,3,4,4.0
2,2,1.0,67.0,1.0,1.0,3.0,12.0,1.0,40,40.0,1.0,100.0,3332.777870354941,3692.717880353274,19.22756463666312,19.22756463666312,1.0,4.0,6.0,10.0,2,,,,15.0,20.0,5.0,5,,,,,2,3,3,4,4,5,5,1,3,3,7,7,7,3,5,5,4,5,2,3,4,4,4,5,5,6.0
2,2,1.0,48.0,2.0,3.0,3.0,12.0,2.0,40,40.0,1.0,100.0,1791.368105315781,1984.835860689885,10.33481599220643,10.33481599220643,1.0,2.0,6.0,25.0,2,,,,30.0,4.0,5.5,0.5,75.0,10.0,13.75,1.25,3,2,4,2,3,4,2,1,2,3,5,7,5,4,4,4,4,4,2,3,4,4,3,3,4,4.0
2,2,1.0,25.0,1.0,1.0,3.0,2.0,2.0,40,65.0,3.0,162.5,1833.027828695217,2030.994834194301,10.57516055016472,6.507791107793672,1.0,2.0,1.0,,2,,,,15.0,30.0,10.0,10,23.07692307692308,46.15384615384615,15.38461538461539,15.38461538461539,3,3,4,3,3,3,3,2,3,3,4,5,5,4,4,3,4,4,2,3,3,2,3,3,4,7.0
2,2,1.0,30.0,1.0,2.0,3.0,2.0,1.0,44,48.0,3.0,109.0909090909091,2166.305615730711,2400.266622229628,11.36174273984639,10.41493084485919,2.0,3.0,1.0,,2,,,,30.0,10.0,0.0,6,62.5,20.83333333333334,0.0,12.5,2,3,4,3,4,5,4,1,3,5,4,7,5,3,2,2,3,1,4,2,4,4,3,4,4,4.0
2,2,1.0,47.0,1.0,2.0,3.0,5.0,1.0,40,40.0,1.0,100.0,2041.326445592401,2261.78970171638,11.77688333995616,11.77688333995616,2.0,4.0,6.0,20.0,2,,,,30.0,10.0,0.0,8,,,,,1,4,3,4,4,5,3,1,3,2,6,7,7,4,3,3,4,4,3,1,4,5,4,5,5,2.0
2,2,2.0,32.0,1.0,2.0,1.0,5.0,2.0,40,45.0,3.0,112.5,1416.43059490085,1569.405099150141,8.171714970581826,7.263746640517178,1.0,1.0,1.0,,2,,,,30.0,5.0,9.0,1,66.66666666666666,11.11111111111111,20.0,2.222222222222222,2,2,5,2,2,3,2,1,1,1,1,6,6,4,2,2,4,1,4,1,3,4,4,2,5,4.0
2,2,1.0,38.0,2.0,1.0,3.0,2.0,1.0,40,40.0,1.0,100.0,1458.0903182802872,1615.564072654557,8.412059528540114,8.412059528540114,1.0,2.0,3.0,15.0,2,,,,16.0,20.0,10.0,2,,,,,3,2,3,2,2,5,2,5,5,5,5,4,6,4,4,4,4,4,1,3,4,3,3,2,3,4.0
2,2,2.0,29.0,1.0,1.0,1.0,1.0,2.0,40,70.0,3.0,175.0,916.5139143476085,1015.49741709715,5.287580275082358,3.0214744429042053,1.0,2.0,1.0,,2,,,,25.0,25.0,5.0,5,35.71428571428572,35.71428571428572,7.142857142857142,7.142857142857142,3,4,5,4,2,5,2,1,5,5,5,5,6,5,3,4,4,4,2,3,4,3,4,4,4,4.0
2,2,1.0,38.0,1.0,2.0,3.0,4.0,1.0,40,40.0,1.0,100.0,1833.027828695217,2030.994834194301,10.57516055016472,10.57516055016472,1.0,2.0,1.0,,2,,,,8.0,20.0,3.0,9,20.0,50.0,7.5,22.5,3,3,4,4,1,2,3,1,5,6,6,7,7,3,3,3,2,4,3,3,3,3,3,5,4,4.0
2,2,1.0,35.0,2.0,2.0,1.0,1.0,2.0,40,50.0,3.0,125.0,1458.0903182802872,1615.564072654557,8.412059528540114,6.729647622832091,3.0,2.0,1.0,,2,,,,22.5,15.0,10.0,5,,,,,3,3,3,4,4,4,3,1,3,4,6,7,7,5,4,4,4,3,2,2,4,3,4,4,4,4.0
2,2,1.0,27.0,1.0,1.0,1.0,2.0,2.0,20,20.0,1.0,100.0,833.1944675887353,923.1794700883186,9.613782318331559,9.613782318331559,1.0,2.0,3.0,40.0,2,,,,2.0,14.0,1.0,3,10.0,70.0,5.0,15.0,4,4,3,5,2,4,3,1,2,1,4,5,6,4,1,3,4,4,2,4,2,4,4,5,3,7.0
2,2,2.0,26.0,2.0,1.0,1.0,2.0,2.0,40,40.0,1.0,100.0,1041.493084485919,1153.974337610398,6.008613948957224,6.008613948957224,1.0,1.0,1.0,,2,,,,5.0,27.0,2.0,1,12.5,67.5,5.0,2.5,2,4,5,3,2,5,3,1,5,4,4,4,4,3,2,2,2,2,5,3,2,3,3,4,4,7.0
2,2,2.0,43.0,3.0,1.0,1.0,6.0,2.0,40,40.0,1.0,100.0,1166.472254624229,1292.451258123646,6.729647622832092,6.7296476228320925,1.0,1.0,1.0,,2,,,,34.0,3.0,2.0,1,85.0,7.5,5.0,2.5,3,3,5,1,2,2,2,2,3,5,6,7,3,4,4,3,5,5,1,2,4,4,2,3,3,3.0
2,2,2.0,38.0,1.0,2.0,1.0,1.0,1.0,20,20.0,1.0,100.0,1249.791701383103,1384.769205132478,14.42067347749734,14.42067347749734,3.0,1.0,1.0,,2,,,,9.0,5.0,5.0,1,45.0,25.0,25.0,5.0,2,3,2,4,4,5,3,2,7,1,6,5,6,4,1,3,2,3,4,3,3,4,4,4,4,4.0
2,2,2.0,45.0,1.0,2.0,1.0,1.0,1.0,40,55.0,3.0,137.5,1416.43059490085,1569.405099150141,8.171714970581826,5.943065433150418,1.0,2.0,1.0,,2,,,,45.0,10.0,0.5,1,,,,,3,2,4,4,4,5,3,1,4,4,7,7,6,4,3,2,4,5,2,2,3,2,3,4,5,4.0
2,2,2.0,28.0,3.0,1.0,1.0,2.0,1.0,40,40.0,1.0,100.0,2082.986168971838,2307.948675220796,12.01722789791445,12.01722789791445,1.0,2.0,1.0,,2,,,,0.0,20.0,15.0,5,0.0,50.0,37.5,12.5,2,4,5,4,5,5,4,1,3,2,5,6,6,2,2,4,3,4,4,3,2,4,3,5,4,7.0
2,2,2.0,28.0,2.0,1.0,1.0,1.0,2.0,40,47.5,3.0,118.75,1249.791701383103,1384.769205132478,7.210336738748668,6.071862516840984,1.0,1.0,1.0,,2,,,,20.0,20.0,5.0,0,42.10526315789473,42.10526315789473,10.52631578947368,0.0,4,4,3,3,3,3,3,2,2,1,3,4,5,4,1,2,2,3,3,2,2,3,3,2,4,7.0
2,2,1.0,38.0,1.0,2.0,1.0,1.0,1.0,40,40.0,1.0,100.0,2707.882019663389,3000.333277787036,15.62239626728878,15.62239626728878,3.0,4.0,1.0,,2,,,,10.0,20.0,10.0,10,,,,,3,3,3,4,3,4,4,1,4,4,5,7,7,3,4,4,2,2,4,2,2,3,5,4,2,5.0
2,2,2.0,27.0,1.0,1.0,1.0,2.0,4.0,40,45.0,3.0,112.5,916.5139143476085,1015.49741709715,5.287580275082358,4.700071355628763,1.0,1.0,1.0,,2,,,,15.0,15.0,5.0,5,33.33333333333333,33.33333333333333,11.11111111111111,11.11111111111111,4,3,4,1,2,2,3,4,3,1,6,6,5,3,1,3,4,2,2,2,2,2,4,4,4,7.0
2,2,2.0,25.0,2.0,1.0,3.0,2.0,2.0,20,35.0,3.0,175.0,708.2152974504247,784.7025495750709,8.171714970581826,4.669551411761043,1.0,1.0,1.0,,2,,,,20.0,16.0,4.0,8,,,,,4,2,4,3,5,5,3,2,6,5,5,6,7,4,2,2,3,3,2,4,3,2,2,5,4,3.0
2,2,1.0,52.0,1.0,2.0,1.0,1.0,1.0,40,50.0,3.0,125.0,1874.687552074654,2077.153807698717,10.815505108123,8.652404086498404,3.0,3.0,1.0,,2,,,,8.0,20.0,10.0,12,16.0,40.0,20.0,24.0,1,4,5,4,2,5,2,1,3,2,6,7,6,3,2,3,4,5,3,2,2,4,4,4,4,6.0
2,2,2.0,48.0,2.0,1.0,3.0,11.0,1.0,40,40.0,1.0,100.0,1749.708381936344,1938.676887185469,10.09447143424814,10.09447143424814,1.0,1.0,5.0,4.0,2,,,,32.0,5.0,0.0,3,80.0,12.5,0.0,7.5,2,2,3,2,2,3,2,3,1,1,3,6,5,2,2,2,2,3,4,3,3,3,2,5,4,3.0
2,2,1.0,37.0,1.0,2.0,1.0,2.0,2.0,40,40.0,1.0,100.0,1999.666722212964,2215.630728211964,11.53653878199787,11.53653878199787,1.0,2.0,5.0,3.0,2,,,,25.0,2.0,3.0,10,62.5,5.0,7.5,25.0,4,3,5,2,2,3,2,2,3,2,4,6,3,4,1,2,5,5,2,3,3,3,5,4,3,4.0
2,2,1.0,55.0,2.0,1.0,1.0,2.0,2.0,40,75.0,3.0,187.5,2082.986168971838,2307.948675220796,12.01722789791445,6.409188212221039,3.0,1.0,1.0,,2,,,,25.0,20.0,20.0,10,33.33333333333333,26.66666666666667,26.66666666666667,13.33333333333333,3,3,5,4,1,4,3,1,2,1,3,6,5,4,3,3,5,4,2,3,4,4,2,3,1,6.0
2,2,1.0,69.0,1.0,1.0,3.0,5.0,1.0,40,40.0,1.0,100.0,3124.479253457757,3461.923012831195,18.02584184687167,18.02584184687167,2.0,4.0,1.0,,2,,,,10.0,20.0,10.0,5,,,,,1,4,4,5,4,5,5,1,5,1,6,7,6,2,4,4,3,4,4,1,4,5,5,5,5,6.0
2,2,2.0,37.0,1.0,1.0,3.0,5.0,1.0,40,40.0,1.0,100.0,1666.38893517747,1846.358940176637,9.613782318331559,9.613782318331559,1.0,1.0,1.0,,2,,,,30.0,10.0,1.0,1,,,,,3,2,3,2,1,2,3,1,5,4,6,6,6,4,3,4,4,4,2,3,4,4,3,4,4,4.0
2,2,1.0,56.0,1.0,2.0,1.0,2.0,2.0,30,30.0,1.0,100.0,1666.38893517747,1846.358940176637,12.81837642444208,12.81837642444208,1.0,1.0,6.0,15.0,2,,,,15.0,10.0,2.0,3,50.0,33.33333333333333,6.666666666666667,10.0,1,2,3,4,2,5,4,1,5,3,6,7,7,4,2,5,4,5,2,2,5,4,5,3,2,5.0
2,2,2.0,41.0,1.0,2.0,3.0,4.0,2.0,20,20.0,1.0,100.0,2082.986168971838,2307.948675220796,24.0344557958289,24.0344557958289,4.0,4.0,1.0,,2,,,,2.0,8.0,2.0,8,10.0,40.0,10.0,40.0,1,4,5,4,4,5,3,1,4,4,5,6,6,2,3,4,3,4,4,2,4,4,4,4,4,6.0
2,2,1.0,60.0,1.0,1.0,3.0,2.0,1.0,40,40.0,1.0,100.0,2082.986168971838,2307.948675220796,12.01722789791445,12.01722789791445,1.0,3.0,1.0,,2,,,,15.0,15.0,5.0,5,37.5,37.5,12.5,12.5,1,4,3,3,5,5,4,2,3,3,4,6,7,2,3,3,2,4,4,2,4,4,5,5,5,4.0
2,2,1.0,40.0,1.0,1.0,1.0,1.0,1.0,40,80.0,3.0,200.0,1458.0903182802872,1615.564072654557,8.412059528540114,4.206029764270058,1.0,3.0,1.0,,2,,,,15.0,5.0,30.0,30,18.75,6.25,37.5,37.5,4,2,3,2,2,3,2,6,4,3,6,5,3,5,2,3,4,4,2,2,3,4,2,3,4,4.0
2,2,2.0,30.0,1.0,2.0,1.0,5.0,2.0,16,16.0,1.0,100.0,549.9083486085651,609.2984502582904,7.931370412623537,7.931370412623537,1.0,3.0,3.0,13.0,2,,,,0.0,10.0,3.0,1,0.0,62.5,18.75,6.25,4,4,3,4,3,4,3,1,4,5,4,6,6,3,3,4,3,3,2,4,1,2,3,2,3,7.0
2,2,1.0,30.0,2.0,1.0,3.0,5.0,2.0,40,40.0,1.0,100.0,1458.0903182802872,1615.564072654557,8.412059528540114,8.412059528540114,1.0,2.0,1.0,,2,,,,28.0,5.0,5.0,2,70.0,12.5,12.5,5.0,4,4,2,3,2,3,2,3,1,3,6,4,2,4,1,4,4,4,2,2,3,4,3,2,2,3.0
2,2,1.0,41.0,1.0,2.0,3.0,12.0,6.0,40,40.0,1.0,100.0,4999.166805532411,5539.07682052991,28.84134695499467,28.84134695499467,2.0,4.0,2.0,10.0,2,,,,6.0,8.0,10.0,16,15.0,20.0,25.0,40.0,4,3,2,3,3,3,3,1,2,4,4,6,6,4,2,3,4,4,2,2,4,3,4,3,2,5.0
2,2,2.0,33.0,1.0,2.0,3.0,5.0,1.0,40,40.0,1.0,100.0,1666.38893517747,1846.358940176637,9.613782318331559,9.613782318331559,1.0,1.0,1.0,,2,,,,5.0,15.0,15.0,5,12.5,37.5,37.5,12.5,3,3,4,2,5,5,3,2,3,3,4,6,6,3,4,4,2,3,4,3,3,2,4,4,4,4.0
2,2,1.0,33.0,1.0,2.0,3.0,2.0,2.0,40,37.0,3.0,103.33333333333334,2374.604232627895,2631.061489751708,13.69963980362247,14.293353430105972,1.0,3.0,1.0,,2,,,,10.0,10.0,10.0,10,,,,,1,4,4,3,3,4,4,2,5,4,4,7,6,4,2,3,4,3,3,2,4,4,4,5,5,3.0
2,2,1.0,50.0,1.0,2.0,1.0,1.0,1.0,40,45.0,3.0,112.5,3020.329945009165,3346.525579070154,17.42498045197595,15.48887151286751,1.0,3.0,1.0,,2,,,,60.0,30.0,10.0,0,,,,,4,3,5,2,4,4,3,2,4,6,6,6,6,4,2,3,4,4,2,3,3,3,4,3,3,5.0
2,2,2.0,47.0,1.0,1.0,3.0,4.0,1.0,46,46.0,1.0,100.0,2082.986168971838,2307.948675220796,10.44976338949082,10.44976338949082,1.0,2.0,6.0,20.0,2,,,,24.0,16.0,0.0,4,52.17391304347826,34.78260869565217,0.0,8.695652173913043,1,3,3,2,2,4,3,1,4,2,6,6,4,3,3,3,4,4,4,2,4,4,4,4,4,4.0
2,2,2.0,46.0,1.0,2.0,1.0,6.0,1.0,40,60.0,3.0,150.0,3541.076487252124,3923.512747875354,20.42928742645456,13.61952495096971,2.0,5.0,1.0,,2,,,,20.0,15.0,10.0,15,33.33333333333333,25.0,16.66666666666666,25.0,3,3,5,3,4,5,4,1,5,5,7,7,7,5,4,4,5,5,2,3,3,4,4,4,4,5.0
2,2,1.0,46.0,1.0,1.0,1.0,2.0,1.0,40,50.0,3.0,125.0,2603.732711214797,2884.935844025995,15.02153487239306,12.01722789791445,1.0,1.0,3.0,10.0,2,,,,15.0,20.0,10.0,5,30.0,40.0,20.0,10.0,3,3,4,2,1,4,2,1,5,7,3,6,6,4,4,4,4,4,2,4,2,3,3,3,2,4.0
2,2,2.0,49.0,1.0,2.0,1.0,1.0,1.0,40,40.0,1.0,100.0,1416.43059490085,1569.405099150141,8.171714970581826,8.171714970581826,1.0,1.0,1.0,,2,,,,20.0,10.0,10.0,4,,,,,2,3,4,3,2,4,2,1,3,4,6,6,7,3,2,2,2,3,4,4,2,3,2,4,5,4.0
2,2,1.0,29.0,2.0,1.0,1.0,2.0,2.0,20,50.0,3.0,250.0,570.7382102982835,632.377937010498,6.585440888057119,2.6341763552228468,1.0,4.0,1.0,,2,,,,18.0,20.0,2.0,10,36.0,40.0,4.0,20.0,3,3,5,3,3,4,3,2,4,5,6,7,5,5,4,5,5,4,2,3,4,5,4,4,2,3.0
2,2,1.0,45.0,1.0,2.0,1.0,2.0,2.0,40,32.0,3.0,96.66666666666667,1458.0903182802872,1615.564072654557,8.412059528540114,11.440400958814557,1.0,2.0,1.0,,2,,,,5.0,35.0,0.0,0,,,,,3,4,3,5,2,3,4,2,4,4,4,6,6,2,4,2,3,3,3,2,2,4,4,4,4,4.0
2,2,1.0,26.0,3.0,1.0,1.0,2.0,4.0,40,40.0,1.0,100.0,1083.152807865356,1200.133311114814,6.248958506915514,6.248958506915514,1.0,1.0,1.0,,2,,,,2.0,10.0,4.0,8,5.0,25.0,10.0,20.0,4,2,4,2,4,3,3,2,5,5,4,5,4,4,2,3,2,4,2,2,4,4,2,2,4,2.0
2,2,1.0,77.0,1.0,3.0,1.0,1.0,1.0,20,20.0,1.0,100.0,708.2152974504247,784.7025495750709,8.171714970581826,8.171714970581826,1.0,1.0,1.0,,2,,,,10.0,10.0,0.0,0,50.0,50.0,0.0,0.0,4,2,3,4,3,4,2,3,3,5,4,5,5,5,3,4,3,4,3,3,3,2,3,1,2,3.0
2,2,2.0,58.0,1.0,2.0,1.0,1.0,2.0,40,50.0,3.0,125.0,2249.625062489585,2492.58456923846,12.97860612974761,10.38288490379809,1.0,2.0,1.0,,2,,,,20.0,30.0,5.0,5,,,,,3,3,3,4,4,4,3,1,1,1,2,6,7,3,4,2,4,5,2,2,4,4,4,5,5,5.0
2,2,2.0,42.0,1.0,1.0,1.0,2.0,1.0,40,65.0,3.0,162.5,3332.777870354941,3692.717880353274,19.22756463666312,11.83234746871577,3.0,3.0,1.0,,2,,,,20.0,20.0,20.0,5,30.76923076923077,30.76923076923077,30.76923076923077,7.692307692307693,4,4,5,3,5,5,4,1,1,4,2,6,6,4,2,3,4,4,2,2,3,3,4,4,5,4.0
2,2,1.0,50.0,1.0,2.0,1.0,2.0,1.0,40,40.0,1.0,100.0,4874.187635394101,5400.599900016663,28.12031328111981,28.12031328111981,3.0,4.0,1.0,,2,,,,6.0,10.0,12.0,12,15.0,25.0,30.0,30.0,1,5,3,4,3,5,4,1,4,3,5,7,7,3,2,4,4,3,3,2,4,4,4,4,4,5.0
2,2,1.0,39.0,1.0,2.0,1.0,8.0,2.0,40,40.0,1.0,100.0,1249.791701383103,1384.769205132478,7.210336738748668,7.210336738748668,1.0,2.0,2.0,12.0,2,,,,25.0,10.0,5.0,10,,,,,3,5,4,4,5,5,4,1,4,6,5,7,7,4,4,4,3,3,3,3,4,3,4,4,4,4.0
2,2,1.0,28.0,2.0,1.0,1.0,1.0,3.0,12,30.0,3.0,250.0,1041.493084485919,1153.974337610398,20.02871316319075,8.0114852652763,1.0,3.0,1.0,,2,,,,8.0,24.0,2.0,6,,,,,2,4,4,3,1,5,3,4,4,4,4,4,4,3,2,3,3,3,3,2,3,4,3,4,4,7.0
2,2,2.0,45.0,2.0,2.0,1.0,1.0,1.0,24,24.0,1.0,100.0,1166.472254624229,1292.451258123646,11.21607937138682,11.21607937138682,1.0,1.0,1.0,,2,,,,0.0,20.0,0.0,4,0.0,83.33333333333334,0.0,16.66666666666666,3,3,5,3,4,4,2,5,3,2,6,6,5,4,4,3,4,3,3,2,4,4,4,3,2,7.0
2,2,2.0,40.0,1.0,1.0,1.0,2.0,1.0,40,40.0,1.0,100.0,2082.986168971838,2307.948675220796,12.01722789791445,12.01722789791445,1.0,2.0,1.0,,2,,,,10.0,5.0,10.0,15,25.0,12.5,25.0,37.5,4,3,4,2,2,3,4,1,2,3,4,7,6,4,2,2,4,4,2,3,2,3,4,3,5,5.0
2,2,1.0,39.0,1.0,2.0,1.0,2.0,2.0,30,54.0,1.0,135.0,1041.493084485919,1153.974337610398,8.0114852652763,6.493423257295948,3.0,3.0,2.0,20.0,2,,,,10.0,10.0,5.0,5,,,,,3,3,4,4,4,5,3,1,2,2,3,7,6,4,4,5,4,4,2,3,4,3,3,4,4,4.0
2,2,2.0,44.0,1.0,1.0,1.0,2.0,1.0,40,40.0,1.0,100.0,1187.302116313948,1315.530744875854,6.849819901811237,6.849819901811237,1.0,3.0,6.0,7.0,2,,,,10.0,15.0,5.0,10,25.0,37.5,12.5,25.0,4,2,4,2,4,4,2,4,3,2,4,5,5,4,1,2,3,4,2,3,2,3,4,3,4,7.0
2,2,1.0,28.0,2.0,2.0,1.0,2.0,1.0,20,20.0,1.0,100.0,499.9166805532411,553.907682052991,5.768269390998936,5.768269390998936,1.0,3.0,3.0,40.0,2,,,,4.0,10.0,5.0,1,20.0,50.0,25.0,5.0,3,2,4,3,4,2,2,1,3,4,5,6,6,4,2,4,4,3,3,2,4,2,4,4,3,4.0
2,2,2.0,23.0,2.0,1.0,1.0,1.0,2.0,10,10.000000000000004,1.0,100.0,249.95834027662067,276.9538410264954,5.768269390998936,5.768269390998936,1.0,1.0,3.0,9.0,2,,,,0.0,4.0,0.0,0,0.0,40.0,0.0,0.0,4,5,4,4,5,4,4,1,5,4,4,7,7,4,2,4,4,4,2,3,2,4,3,4,4,7.0
2,2,2.0,32.0,2.0,1.0,1.0,2.0,2.0,40,50.0,3.0,125.0,1666.38893517747,1846.358940176637,9.613782318331559,7.691025854665247,1.0,3.0,1.0,,2,,,,38.0,4.0,2.0,6,76.0,8.0,4.0,12.0,3,3,4,4,5,3,3,1,6,3,7,7,7,4,2,4,5,5,3,4,2,4,5,4,4,4.0
2,2,1.0,59.0,1.0,1.0,1.0,1.0,2.0,40,50.0,3.0,125.0,3332.777870354941,3692.717880353274,19.22756463666312,15.38205170933049,3.0,3.0,1.0,,2,,,,15.0,20.0,5.0,10,30.0,40.0,10.0,20.0,3,3,4,3,2,3,4,2,5,5,4,6,6,3,4,3,4,4,2,4,3,3,3,3,3,6.0
2,2,1.0,34.0,2.0,1.0,1.0,2.0,2.0,50,58.0,3.0,116.0,2082.986168971838,2307.948675220796,9.613782318331559,8.287743377872033,1.0,1.0,2.0,4.0,2,,,,25.0,8.0,10.0,15,43.10344827586206,13.79310344827586,17.24137931034483,25.86206896551724,3,2,4,3,2,3,2,4,2,2,3,7,6,4,2,4,4,4,2,2,3,4,4,3,4,4.0
2,2,1.0,63.0,1.0,1.0,1.0,2.0,1.0,40,46.0,3.0,115.0,2082.986168971838,2307.948675220796,12.01722789791445,10.44976338949082,1.0,2.0,1.0,,2,,,,7.0,20.0,10.0,10,,,,,4,3,4,3,3,5,2,1,4,5,5,6,6,3,3,2,3,2,2,2,4,4,3,3,4,5.0
2,2,1.0,28.0,2.0,1.0,1.0,2.0,2.0,40,40.0,1.0,100.0,1458.0903182802872,1615.564072654557,8.412059528540114,8.412059528540114,1.0,3.0,1.0,,2,,,,5.0,30.0,5.0,5,,,,,1,3,3,4,4,5,4,1,5,5,6,6,6,3,2,4,2,3,4,2,4,4,4,5,4,7.0
2,2,1.0,37.0,2.0,1.0,1.0,2.0,1.0,40,40.0,1.0,100.0,3332.777870354941,3692.717880353274,19.22756463666312,19.22756463666312,1.0,1.0,1.0,,2,,,,10.0,10.0,10.0,10,25.0,25.0,25.0,25.0,3,3,3,3,2,4,3,1,4,4,6,7,6,4,4,4,4,3,2,2,4,2,3,4,3,4.0
2,2,2.0,31.0,2.0,1.0,1.0,2.0,2.0,40,48.0,3.0,120.0,1458.0903182802872,1615.564072654557,8.412059528540114,7.010049607116762,1.0,1.0,1.0,,2,,,,20.0,15.0,10.0,3,41.66666666666667,31.25,20.83333333333334,6.25,3,4,5,3,2,4,4,1,4,4,5,7,7,5,2,4,5,4,2,3,4,2,4,3,2,7.0
2,2,2.0,28.0,1.0,1.0,1.0,8.0,2.0,40,50.0,3.0,125.0,1374.770871521413,1523.246125645726,7.931370412623536,6.345096330098828,1.0,2.0,1.0,,2,,,,30.0,20.0,0.0,4,,,,,3,3,3,3,4,3,3,3,5,5,5,4,3,4,2,4,3,4,2,3,3,4,3,3,3,3.0
2,2,2.0,40.0,3.0,1.0,1.0,2.0,1.0,40,27.0,2.0,67.5,1416.43059490085,1569.405099150141,8.171714970581826,12.10624440086196,1.0,2.0,1.0,,2,,,,26.0,6.0,0.5,1,,,,,4,4,5,3,3,4,2,1,3,2,4,7,7,4,3,2,4,4,2,3,4,3,4,2,4,4.0
2,2,1.0,42.0,1.0,2.0,1.0,2.0,1.0,40,50.0,3.0,125.0,3124.479253457757,3461.923012831195,18.02584184687167,14.42067347749734,3.0,2.0,1.0,,2,,,,25.0,15.0,2.0,8,50.0,30.0,4.0,16.0,2,3,4,4,1,4,4,1,2,5,5,6,6,3,3,3,4,4,3,2,4,5,4,4,4,4.0
2,2,1.0,46.0,1.0,1.0,1.0,2.0,1.0,40,44.0,3.0,116.0,1208.131978003666,1338.610231628062,6.96999218079038,9.219370736041034,1.0,3.0,3.0,10.0,2,,,,15.0,4.0,1.0,0,,,,,1,3,3,4,4,4,3,1,4,3,2,7,6,2,4,4,4,4,3,1,4,4,4,4,4,4.0
2,2,2.0,58.0,3.0,1.0,1.0,1.0,1.0,40,50.0,3.0,125.0,1458.0903182802872,1615.564072654557,8.412059528540114,6.729647622832091,1.0,2.0,1.0,,2,,,,50.0,0.0,0.0,0,100.0,0.0,0.0,0.0,3,4,3,4,3,4,3,1,2,1,3,5,6,4,3,3,5,2,2,4,2,3,4,4,4,4.0
2,2,1.0,34.0,3.0,1.0,1.0,1.0,1.0,24,24.0,1.0,100.0,1041.493084485919,1153.974337610398,10.01435658159537,10.01435658159537,1.0,3.0,2.0,20.0,2,,,,12.0,1.0,0.0,10,50.0,4.166666666666666,0.0,41.66666666666667,3,4,4,4,2,4,4,2,5,5,6,6,7,2,3,3,2,4,3,4,2,3,4,4,5,4.0
2,2,2.0,43.0,1.0,2.0,1.0,5.0,1.0,40,40.0,1.0,100.0,1458.0903182802872,1615.564072654557,8.412059528540114,8.412059528540114,1.0,3.0,6.0,5.0,2,,,,15.0,10.0,15.0,5,,,,,3,3,5,2,3,4,3,2,3,5,5,6,5,4,3,4,4,4,2,2,4,3,4,4,4,4.0
2,2,2.0,35.0,4.0,2.0,3.0,2.0,1.0,40,30.0,2.0,75.0,1964.255957340443,2176.395600733211,11.33224590773333,15.1096612103111,1.0,2.0,1.0,,2,,,,10.0,25.0,1.0,1,,,,,3,2,2,5,4,5,3,1,2,3,5,7,7,5,4,3,4,3,3,2,4,4,4,3,2,4.0
2,2,2.0,31.0,2.0,1.0,1.0,2.0,1.0,40,40.0,1.0,100.0,1041.493084485919,1153.974337610398,6.008613948957224,6.008613948957224,1.0,2.0,1.0,,2,,,,6.0,25.0,0.0,5,15.0,62.5,0.0,12.5,2,4,5,3,3,5,3,2,3,4,5,7,7,4,1,2,3,3,4,4,2,3,3,4,4,7.0
2,2,2.0,64.0,3.0,1.0,1.0,5.0,1.0,40,40.0,1.0,100.0,2224.629228461923,2464.889185135811,12.83439939497263,12.83439939497263,2.0,4.0,1.0,,2,,,,25.0,2.0,1.0,15,,,,,1,4,4,4,5,5,4,1,1,1,6,7,7,3,4,3,3,4,3,2,4,4,4,4,5,4.0
2,2,2.0,43.0,1.0,2.0,1.0,2.0,1.0,40,40.0,1.0,100.0,2082.986168971838,2307.948675220796,12.01722789791445,12.01722789791445,2.0,3.0,1.0,,2,,,,20.0,5.0,5.0,10,50.0,12.5,12.5,25.0,2,4,3,3,4,4,4,1,1,2,3,6,6,3,2,2,4,3,2,2,3,4,4,5,4,5.0
2,2,2.0,44.0,1.0,2.0,1.0,5.0,1.0,40,40.0,1.0,100.0,1874.687552074654,2077.153807698717,10.815505108123,10.815505108123,1.0,3.0,3.0,2.0,2,,,,15.0,15.0,5.0,5,37.5,37.5,12.5,12.5,3,4,4,3,3,4,4,2,4,5,5,6,6,4,3,3,4,4,2,3,3,3,3,3,2,4.0
2,2,1.0,47.0,1.0,1.0,1.0,5.0,2.0,40,60.0,3.0,150.0,1541.40976503916,1707.882019663389,8.892748644456693,5.928499096304462,1.0,1.0,1.0,,2,,,,30.0,10.0,10.0,10,50.0,16.66666666666666,16.66666666666666,16.66666666666666,3,3,5,2,4,2,3,3,2,5,7,7,6,4,4,4,5,5,1,4,4,3,2,3,3,4.0
2,2,2.0,42.0,1.0,2.0,1.0,1.0,1.0,40,50.0,3.0,125.0,1458.0903182802872,1615.564072654557,8.412059528540114,6.729647622832091,3.0,1.0,1.0,,2,,,,30.0,15.0,5.0,2,,,,,3,3,5,2,2,2,3,1,5,6,4,6,7,4,4,3,4,4,2,2,3,2,2,4,3,4.0
2,2,2.0,43.0,1.0,2.0,1.0,8.0,1.0,40,60.0,3.0,150.0,2499.583402766205,2769.538410264955,14.42067347749734,9.613782318331557,2.0,5.0,1.0,,2,,,,20.0,5.0,5.0,30,33.33333333333333,8.333333333333332,8.333333333333332,50.0,3,4,3,2,3,3,3,1,2,2,1,5,5,4,2,3,5,3,1,2,4,4,4,3,5,5.0
2,2,2.0,49.0,1.0,2.0,1.0,1.0,1.0,40,40.0,1.0,100.0,1666.38893517747,1846.358940176637,9.613782318331559,9.613782318331559,1.0,1.0,1.0,,2,,,,0.0,40.0,0.0,0,0.0,100.0,0.0,0.0,2,3,3,1,1,2,2,2,2,6,2,4,4,4,1,1,4,2,4,2,4,5,2,5,3,7.0
2,2,1.0,42.0,1.0,2.0,1.0,2.0,1.0,40,40.0,1.0,100.0,1666.38893517747,1846.358940176637,9.613782318331559,9.613782318331559,1.0,2.0,1.0,,2,,,,20.0,5.0,5.0,10,50.0,12.5,12.5,25.0,2,2,4,2,2,2,2,5,4,2,3,5,4,3,2,4,1,2,3,3,3,4,3,3,4,4.0
2,2,1.0,29.0,1.0,1.0,1.0,2.0,2.0,8,10.000000000000004,3.0,125.0,204.1326445592399,226.17897017163796,5.888441669978079,4.710753335982464,1.0,2.0,1.0,,2,,,,9.0,0.0,0.0,1,90.0,0.0,0.0,10.0,1,4,4,4,4,4,3,1,3,2,4,5,4,4,2,4,3,4,4,3,3,4,4,4,4,3.0
2,2,2.0,54.0,3.0,2.0,1.0,2.0,1.0,40,50.0,3.0,125.0,1333.111148141976,1477.08715214131,7.691025854665247,6.152820683732198,1.0,2.0,1.0,,2,,,,22.0,25.0,0.0,3,44.0,50.0,0.0,6.0,4,2,5,3,3,3,2,3,3,3,4,3,4,4,3,2,3,4,2,2,4,3,3,3,3,4.0
2,2,1.0,34.0,3.0,1.0,1.0,6.0,1.0,40,40.0,1.0,100.0,1541.40976503916,1707.882019663389,8.892748644456693,8.892748644456693,1.0,3.0,1.0,,2,,,,28.0,6.0,2.0,4,70.0,15.0,5.0,10.0,4,4,4,4,4,5,3,1,3,4,4,6,5,3,2,3,2,3,4,4,2,4,3,4,4,3.0
2,2,2.0,54.0,2.0,1.0,1.0,6.0,1.0,40,40.0,1.0,100.0,1333.111148141976,1477.08715214131,7.691025854665247,7.691025854665247,1.0,1.0,5.0,20.0,2,,,,25.0,20.0,5.0,2,,,,,3,3,4,4,4,4,3,1,2,6,6,6,5,4,4,4,4,4,2,3,4,4,3,4,3,4.0
2,2,1.0,54.0,1.0,1.0,1.0,2.0,1.0,40,40.0,1.0,100.0,2082.986168971838,2307.948675220796,12.01722789791445,12.01722789791445,1.0,1.0,1.0,,2,,,,30.0,4.0,1.0,5,75.0,10.0,2.5,12.5,2,4,5,2,1,5,4,1,1,2,2,6,6,4,1,1,4,4,3,2,1,5,2,4,4,4.0
2,2,1.0,54.0,3.0,1.0,1.0,2.0,1.0,48,48.0,1.0,100.0,2707.882019663389,3000.333277787036,13.01866355607399,13.01866355607399,1.0,1.0,1.0,,2,,,,15.0,45.0,0.0,2,,,,,2,2,2,2,2,2,2,4,2,3,3,4,5,3,1,3,2,3,4,2,3,4,3,4,4,5.0
2,2,1.0,47.0,1.0,2.0,1.0,2.0,1.0,40,50.0,3.0,125.0,2082.986168971838,2307.948675220796,12.01722789791445,9.613782318331559,3.0,2.0,1.0,,2,,,,30.0,20.0,1.0,1,,,,,1,2,2,2,4,4,3,1,1,2,4,7,7,4,4,3,3,4,2,1,5,4,3,4,4,5.0
2,2,1.0,35.0,3.0,1.0,1.0,9.0,1.0,40,60.0,3.0,150.0,2499.583402766205,2769.538410264955,14.42067347749734,9.613782318331557,2.0,4.0,1.0,,2,,,,20.0,10.0,0.0,25,33.33333333333333,16.66666666666666,0.0,41.66666666666667,1,4,4,3,5,5,3,2,4,4,6,6,6,4,3,4,4,4,4,3,3,4,4,4,4,4.0
2,2,2.0,39.6,2.0,4.0,1.0,2.0,1.0,40,40.0,1.0,100.0,2916.180636560573,3231.128145309115,16.82411905708023,16.82411905708023,1.0,1.0,1.0,,2,,,,4.0,6.0,10.0,20,10.0,15.0,25.0,50.0,3,3,5,3,5,3,3,3,5,6,5,5,4,5,5,5,5,5,1,4,4,4,5,3,4,6.0
2,2,2.0,59.0,1.0,1.0,1.0,2.0,1.0,40,40.0,1.0,100.0,1416.43059490085,1569.405099150141,8.171714970581826,8.171714970581826,1.0,1.0,1.0,,2,,,,27.5,12.5,1.0,0,,,,,2,4,4,4,5,4,3,1,2,1,5,7,7,4,2,2,4,3,4,2,5,4,3,5,5,4.0
2,2,1.0,33.0,3.0,1.0,1.0,2.0,2.0,40,40.0,1.0,100.0,2107.9820029995,2335.644059323446,12.16143463268942,12.16143463268942,1.0,3.0,1.0,,2,,,,20.0,15.0,3.0,2,50.0,37.5,7.5,5.0,4,4,2,4,3,4,2,2,5,3,5,5,5,4,2,2,2,4,2,3,3,3,3,3,2,3.0
2,2,1.0,33.0,3.0,1.0,1.0,5.0,1.0,40,40.0,1.0,100.0,1208.131978003666,1338.610231628062,6.96999218079038,6.96999218079038,1.0,2.0,1.0,,2,,,,36.0,0.0,0.0,4,90.0,0.0,0.0,10.0,2,5,4,4,5,4,4,3,5,6,3,3,4,4,2,2,3,4,4,2,3,4,3,4,4,3.0
2,2,1.0,35.0,1.0,1.0,1.0,2.0,1.0,40,50.0,3.0,125.0,2069.780036660557,2293.316280619897,11.94103867304167,9.552830938433338,1.0,3.0,1.0,,2,,,,30.0,10.0,5.0,5,60.0,20.0,10.0,10.0,3,4,5,4,5,5,3,1,3,2,4,7,7,4,4,4,4,4,1,2,4,4,4,3,4,4.0
2,2,1.0,39.0,1.0,2.0,1.0,3.0,1.0,40,60.0,3.0,150.0,2291.284785869022,2538.743542742876,13.21895068770589,8.812633791803929,2.0,4.0,1.0,,2,,,,25.0,35.0,5.0,10,,,,,1,4,5,4,4,5,4,1,6,5,6,7,7,4,4,5,4,3,2,3,4,4,4,5,4,5.0
2,2,1.0,42.8,1.0,1.0,1.0,6.0,1.0,24,24.0,1.0,100.0,916.5139143476085,1015.49741709715,8.81263379180393,8.81263379180393,1.0,1.0,3.0,4.0,2,,,,20.0,4.0,0.0,0,83.33333333333334,16.66666666666666,0.0,0.0,1,3,5,2,3,3,3,4,4,5,4,4,4,3,3,4,3,3,3,2,4,4,4,4,4,5.0
2,2,2.0,34.0,2.0,1.0,1.0,2.0,1.0,40,60.0,3.0,150.0,1416.43059490085,1569.405099150141,8.171714970581826,5.447809980387884,1.0,4.0,1.0,,2,,,,52.0,6.0,0.0,2,86.66666666666667,10.0,0.0,3.333333333333333,4,3,4,3,3,3,2,1,1,3,1,6,5,5,2,3,3,4,2,2,3,4,3,2,3,4.0
2,2,2.0,44.0,2.0,1.0,1.0,5.0,1.0,40,50.0,3.0,125.0,1874.687552074654,2077.153807698717,10.815505108123,8.652404086498404,1.0,2.0,3.0,6.0,2,,,,25.0,20.0,2.0,5,,,,,4,3,5,2,1,2,3,1,3,2,6,7,7,4,3,3,5,3,4,4,3,2,3,4,4,5.0
2,2,1.0,41.0,2.0,2.0,1.0,5.0,2.0,60,60.0,1.0,100.0,1874.687552074654,2077.153807698717,7.210336738748669,7.210336738748669,1.0,2.0,4.0,5.0,2,,,,8.0,36.0,15.0,1,13.33333333333333,60.0,25.0,1.666666666666667,4,4,5,4,4,4,3,1,2,3,3,7,5,4,3,3,4,3,2,3,4,3,3,4,3,4.0
2,2,2.0,54.0,3.0,1.0,1.0,2.0,1.0,40,55.0,3.0,137.5,1874.687552074654,2077.153807698717,10.815505108123,7.865821896816731,1.0,3.0,1.0,,2,,,,15.0,15.0,15.0,10,27.27272727272727,27.27272727272727,27.27272727272727,18.18181818181818,4,3,4,3,2,4,2,1,1,1,5,5,4,4,3,2,4,4,2,2,2,3,3,3,2,4.0
2,2,3.0,40.0,1.0,3.0,1.0,2.0,2.0,40,60.0,3.0,150.0,2082.986168971838,2307.948675220796,12.01722789791445,8.0114852652763,3.0,2.0,6.0,80.0,2,,,,20.0,20.0,10.0,30,,,,,4,4,2,3,4,4,4,3,3,3,3,6,6,4,3,3,4,2,2,2,4,3,3,3,2,5.0
2,2,2.0,59.0,4.0,1.0,1.0,6.0,1.0,40,50.0,3.0,125.0,2416.263956007332,2677.220463256124,13.93998436158076,11.15198748926461,3.0,1.0,1.0,50.0,2,,,,20.0,10.0,5.0,15,40.0,20.0,10.0,30.0,4,3,5,2,2,5,3,1,1,7,4,6,5,4,2,3,4,4,4,2,4,4,3,3,2,5.0
2,2,2.0,45.0,1.0,1.0,1.0,2.0,1.0,40,39.0,3.0,105.0,1499.750041659723,1661.723046158973,8.652404086498404,11.90052427159576,1.0,1.0,1.0,,2,,,,30.0,10.0,0.0,0,,,,,4,4,5,2,3,4,3,2,2,2,4,5,4,4,2,3,4,4,3,3,3,2,3,4,4,5.0
2,2,1.0,37.0,2.0,1.0,1.0,1.0,1.0,60,60.0,1.0,100.0,3124.479253457757,3461.923012831195,12.01722789791445,12.01722789791445,3.0,2.0,1.0,,2,,,,20.0,15.0,10.0,15,33.33333333333333,25.0,16.66666666666666,25.0,3,4,4,4,3,5,4,1,2,4,3,6,6,4,4,3,4,4,1,2,4,2,3,4,2,7.0
2,2,1.0,76.0,1.0,1.0,1.0,6.0,1.0,40,40.0,1.0,100.0,2207.965339110148,2446.425595734044,12.73826157178932,12.73826157178932,1.0,4.0,5.0,0.5,2,,,,10.0,10.0,5.0,15,25.0,25.0,12.5,37.5,3,4,4,4,4,4,4,2,4,4,6,6,5,3,4,4,4,4,3,2,4,4,4,4,4,5.0
2,2,1.0,47.0,1.0,1.0,1.0,6.0,1.0,40,50.0,3.0,125.0,2499.583402766205,2769.538410264955,14.42067347749734,11.53653878199787,4.0,3.0,5.0,55.0,2,,,,10.0,10.0,15.0,15,20.0,20.0,30.0,30.0,1,5,3,4,5,5,5,1,2,3,5,7,7,3,5,4,4,4,2,2,5,3,5,5,5,4.0
2,2,1.0,41.0,2.0,2.0,3.0,2.0,2.0,40,40.0,1.0,100.0,3124.479253457757,3461.923012831195,18.02584184687167,18.02584184687167,2.0,3.0,1.0,,2,,,,16.0,20.0,2.0,2,40.0,50.0,5.0,5.0,3,4,3,2,3,4,4,3,4,4,5,5,5,3,3,3,4,5,2,2,4,4,3,4,4,4.0
2,2,2.0,32.0,1.0,2.0,1.0,2.0,2.0,40,40.0,1.0,100.0,1691.384769205132,1874.054324279287,9.757989053106533,9.757989053106533,1.0,2.0,1.0,,2,,,,30.0,5.0,5.0,0,75.0,12.5,12.5,0.0,2,4,4,4,3,5,3,2,2,2,6,7,5,4,2,3,2,3,3,2,3,4,4,4,2,4.0
2,2,2.0,38.0,1.0,2.0,1.0,2.0,2.0,16,16.0,1.0,100.0,729.0451591401434,807.7820363272785,10.51507441067514,10.51507441067514,1.0,1.0,1.0,14.0,2,,,,14.0,3.0,0.0,0,,,,,3,3,5,3,3,2,2,2,4,2,5,5,5,4,3,3,4,5,2,2,3,2,3,4,5,4.0
2,2,2.0,43.0,3.0,1.0,1.0,1.0,2.0,40,50.0,3.0,125.0,1624.7292117980328,1800.199966672221,9.373437760373271,7.498750208298617,1.0,1.0,1.0,,2,,,,20.0,14.0,1.0,15,40.0,28.0,2.0,30.0,4,3,3,3,1,4,3,4,4,3,6,6,5,3,3,2,3,4,3,3,3,3,3,3,3,4.0
2,2,2.0,42.0,4.0,2.0,1.0,5.0,1.0,40,45.0,3.0,112.5,2249.625062489585,2492.58456923846,12.97860612974761,11.53653878199787,1.0,4.0,3.0,3.0,2,,,,35.0,6.0,2.0,5,,,,,4,4,4,2,5,5,4,1,2,4,4,5,5,4,2,4,4,3,2,3,3,3,4,2,1,2.0
2,2,1.0,35.0,1.0,1.0,1.0,7.0,2.0,40,40.0,1.0,100.0,2082.986168971838,2307.948675220796,12.01722789791445,12.01722789791445,1.0,3.0,2.0,50.0,2,,,,10.0,20.0,5.0,5,25.0,50.0,12.5,12.5,1,4,3,5,5,4,4,1,2,3,4,6,6,2,3,4,4,5,3,2,4,4,4,4,4,4.0
2,2,1.0,44.0,1.0,2.0,1.0,5.0,1.0,40,60.0,3.0,150.0,3749.375104149308,4154.307615397433,21.63101021624601,14.42067347749734,2.0,4.0,1.0,,2,,,,10.0,15.0,5.0,40,,,,,1,4,3,4,3,4,4,1,4,2,6,6,6,4,4,4,4,4,3,2,4,4,4,5,5,5.0
2,2,2.0,64.0,2.0,1.0,1.0,5.0,1.0,40,40.0,1.0,100.0,1916.347275454091,2123.312781203133,11.05584966608129,11.05584966608129,1.0,1.0,1.0,,2,,,,20.0,30.0,10.0,5,,,,,1,4,4,3,2,3,3,2,3,4,5,5,5,4,3,4,4,5,4,2,5,5,4,5,4,5.0
2,2,1.0,39.0,1.0,3.0,1.0,4.0,1.0,40,60.0,3.0,150.0,4165.972337943675,4615.897350441592,24.0344557958289,16.0229705305526,4.0,5.0,1.0,,2,,,,20.0,10.0,20.0,20,,,,,3,3,5,3,4,5,4,2,4,5,4,6,6,4,4,4,4,3,2,2,3,4,4,3,4,4.0
2,2,1.0,44.0,2.0,1.0,1.0,2.0,1.0,40,40.0,1.0,100.0,1874.687552074654,2077.153807698717,10.815505108123,10.815505108123,1.0,3.0,1.0,,2,,,,20.0,20.0,2.0,10,,,,,4,4,3,3,3,2,3,4,4,3,4,4,4,5,2,1,3,3,2,4,4,3,3,4,4,5.0
2,2,2.0,54.0,1.0,1.0,1.0,4.0,3.0,2,2.0,1.0,100.0,41.659723379436855,46.158973504415826,4.806891159165779,4.806891159165778,1.0,1.0,3.0,42.0,2,,,,2.0,3.0,0.0,0,,,,,3,3,2,3,2,4,3,2,3,2,6,6,6,3,2,4,4,4,2,3,3,3,4,4,3,4.0
2,2,1.0,44.0,1.0,2.0,1.0,2.0,1.0,40,50.0,3.0,125.0,3541.076487252124,3923.512747875354,20.42928742645456,16.34342994116365,3.0,3.0,1.0,,2,,,,17.0,19.0,6.0,8,34.0,38.0,12.0,16.0,4,3,5,3,4,4,3,3,6,6,5,4,3,4,2,3,3,3,2,4,2,2,3,2,3,5.0
2,2,1.0,57.0,1.0,1.0,3.0,5.0,1.0,40,40.0,1.0,100.0,1666.38893517747,1846.358940176637,9.613782318331559,9.613782318331559,1.0,2.0,3.0,10.0,2,,,,20.0,0.0,0.0,10,50.0,0.0,0.0,25.0,4,1,4,1,2,3,1,4,3,2,6,5,2,4,2,2,2,3,4,2,2,3,2,3,2,3.0
2,2,2.0,46.0,3.0,1.0,1.0,4.0,2.0,24,24.0,1.0,100.0,1487.252124645892,1647.875354107648,14.30050119851819,14.30050119851819,1.0,1.0,2.0,40.0,2,,,,0.0,20.0,3.0,1,0.0,83.33333333333334,12.5,4.166666666666666,4,4,5,2,3,3,3,2,2,5,4,5,5,4,1,2,3,4,2,2,4,4,2,2,4,7.0
2,2,2.0,38.0,3.0,1.0,1.0,1.0,1.0,40,48.0,3.0,120.0,1833.027828695217,2030.994834194301,10.57516055016472,8.81263379180393,1.0,1.0,7.0,7.0,2,,,,12.0,24.0,6.0,6,25.0,50.0,12.5,12.5,3,2,4,3,3,3,3,1,6,6,5,7,7,4,3,4,4,4,2,4,3,2,4,2,4,4.0
2,2,1.0,46.0,1.0,2.0,1.0,7.0,1.0,40,40.0,1.0,100.0,2562.07298783536,2838.776870521579,14.78119031443477,14.78119031443477,1.0,2.0,1.0,,2,,,,21.0,12.0,2.0,3,52.5,30.0,5.0,7.5,3,3,4,3,2,3,3,2,4,5,6,6,7,4,4,3,4,4,3,4,4,2,4,4,2,5.0
2,2,2.0,39.0,1.0,1.0,3.0,4.0,1.0,8,46.0,3.0,120.0,312.44792534577573,346.1923012831194,9.012920923435836,6.908647093616265,1.0,3.0,2.0,3.0,2,,,,10.0,15.0,10.0,2.5,,,,,3,2,3,4,2,4,3,3,3,2,2,4,4,5,3,2,4,4,3,2,4,4,4,4,4,4.0
2,2,2.0,40.0,1.0,2.0,1.0,4.0,2.0,8,7.9999999999999964,1.0,100.0,624.8958506915515,692.3846025662388,18.02584184687167,18.02584184687167,3.0,3.0,6.0,50.0,2,,,,4.0,2.0,1.0,1,50.0,25.0,12.5,12.5,3,4,4,4,4,4,4,1,4,2,4,7,7,4,3,4,5,4,1,2,3,3,4,3,2,4.0
2,2,2.0,44.0,1.0,2.0,1.0,10.0,1.0,40,40.0,1.0,100.0,2916.180636560573,3231.128145309115,16.82411905708023,16.82411905708023,4.0,4.0,3.0,10.0,2,,,,15.0,10.0,20.0,10,,,,,3,3,5,2,5,4,3,3,3,5,4,4,5,5,4,3,5,3,2,2,4,4,5,3,1,6.0
2,2,2.0,46.0,1.0,2.0,1.0,6.0,1.0,40,40.0,1.0,100.0,1458.0903182802872,1615.564072654557,8.412059528540114,8.412059528540114,1.0,2.0,1.0,,2,,,,25.0,20.0,10.0,2,,,,,2,4,4,2,2,3,3,3,3,3,4,4,3,4,2,2,2,4,4,2,4,2,3,3,3,4.0
2,2,1.0,41.0,1.0,2.0,1.0,4.0,2.0,40,49.0,3.0,122.5,2082.986168971838,2307.948675220796,12.01722789791445,9.809981957481183,1.0,1.0,1.0,,2,,,,0.0,45.0,1.0,2,0.0,91.83673469387756,2.040816326530612,4.081632653061225,2,4,5,2,1,5,3,3,4,5,4,5,6,4,3,2,4,2,3,2,3,4,3,4,3,7.0
2,2,1.0,48.0,1.0,2.0,1.0,2.0,1.0,20,20.0,1.0,100.0,749.8750208298616,830.8615230794869,8.652404086498404,8.652404086498404,1.0,1.0,3.0,20.0,2,,,,15.0,3.0,0.0,2,75.0,15.0,0.0,10.0,2,3,4,3,2,5,2,4,2,3,4,5,3,3,1,1,3,2,3,2,4,4,3,4,4,4.0
2,2,1.0,55.0,1.0,1.0,1.0,2.0,2.0,40,50.0,3.0,125.0,2291.284785869022,2538.743542742876,13.21895068770589,10.57516055016471,3.0,3.0,1.0,,2,,,,25.0,15.0,5.0,5,50.0,30.0,10.0,10.0,3,4,5,3,4,5,3,2,3,6,5,6,6,4,3,2,5,5,2,2,4,4,2,4,4,5.0
2,2,2.0,45.0,1.0,2.0,1.0,4.0,1.0,24,40.0,3.0,166.6666666666667,1458.0903182802872,1615.564072654557,14.02009921423352,8.412059528540114,3.0,3.0,2.0,20.0,2,,,,8.0,7.0,15.0,10,20.0,17.5,37.5,25.0,3,4,5,2,4,2,4,2,2,3,3,5,7,4,2,2,4,4,2,2,4,4,4,4,4,4.0
2,2,2.0,41.0,1.0,2.0,3.0,12.0,1.0,40,60.0,3.0,150.0,2166.305615730711,2400.266622229628,12.49791701383103,8.331944675887351,1.0,4.0,1.0,,2,,,,45.0,10.0,0.0,5,75.0,16.66666666666666,0.0,8.333333333333332,3,2,3,2,1,2,2,3,5,2,4,2,3,5,3,4,5,5,1,3,3,3,4,2,2,5.0
2,2,2.0,29.0,2.0,3.0,1.0,2.0,1.0,40,40.0,1.0,100.0,1249.791701383103,1384.769205132478,7.210336738748668,7.210336738748668,1.0,1.0,1.0,,2,,,,0.0,40.0,0.0,0,0.0,100.0,0.0,0.0,4,4,5,3,3,4,3,3,4,3,4,4,5,4,2,2,2,4,4,4,2,2,3,3,3,3.0
2,2,2.0,39.0,1.0,1.0,1.0,1.0,2.0,40,60.0,3.0,150.0,2416.263956007332,2677.220463256124,13.93998436158076,9.293322907720507,3.0,2.0,1.0,,2,,,,25.0,10.0,20.0,5,41.66666666666667,16.66666666666666,33.33333333333333,8.333333333333332,4,3,4,2,4,2,3,2,4,6,4,5,5,4,3,4,4,4,2,3,3,3,3,2,4,4.0
2,2,1.0,44.0,1.0,2.0,1.0,5.0,2.0,40,60.0,3.0,150.0,1458.0903182802872,1615.564072654557,8.412059528540114,5.608039685693409,3.0,2.0,1.0,,2,,,,15.0,15.0,15.0,15,25.0,25.0,25.0,25.0,3,2,5,2,3,4,2,2,5,5,5,6,5,4,4,4,4,4,2,4,3,2,3,3,3,4.0
2,2,2.0,41.0,1.0,1.0,1.0,4.0,5.0,40,44.0,3.0,110.0,1833.027828695217,2030.994834194301,10.57516055016472,10.3021291323241,1.0,1.0,1.0,,2,,,,2.0,20.0,15.0,5,,,,,4,3,4,2,4,5,3,2,2,4,4,6,5,4,3,2,3,4,3,3,3,2,2,2,4,7.0
2,2,1.0,59.0,2.0,3.0,1.0,7.0,2.0,20,20.0,1.0,100.0,833.1944675887353,923.1794700883186,9.613782318331559,9.613782318331559,1.0,4.0,3.0,40.0,2,,,,8.0,8.0,2.0,1,40.0,40.0,10.0,5.0,2,4,5,4,5,5,3,1,5,1,7,7,7,2,4,4,3,3,3,2,4,3,3,5,4,2.0
2,2,2.0,48.0,1.0,2.0,1.0,4.0,1.0,40,50.0,3.0,125.0,1874.687552074654,2077.153807698717,10.815505108123,8.652404086498404,1.0,4.0,1.0,,2,,,,50.0,2.0,0.5,0,,,,,1,3,5,3,2,5,4,1,4,3,5,7,7,4,3,2,4,4,4,3,4,4,4,5,5,4.0
2,2,2.0,33.0,2.0,1.0,1.0,4.0,1.0,40,40.0,1.0,100.0,2499.583402766205,2769.538410264955,14.42067347749734,14.42067347749734,3.0,3.0,6.0,25.0,2,,,,6.0,12.0,12.0,10,15.0,30.0,30.0,25.0,1,4,5,4,3,4,4,1,4,5,5,7,7,4,4,5,5,3,2,2,3,4,5,5,3,4.0
2,2,2.0,30.0,1.0,1.0,1.0,4.0,2.0,20,20.0,1.0,100.0,749.8750208298616,830.8615230794869,8.652404086498404,8.652404086498404,1.0,2.0,2.0,20.0,2,,,,0.0,10.0,5.0,5,0.0,50.0,25.0,25.0,3,4,5,2,3,5,4,1,5,4,6,5,6,4,3,3,3,4,3,3,3,2,4,4,3,7.0
2,2,2.0,41.0,1.0,2.0,1.0,4.0,1.0,30,30.0,1.0,100.0,1441.426428928512,1597.100483252791,11.0878956071424,11.0878956071424,1.0,2.0,1.0,,2,,,,16.0,10.0,0.0,4,53.33333333333334,33.33333333333333,0.0,13.33333333333333,4,4,4,3,2,5,3,2,7,6,6,6,5,4,2,2,3,4,4,3,4,4,3,3,2,4.0
2,2,2.0,46.0,1.0,2.0,1.0,4.0,2.0,40,40.0,1.0,100.0,2082.986168971838,2307.948675220796,12.01722789791445,12.01722789791445,1.0,1.0,6.0,10.0,2,,,,1.0,38.0,1.0,0,2.5,95.0,2.5,0.0,2,4,5,2,3,5,2,6,3,6,1,2,4,4,1,1,1,2,4,1,2,3,2,2,3,7.0
2,2,1.0,51.0,1.0,2.0,1.0,1.0,1.0,40,50.0,3.0,125.0,3749.375104149308,4154.307615397433,21.63101021624601,17.30480817299681,3.0,1.0,1.0,,2,,,,15.0,15.0,5.0,15,30.0,30.0,10.0,30.0,3,3,3,3,1,4,2,2,2,2,2,7,7,4,4,4,5,5,2,3,3,3,4,4,5,5.0
2,2,2.0,25.0,2.0,1.0,1.0,4.0,2.0,4,10.000000000000004,3.0,250.0,312.44792534577573,346.1923012831194,18.02584184687167,7.210336738748668,3.0,1.0,2.0,50.0,2,,,,8.0,0.0,0.0,2,80.0,0.0,0.0,20.0,2,4,3,4,4,5,4,1,1,1,4,7,7,3,2,4,4,4,4,2,3,3,4,4,4,3.0
2,2,1.0,37.0,2.0,1.0,1.0,4.0,2.0,56,32.0,2.0,57.14285714285714,2499.583402766205,2769.538410264955,10.30048105535524,18.02584184687167,1.0,2.0,1.0,,2,,,,0.0,50.0,0.0,2,,,,,2,4,4,4,5,4,4,3,5,6,5,5,5,4,1,2,2,3,4,4,2,3,4,4,4,7.0
2,2,2.0,31.0,1.0,2.0,1.0,4.0,1.0,40,50.0,3.0,125.0,1249.791701383103,1384.769205132478,7.210336738748668,5.768269390998935,1.0,2.0,1.0,,2,,,,37.0,5.0,5.0,3,74.0,10.0,10.0,6.0,4,3,5,3,4,4,2,1,2,4,5,7,5,4,2,2,4,4,3,3,4,4,2,4,3,3.0
2,2,2.0,39.0,3.0,1.0,1.0,4.0,1.0,8,7.9999999999999964,1.0,100.0,499.9166805532411,553.907682052991,14.42067347749734,14.42067347749734,1.0,3.0,3.0,40.0,2,,,,6.0,8.0,0.0,0,,,,,1,4,3,4,4,4,3,1,4,2,6,7,5,2,2,4,3,4,4,2,4,3,3,4,5,4.0
2,2,2.0,28.0,1.0,1.0,1.0,1.0,2.0,40,50.0,3.0,125.0,1458.0903182802872,1615.564072654557,8.412059528540114,6.729647622832091,1.0,1.0,1.0,,2,,,,2.0,30.0,4.0,4,4.0,60.0,8.0,8.0,3,3,3,3,2,4,2,3,4,4,4,4,4,4,3,4,4,4,2,3,2,4,4,3,3,3.0
2,2,2.0,40.0,4.0,2.0,1.0,4.0,2.0,40,40.0,1.0,100.0,1249.791701383103,1384.769205132478,7.210336738748668,7.210336738748668,1.0,3.0,1.0,,2,,,,24.0,8.0,16.0,5,,,,,3,3,4,4,4,4,4,2,5,5,7,7,5,3,4,4,4,4,2,3,3,4,4,3,2,7.0
2,2,2.0,41.0,1.0,2.0,1.0,4.0,1.0,40,96.0,3.0,240.0,2166.305615730711,2400.266622229628,12.49791701383103,5.207465422429594,3.0,3.0,1.0,,2,,,,10.0,22.0,32.0,32,10.41666666666667,22.91666666666666,33.33333333333333,33.33333333333333,3,4,5,3,2,4,2,1,2,1,4,6,6,4,4,4,5,5,2,4,2,2,2,2,4,4.0
2,2,2.0,33.0,1.0,2.0,1.0,4.0,4.0,16,16.0,1.0,100.0,583.2361273121146,646.2256290618232,8.412059528540114,8.412059528540114,1.0,1.0,7.0,9.0,2,,,,7.0,8.0,0.0,1,43.75,50.0,0.0,6.25,1,4,3,4,4,5,4,1,4,4,6,7,7,3,3,5,4,4,2,3,4,3,4,5,4,7.0
2,2,2.0,31.0,1.0,1.0,1.0,4.0,1.0,1,2.5,3.0,250.0,133.31111481419748,147.7087152141312,30.76410341866099,12.3056413674644,1.0,1.0,2.0,52.0,2,,,,2.5,0.0,0.0,0,100.0,0.0,0.0,0.0,2,3,3,4,1,4,4,1,4,2,6,7,7,4,2,2,3,3,4,2,3,4,4,5,4,4.0
2,2,2.0,34.0,1.0,2.0,1.0,4.0,1.0,20,40.5,3.0,121.60714285714286,916.5139143476085,1015.49741709715,10.57516055016472,9.343363825327355,1.0,2.0,1.0,,2,,,,5.0,15.0,1.0,2,,,,,2,4,4,3,4,3,3,1,2,2,4,5,6,4,1,2,2,2,4,2,4,3,2,4,5,4.0
2,2,1.0,50.0,1.0,2.0,1.0,4.0,1.0,40,40.0,1.0,100.0,1833.027828695217,2030.994834194301,10.57516055016472,10.57516055016472,1.0,1.0,2.0,8.0,2,,,,25.0,5.0,5.0,5,62.5,12.5,12.5,12.5,4,2,4,2,2,3,3,2,2,2,6,6,6,4,2,2,4,4,3,3,3,3,4,4,4,5.0
2,2,1.0,45.0,2.0,1.0,1.0,9.0,2.0,40,48.0,3.0,120.0,1666.38893517747,1846.358940176637,9.613782318331559,8.0114852652763,1.0,3.0,1.0,,2,,,,12.0,18.0,14.0,2,25.0,37.5,29.16666666666667,4.166666666666666,3,4,3,3,4,4,4,1,4,6,6,7,7,4,4,4,4,4,1,3,4,3,4,4,4,7.0
2,2,2.0,28.0,2.0,1.0,1.0,4.0,1.0,8,15.0,3.0,187.5,333.27778703549393,369.2717880353275,9.613782318331559,5.127350569776832,3.0,4.0,3.0,18.0,2,,,,1.0,10.0,5.0,5,,,,,3,4,5,4,3,5,3,2,4,3,4,7,7,5,4,4,5,3,2,2,3,3,5,5,2,4.0
2,2,2.0,39.0,3.0,1.0,1.0,1.0,2.0,40,40.0,1.0,100.0,2499.583402766205,2769.538410264955,14.42067347749734,14.42067347749734,1.0,1.0,1.0,,2,,,,8.0,24.0,2.0,6,20.0,60.0,5.0,15.0,4,3,4,3,2,4,3,2,3,4,4,7,6,4,2,3,3,4,3,4,2,3,3,3,3,7.0
2,2,1.0,72.0,1.0,1.0,1.0,4.0,1.0,20,20.0,1.0,100.0,833.1944675887353,923.1794700883186,9.613782318331559,9.613782318331559,1.0,3.0,2.0,10.0,2,,,,12.0,5.0,3.0,1,,,,,3,3,5,4,4,3,3,1,2,2,3,7,7,3,5,4,4,4,2,2,4,4,4,4,3,5.0
2,2,2.0,32.0,3.0,1.0,1.0,9.0,1.0,30,40.0,3.0,133.3333333333333,999.8333611064825,1107.815364105982,7.691025854665248,5.768269390998936,1.0,2.0,5.0,8.0,2,,,,5.0,25.0,1.0,5,12.5,62.5,2.5,12.5,2,2,2,5,5,5,3,1,4,3,6,6,7,4,2,3,2,2,3,2,3,4,4,3,4,7.0
2,2,2.0,47.0,1.0,2.0,1.0,9.0,2.0,40,25.0,2.0,62.50000000000001,1249.791701383103,1384.769205132478,7.210336738748668,11.53653878199787,4.0,5.0,5.0,25.0,2,,,,25.0,5.0,1.0,1,,,,,3,3,3,4,4,5,3,1,1,3,2,7,7,4,3,3,4,3,3,3,3,2,4,5,4,4.0
2,2,2.0,50.0,1.0,2.0,1.0,4.0,1.0,40,40.0,1.0,100.0,1249.791701383103,1384.769205132478,7.210336738748668,7.210336738748668,1.0,3.0,3.0,15.0,2,,,,30.0,10.0,5.0,5,,,,,2,3,2,4,5,4,2,2,3,3,6,7,7,4,2,2,4,3,4,2,2,4,3,3,2,3.0
2,2,2.0,58.0,2.0,1.0,1.0,4.0,1.0,8,7.9999999999999964,1.0,100.0,229.12847858690202,253.87435427428773,6.609475343852948,6.609475343852948,2.0,3.0,2.0,15.0,2,,,,6.0,0.0,1.0,1,75.0,0.0,12.5,12.5,1,4,4,3,5,5,4,2,2,3,6,6,6,3,2,4,4,5,3,2,4,5,5,5,4,4.0
2,2,1.0,26.0,1.0,2.0,1.0,4.0,2.0,40,54.0,3.0,135.0,1458.0903182802872,1615.564072654557,8.412059528540114,6.23115520632601,1.0,1.0,1.0,,2,,,,12.0,35.0,5.0,2,22.22222222222222,64.81481481481481,9.25925925925926,3.703703703703703,3,4,4,3,4,3,4,1,4,3,4,5,7,5,3,4,4,4,2,3,3,3,3,4,3,7.0
2,2,2.0,46.0,1.0,2.0,1.0,9.0,4.0,6,12.0,3.0,200.0,208.29861689718382,230.79486752207958,8.0114852652763,4.00574263263815,1.0,2.0,7.0,24.0,2,,,,3.0,3.0,1.0,1,25.0,25.0,8.333333333333332,8.333333333333332,4,2,3,2,1,3,2,1,3,3,4,4,4,4,2,3,2,3,3,2,2,2,3,2,3,8.0
2,2,2.0,34.0,3.0,1.0,1.0,4.0,1.0,10,15.0,3.0,150.0,283.2861189801697,313.88101983002844,6.53737197646546,4.358247984310307,1.0,3.0,6.0,35.0,2,,,,2.5,0.0,0.0,2,16.66666666666666,0.0,0.0,13.33333333333333,2,4,2,5,5,5,3,1,1,1,2,6,6,3,2,3,2,1,5,2,4,4,4,4,5,2.0
2,2,1.0,50.0,1.0,2.0,1.0,4.0,2.0,28,35.0,3.0,125.0,1333.111148141976,1477.08715214131,10.98717979237892,8.78974383390314,1.0,1.0,2.0,12.0,2,,,,2.0,8.0,0.0,4,5.714285714285714,22.85714285714286,0.0,11.42857142857143,3,4,5,4,4,4,3,1,4,5,4,7,7,2,2,4,4,4,2,2,4,2,3,4,4,7.0
2,2,1.0,33.0,2.0,1.0,1.0,9.0,1.0,36,36.0,1.0,100.0,1374.770871521413,1523.246125645726,8.812633791803929,8.812633791803929,1.0,2.0,5.0,20.0,2,,,,33.0,1.0,0.0,2,91.66666666666666,2.777777777777778,0.0,5.555555555555555,3,3,2,4,3,4,3,2,4,2,6,5,6,3,3,4,4,4,2,3,3,2,4,3,3,4.0
2,2,1.0,37.0,3.0,1.0,1.0,4.0,1.0,4,7.0,3.0,175.0,374.9375104149308,415.43076153974334,21.63101021624601,12.36057726642629,1.0,1.0,2.0,40.0,2,,,,6.0,1.0,0.0,0,85.71428571428571,14.28571428571428,0.0,0.0,4,3,2,2,2,4,2,1,2,1,4,5,6,4,2,4,4,4,2,3,3,2,2,2,2,4.0
2,2,2.0,50.0,1.0,1.0,1.0,4.0,1.0,40,60.0,3.0,150.0,1874.687552074654,2077.153807698717,10.815505108123,7.210336738748669,4.0,5.0,2.0,10.0,2,,,,15.0,25.0,10.0,20,,,,,1,4,5,3,4,3,5,1,3,4,7,7,7,4,4,5,5,5,1,2,5,4,5,4,4,6.0
2,2,2.0,27.0,2.0,1.0,1.0,1.0,2.0,40,40.0,1.0,100.0,249.95834027662067,276.9538410264954,1.442067347749734,1.4420673477497346,1.0,2.0,1.0,,2,,,,0.0,35.0,0.0,0,0.0,87.5,0.0,0.0,3,4,4,4,4,5,4,1,4,2,6,7,7,4,3,4,4,4,3,4,2,1,4,5,5,7.0
2,2,1.0,35.0,1.0,2.0,1.0,1.0,2.0,40,40.0,1.0,100.0,3332.777870354941,3692.717880353274,19.22756463666312,19.22756463666312,1.0,2.0,1.0,,2,,,,4.0,24.0,8.0,4,10.0,60.0,20.0,10.0,2,4,3,4,3,4,3,2,3,2,6,7,6,2,2,3,2,4,3,2,3,4,4,4,5,7.0
2,2,2.0,64.0,5.0,3.0,1.0,4.0,1.0,40,46.0,3.0,115.0,1874.687552074654,2077.153807698717,10.815505108123,10.765376100320275,1.0,2.0,5.0,2.0,2,,,,15.0,25.0,5.0,5,,,,,3,3,5,2,3,4,3,1,4,4,7,7,6,4,4,2,5,5,2,4,4,2,3,3,2,5.0
2,2,1.0,41.0,2.0,2.0,3.0,1.0,1.0,40,40.0,1.0,100.0,2499.583402766205,2769.538410264955,14.42067347749734,14.42067347749734,1.0,1.0,1.0,,2,,,,12.0,28.0,5.0,5,,,,,4,4,4,3,4,5,3,3,2,3,4,5,5,3,3,3,3,4,3,4,2,3,3,3,3,9.0
2,2,1.0,42.0,1.0,2.0,1.0,1.0,1.0,40,60.0,3.0,150.0,1958.006998833528,2169.471754707549,11.29619422403958,7.530796149359722,3.0,3.0,5.0,2.0,2,,,,30.0,8.0,4.0,4,50.0,13.33333333333333,6.666666666666667,6.666666666666667,3,4,4,3,4,5,4,1,6,3,6,7,7,4,4,3,4,3,2,2,4,4,4,4,3,2.0
2,2,2.0,29.0,2.0,3.0,1.0,4.0,2.0,8,10.000000000000004,3.0,125.0,301.616397267122,334.19096817197124,8.700472998090062,6.96037839847205,1.0,1.0,2.0,45.0,2,,,,9.0,0.5,0.0,0,90.0,5.0,0.0,0.0,4,2,1,2,1,3,2,2,4,2,6,6,5,4,2,3,3,4,3,3,3,2,3,4,3,3.0
2,2,1.0,32.0,3.0,1.0,1.0,1.0,2.0,40,50.0,3.0,125.0,1791.368105315781,1984.835860689885,10.33481599220643,8.267852793765142,1.0,2.0,1.0,,2,,,,3.0,23.0,20.0,4,6.0,46.0,40.0,8.0,1,4,4,4,4,4,3,1,2,3,5,6,6,3,2,3,4,4,3,2,4,4,4,4,3,7.0
2,2,2.0,24.0,3.0,1.0,1.0,1.0,2.0,40,50.0,3.0,125.0,1458.0903182802872,1615.564072654557,8.412059528540114,6.729647622832091,1.0,1.0,1.0,,2,,,,0.0,50.0,5.0,2,,,,,3,4,4,3,5,3,4,3,5,4,6,7,7,3,3,4,4,2,3,2,2,3,4,5,4,7.0
2,2,2.0,30.0,2.0,1.0,1.0,1.0,2.0,40,40.0,1.0,100.0,1791.368105315781,1984.835860689885,10.33481599220643,10.33481599220643,1.0,1.0,1.0,,2,,,,1.0,38.0,0.5,0.5,2.5,95.0,1.25,1.25,1,4,5,4,3,4,4,1,1,3,3,6,6,3,2,4,3,4,4,3,4,2,4,4,4,7.0
2,2,1.0,38.0,1.0,2.0,1.0,10.0,1.0,40,55.0,3.0,137.5,1874.687552074654,2077.153807698717,10.815505108123,7.865821896816731,1.0,1.0,5.0,55.0,2,,,,30.0,20.0,10.0,5,,,,,1,4,5,2,1,3,3,2,5,6,5,6,6,4,2,5,4,4,2,2,4,5,3,4,5,4.0
2,2,1.0,36.0,2.0,1.0,1.0,1.0,2.0,40,40.0,1.0,100.0,2082.986168971838,2307.948675220796,12.01722789791445,12.01722789791445,1.0,2.0,1.0,,2,,,,17.0,15.0,6.0,2,42.5,37.5,15.0,5.0,2,4,3,4,5,5,4,1,4,4,5,7,7,2,2,3,2,3,3,2,3,4,4,4,4,4.0
2,2,2.0,69.0,5.0,1.0,1.0,9.0,1.0,40,60.0,3.0,150.0,2916.180636560573,3231.128145309115,16.82411905708023,11.21607937138682,2.0,5.0,1.0,,2,,,,8.0,6.0,10.0,36,13.33333333333333,10.0,16.66666666666666,60.0,1,4,4,4,4,5,4,1,3,2,6,7,6,4,4,5,4,4,2,2,4,4,4,4,4,4.0
2,2,2.0,43.0,4.0,2.0,1.0,9.0,2.0,6,6.0,1.0,100.0,416.5972337943674,461.5897350441594,16.0229705305526,16.0229705305526,3.0,2.0,5.0,12.0,2,,,,6.0,20.0,20.0,2,,,,,3,3,4,3,2,2,2,1,3,3,5,7,7,5,4,4,5,5,1,3,4,4,4,3,3,4.0
2,2,2.0,58.0,3.0,3.0,1.0,9.0,1.0,40,40.0,1.0,100.0,1749.708381936344,1938.676887185469,10.09447143424814,10.09447143424814,2.0,4.0,5.0,4.0,2,,,,15.0,5.0,5.0,15,37.5,12.5,12.5,37.5,3,4,5,3,2,4,3,1,1,2,4,6,7,4,3,4,4,2,2,3,4,2,5,5,4,6.0
2,2,1.0,28.0,2.0,1.0,1.0,1.0,2.0,40,40.0,1.0,100.0,2291.284785869022,2538.743542742876,13.21895068770589,13.21895068770589,1.0,2.0,1.0,,2,,,,35.0,5.0,0.0,0,87.5,12.5,0.0,0.0,3,4,3,4,3,4,4,1,4,3,6,7,7,2,4,4,4,4,2,3,4,3,4,4,5,2.0
2,2,2.0,44.0,1.0,2.0,1.0,9.0,1.0,40,40.0,1.0,100.0,1541.40976503916,1707.882019663389,8.892748644456693,8.892748644456693,1.0,4.0,6.0,2.5,2,,,,30.0,5.0,0.0,5,75.0,12.5,0.0,12.5,3,4,2,2,2,4,5,1,2,1,6,7,7,4,3,4,4,4,3,4,2,2,5,5,5,4.0
2,2,2.0,44.0,1.0,1.0,1.0,8.0,1.0,40,40.0,1.0,100.0,1583.069488418597,1754.040993167805,9.133093202414981,9.133093202414981,1.0,3.0,1.0,,2,,,,30.0,5.0,1.0,4,75.0,12.5,2.5,10.0,2,2,4,3,2,4,3,1,1,1,3,7,5,2,2,3,1,2,4,2,3,4,4,5,5,4.0
2,2,1.0,52.0,1.0,1.0,1.0,1.0,1.0,40,52.5,3.0,131.25,2707.882019663389,3000.333277787036,15.62239626728878,11.9027781084105,2.0,4.0,1.0,,2,,,,20.0,5.0,0.0,20,38.09523809523809,9.523809523809524,0.0,38.09523809523809,2,4,4,4,4,4,4,1,4,4,5,6,6,4,2,2,2,4,3,2,4,3,4,4,4,5.0
2,2,1.0,27.0,2.0,1.0,1.0,1.0,2.0,25,40.0,3.0,160.0,1333.111148141976,1477.08715214131,12.3056413674644,7.691025854665247,1.0,2.0,1.0,,2,,,,1.0,39.0,0.0,0,2.5,97.5,0.0,0.0,1,5,4,5,4,5,5,1,4,4,5,7,7,2,4,4,4,4,2,2,4,4,3,5,4,7.0
2,2,2.0,26.0,1.0,1.0,1.0,1.0,2.0,40,40.0,1.0,100.0,1749.708381936344,1938.676887185469,10.09447143424814,10.09447143424814,1.0,1.0,1.0,,2,,,,0.0,40.0,0.0,0,0.0,100.0,0.0,0.0,2,5,5,4,5,5,5,1,2,2,3,6,7,2,2,4,2,1,4,4,3,1,4,4,4,7.0
2,2,1.0,47.0,1.0,3.0,1.0,1.0,2.0,43,55.0,3.0,127.9069767441861,2249.625062489585,2492.58456923846,12.07312198116056,9.438986276180078,3.0,2.0,1.0,,2,,,,20.0,10.0,15.0,10,36.36363636363637,18.18181818181818,27.27272727272727,18.18181818181818,3,2,4,2,2,3,2,3,5,5,6,5,3,5,4,4,5,4,2,3,4,3,2,2,1,3.0
2,2,1.0,44.0,1.0,2.0,1.0,9.0,1.0,40,40.0,1.0,100.0,1833.027828695217,2030.994834194301,10.57516055016472,10.57516055016472,4.0,5.0,5.0,30.0,2,,,,20.0,5.0,5.0,10,50.0,12.5,12.5,25.0,3,3,3,4,3,5,2,1,3,2,4,7,7,4,3,4,4,4,2,4,3,3,4,4,4,5.0
2,2,2.0,56.0,1.0,3.0,1.0,9.0,1.0,20,30.0,3.0,150.0,833.1944675887353,923.1794700883186,9.613782318331559,6.409188212221039,2.0,1.0,5.0,25.0,2,,,,10.0,20.0,0.0,0,33.33333333333333,66.66666666666666,0.0,0.0,3,2,2,4,5,5,3,1,1,1,1,7,7,2,3,4,4,4,3,1,2,3,4,4,4,4.0
2,2,2.0,27.0,1.0,1.0,1.0,1.0,3.0,40,50.0,3.0,125.0,1041.493084485919,1153.974337610398,6.008613948957224,4.806891159165778,2.0,1.0,1.0,,2,,,,10.0,20.0,10.0,10,20.0,40.0,20.0,20.0,4,2,5,1,2,2,1,1,4,2,7,6,6,4,3,4,4,4,2,4,2,2,2,2,3,7.0
2,2,1.0,53.0,1.0,2.0,1.0,9.0,7.0,40,65.0,3.0,162.5,2207.965339110148,2446.425595734044,12.73826157178932,7.838930198024196,4.0,5.0,6.0,12.0,2,,,,12.0,6.0,6.0,20,18.46153846153846,9.230769230769232,9.230769230769232,30.76923076923077,3,2,4,2,3,3,2,1,3,1,5,7,7,4,4,5,4,4,2,3,4,3,4,4,3,5.0
2,2,1.0,49.0,1.0,1.0,1.0,2.0,1.0,40,40.0,1.0,100.0,2582.902849525079,2861.856357273788,14.90136259341392,14.90136259341392,1.0,1.0,1.0,,2,,,,25.0,15.0,0.0,0,62.5,37.5,0.0,0.0,4,4,4,4,5,5,4,2,3,5,4,5,6,3,4,2,2,2,2,4,1,2,3,3,4,5.0
2,2,1.0,41.0,3.0,1.0,1.0,1.0,1.0,40,60.0,3.0,150.0,2082.986168971838,2307.948675220796,12.01722789791445,8.0114852652763,3.0,2.0,1.0,,2,,,,20.0,30.0,5.0,5,33.33333333333333,50.0,8.333333333333332,8.333333333333332,3,4,5,4,3,4,3,2,4,5,5,7,7,4,3,3,4,5,2,2,4,3,3,3,3,4.0
2,2,2.0,26.0,1.0,1.0,1.0,1.0,2.0,28,40.0,3.0,142.8571428571429,1666.38893517747,1846.358940176637,13.73397474047366,9.613782318331559,1.0,1.0,1.0,,2,,,,5.0,25.0,5.0,5,12.5,62.5,12.5,12.5,4,4,5,3,4,4,4,2,5,5,4,5,5,4,1,2,2,4,3,3,2,2,3,4,4,7.0
2,2,1.0,41.0,1.0,1.0,1.0,1.0,2.0,40,50.0,3.0,125.0,2499.583402766205,2769.538410264955,14.42067347749734,11.53653878199787,2.0,3.0,3.0,1.0,2,,,,8.0,4.0,2.0,8,16.0,8.0,4.0,16.0,3,4,4,4,4,4,4,1,3,3,5,7,6,4,3,3,4,4,2,3,2,3,4,4,3,4.0
2,2,1.0,52.0,2.0,1.0,1.0,1.0,1.0,40,50.0,3.0,125.0,1541.40976503916,1707.882019663389,8.892748644456693,7.114198915565355,1.0,2.0,5.0,2.0,2,,,,6.0,30.0,6.0,8,12.0,60.0,12.0,16.0,3,2,3,3,3,3,2,1,3,3,4,6,7,4,3,4,4,4,3,3,3,4,3,2,5,7.0
2,2,1.0,30.0,2.0,1.0,1.0,1.0,2.0,40,55.0,3.0,137.5,1166.472254624229,1292.451258123646,6.729647622832092,4.89428918024152,3.0,3.0,1.0,,2,,,,6.0,47.0,1.0,1,10.90909090909091,85.45454545454545,1.818181818181818,1.818181818181818,4,3,4,4,4,5,2,1,2,3,3,6,6,4,2,4,4,3,2,2,4,3,2,2,2,7.0
2,2,2.0,41.0,1.0,2.0,1.0,4.0,2.0,32,32.0,1.0,100.0,2082.986168971838,2307.948675220796,15.02153487239306,15.02153487239306,3.0,1.0,3.0,6.0,2,,,,10.0,10.0,7.0,5,31.25,31.25,21.875,15.625,3,2,4,3,4,5,4,1,3,4,7,7,7,4,4,5,5,5,2,4,3,2,4,5,4,4.0
2,2,1.0,42.0,3.0,1.0,1.0,9.0,1.0,40,16.0,2.0,40.0,999.8333611064825,1107.815364105982,5.768269390998936,14.42067347749734,1.0,1.0,5.0,40.0,2,,,,15.0,0.0,0.0,1,93.75,0.0,0.0,6.25,4,2,3,3,4,3,2,1,1,2,2,6,5,5,3,2,5,4,2,4,2,3,4,2,3,4.0
2,2,2.0,47.0,1.0,2.0,1.0,1.0,1.0,40,40.0,1.0,100.0,2187.13547742043,2423.346108981836,12.61808929281017,12.61808929281017,3.0,2.0,1.0,,2,,,,22.0,10.0,5.0,3,55.00000000000001,25.0,12.5,7.5,2,3,4,4,4,3,4,1,4,3,5,6,6,2,3,3,2,4,4,2,4,4,4,4,3,4.0
2,2,1.0,42.0,1.0,2.0,1.0,4.0,1.0,40,45.0,3.0,112.5,2499.583402766205,2769.538410264955,14.42067347749734,12.81837642444208,1.0,4.0,1.0,,2,,,,20.0,8.0,4.0,8,44.44444444444444,17.77777777777778,8.88888888888889,17.77777777777778,4,3,4,3,2,3,3,2,3,2,3,6,4,4,1,2,3,2,3,2,2,4,2,2,4,5.0
2,2,1.0,53.0,1.0,2.0,1.0,9.0,2.0,40,40.0,1.0,100.0,1458.0903182802872,1615.564072654557,8.412059528540114,8.412059528540114,2.0,2.0,5.0,,2,,,,30.0,10.0,5.0,8,,,,,3,3,3,2,2,2,3,1,2,4,4,5,6,3,4,4,4,4,2,3,4,3,4,3,4,5.0
2,2,1.0,48.0,1.0,2.0,1.0,9.0,2.0,26,30.0,3.0,115.3846153846154,1083.152807865356,1200.133311114814,9.61378231833156,8.331944675887351,1.0,3.0,4.0,30.0,2,,,,32.0,2.0,0.0,1,,,,,2,4,4,5,4,5,3,1,1,4,4,7,6,3,1,2,4,3,2,2,3,4,2,4,4,4.0
2,2,2.0,35.0,1.0,1.0,1.0,5.0,2.0,20,20.0,1.0,100.0,1458.0903182802872,1615.564072654557,16.82411905708023,16.82411905708023,4.0,4.0,2.0,40.0,2,,,,15.0,40.0,1.0,2,,,,,3,3,2,4,4,4,3,1,1,3,4,6,5,4,4,4,4,4,2,2,4,4,4,4,3,4.0
2,2,2.0,47.0,1.0,2.0,1.0,4.0,1.0,40,40.0,1.0,100.0,1666.38893517747,1846.358940176637,9.613782318331559,9.613782318331559,1.0,1.0,3.0,20.0,2,,,,30.0,5.0,0.0,0,75.0,12.5,0.0,0.0,3,4,4,4,5,5,3,1,2,2,6,6,5,2,3,4,3,5,2,4,3,2,4,5,5,3.0
2,2,1.0,59.0,4.0,1.0,1.0,1.0,1.0,40,40.0,1.0,100.0,1624.7292117980328,1800.199966672221,9.373437760373271,9.373437760373271,3.0,2.0,1.0,,2,,,,20.0,10.0,6.0,4,50.0,25.0,15.0,10.0,4,3,5,2,2,2,2,1,3,3,4,7,3,4,2,3,4,3,2,4,3,2,1,1,3,2.0
2,2,2.0,51.0,1.0,1.0,1.0,9.0,4.0,10,10.000000000000004,1.0,100.0,416.5972337943674,461.5897350441594,9.613782318331559,9.613782318331559,1.0,2.0,6.0,42.0,2,,,,6.0,0.0,0.0,0,60.0,0.0,0.0,0.0,1,4,1,5,4,5,4,1,1,1,4,7,6,4,3,2,4,5,4,1,4,4,4,5,5,8.0
2,2,2.0,31.0,3.0,1.0,1.0,2.0,2.0,40,40.0,1.0,100.0,1708.048658556907,1892.517913681053,9.85412687628985,9.85412687628985,1.0,1.0,1.0,,2,,,,24.0,12.0,0.0,4,60.0,30.0,0.0,10.0,4,3,5,2,1,2,3,2,4,3,4,6,6,4,2,3,4,3,1,2,5,4,4,2,3,4.0
2,2,1.0,40.0,1.0,2.0,1.0,2.0,1.0,40,40.0,1.0,100.0,2916.180636560573,3231.128145309115,16.82411905708023,16.82411905708023,4.0,4.0,1.0,,2,,,,10.0,5.0,15.0,10,25.0,12.5,37.5,25.0,3,4,5,3,4,4,4,1,4,5,6,7,6,4,4,4,5,4,2,2,5,4,3,3,3,5.0
2,2,2.0,25.0,2.0,1.0,1.0,1.0,3.0,13,40.0,3.0,307.6923076923077,583.2361273121146,646.2256290618232,10.35330403512629,3.3648238114160467,1.0,1.0,1.0,,2,,,,6.0,30.0,2.0,2,15.0,75.0,5.0,5.0,4,4,4,4,5,5,3,1,5,2,6,7,7,3,3,4,4,4,2,4,2,3,4,3,2,7.0
2,2,2.0,41.0,2.0,1.0,1.0,2.0,1.0,40,40.0,1.0,100.0,3332.777870354941,3692.717880353274,19.22756463666312,19.22756463666312,2.0,3.0,1.0,,2,,,,16.0,10.0,10.0,20,,,,,2,3,2,2,1,4,1,3,2,2,3,5,4,3,2,2,3,3,2,1,3,4,4,5,4,5.0
2,2,2.0,46.0,2.0,2.0,1.0,9.0,2.0,30,42.0,3.0,140.0,1541.40976503916,1707.882019663389,11.85699819260893,8.46928442329209,2.0,4.0,6.0,15.0,2,,,,15.0,0.0,2.0,33,,,,,4,3,3,2,2,3,3,1,3,3,4,5,3,4,1,2,4,2,3,4,1,3,3,3,3,4.0
2,2,1.0,63.0,1.0,1.0,1.0,2.0,2.0,40,40.0,1.0,100.0,1562.2396267288777,1730.961506415597,9.012920923435837,9.012920923435837,1.0,2.0,5.0,,2,,,,25.0,10.0,0.0,5,62.5,25.0,0.0,12.5,2,3,3,3,3,3,3,2,3,3,1,4,4,3,2,1,2,3,4,1,2,4,2,2,5,4.0
2,2,2.0,40.0,2.0,1.0,1.0,1.0,2.0,40,46.0,3.0,115.0,1639.393434427595,1816.447925345776,9.45803904477459,8.224381778064862,1.0,1.0,1.0,,2,,,,0.0,40.0,6.0,0,0.0,86.95652173913044,13.04347826086956,0.0,4,4,5,2,2,3,2,2,6,7,4,6,6,5,2,4,4,4,2,3,3,3,4,2,2,7.0
2,2,1.0,26.0,2.0,1.0,1.0,9.0,4.0,3,3.0,1.0,100.0,166.63889351774696,184.63589401766376,12.81837642444208,12.81837642444208,1.0,2.0,2.0,40.0,2,,,,3.0,1.0,0.0,0,,,,,2,3,4,4,4,4,4,1,2,2,3,6,6,2,4,3,3,2,3,2,3,4,4,4,4,8.0
2,2,2.0,47.0,1.0,2.0,1.0,9.0,5.0,40,40.0,1.0,100.0,1333.111148141976,1477.08715214131,7.691025854665247,7.691025854665247,1.0,2.0,5.0,20.0,2,,,,27.0,10.0,2.0,5,,,,,2,2,4,2,5,2,3,1,2,1,3,7,6,3,2,3,3,3,4,2,3,3,4,5,4,4.0
2,2,2.0,43.0,1.0,2.0,1.0,9.0,4.0,3,3.0,1.0,100.0,158.3069488418596,175.4040993167805,12.17745760321998,12.17745760321998,1.0,3.0,6.0,40.0,2,,,,2.0,2.0,5.0,0,,,,,3,4,5,4,4,4,3,1,2,2,6,7,7,5,4,4,5,4,1,4,3,2,3,5,4,8.0
2,2,2.0,31.0,2.0,1.0,1.0,9.0,2.0,20,27.0,3.0,135.0,604.065989001833,669.3051158140311,6.96999218079038,5.162957170955838,1.0,4.0,6.0,65.0,2,,,,5.0,0.0,0.0,20,18.51851851851852,0.0,0.0,74.07407407407408,3,4,4,3,3,2,3,1,1,1,2,7,6,4,2,2,5,4,2,1,4,3,4,5,4,3.0
2,2,1.0,38.0,2.0,2.0,3.0,5.0,1.0,50,38.6,1.0,112.5,1666.38893517747,1846.358940176637,7.691025854665247,9.216995302647694,1.0,2.0,6.0,15.0,2,,,,10.0,20.0,5.0,5,,,,,3,2,2,3,2,2,2,1,2,3,2,6,6,4,3,5,4,4,3,4,3,4,4,3,2,4.0
2,2,2.0,25.0,2.0,1.0,1.0,1.0,2.0,40,40.0,1.0,100.0,1395.600733211131,1546.325612397934,8.051542691602682,8.051542691602682,1.0,1.0,1.0,,2,,,,2.0,38.0,0.0,0,5.0,95.0,0.0,0.0,2,3,3,4,5,5,3,1,4,5,6,5,6,3,2,2,2,4,4,3,4,3,3,4,4,7.0
2,2,1.0,36.0,1.0,2.0,1.0,1.0,1.0,40,40.0,1.0,100.0,2024.662556240626,2243.326112314614,11.68074551677284,11.68074551677284,1.0,4.0,1.0,,2,,,,25.0,5.0,5.0,5,62.5,12.5,12.5,12.5,4,4,5,2,3,4,3,3,5,6,5,5,6,4,1,2,3,3,2,4,2,2,3,3,4,4.0
2,2,1.0,49.0,1.0,2.0,1.0,1.0,1.0,40,55.0,3.0,137.5,3541.076487252124,3923.512747875354,20.42928742645456,14.85766358287605,4.0,3.0,3.0,4.0,2,,,,10.0,20.0,10.0,15,18.18181818181818,36.36363636363637,18.18181818181818,27.27272727272727,3,4,3,2,4,5,4,1,2,3,4,6,7,5,4,4,4,5,2,2,5,4,5,4,3,9.0
2,2,1.0,34.0,2.0,1.0,1.0,1.0,2.0,40,40.0,1.0,100.0,2082.986168971838,2307.948675220796,12.01722789791445,12.01722789791445,1.0,3.0,1.0,,2,,,,15.0,10.0,5.0,10,37.5,25.0,12.5,25.0,3,4,3,2,2,4,2,2,4,5,4,5,5,4,4,4,3,4,3,3,4,3,3,3,3,4.0
2,2,2.0,32.0,3.0,1.0,1.0,5.0,2.0,40,47.0,3.0,117.5,1458.0903182802872,1615.564072654557,8.412059528540114,7.159199598757543,2.0,3.0,1.0,,2,,,,30.0,2.0,0.0,4,63.82978723404256,4.25531914893617,0.0,8.51063829787234,4,3,5,2,5,5,2,1,3,5,4,7,6,4,2,2,5,3,2,2,2,3,3,3,4,4.0
2,2,1.0,50.0,3.0,3.0,1.0,2.0,1.0,40,50.0,3.0,125.0,1791.368105315781,1984.835860689885,10.33481599220643,8.267852793765142,2.0,4.0,5.0,8.0,2,,,,35.0,5.0,0.0,10,70.0,10.0,0.0,20.0,4,3,4,2,4,3,2,3,2,3,2,4,3,4,2,3,4,2,1,2,2,4,2,2,3,4.0
2,2,1.0,39.0,2.0,2.0,1.0,1.0,3.0,40,40.0,1.0,100.0,2082.986168971838,2307.948675220796,12.01722789791445,12.01722789791445,3.0,1.0,3.0,10.0,2,,,,5.0,20.0,5.0,10,12.5,50.0,12.5,25.0,3,3,3,2,1,4,2,5,4,5,6,5,4,3,2,3,4,4,2,2,3,3,4,3,4,7.0
2,2,1.0,52.0,1.0,2.0,1.0,5.0,1.0,40,50.0,3.0,125.0,1333.111148141976,1477.08715214131,7.691025854665247,6.152820683732198,1.0,4.0,5.0,10.0,2,,,,25.0,15.0,0.0,10,50.0,30.0,0.0,20.0,4,3,5,3,3,4,3,1,2,2,3,6,6,3,3,3,3,3,3,2,3,3,2,3,4,4.0
2,2,1.0,47.0,1.0,2.0,1.0,1.0,2.0,25.5,25.5,1.0,100.0,916.5139143476085,1015.49741709715,8.29424356875664,8.29424356875664,3.0,2.0,5.0,20.0,2,,,,21.6,1.2,1.2,2.5,,,,,2,4,3,4,2,5,4,1,3,5,4,5,6,2,2,3,2,2,4,2,4,3,4,5,4,7.0
2,2,1.0,39.0,1.0,1.0,1.0,2.0,1.0,40,38.0,3.0,106.66666666666666,3124.479253457757,3461.923012831195,18.02584184687167,19.999519310884082,2.0,3.0,1.0,,2,,,,10.0,15.0,5.0,10,,,,,4,4,3,4,2,5,4,1,3,3,4,6,6,3,2,2,2,4,3,3,2,2,4,4,4,5.0
2,2,2.0,44.0,2.0,1.0,1.0,5.0,1.0,32,42.0,3.0,131.25,1373.937677053824,1522.322946175637,9.908204401830464,7.549108115680353,1.0,1.0,5.0,8.0,2,,,,28.0,0.0,8.0,6,66.66666666666666,0.0,19.04761904761905,14.28571428571428,4,2,3,2,3,3,2,2,3,3,4,7,6,4,3,3,4,4,2,3,4,3,2,3,2,4.0
2,2,2.0,59.0,1.0,1.0,1.0,1.0,1.0,40,44.0,3.0,110.0,3332.777870354941,3692.717880353274,19.22756463666312,16.834463486854755,2.0,5.0,1.0,,2,,,,20.0,5.0,10.0,10,,,,,3,4,5,2,2,4,4,1,2,2,4,7,6,3,3,2,3,3,4,2,2,4,3,3,4,5.0
2,2,1.0,29.0,1.0,1.0,1.0,2.0,2.0,40,46.0,3.0,115.0,1478.920179970005,1638.643559406765,8.53223180751926,7.419332006538487,1.0,1.0,1.0,,2,,,,0.0,38.0,4.0,2,0.0,82.6086956521739,8.695652173913043,4.347826086956522,3,4,5,4,4,5,2,1,6,3,6,6,6,4,2,3,4,4,2,2,4,3,2,3,4,7.0
2,2,1.0,30.0,3.0,1.0,1.0,1.0,3.0,40,55.0,3.0,137.5,1333.111148141976,1477.08715214131,7.691025854665247,5.593473348847452,1.0,3.0,1.0,,2,,,,20.0,20.0,10.0,5,36.36363636363637,36.36363636363637,18.18181818181818,9.090909090909092,3,3,5,3,3,2,2,2,2,2,3,6,6,5,3,3,5,4,2,2,4,4,4,3,3,4.0
2,2,2.0,47.0,1.0,2.0,1.0,1.0,1.0,40,40.0,1.0,100.0,2082.986168971838,2307.948675220796,12.01722789791445,12.01722789791445,3.0,4.0,1.0,,2,,,,20.0,20.0,5.0,5,,,,,4,4,4,3,2,5,3,1,2,1,6,6,6,4,3,2,4,4,2,3,3,3,2,4,3,5.0
2,2,1.0,28.0,2.0,1.0,1.0,1.0,2.0,40,40.0,1.0,100.0,1458.0903182802872,1615.564072654557,8.412059528540114,8.412059528540114,1.0,1.0,1.0,,2,,,,0.0,35.0,3.0,2,0.0,87.5,7.5,5.0,2,3,4,4,4,5,3,2,3,3,4,5,6,3,2,3,4,3,4,2,3,4,3,4,3,7.0
2,2,1.0,59.0,4.0,1.0,1.0,1.0,1.0,40,40.0,1.0,100.0,2082.986168971838,2307.948675220796,12.01722789791445,12.01722789791445,1.0,1.0,1.0,,2,,,,35.0,0.0,0.0,5,87.5,0.0,0.0,12.5,2,3,3,4,5,3,5,2,4,3,3,5,4,1,2,2,1,2,4,1,2,2,2,3,3,2.0
2,2,1.0,33.0,3.0,1.0,1.0,1.0,1.0,40,40.0,1.0,100.0,2166.305615730711,2400.266622229628,12.49791701383103,12.49791701383103,1.0,2.0,1.0,,2,,,,5.0,25.0,5.0,5,12.5,62.5,12.5,12.5,3,4,4,4,4,4,3,1,4,5,6,6,5,3,3,4,4,5,3,2,4,4,4,4,3,7.0
2,2,1.0,51.0,2.0,1.0,1.0,2.0,1.0,34,50.0,3.0,147.0588235294118,1624.7292117980328,1800.199966672221,11.02757383573326,7.498750208298617,1.0,2.0,1.0,,2,,,,20.0,15.0,10.0,5,40.0,30.0,20.0,10.0,4,2,4,2,2,3,2,2,2,4,5,6,6,4,2,2,4,4,2,2,4,4,3,3,3,5.0
2,2,2.0,55.0,1.0,3.0,1.0,5.0,1.0,40,50.0,3.0,125.0,2707.882019663389,3000.333277787036,15.62239626728878,12.49791701383103,1.0,2.0,1.0,,2,,,,55.0,30.0,5.0,10,,,,,3,4,5,2,2,3,3,1,2,2,6,7,7,5,4,3,5,4,1,2,4,4,4,3,4,6.0
2,2,2.0,38.0,1.0,2.0,1.0,1.0,1.0,40,40.0,1.0,100.0,1999.666722212964,2215.630728211964,11.53653878199787,11.53653878199787,1.0,2.0,1.0,,2,,,,25.0,10.0,1.0,4,62.5,25.0,2.5,10.0,2,4,4,4,5,4,4,1,1,4,3,6,6,3,2,2,2,3,4,3,4,3,4,4,4,4.0
2,2,2.0,31.0,1.0,1.0,1.0,1.0,2.0,40,40.0,1.0,100.0,1166.472254624229,1292.451258123646,6.729647622832092,6.7296476228320925,1.0,1.0,1.0,,2,,,,5.0,32.0,2.0,1,12.5,80.0,5.0,2.5,2,4,5,3,1,5,2,1,5,3,6,7,5,3,1,4,1,2,5,4,3,3,3,5,4,7.0
2,2,1.0,67.0,1.0,1.0,1.0,2.0,1.0,40,40.0,1.0,100.0,2499.583402766205,2769.538410264955,14.42067347749734,14.42067347749734,2.0,4.0,1.0,,2,,,,20.0,8.0,2.0,10,50.0,20.0,5.0,25.0,3,4,4,3,4,4,4,1,2,1,5,5,6,4,3,3,4,4,2,2,3,3,4,4,4,5.0
2,2,1.0,44.0,1.0,2.0,1.0,1.0,1.0,40,40.0,1.0,100.0,2028.82852857857,2247.942009665056,11.70477997256867,11.70477997256867,3.0,2.0,5.0,3.0,2,,,,12.0,20.0,4.0,4,30.0,50.0,10.0,10.0,3,3,3,4,3,4,3,1,2,2,6,6,6,3,3,4,4,4,2,3,3,3,4,5,5,4.0
2,2,2.0,38.0,3.0,1.0,1.0,9.0,2.0,40,50.0,3.0,125.0,1749.708381936344,1938.676887185469,10.09447143424814,8.07557714739851,1.0,4.0,2.0,6.0,2,,,,20.0,25.0,4.0,1,40.0,50.0,8.0,2.0,3,4,4,3,4,4,4,1,5,3,4,7,6,4,4,3,4,3,1,2,4,3,3,3,3,4.0
2,2,1.0,43.0,1.0,2.0,1.0,1.0,1.0,20,20.0,1.0,100.0,791.5347442092984,877.0204965839025,9.133093202414981,9.133093202414981,1.0,2.0,2.0,20.0,2,,,,8.0,6.0,5.0,1,40.0,30.0,25.0,5.0,1,4,3,4,3,4,4,1,2,3,4,6,6,3,4,3,3,3,4,2,4,4,4,4,4,4.0
2,2,1.0,44.0,1.0,2.0,1.0,5.0,1.0,40,40.0,1.0,100.0,1749.708381936344,1938.676887185469,10.09447143424814,10.09447143424814,1.0,2.0,3.0,20.0,2,,,,25.0,10.0,5.0,3,,,,,3,3,4,4,4,5,3,1,5,5,5,7,6,3,4,4,4,4,3,2,4,4,4,4,3,4.0
2,2,1.0,32.0,1.0,3.0,1.0,1.0,3.0,36,30.0,2.0,83.33333333333334,1874.687552074654,2077.153807698717,12.01722789791445,14.42067347749734,3.0,2.0,6.0,15.0,2,,,,5.0,25.0,2.0,3,,,,,2,4,4,4,4,5,4,1,4,4,3,6,7,3,1,3,2,5,4,1,4,5,3,4,4,7.0
2,2,1.0,47.0,3.0,1.0,1.0,5.0,1.0,40,40.0,1.0,100.0,1624.7292117980328,1800.199966672221,9.373437760373271,9.373437760373271,1.0,3.0,1.0,,2,,,,20.0,20.0,1.0,5,,,,,4,2,5,2,5,5,3,1,2,5,4,7,7,4,3,3,3,3,2,3,3,2,2,1,3,5.0
2,2,2.0,62.0,1.0,3.0,1.0,8.0,1.0,40,55.0,3.0,137.5,1999.666722212964,2215.630728211964,11.53653878199787,8.39021002327118,2.0,3.0,1.0,,2,,,,25.0,13.0,13.0,2,45.45454545454545,23.63636363636364,23.63636363636364,3.636363636363636,1,4,2,5,4,3,5,1,4,1,6,7,7,3,4,4,4,4,3,2,2,4,4,5,5,5.0
2,2,2.0,43.0,1.0,2.0,1.0,5.0,1.0,20,35.0,3.0,175.0,726.9621729711716,805.474087652058,8.388025072744284,4.793157184425306,1.0,1.0,5.0,15.0,2,,,,30.0,4.0,0.0,1,85.71428571428571,11.42857142857143,0.0,2.857142857142857,4,3,3,2,3,4,2,5,4,4,5,5,2,5,2,2,4,3,2,3,3,2,3,2,4,4.0
2,2,2.0,45.0,1.0,2.0,1.0,2.0,2.0,40,40.0,1.0,100.0,1541.40976503916,1707.882019663389,8.892748644456693,8.892748644456693,1.0,1.0,3.0,10.0,2,,,,10.0,27.0,2.0,3,,,,,4,3,4,3,2,3,3,1,4,6,3,5,6,4,2,2,3,2,3,2,3,3,2,4,4,7.0
2,2,2.0,52.0,3.0,3.0,1.0,5.0,1.0,40,50.0,3.0,125.0,1495.58406932178,1657.107148808532,8.628369630702576,6.90269570456206,1.0,2.0,1.0,,2,,,,35.0,12.0,2.0,8,,,,,4,4,4,2,4,4,3,1,2,3,4,6,5,4,1,2,4,3,2,2,2,4,2,2,4,4.0
2,2,2.0,26.0,2.0,1.0,1.0,1.0,2.0,40,40.0,1.0,100.0,1420.596567238794,1574.020996500583,8.195749426377656,8.195749426377656,1.0,1.0,1.0,,2,,,,10.0,25.0,0.5,1.5,25.0,62.5,1.25,3.75,4,4,5,3,2,4,3,4,4,4,4,4,4,4,2,3,3,3,2,4,2,2,4,4,4,7.0
2,2,1.0,50.0,1.0,1.0,1.0,5.0,1.0,40,40.0,1.0,100.0,2707.882019663389,3000.333277787036,15.62239626728878,15.62239626728878,1.0,2.0,2.0,10.0,2,,,,8.0,20.0,10.0,2,20.0,50.0,25.0,5.0,4,4,4,4,4,3,4,2,5,5,5,6,6,3,3,4,3,3,2,3,2,2,4,3,3,6.0
2,2,2.0,37.0,2.0,1.0,1.0,1.0,5.0,40,45.0,3.0,112.5,1541.40976503916,1707.882019663389,8.892748644456693,7.904665461739284,1.0,3.0,5.0,1.0,2,,,,12.0,17.0,1.0,15,26.66666666666667,37.77777777777778,2.222222222222222,33.33333333333333,4,4,5,3,4,4,3,4,3,5,6,4,5,4,2,2,3,3,4,3,3,2,2,3,4,7.0
2,2,2.0,51.0,1.0,2.0,1.0,5.0,1.0,40,40.0,1.0,100.0,1583.069488418597,1754.040993167805,9.133093202414981,9.133093202414981,2.0,3.0,3.0,2.0,2,,,,24.0,8.0,2.0,6,60.0,20.0,5.0,15.0,4,4,5,2,2,3,2,4,6,7,2,6,4,4,2,3,5,2,1,4,1,1,2,3,5,4.0
2,2,2.0,60.0,3.0,1.0,1.0,5.0,1.0,40,40.0,1.0,100.0,1524.745875687385,1689.4184302616227,8.796610821273376,8.796610821273376,1.0,3.0,5.0,4.0,2,,,,16.0,4.0,4.0,10,40.0,10.0,10.0,25.0,4,3,4,2,3,4,2,4,2,3,4,3,3,4,3,2,3,4,3,4,3,2,2,2,2,4.0
2,2,1.0,29.0,3.0,1.0,1.0,6.0,2.0,40,50.0,3.0,125.0,1628.895184135977,1804.815864022662,9.397472216169097,7.517977772935279,1.0,2.0,1.0,,2,,,,30.0,16.0,0.0,4,60.0,32.0,0.0,8.0,3,3,4,4,5,5,3,1,3,2,5,7,7,5,3,4,5,4,1,3,3,4,4,4,5,3.0
2,2,2.0,27.0,2.0,1.0,1.0,1.0,3.0,20,20.0,1.0,100.0,541.5764039326775,600.0666555574071,6.248958506915514,6.248958506915514,1.0,1.0,1.0,,2,,,,0.0,20.0,0.0,0,0.0,100.0,0.0,0.0,4,4,2,4,4,5,4,2,2,3,5,6,6,3,2,2,2,5,4,4,3,2,3,4,3,7.0
2,2,1.0,63.0,5.0,3.0,1.0,9.0,2.0,20,20.0,1.0,100.0,666.5555740709881,738.5435760706548,7.691025854665247,7.691025854665247,1.0,1.0,7.0,,2,,,,15.0,5.0,0.0,0.25,,,,,3,2,3,2,2,2,2,2,4,4,4,5,6,4,4,4,4,4,2,4,3,2,4,2,2,4.0
2,2,2.0,35.0,1.0,1.0,1.0,1.0,2.0,40,40.0,1.0,100.0,1999.666722212964,2215.630728211964,11.53653878199787,11.53653878199787,1.0,1.0,1.0,,2,,,,8.0,16.0,8.0,8,20.0,40.0,20.0,20.0,3,4,5,2,2,4,3,4,5,7,5,6,6,4,2,4,4,4,2,2,4,3,3,3,3,7.0
2,2,1.0,33.0,3.0,1.0,1.0,5.0,2.0,40,45.0,3.0,112.5,1688.135310781536,1870.453924345942,9.739242177585787,8.657104157854032,1.0,4.0,4.0,50.0,2,,,,20.0,10.0,10.0,10,,,,,3,3,4,3,4,4,4,1,4,6,6,7,7,3,3,4,4,4,2,3,2,3,4,3,4,4.0
2,2,1.0,53.0,1.0,2.0,1.0,2.0,1.0,40,55.0,3.0,137.5,3749.375104149308,4154.307615397433,21.63101021624601,15.73164379363346,2.0,3.0,1.0,,2,,,,20.0,25.0,5.0,3,36.36363636363637,45.45454545454545,9.090909090909092,5.454545454545454,3,3,5,2,2,4,4,1,3,3,5,7,7,4,4,4,4,4,1,3,3,2,4,3,3,6.0
2,2,2.0,38.0,1.0,2.0,1.0,5.0,1.0,32,32.0,1.0,100.0,1583.069488418597,1754.040993167805,11.41636650301873,11.41636650301873,1.0,3.0,1.0,,2,,,,25.0,5.0,0.5,8,,,,,3,3,4,3,2,2,3,1,5,4,6,7,7,5,3,4,5,4,2,3,2,2,2,4,4,4.0
2,2,2.0,46.0,1.0,2.0,1.0,1.0,2.0,40,50.0,3.0,125.0,2166.305615730711,2400.266622229628,12.49791701383103,9.998333611064822,3.0,2.0,1.0,,2,,,,15.0,20.0,5.0,10,30.0,40.0,10.0,20.0,4,3,5,3,4,4,3,2,2,6,3,7,6,4,3,2,3,4,3,3,4,4,2,4,3,9.0
2,2,2.0,42.0,1.0,1.0,1.0,1.0,2.0,40,40.0,1.0,100.0,1749.708381936344,1938.676887185469,10.09447143424814,10.09447143424814,1.0,1.0,2.0,2.0,2,,,,0.0,20.0,0.0,20,0.0,50.0,0.0,50.0,2,5,4,5,5,5,5,1,2,3,3,6,6,2,2,2,2,4,3,3,3,3,3,4,4,7.0
2,2,1.0,51.0,4.0,2.0,1.0,5.0,1.0,60,70.0,3.0,116.6666666666667,2082.986168971838,2307.948675220796,8.0114852652763,6.866987370236828,1.0,1.0,1.0,,2,,,,35.0,35.0,30.0,10,,,,,4,3,2,2,3,4,3,1,1,2,1,6,6,4,2,1,3,3,2,2,2,3,2,3,2,4.0
2,2,1.0,43.0,1.0,2.0,1.0,6.0,1.0,40,40.0,1.0,100.0,1749.708381936344,1938.676887185469,10.09447143424814,10.09447143424814,1.0,2.0,1.0,,2,,,,32.0,4.0,0.0,6,,,,,3,3,4,4,5,4,3,1,4,2,7,7,6,4,4,4,5,5,1,4,2,2,4,4,3,4.0
2,2,1.0,30.0,1.0,1.0,1.0,4.0,2.0,40,50.0,3.0,125.0,2291.284785869022,2538.743542742876,13.21895068770589,10.57516055016471,1.0,4.0,1.0,,2,,,,4.0,3.0,0.0,43,8.0,6.0,0.0,86.0,3,4,3,3,3,5,3,1,5,5,4,7,7,4,3,4,4,4,2,3,2,2,4,2,4,3.0
2,2,1.0,65.0,2.0,1.0,1.0,2.0,1.0,40,40.0,1.0,100.0,2291.284785869022,2538.743542742876,13.21895068770589,13.21895068770589,1.0,3.0,1.0,,2,,,,15.0,15.0,5.0,5,37.5,37.5,12.5,12.5,4,2,5,2,4,4,2,3,5,2,3,6,6,4,2,4,3,3,3,3,3,3,4,4,3,6.0
2,2,2.0,30.0,1.0,1.0,1.0,1.0,2.0,40,45.0,3.0,112.5,1249.791701383103,1384.769205132478,7.210336738748668,6.4091882122210375,1.0,1.0,2.0,1.0,2,,,,15.0,25.0,1.0,5,,,,,4,4,4,2,3,4,4,2,6,6,6,6,5,4,3,4,4,4,2,4,2,2,2,2,4,7.0
2,2,1.0,34.0,2.0,1.0,1.0,5.0,2.0,40,40.0,1.0,100.0,1624.7292117980328,1800.199966672221,9.373437760373271,9.373437760373271,1.0,1.0,5.0,30.0,2,,,,30.0,10.0,0.0,1,,,,,4,3,3,3,3,3,2,3,4,4,4,4,4,4,2,2,2,2,3,3,3,3,3,2,2,2.0
2,2,1.0,68.0,1.0,1.0,1.0,5.0,1.0,40,45.2,3.0,120.0,2082.986168971838,2307.948675220796,12.01722789791445,10.550081118029937,1.0,2.0,5.0,3.0,2,,,,22.5,12.5,4.0,10,,,,,1,4,4,3,2,2,3,1,2,2,6,7,6,3,4,3,4,3,3,2,4,4,4,4,4,6.0
2,2,2.0,67.0,5.0,1.0,1.0,5.0,1.0,40,55.0,3.0,137.5,1749.708381936344,1938.676887185469,10.09447143424814,7.341433770362282,2.0,3.0,5.0,8.0,2,,,,28.0,7.0,7.0,13,50.90909090909091,12.72727272727273,12.72727272727273,23.63636363636364,3,3,5,2,3,4,4,1,2,2,3,7,7,4,5,3,4,4,2,2,3,4,4,5,3,5.0
2,2,2.0,47.0,1.0,2.0,1.0,4.0,1.0,40,50.0,3.0,125.0,1874.687552074654,2077.153807698717,10.815505108123,8.652404086498404,2.0,2.0,1.0,,2,,,,15.0,10.0,5.0,20,30.0,20.0,10.0,40.0,4,3,4,2,3,3,3,3,5,5,4,5,4,4,2,3,4,4,2,4,2,3,3,3,4,4.0
2,2,1.0,35.0,2.0,2.0,1.0,2.0,1.0,40,40.0,1.0,100.0,2249.625062489585,2492.58456923846,12.97860612974761,12.97860612974761,1.0,1.0,1.0,,2,,,,20.0,8.0,8.0,4,50.0,20.0,20.0,10.0,4,3,5,4,4,3,3,2,2,5,4,6,5,4,2,3,4,4,2,3,3,3,4,3,3,4.0
2,2,1.0,30.0,2.0,1.0,1.0,1.0,2.0,40,50.0,3.0,125.0,2291.284785869022,2538.743542742876,13.21895068770589,10.57516055016471,1.0,3.0,1.0,,2,,,,5.0,40.0,3.0,2,10.0,80.0,6.0,4.0,3,4,4,4,5,5,5,1,4,5,5,7,7,3,3,4,4,5,2,2,3,4,4,4,4,7.0
2,2,2.0,45.0,3.0,3.0,1.0,8.0,1.0,40,55.0,3.0,137.5,1416.43059490085,1569.405099150141,8.171714970581826,5.943065433150418,1.0,1.0,1.0,,2,,,,45.0,10.0,1.0,5,,,,,4,2,5,1,2,2,1,4,4,4,1,1,1,5,1,1,4,3,2,4,1,3,2,1,4,4.0
2,2,1.0,59.0,2.0,1.0,1.0,9.0,1.0,40,40.0,1.0,100.0,2082.986168971838,2307.948675220796,12.01722789791445,12.01722789791445,1.0,5.0,3.0,6.0,2,,,,20.0,4.0,4.0,30,,,,,3,4,3,5,4,4,4,1,6,5,6,7,7,4,5,4,4,4,2,2,3,2,4,4,4,6.0
2,2,2.0,57.0,1.0,2.0,1.0,4.0,1.0,0.5,3.0,3.0,600.0000000000001,83.31944675887371,92.31794700883165,38.45512927332624,6.409188212221039,1.0,2.0,2.0,50.0,2,,,,3.0,0.0,0.0,0,100.0,0.0,0.0,0.0,2,3,3,4,1,3,3,1,2,2,2,6,6,3,3,3,4,3,3,3,4,4,4,4,4,4.0
2,2,1.0,55.0,1.0,2.0,1.0,1.0,1.0,48,48.0,1.0,100.0,4165.972337943675,4615.897350441592,20.02871316319075,20.02871316319075,3.0,3.0,1.0,,2,,,,14.0,12.0,8.0,14,29.16666666666667,25.0,16.66666666666666,29.16666666666667,4,4,5,4,4,4,4,1,4,5,4,7,6,4,1,2,3,3,2,3,2,2,4,4,5,6.0
2,2,2.0,44.0,1.0,2.0,1.0,8.0,2.0,40,60.0,3.0,150.0,1458.0903182802872,1615.564072654557,8.412059528540114,5.608039685693409,1.0,4.0,3.0,12.0,2,,,,24.0,15.0,5.0,0,40.0,25.0,8.333333333333332,0.0,3,3,5,3,4,3,2,1,4,5,6,6,6,5,4,4,5,4,1,3,4,2,3,2,2,3.0
2,2,2.0,40.0,1.0,2.0,1.0,8.0,1.0,20,30.0,3.0,150.0,749.8750208298616,830.8615230794869,8.652404086498404,5.768269390998936,1.0,1.0,1.0,,2,,,,25.0,6.0,1.0,1,,,,,4,2,5,2,1,2,1,4,2,3,5,6,6,5,2,4,4,4,2,3,2,3,3,2,4,4.0
2,2,1.0,30.0,3.0,1.0,1.0,4.0,2.0,12,12.0,1.0,100.0,583.2361273121146,646.2256290618232,11.21607937138682,11.21607937138682,1.0,4.0,3.0,40.0,2,,,,8.0,4.0,0.0,0,66.66666666666666,33.33333333333333,0.0,0.0,1,3,4,4,4,4,3,2,2,2,4,6,5,2,2,4,2,4,4,2,4,4,4,5,4,4.0
2,2,1.0,53.0,1.0,2.0,1.0,6.0,1.0,40,40.0,1.0,100.0,2166.305615730711,2400.266622229628,12.49791701383103,12.49791701383103,1.0,1.0,2.0,60.0,2,,,,30.0,15.0,5.0,10,,,,,4,2,3,2,1,2,2,4,2,2,3,7,3,4,3,2,4,5,2,2,4,4,4,2,3,5.0
2,2,1.0,50.0,1.0,2.0,1.0,6.0,1.0,60,60.0,1.0,100.0,3749.375104149308,4154.307615397433,14.42067347749734,14.42067347749734,1.0,1.0,1.0,,2,,,,30.0,18.0,2.0,10,50.0,30.0,3.333333333333333,16.66666666666666,1,4,5,3,2,3,3,2,6,6,6,7,6,3,2,4,3,4,3,2,4,4,4,5,3,5.0
2,2,1.0,52.0,1.0,1.0,1.0,2.0,1.0,40,40.0,1.0,100.0,1999.666722212964,2215.630728211964,11.53653878199787,11.53653878199787,1.0,2.0,1.0,,2,,,,25.0,5.0,5.0,5,62.5,12.5,12.5,12.5,4,3,4,3,4,4,3,3,4,4,5,5,5,3,3,3,3,3,4,3,3,3,3,4,3,4.0
2,2,2.0,57.0,1.0,1.0,1.0,2.0,1.0,40,40.0,1.0,100.0,3332.777870354941,3692.717880353274,19.22756463666312,19.22756463666312,1.0,3.0,1.0,,2,,,,20.0,10.0,20.0,5,,,,,1,4,4,2,3,4,4,1,3,4,4,6,5,3,3,3,4,4,3,2,4,4,4,4,4,6.0
2,2,1.0,50.0,1.0,1.0,1.0,2.0,1.0,40,40.0,1.0,100.0,2291.284785869022,2538.743542742876,13.21895068770589,13.21895068770589,1.0,3.0,1.0,,2,,,,15.0,10.0,2.0,5,37.5,25.0,5.0,12.5,3,4,5,4,3,4,3,1,2,5,4,6,7,3,4,4,5,4,2,2,4,3,4,4,4,5.0
2,2,1.0,39.0,1.0,2.0,1.0,1.0,1.0,40,48.0,3.0,120.0,4165.972337943675,4615.897350441592,24.0344557958289,20.02871316319075,2.0,3.0,1.0,,2,,,,2.0,30.0,6.0,10,4.166666666666666,62.5,12.5,20.83333333333334,2,4,3,4,4,5,4,1,1,2,2,5,7,3,3,2,3,2,3,2,3,4,4,5,5,7.0
2,2,1.0,40.0,1.0,2.0,1.0,6.0,1.0,40,45.0,3.0,112.5,4790.868188635227,5308.281953007832,27.63962416520323,24.56855481351398,2.0,4.0,5.0,2.0,2,,,,10.0,18.0,2.0,15,22.22222222222222,40.0,4.444444444444445,33.33333333333333,2,5,3,4,3,4,5,1,2,2,4,6,7,3,3,3,2,3,4,2,4,4,4,5,4,5.0
2,2,2.0,48.0,1.0,2.0,1.0,5.0,1.0,40,50.0,3.0,125.0,2003.832694550908,2220.246625562406,11.5605732377937,9.24845859023496,2.0,5.0,1.0,,2,,,,14.0,4.0,12.0,16,28.0,8.0,24.0,32.0,1,4,5,3,4,5,4,1,3,4,5,7,7,4,3,4,5,4,2,2,3,4,4,5,4,7.0
2,2,1.0,63.0,1.0,1.0,1.0,6.0,1.0,40,40.0,1.0,100.0,4165.972337943675,4615.897350441592,24.0344557958289,24.0344557958289,1.0,2.0,1.0,,2,,,,5.0,25.0,5.0,5,12.5,62.5,12.5,12.5,2,4,5,4,5,5,5,1,3,4,5,6,6,2,3,3,2,4,4,2,4,4,4,4,4,6.0
2,2,2.0,50.0,1.0,2.0,1.0,5.0,1.0,40,55.0,3.0,137.5,2707.882019663389,3000.333277787036,15.62239626728878,11.36174273984639,2.0,5.0,1.0,,2,,,,10.0,10.0,10.0,25,18.18181818181818,18.18181818181818,18.18181818181818,45.45454545454545,3,4,4,2,2,4,3,1,2,5,5,6,6,4,3,3,4,3,2,4,2,4,3,5,5,4.0
2,2,1.0,52.0,1.0,4.0,1.0,1.0,1.0,40,50.0,3.0,125.0,1041.493084485919,1153.974337610398,6.008613948957224,4.806891159165778,2.0,4.0,2.0,16.0,2,,,,30.0,15.0,2.0,3,60.0,30.0,4.0,6.0,4,3,4,4,4,4,3,3,4,5,5,6,6,3,3,3,4,3,2,3,3,3,3,4,4,4.0
2,2,2.0,39.0,1.0,2.0,1.0,4.0,1.0,40,50.0,3.0,125.0,1499.750041659723,1661.723046158973,8.652404086498404,6.921923269198723,1.0,1.0,6.0,5.0,2,,,,30.0,20.0,2.0,0,,,,,3,3,3,2,1,2,1,1,2,2,5,7,5,5,4,5,5,5,1,2,4,4,3,3,2,4.0
2,2,1.0,35.0,3.0,1.0,1.0,1.0,5.0,50,50.0,1.0,100.0,916.5139143476085,1015.49741709715,4.230064220065887,4.230064220065886,1.0,1.0,5.0,35.0,2,,,,0.0,2.0,50.0,1,,,,,3,3,3,4,2,4,3,2,2,2,5,5,6,4,4,3,4,4,2,2,2,4,3,2,3,7.0
2,2,2.0,33.0,2.0,1.0,1.0,8.0,2.0,40,50.0,3.0,125.0,1458.0903182802872,1615.564072654557,8.412059528540114,6.729647622832091,1.0,3.0,1.0,,2,,,,30.0,12.0,2.0,5,60.0,24.0,4.0,10.0,4,3,4,2,3,4,3,1,5,5,5,7,6,4,3,3,4,3,2,4,3,3,3,3,3,4.0
2,2,1.0,40.0,2.0,1.0,1.0,2.0,2.0,40,40.0,1.0,100.0,2166.305615730711,2400.266622229628,12.49791701383103,12.49791701383103,1.0,2.0,1.0,,2,,,,15.0,5.0,10.0,10,37.5,12.5,25.0,25.0,4,3,3,3,3,3,3,2,5,4,6,5,4,5,2,4,3,4,3,3,2,3,4,4,4,4.0
2,2,1.0,58.0,4.0,1.0,1.0,6.0,2.0,20,20.0,1.0,100.0,1041.493084485919,1153.974337610398,12.01722789791445,12.01722789791445,1.0,2.0,3.0,30.0,2,,,,4.0,1.0,0.0,1,20.0,5.0,0.0,5.0,1,5,1,4,5,5,5,2,3,2,3,6,6,1,2,4,2,3,4,1,4,4,4,5,4,4.0
2,2,1.0,37.0,1.0,2.0,1.0,8.0,2.0,40,60.0,3.0,150.0,1874.687552074654,2077.153807698717,10.815505108123,7.210336738748669,1.0,3.0,5.0,60.0,2,,,,25.0,20.0,5.0,10,41.66666666666667,33.33333333333333,8.333333333333332,16.66666666666666,3,4,5,3,5,4,4,2,3,5,3,7,7,5,4,4,5,5,1,4,4,4,3,4,3,4.0
2,2,2.0,48.0,1.0,1.0,1.0,9.0,2.0,40,40.0,1.0,100.0,1499.750041659723,1661.723046158973,8.652404086498404,8.652404086498404,1.0,4.0,1.0,,2,,,,10.0,1.0,1.0,5,25.0,2.5,2.5,12.5,3,3,3,4,5,5,3,1,4,3,6,7,6,4,4,4,4,4,2,3,3,3,3,4,4,4.0
2,2,1.0,36.0,2.0,1.0,1.0,1.0,2.0,40,40.0,1.0,100.0,1458.0903182802872,1615.564072654557,8.412059528540114,8.412059528540114,1.0,1.0,1.0,,2,,,,7.0,30.0,2.0,1,17.5,75.0,5.0,2.5,3,3,5,4,4,4,3,1,6,6,6,5,6,4,4,4,4,3,3,3,4,4,4,2,3,4.0
2,2,1.0,40.0,1.0,2.0,1.0,1.0,1.0,40,30.0,2.0,75.0,1249.791701383103,1384.769205132478,7.210336738748668,9.613782318331557,1.0,3.0,6.0,50.0,2,,,,26.0,1.0,0.0,12,,,,,3,2,2,3,4,4,2,3,5,4,5,5,3,5,4,4,5,5,1,4,4,3,2,2,4,4.0
2,2,2.0,30.0,2.0,1.0,1.0,8.0,2.0,20,35.0,3.0,175.0,1458.0903182802872,1615.564072654557,16.82411905708023,9.613782318331559,1.0,3.0,1.0,,2,,,,25.0,7.0,2.0,1,71.42857142857143,20.0,5.714285714285714,2.857142857142857,2,4,3,4,4,3,3,1,2,2,4,6,6,3,2,3,4,3,3,2,3,3,3,4,4,4.0
2,2,1.0,49.0,1.0,2.0,1.0,6.0,1.0,40,40.0,1.0,100.0,2499.583402766205,2769.538410264955,14.42067347749734,14.42067347749734,1.0,3.0,1.0,,2,,,,18.0,18.0,4.0,3,,,,,3,2,4,4,3,3,2,4,6,5,4,5,4,4,3,4,3,4,3,3,2,4,4,4,2,5.0
2,2,1.0,51.0,3.0,1.0,1.0,8.0,1.0,40,40.0,1.0,100.0,3124.479253457757,3461.923012831195,18.02584184687167,18.02584184687167,1.0,2.0,1.0,,2,,,,15.0,10.0,10.0,5,37.5,25.0,25.0,12.5,3,4,3,4,3,5,4,1,3,5,4,6,6,4,4,4,4,4,2,2,4,4,4,4,4,6.0
2,2,2.0,55.0,4.0,3.0,1.0,8.0,1.0,40,40.0,1.0,100.0,1249.791701383103,1384.769205132478,7.210336738748668,7.210336738748668,1.0,2.0,6.0,40.0,2,,,,35.0,5.0,2.0,2,,,,,3,2,3,3,3,3,2,2,2,3,6,6,6,4,4,3,3,4,2,3,3,2,4,4,3,4.0
2,2,1.0,37.0,1.0,1.0,1.0,8.0,2.0,40,55.0,3.0,137.5,1458.0903182802872,1615.564072654557,8.412059528540114,6.117861475301899,1.0,2.0,6.0,20.0,2,,,,20.0,20.0,2.0,10,36.36363636363637,36.36363636363637,3.636363636363636,18.18181818181818,3,2,5,3,2,2,2,2,3,3,4,6,6,4,4,4,4,4,2,3,4,4,4,2,4,4.0
2,2,1.0,44.0,4.0,1.0,1.0,8.0,1.0,40,45.0,3.0,112.5,1666.38893517747,1846.358940176637,9.613782318331559,8.545584282961386,1.0,3.0,1.0,,2,,,,30.0,8.0,2.0,10,,,,,4,4,4,3,4,5,3,2,3,4,4,6,5,4,2,2,4,2,3,4,1,1,3,4,2,4.0
2,2,1.0,37.0,2.0,2.0,1.0,1.0,3.0,40,52.0,3.0,130.0,1666.38893517747,1846.358940176637,9.613782318331559,7.395217167947353,1.0,2.0,2.0,7.5,2,,,,6.0,37.5,0.0,1.5,11.53846153846154,72.11538461538461,0.0,2.884615384615385,3,4,5,2,2,5,4,1,1,5,7,7,7,3,5,4,4,5,2,2,4,5,4,4,3,4.0
2,2,2.0,40.0,1.0,2.0,1.0,1.0,1.0,40,50.0,3.0,125.0,2916.180636560573,3231.128145309115,16.82411905708023,13.45929524566418,2.0,5.0,2.0,5.0,2,,,,20.0,5.0,10.0,15,40.0,10.0,20.0,30.0,1,4,4,4,4,4,4,2,1,1,6,7,6,2,3,4,3,2,4,1,4,4,4,4,5,4.0
2,2,1.0,46.0,1.0,2.0,1.0,8.0,1.0,40,40.0,1.0,100.0,3124.479253457757,3461.923012831195,18.02584184687167,18.02584184687167,1.0,2.0,2.0,6.0,2,,,,6.0,4.0,4.0,4,15.0,10.0,10.0,10.0,1,4,3,3,2,4,3,2,5,4,6,6,4,4,3,4,4,4,2,2,4,4,4,4,4,6.0
2,2,1.0,34.0,2.0,1.0,1.0,1.0,2.0,40,55.0,3.0,137.5,1541.40976503916,1707.882019663389,8.892748644456693,6.467453559604868,3.0,4.0,1.0,,2,,,,27.0,18.0,5.0,5,49.09090909090909,32.72727272727273,9.090909090909092,9.090909090909092,3,3,4,4,3,4,3,2,4,4,6,7,6,4,4,4,5,5,2,2,4,4,3,3,2,4.0
2,2,1.0,38.0,1.0,2.0,1.0,5.0,2.0,40,50.0,3.0,125.0,2166.305615730711,2400.266622229628,12.49791701383103,9.998333611064822,1.0,2.0,2.0,55.0,2,,,,15.0,20.0,15.0,5,,,,,3,3,5,4,2,3,4,2,4,5,6,6,6,4,4,4,4,4,1,3,3,4,4,4,4,4.0
2,2,2.0,58.0,1.0,1.0,1.0,8.0,1.0,40,40.0,1.0,100.0,1249.791701383103,1384.769205132478,7.210336738748668,7.210336738748668,1.0,3.0,5.0,5.0,2,,,,30.0,2.0,0.0,8,75.0,5.0,0.0,20.0,3,4,3,4,4,5,4,1,2,3,4,7,6,3,3,2,3,4,2,4,3,3,4,4,4,4.0
2,2,2.0,35.0,2.0,1.0,1.0,5.0,2.0,40,40.0,1.0,100.0,1903.84935844026,2109.465089151808,10.98374629869381,10.98374629869381,1.0,3.0,6.0,5.0,2,,,,40.0,0.0,0.0,0,100.0,0.0,0.0,0.0,4,3,2,4,2,3,3,1,3,2,4,6,6,4,2,2,4,3,3,2,3,3,3,4,2,4.0
2,2,1.0,45.0,1.0,2.0,1.0,5.0,1.0,40,40.0,1.0,100.0,2207.965339110148,2446.425595734044,12.73826157178932,12.73826157178932,1.0,3.0,7.0,10.0,2,,,,15.0,20.0,5.0,3,,,,,3,4,4,3,5,5,4,2,3,5,6,7,7,4,4,4,3,4,2,2,4,4,4,4,2,5.0
2,2,1.0,50.0,1.0,2.0,1.0,8.0,1.0,40,49.0,3.0,122.5,2499.583402766205,2769.538410264955,14.42067347749734,11.77197834897742,2.0,5.0,6.0,55.0,2,,,,18.0,5.0,2.0,15,36.73469387755102,10.20408163265306,4.081632653061225,30.61224489795918,2,4,4,2,4,5,4,1,1,1,3,6,7,4,2,2,3,3,3,1,3,4,4,4,4,4.0
2,2,1.0,47.0,2.0,2.0,1.0,8.0,1.0,36,36.0,1.0,100.0,2416.263956007332,2677.220463256124,15.48887151286751,15.48887151286751,1.0,3.0,7.0,10.0,2,,,,20.0,10.0,0.0,10,,,,,4,3,3,3,4,4,3,2,5,3,6,6,6,4,2,4,4,3,3,3,3,3,3,4,3,4.0
2,2,1.0,69.0,1.0,1.0,3.0,8.0,1.0,8,7.9999999999999964,1.0,100.0,583.2361273121146,646.2256290618232,16.82411905708023,16.82411905708023,1.0,4.0,5.0,10.0,2,,,,7.0,0.0,0.0,1,87.5,0.0,0.0,12.5,2,4,3,4,5,4,4,1,3,3,3,5,5,2,2,3,2,2,4,2,2,3,4,4,4,6.0
2,2,2.0,65.0,1.0,1.0,1.0,8.0,1.0,40,40.0,1.0,100.0,2499.583402766205,2769.538410264955,14.42067347749734,14.42067347749734,1.0,4.0,1.0,,2,,,,24.0,8.0,2.0,6,60.0,20.0,5.0,15.0,3,3,4,4,5,5,4,1,4,6,6,7,6,3,4,4,3,2,3,3,2,4,4,4,4,5.0
2,2,1.0,53.0,1.0,2.0,1.0,2.0,1.0,40,40.0,1.0,100.0,2041.326445592401,2261.78970171638,11.77688333995616,11.77688333995616,1.0,2.0,1.0,,2,,,,16.0,16.0,4.0,4,40.0,40.0,10.0,10.0,2,4,3,3,4,4,3,2,4,5,5,6,6,2,1,3,2,4,3,3,3,3,2,5,4,4.0
2,2,2.0,50.0,1.0,1.0,3.0,1.0,1.0,40,60.0,3.0,150.0,1583.069488418597,1754.040993167805,9.133093202414981,6.088728801609987,1.0,2.0,5.0,6.0,2,,,,50.0,8.0,2.0,0,83.33333333333334,13.33333333333333,3.333333333333333,0.0,3,5,4,4,2,5,4,1,4,4,4,7,7,4,3,4,5,4,2,2,4,3,4,4,4,3.0
2,2,2.0,60.0,4.0,3.0,1.0,5.0,1.0,40,48.0,3.0,120.0,2874.520913181136,3184.969171804699,16.58377449912194,13.81981208260162,1.0,2.0,6.0,48.0,2,,,,18.0,8.0,12.0,8,37.5,16.66666666666666,25.0,16.66666666666666,3,3,4,2,2,2,4,1,3,2,3,7,6,4,3,3,4,3,3,2,3,2,4,4,4,6.0
2,2,1.0,30.0,1.0,2.0,1.0,6.0,2.0,40,40.0,1.0,100.0,2416.263956007332,2677.220463256124,13.93998436158076,13.93998436158076,1.0,2.0,1.0,,2,,,,20.0,8.0,10.0,2,50.0,20.0,25.0,5.0,2,4,4,4,5,5,4,1,4,6,5,6,6,3,2,3,3,2,4,2,4,3,3,4,4,4.0
2,2,2.0,46.0,3.0,1.0,1.0,1.0,2.0,40,47.4,3.0,113.5,2082.986168971838,2307.948675220796,12.01722789791445,12.433578624469886,3.0,2.0,1.0,,2,,,,16.0,26.0,4.0,2,,,,,3,4,4,3,4,3,4,1,3,1,4,7,7,3,4,4,4,3,2,2,4,4,2,3,2,9.0
2,2,2.0,40.0,4.0,2.0,1.0,6.0,2.0,40,40.0,1.0,100.0,2916.180636560573,3231.128145309115,16.82411905708023,16.82411905708023,2.0,4.0,3.0,4.0,2,,,,6.0,4.0,2.0,10,15.0,10.0,5.0,25.0,3,4,5,4,4,2,4,5,4,6,4,3,4,4,4,4,3,4,2,4,3,3,4,5,4,4.0
2,2,2.0,41.0,1.0,1.0,1.0,1.0,1.0,40,52.0,3.0,130.0,2082.986168971838,2307.948675220796,12.01722789791445,9.24402145993419,1.0,3.0,1.0,,2,,,,15.0,30.0,5.0,2,28.84615384615384,57.69230769230769,9.615384615384617,3.846153846153846,1,3,4,4,4,3,4,1,3,3,4,7,7,3,4,3,4,4,2,2,4,4,4,4,4,5.0
2,2,2.0,50.0,1.0,1.0,1.0,8.0,2.0,20,20.0,1.0,100.0,708.2152974504247,784.7025495750709,8.171714970581826,8.171714970581826,1.0,1.0,2.0,40.0,2,,,,20.0,1.0,0.0,0,,,,,3,3,3,3,5,4,4,2,2,3,6,6,6,4,4,4,4,3,2,3,4,2,4,4,4,3.0
2,2,2.0,29.0,2.0,1.0,1.0,5.0,3.0,8,15.0,3.0,187.5,291.61806365605753,323.1128145309117,8.412059528540114,4.486431748554727,1.0,1.0,1.0,0.0,2,,,,5.0,35.0,2.0,1,,,,,4,3,4,3,2,4,3,1,6,3,6,7,7,3,3,2,3,4,4,4,2,2,3,2,4,7.0
2,2,2.0,33.0,1.0,1.0,1.0,4.0,1.0,40,40.0,1.0,100.0,1791.368105315781,1984.835860689885,10.33481599220643,10.33481599220643,1.0,2.0,1.0,,2,,,,18.0,19.0,1.0,2,45.0,47.5,2.5,5.0,3,3,4,2,3,3,2,1,4,3,5,6,7,3,4,3,4,4,2,2,4,4,3,4,4,4.0
2,2,2.0,34.0,1.0,2.0,1.0,1.0,2.0,40,40.0,1.0,100.0,2082.986168971838,2307.948675220796,12.01722789791445,12.01722789791445,1.0,2.0,1.0,,2,,,,30.0,10.0,0.0,0,75.0,25.0,0.0,0.0,4,3,4,2,1,1,2,3,3,2,4,6,7,5,1,2,4,2,1,4,2,4,4,2,2,2.0
2,2,1.0,44.0,1.0,2.0,1.0,5.0,1.0,40,32.0,1.0,105.0,2707.882019663389,3000.333277787036,15.62239626728878,19.443432504838935,3.0,2.0,5.0,45.0,2,,,,18.0,20.0,2.0,5,,,,,2,3,3,4,3,2,4,1,4,3,5,5,6,3,2,4,3,2,3,2,4,2,4,4,4,5.0
2,2,2.0,39.0,3.0,1.0,1.0,8.0,2.0,20,15.0,2.0,75.0,583.2361273121146,646.2256290618232,6.729647622832092,8.972863497109454,1.0,1.0,6.0,40.0,2,,,,15.0,0.0,0.0,0,100.0,0.0,0.0,0.0,3,2,2,4,2,3,2,6,2,2,3,7,5,4,5,5,4,4,3,4,3,4,5,4,2,4.0
2,2,1.0,45.0,4.0,1.0,1.0,6.0,1.0,40,30.0,2.0,75.0,2082.986168971838,2307.948675220796,12.01722789791445,16.0229705305526,1.0,2.0,5.0,10.0,2,,,,25.0,5.0,5.0,5,,,,,2,4,4,3,2,4,4,3,3,5,4,4,5,3,2,2,2,2,4,2,3,4,3,4,4,2.0
2,2,1.0,60.0,1.0,1.0,1.0,10.0,1.0,40,42.2,3.0,113.33333333333334,3749.375104149308,4154.307615397433,21.63101021624601,22.870759757378657,2.0,4.0,1.0,,2,,,,20.0,2.0,1.0,25,,,,,3,2,2,2,4,4,3,1,4,3,6,7,6,4,4,4,3,4,2,2,3,3,4,4,4,5.0
2,2,1.0,28.0,2.0,1.0,1.0,1.0,2.0,28,40.0,3.0,142.8571428571429,1458.0903182802872,1615.564072654557,12.01722789791445,8.412059528540114,1.0,2.0,5.0,45.0,2,,,,10.0,20.0,2.0,5,25.0,50.0,5.0,12.5,4,4,5,3,4,4,3,1,4,4,5,3,5,3,2,3,4,5,4,3,3,2,3,3,3,7.0
2,2,2.0,46.0,5.0,2.0,1.0,5.0,1.0,40,40.0,1.0,100.0,2291.284785869022,2538.743542742876,13.21895068770589,13.21895068770589,1.0,3.0,1.0,,2,,,,40.0,10.0,2.0,2,,,,,1,3,4,2,2,3,3,1,2,4,3,6,5,4,3,4,4,5,3,2,4,4,4,4,4,6.0
2,2,2.0,56.0,4.0,3.0,1.0,2.0,1.0,40,40.0,1.0,100.0,4165.972337943675,4615.897350441592,24.0344557958289,24.0344557958289,4.0,3.0,2.0,8.0,2,,,,14.0,6.0,6.0,14,35.0,15.0,15.0,35.0,3,4,5,4,4,4,5,1,6,5,6,7,6,3,4,4,4,3,2,3,3,4,5,4,4,6.0
2,2,1.0,40.0,1.0,2.0,1.0,6.0,1.0,40,40.0,1.0,100.0,2749.541743042826,3046.492251291451,15.86274082524707,15.86274082524707,1.0,2.0,1.0,,2,,,,8.0,8.0,16.0,8,20.0,20.0,40.0,20.0,1,4,5,4,5,5,5,1,3,6,5,7,6,2,2,4,2,4,3,2,4,5,4,5,4,7.0
2,2,1.0,33.0,2.0,1.0,1.0,2.0,2.0,32,32.0,1.0,100.0,1416.43059490085,1569.405099150141,10.21464371322728,10.21464371322728,1.0,2.0,1.0,,2,,,,28.5,2.0,0.5,1,89.0625,6.25,1.5625,3.125,1,4,3,4,5,5,4,1,3,2,5,6,5,2,2,3,3,5,3,2,4,4,4,5,4,4.0
2,2,2.0,58.0,5.0,1.0,1.0,6.0,1.0,40,40.0,1.0,100.0,1916.347275454091,2123.312781203133,11.05584966608129,11.05584966608129,3.0,2.0,1.0,,2,,,,30.0,5.0,4.0,1,75.0,12.5,10.0,2.5,3,5,5,3,3,4,5,1,6,6,6,7,7,4,2,5,5,4,2,3,4,2,4,4,4,5.0
2,2,1.0,49.0,2.0,2.0,1.0,2.0,1.0,40,40.0,1.0,100.0,1749.708381936344,1938.676887185469,10.09447143424814,10.09447143424814,1.0,3.0,1.0,,2,,,,15.0,5.0,5.0,15,37.5,12.5,12.5,37.5,4,3,5,3,4,2,3,4,3,4,4,3,5,3,2,2,2,2,3,3,2,3,2,2,3,5.0
2,2,2.0,50.0,1.0,2.0,1.0,8.0,1.0,40,40.0,1.0,100.0,1874.687552074654,2077.153807698717,10.815505108123,10.815505108123,1.0,2.0,2.0,20.0,2,,,,30.0,10.0,5.0,15,,,,,3,2,5,2,3,4,2,2,2,6,5,6,7,4,3,4,4,3,1,2,3,2,4,4,4,5.0
2,2,1.0,30.0,3.0,1.0,1.0,8.0,2.0,20,20.0,1.0,100.0,833.1944675887353,923.1794700883186,9.613782318331559,9.613782318331559,1.0,3.0,1.0,,2,,,,12.0,3.0,0.0,2,60.0,15.0,0.0,10.0,4,4,4,3,4,2,2,3,5,4,6,5,5,4,2,4,2,4,2,4,2,2,2,2,4,3.0
2,2,1.0,44.0,3.0,1.0,1.0,6.0,1.0,60,60.0,1.0,100.0,2707.882019663389,3000.333277787036,10.41493084485919,10.41493084485919,1.0,2.0,6.0,6.0,2,,,,45.0,5.0,2.0,8,75.0,8.333333333333332,3.333333333333333,13.33333333333333,4,2,5,3,5,3,2,1,2,1,4,6,6,4,4,2,4,2,1,3,3,3,2,4,3,4.0
2,2,2.0,28.0,3.0,1.0,1.0,5.0,3.0,28,56.0,3.0,200.0,833.1944675887353,923.1794700883186,6.866987370236828,3.433493685118414,1.0,1.0,1.0,,2,,,,5.0,12.5,37.5,1,8.928571428571429,22.32142857142857,66.96428571428571,1.785714285714286,4,4,4,3,4,4,3,2,2,2,3,5,6,4,2,3,4,3,2,2,4,2,4,4,3,7.0
2,2,2.0,61.0,1.0,1.0,1.0,8.0,3.0,40,52.0,3.0,130.0,1833.027828695217,2030.994834194301,10.57516055016472,8.13473888474209,2.0,2.0,5.0,13.5,2,,,,23.0,4.0,8.0,20,,,,,2,3,5,2,2,4,2,3,2,2,3,5,4,4,2,2,4,3,2,2,3,4,4,4,5,4.0
2,2,1.0,43.0,2.0,1.0,1.0,5.0,2.0,40,60.0,3.0,150.0,1682.469588401933,1864.176303949342,9.706555317703458,6.471036878468974,1.0,3.0,1.0,,2,,,,20.0,10.0,5.0,5,33.33333333333333,16.66666666666666,8.333333333333332,8.333333333333332,2,2,5,3,5,4,3,2,3,3,5,6,6,4,3,3,3,4,4,3,3,4,3,4,3,4.0
2,2,1.0,31.0,1.0,1.0,1.0,8.0,2.0,40,25.0,2.0,62.50000000000001,1583.069488418597,1754.040993167805,9.133093202414981,14.61294912386397,1.0,1.0,1.0,,2,,,,20.0,8.0,0.0,0,,,,,3,2,2,3,1,3,2,3,3,4,6,7,7,3,4,4,4,4,2,4,3,4,4,3,4,4.0
2,2,2.0,29.0,3.0,1.0,1.0,5.0,2.0,20,32.0,3.0,160.0,999.8333611064825,1107.815364105982,11.53653878199787,7.21033673874867,2.0,2.0,5.0,24.0,2,,,,16.0,8.0,4.0,4,50.0,25.0,12.5,12.5,3,4,3,4,5,5,5,1,4,4,4,7,7,4,3,3,4,4,2,4,2,4,4,4,4,4.0
2,2,1.0,51.0,2.0,2.0,1.0,4.0,1.0,40,40.0,1.0,100.0,3749.375104149308,4154.307615397433,21.63101021624601,21.63101021624601,2.0,5.0,2.0,10.0,2,,,,8.0,22.0,5.0,5,20.0,55.00000000000001,12.5,12.5,3,4,4,4,4,4,4,1,4,5,5,6,6,4,4,4,4,3,2,4,2,2,3,4,4,4.0
2,2,2.0,24.0,2.0,1.0,1.0,5.0,2.0,20,30.0,3.0,150.0,833.1944675887353,923.1794700883186,9.613782318331559,6.409188212221039,1.0,1.0,1.0,,2,,,,8.0,8.0,0.0,14,26.66666666666667,26.66666666666667,0.0,46.66666666666666,3,4,2,4,4,4,4,2,3,3,5,7,5,3,4,4,5,4,1,4,2,3,4,3,2,7.0
2,2,2.0,50.0,1.0,3.0,1.0,8.0,2.0,40,40.0,1.0,100.0,1791.368105315781,1984.835860689885,10.33481599220643,10.33481599220643,1.0,3.0,4.0,25.0,2,,,,35.0,0.0,0.0,5,87.5,0.0,0.0,12.5,2,4,5,3,1,4,4,1,2,3,3,7,7,3,3,2,4,4,2,2,4,4,4,4,4,4.0
2,2,2.0,41.0,2.0,1.0,1.0,5.0,1.0,28,28.0,1.0,100.0,1249.791701383103,1384.769205132478,10.30048105535524,10.30048105535524,1.0,2.0,1.0,,2,,,,20.0,2.0,1.0,8,,,,,4,3,4,3,4,4,3,1,4,5,4,6,5,3,2,2,2,4,2,2,3,4,3,3,3,4.0
2,2,2.0,46.0,2.0,2.0,1.0,5.0,1.0,40,40.0,1.0,100.0,1441.426428928512,1597.100483252791,8.315921705356798,8.315921705356798,1.0,1.0,5.0,8.0,2,,,,13.5,1.5,3.0,2.5,33.75,3.75,7.5,6.25,3,4,5,2,2,4,4,2,4,3,5,7,7,4,4,4,4,4,2,3,3,3,3,3,3,4.0
2,2,2.0,58.0,3.0,1.0,1.0,8.0,1.0,40,55.0,3.0,137.5,2395.434094317613,2654.140976503916,13.81981208260162,10.05077242371027,1.0,3.0,7.0,,2,,,,30.0,10.0,2.5,9,54.54545454545454,18.18181818181818,4.545454545454546,16.36363636363636,3,4,4,3,5,4,4,1,3,4,6,6,4,4,4,2,4,4,2,4,2,2,3,2,4,4.0
2,2,1.0,43.0,1.0,2.0,1.0,5.0,1.0,40,57.0,3.0,142.5,4582.569571738043,5077.487085485752,26.43790137541179,18.55291324590301,3.0,3.0,1.0,,2,,,,16.0,8.0,16.0,17.5,,,,,1,3,5,2,2,3,4,1,1,1,2,7,7,4,3,4,4,2,3,1,4,3,4,4,4,6.0
2,2,2.0,42.0,1.0,2.0,1.0,8.0,2.0,40,40.0,1.0,100.0,1624.7292117980328,1800.199966672221,9.373437760373271,9.373437760373271,1.0,4.0,1.0,,2,,,,20.0,10.0,6.0,10,,,,,3,3,4,3,5,4,3,2,4,3,6,7,6,4,3,4,5,5,2,2,4,3,4,4,4,4.0
2,2,2.0,44.0,1.0,2.0,1.0,8.0,1.0,40,40.0,1.0,100.0,2499.583402766205,2769.538410264955,14.42067347749734,14.42067347749734,2.0,5.0,1.0,,2,,,,30.0,4.0,2.0,4,75.0,10.0,5.0,10.0,4,4,3,4,3,4,4,1,3,4,4,6,6,4,2,2,2,2,2,3,3,3,4,4,4,4.0
2,2,1.0,41.0,2.0,2.0,1.0,6.0,1.0,40,40.0,1.0,100.0,3874.354274287618,4292.784535910681,22.35204389012087,22.35204389012087,1.0,3.0,1.0,,2,,,,15.0,20.0,5.0,5,,,,,4,5,3,4,5,5,4,2,6,2,4,6,6,3,3,3,3,2,3,3,3,3,3,3,4,5.0
2,2,1.0,57.0,1.0,1.0,1.0,5.0,1.0,40,40.0,1.0,100.0,1666.38893517747,1846.358940176637,9.613782318331559,9.613782318331559,2.0,5.0,1.0,,2,,,,20.0,0.0,0.0,3,50.0,0.0,0.0,7.5,3,4,5,3,3,4,4,3,4,5,6,7,6,4,4,4,4,4,2,4,4,3,4,4,4,4.0
2,2,1.0,48.0,3.0,1.0,1.0,1.0,1.0,40,45.0,3.0,112.5,1249.791701383103,1384.769205132478,7.210336738748668,6.4091882122210375,4.0,3.0,1.0,,2,,,,20.0,15.0,10.0,1,,,,,4,3,5,2,2,3,3,1,3,3,4,6,4,3,2,3,3,4,3,2,3,4,4,3,3,4.0
2,2,1.0,44.0,1.0,2.0,1.0,2.0,1.0,40,40.0,1.0,100.0,1874.687552074654,2077.153807698717,10.815505108123,10.815505108123,1.0,3.0,1.0,,2,,,,12.0,20.0,3.0,5,30.0,50.0,7.5,12.5,4,3,3,4,4,5,3,1,4,4,5,6,6,2,2,2,2,5,4,4,2,3,3,4,4,4.0
2,2,2.0,50.0,1.0,1.0,1.0,8.0,2.0,40,40.0,1.0,100.0,1249.791701383103,1384.769205132478,7.210336738748668,7.210336738748668,1.0,3.0,2.0,60.0,2,,,,6.0,3.0,3.0,3,15.0,7.5,7.5,7.5,3,4,3,4,4,3,4,1,3,2,4,7,7,3,3,4,4,4,2,3,4,3,4,4,5,4.0
2,2,2.0,38.0,3.0,1.0,1.0,1.0,1.0,40,50.0,3.0,125.0,1541.40976503916,1707.882019663389,8.892748644456693,7.114198915565355,1.0,3.0,1.0,,2,,,,20.0,7.0,0.0,10,40.0,14.0,0.0,20.0,4,4,3,3,3,3,3,1,4,3,4,6,5,4,2,4,4,4,2,4,3,3,2,2,4,4.0
2,2,1.0,54.0,1.0,2.0,1.0,8.0,1.0,48,40.0,2.0,83.33333333333334,3332.777870354941,3692.717880353274,16.0229705305526,19.22756463666312,2.0,5.0,7.0,15.0,2,,,,10.0,10.0,5.0,15,25.0,25.0,12.5,37.5,1,3,2,4,4,4,4,2,3,4,5,6,5,3,2,4,3,3,3,3,4,4,4,4,3,6.0
2,2,2.0,46.0,1.0,2.0,1.0,8.0,2.0,20,20.0,1.0,100.0,874.8541909681719,969.3384435927344,10.09447143424814,10.09447143424814,1.0,2.0,5.0,20.0,2,,,,19.0,1.0,0.0,0,95.0,5.0,0.0,0.0,1,3,2,4,4,4,2,1,5,3,6,7,7,4,3,4,2,4,2,2,4,4,4,4,5,4.0
2,2,1.0,45.0,1.0,2.0,1.0,8.0,2.0,40,40.0,1.0,100.0,1541.40976503916,1707.882019663389,8.892748644456693,8.892748644456693,1.0,2.0,3.0,21.0,2,,,,20.0,8.0,2.0,5,50.0,20.0,5.0,12.5,3,3,3,3,3,4,3,3,3,3,5,5,5,4,2,4,4,4,2,3,3,4,4,4,4,4.0
2,2,2.0,54.0,1.0,1.0,1.0,4.0,2.0,8,15.0,3.0,187.5,249.95834027662067,276.9538410264954,7.21033673874867,3.8455129273326243,1.0,3.0,3.0,12.0,2,,,,15.0,20.0,5.0,5,,,,,1,4,3,4,2,4,4,1,1,1,2,7,6,3,3,3,4,4,2,2,4,4,5,5,5,4.0
2,2,2.0,41.0,1.0,2.0,1.0,8.0,1.0,20,20.0,1.0,100.0,583.2361273121146,646.2256290618232,6.729647622832092,6.7296476228320925,1.0,1.0,5.0,14.0,2,,,,12.0,0.0,0.0,2,60.0,0.0,0.0,10.0,1,3,5,4,5,5,3,1,2,3,6,7,6,2,3,3,4,4,3,2,3,4,4,5,4,2.0
2,2,1.0,34.0,2.0,1.0,1.0,1.0,2.0,40,67.0,3.0,167.5,1749.708381936344,1938.676887185469,10.09447143424814,6.0265501099988885,1.0,2.0,1.0,,2,,,,15.0,35.0,20.0,10,,,,,3,4,4,3,2,4,3,4,5,5,4,4,4,4,2,4,4,4,2,4,4,3,4,2,4,4.0
2,2,2.0,50.0,1.0,4.0,1.0,5.0,2.0,40,48.0,3.0,120.0,1458.0903182802872,1615.564072654557,8.412059528540114,7.010049607116762,1.0,3.0,1.0,,2,,,,36.0,5.0,2.0,5,75.0,10.41666666666667,4.166666666666666,10.41666666666667,3,2,4,3,5,5,3,1,5,5,6,7,6,5,3,2,4,5,2,4,4,3,3,4,4,4.0
2,2,2.0,34.0,3.0,1.0,1.0,1.0,2.0,10,17.0,3.0,170.0,395.76737210464944,438.51024829195126,9.133093202414981,5.372407766126459,1.0,3.0,2.0,25.0,2,,,,12.0,5.0,0.0,2,,,,,4,4,4,3,4,4,3,1,2,4,4,7,6,3,3,3,4,4,2,3,3,2,3,2,3,4.0
2,2,2.0,40.0,1.0,2.0,1.0,4.0,2.0,12,12.0,1.0,100.0,416.5972337943674,461.5897350441594,8.0114852652763,8.0114852652763,1.0,1.0,2.0,32.0,2,,,,4.0,4.0,4.0,2,,,,,4,4,4,3,3,3,4,1,3,4,4,4,4,4,1,2,4,4,2,2,4,3,2,4,4,7.0
2,2,1.0,46.0,1.0,2.0,1.0,2.0,1.0,40,40.0,1.0,100.0,1583.069488418597,1754.040993167805,9.133093202414981,9.133093202414981,2.0,3.0,1.0,,2,,,,14.0,8.0,2.0,10,35.0,20.0,5.0,25.0,3,4,3,4,3,4,3,1,5,5,6,6,7,3,4,4,3,4,2,4,3,3,3,4,4,4.0
2,2,2.0,59.0,1.0,1.0,1.0,9.0,1.0,50,50.0,1.0,100.0,1749.708381936344,1938.676887185469,8.07557714739851,8.07557714739851,1.0,1.0,2.0,6.0,2,,,,30.0,18.0,0.0,2,60.0,36.0,0.0,4.0,3,4,4,4,4,3,4,1,4,3,4,7,6,3,4,4,4,4,2,3,4,4,4,4,3,5.0
2,2,1.0,54.0,4.0,2.0,2.0,5.0,2.0,40,9.000000000000004,2.0,22.5,1624.7292117980328,1800.199966672221,9.373437760373271,41.65972337943676,1.0,1.0,2.0,20.0,2,,,,16.5,25.0,0.0,0,,,,,1,2,3,4,2,4,3,1,5,2,6,7,7,2,5,5,2,5,4,2,5,4,4,5,2,4.0
2,2,1.0,40.0,2.0,2.0,1.0,2.0,2.0,12,12.0,1.0,100.0,374.9375104149308,415.43076153974334,7.21033673874867,7.21033673874867,1.0,3.0,6.0,30.0,2,,,,6.0,1.0,4.0,1,50.0,8.333333333333332,33.33333333333333,8.333333333333332,3,4,4,4,5,5,4,1,1,1,5,7,6,3,4,3,4,4,2,3,5,4,4,4,4,4.0
2,2,2.0,52.0,1.0,1.0,1.0,8.0,1.0,20,45.5,3.0,130.0,999.8333611064825,1107.815364105982,11.53653878199787,8.634908481722473,1.0,1.0,6.0,4.0,2,,,,14.0,6.0,6.0,4,,,,,3,2,2,3,1,4,2,1,1,1,4,7,7,1,4,2,4,4,1,3,3,3,3,5,5,5.0
2,2,1.0,31.0,1.0,1.0,1.0,4.0,2.0,40,40.0,1.0,100.0,1708.048658556907,1892.517913681053,9.85412687628985,9.85412687628985,2.0,3.0,2.0,10.0,2,,,,25.0,5.0,2.0,10,,,,,2,4,2,3,3,4,3,2,2,2,4,5,5,3,3,3,2,3,3,2,3,4,4,4,3,4.0
2,2,1.0,57.0,1.0,1.0,1.0,2.0,2.0,24,24.0,1.0,100.0,1083.152807865356,1200.133311114814,10.41493084485919,10.41493084485919,1.0,1.0,6.0,32.0,2,,,,20.0,4.0,0.0,0,83.33333333333334,16.66666666666666,0.0,0.0,1,4,1,3,2,2,3,1,1,1,2,7,5,3,3,4,4,3,4,2,4,3,4,5,5,4.0
2,2,2.0,34.0,2.0,1.0,1.0,8.0,2.0,40,40.0,1.0,100.0,1541.40976503916,1707.882019663389,8.892748644456693,8.892748644456693,1.0,3.0,1.0,,2,,,,17.0,8.0,5.0,10,42.5,20.0,12.5,25.0,3,3,5,3,2,4,3,1,5,3,6,5,5,4,3,4,4,5,2,4,3,2,4,3,4,4.0
2,2,2.0,26.0,3.0,1.0,1.0,4.0,2.0,40,60.0,3.0,150.0,1666.38893517747,1846.358940176637,9.613782318331559,6.409188212221039,1.0,4.0,1.0,,2,,,,20.0,10.0,2.0,10,33.33333333333333,16.66666666666666,3.333333333333333,16.66666666666666,3,4,2,2,5,4,3,1,5,4,7,7,6,4,4,4,5,5,2,2,4,4,4,3,1,3.0
2,2,1.0,45.0,1.0,2.0,1.0,5.0,1.0,40,64.0,3.0,160.0,1791.368105315781,1984.835860689885,10.33481599220643,6.459259995129017,3.0,3.0,1.0,,2,,,,35.0,8.0,5.0,15,54.6875,12.5,7.8125,23.4375,3,3,4,2,3,2,2,1,4,4,5,6,6,4,4,4,4,4,2,3,3,4,4,3,3,4.0
2,2,2.0,38.0,1.0,2.0,1.0,8.0,2.0,20,20.0,1.0,100.0,874.8541909681719,969.3384435927344,10.09447143424814,10.09447143424814,1.0,1.0,3.0,20.0,2,,,,15.0,5.0,0.0,0,75.0,25.0,0.0,0.0,3,3,3,5,4,5,3,1,1,2,6,7,7,2,4,4,4,4,3,3,3,4,4,5,2,4.0
2,2,2.0,50.0,1.0,1.0,1.0,2.0,1.0,40,40.0,1.0,100.0,2499.583402766205,2769.538410264955,14.42067347749734,14.42067347749734,2.0,3.0,1.0,,2,,,,25.0,8.0,5.0,6,,,,,2,3,5,3,5,4,4,1,1,6,4,6,5,4,2,3,3,3,4,2,3,3,4,4,4,5.0
2,2,2.0,75.0,5.0,1.0,3.0,5.0,2.0,40,40.0,1.0,100.0,1666.38893517747,1846.358940176637,9.613782318331559,9.613782318331559,1.0,4.0,1.0,,2,,,,20.0,20.0,0.0,0,50.0,50.0,0.0,0.0,3,2,3,4,4,5,4,1,2,2,5,6,6,3,4,4,4,4,3,2,4,3,4,4,3,5.0
2,2,1.0,35.0,2.0,1.0,1.0,1.0,3.0,20,60.0,3.0,300.0,916.5139143476085,1015.49741709715,10.57516055016472,3.525053516721572,1.0,2.0,2.0,40.0,2,,,,10.0,20.0,20.0,10,16.66666666666666,33.33333333333333,33.33333333333333,16.66666666666666,3,3,2,4,3,4,3,3,4,3,5,6,6,4,4,3,4,4,2,4,2,3,3,2,2,4.0
2,2,1.0,40.0,1.0,2.0,1.0,1.0,2.0,40,40.0,1.0,100.0,2082.986168971838,2307.948675220796,12.01722789791445,12.01722789791445,1.0,4.0,1.0,,2,,,,16.0,32.0,6.0,3,,,,,1,3,4,4,5,5,4,1,1,1,3,7,6,3,2,4,4,4,3,2,3,4,4,5,4,4.0
2,2,2.0,37.0,1.0,2.0,1.0,4.0,1.0,40,40.0,1.0,100.0,916.5139143476085,1015.49741709715,5.287580275082358,5.287580275082357,3.0,3.0,1.0,,2,,,,30.0,5.0,4.0,1,75.0,12.5,10.0,2.5,2,4,5,3,3,3,3,2,3,5,4,5,5,3,2,4,2,4,3,2,3,4,4,4,4,4.0
2,2,2.0,36.0,2.0,1.0,1.0,1.0,3.0,40,60.0,3.0,150.0,1249.791701383103,1384.769205132478,7.210336738748668,4.806891159165778,1.0,1.0,5.0,20.0,2,,,,40.0,20.0,10.0,10,,,,,1,2,5,2,1,4,1,2,1,2,6,5,3,5,1,4,2,4,2,2,2,3,5,5,4,4.0
2,2,2.0,49.0,1.0,2.0,1.0,2.0,1.0,40,40.0,1.0,100.0,2041.326445592401,2261.78970171638,11.77688333995616,11.77688333995616,2.0,3.0,1.0,,2,,,,20.0,10.0,10.0,10,,,,,4,3,4,3,4,3,3,1,1,2,2,4,5,4,3,3,4,4,3,3,3,2,3,3,3,5.0
2,2,2.0,50.0,1.0,2.0,1.0,8.0,1.0,40,55.0,3.0,137.5,2916.180636560573,3231.128145309115,16.82411905708023,12.2357229506038,2.0,4.0,1.0,,2,,,,25.0,10.0,10.0,10,45.45454545454545,18.18181818181818,18.18181818181818,18.18181818181818,4,4,5,2,3,3,3,1,2,3,2,6,5,5,2,2,5,4,2,4,3,3,3,4,4,5.0
2,2,2.0,29.0,3.0,1.0,1.0,5.0,2.0,40,40.0,1.0,100.0,1249.791701383103,1384.769205132478,7.210336738748668,7.210336738748668,1.0,3.0,1.0,,2,,,,25.0,10.0,5.0,5,,,,,1,3,4,4,4,5,3,1,2,3,3,7,7,3,4,4,3,4,4,4,3,3,4,5,4,2.0
2,2,1.0,42.0,1.0,2.0,1.0,2.0,1.0,20,30.0,3.0,150.0,1458.0903182802872,1615.564072654557,16.82411905708023,11.21607937138682,1.0,1.0,5.0,20.0,2,,,,10.0,5.0,14.0,1,33.33333333333333,16.66666666666666,46.66666666666666,3.333333333333333,4,4,4,2,3,5,3,3,5,3,4,5,4,3,2,2,3,2,3,2,2,3,3,3,4,4.0
2,2,2.0,46.0,4.0,4.0,1.0,5.0,1.0,50,50.0,1.0,100.0,2499.583402766205,2769.538410264955,11.53653878199787,11.53653878199787,1.0,4.0,1.0,,2,,,,12.0,12.0,12.0,10,24.0,24.0,24.0,20.0,3,5,4,5,4,5,5,1,6,7,7,7,7,4,3,4,5,4,2,2,3,2,5,4,4,4.0
2,2,2.0,37.0,2.0,2.0,1.0,5.0,1.0,40,50.0,3.0,125.0,2437.09381769705,2700.299950008332,14.0601566405599,11.24812531244792,1.0,1.0,1.0,,2,,,,30.0,13.0,2.0,5,60.0,26.0,4.0,10.0,3,4,5,3,3,2,3,1,5,7,6,7,6,5,4,4,3,2,2,3,3,2,3,4,4,4.0
2,2,1.0,34.0,2.0,2.0,1.0,1.0,1.0,40,40.0,1.0,100.0,1541.40976503916,1707.882019663389,8.892748644456693,8.892748644456693,1.0,1.0,3.0,55.0,2,,,,10.0,30.0,0.0,0,25.0,75.0,0.0,0.0,4,3,3,3,4,4,2,2,2,4,5,6,5,4,2,4,3,4,3,2,4,4,1,1,1,4.0
2,2,1.0,41.0,1.0,2.0,1.0,5.0,1.0,40,40.0,1.0,100.0,1666.38893517747,1846.358940176637,9.613782318331559,9.613782318331559,1.0,4.0,1.0,,2,,,,20.0,10.0,5.0,5,50.0,25.0,12.5,12.5,4,3,4,3,4,4,3,2,3,5,5,6,6,4,3,2,3,2,2,4,2,3,3,4,4,4.0
2,2,1.0,49.0,1.0,4.0,1.0,5.0,1.0,40,55.0,3.0,137.5,1395.600733211131,1546.325612397934,8.051542691602682,5.855667412074679,3.0,1.0,1.0,,2,,,,12.0,20.0,10.0,8,21.81818181818182,36.36363636363637,18.18181818181818,14.54545454545454,4,4,5,3,3,2,3,1,3,2,3,7,6,4,2,3,4,2,2,2,3,2,2,2,2,4.0
2,2,2.0,33.0,3.0,1.0,1.0,5.0,3.0,18,40.0,3.0,222.22222222222217,520.7465422429598,576.9871688051987,6.676237721063583,3.0043069744786113,1.0,1.0,3.0,20.0,2,,,,40.0,20.0,0.0,0,,,,,3,3,4,3,4,5,2,1,5,5,6,7,5,4,4,4,4,4,2,3,2,3,4,3,2,3.0
2,2,1.0,36.0,1.0,1.0,1.0,1.0,2.0,40,40.0,1.0,100.0,3332.777870354941,3692.717880353274,19.22756463666312,19.22756463666312,1.0,2.0,3.0,20.0,2,,,,15.0,20.0,0.0,5,37.5,50.0,0.0,12.5,1,5,4,4,3,4,5,2,2,3,4,6,5,3,3,4,4,4,4,2,4,4,4,4,4,4.0
2,2,1.0,52.0,1.0,2.0,1.0,4.0,1.0,40,40.0,1.0,100.0,2291.284785869022,2538.743542742876,13.21895068770589,13.21895068770589,1.0,2.0,1.0,,2,,,,20.0,15.0,5.0,5,,,,,4,2,5,2,3,4,3,1,4,6,4,5,3,4,2,2,3,3,2,4,2,2,2,2,4,5.0
2,2,1.0,30.0,1.0,2.0,1.0,4.0,2.0,4,4.0,1.0,100.0,104.14930844859191,115.39743376103979,6.008613948957224,6.008613948957224,1.0,3.0,6.0,55.0,2,,,,4.0,0.0,0.0,0,100.0,0.0,0.0,0.0,2,5,1,5,5,5,4,1,5,1,3,7,7,1,1,3,1,2,3,1,4,5,5,5,4,3.0
2,2,2.0,36.0,2.0,1.0,1.0,8.0,2.0,40,42.0,3.0,115.0,1791.368105315781,1984.835860689885,10.33481599220643,10.056016304974811,1.0,4.0,1.0,,2,,,,30.0,10.0,5.0,3,,,,,3,3,2,3,4,4,3,1,2,4,4,6,7,4,3,4,4,4,2,2,3,4,3,3,4,4.0
2,2,1.0,57.0,1.0,1.0,1.0,1.0,1.0,44,44.0,1.0,100.0,4165.972337943675,4615.897350441592,21.84950526893536,21.84950526893536,1.0,2.0,1.0,,2,,,,20.0,4.0,18.0,2,45.45454545454545,9.090909090909092,40.90909090909091,4.545454545454546,2,4,4,4,3,2,4,1,2,3,4,6,6,2,2,3,3,2,4,2,4,4,4,4,4,5.0
2,2,1.0,32.0,2.0,1.0,1.0,1.0,2.0,40,50.0,3.0,125.0,1666.38893517747,1846.358940176637,9.613782318331559,7.691025854665247,1.0,4.0,6.0,20.0,2,,,,38.0,0.0,10.0,2,76.0,0.0,20.0,4.0,4,3,3,2,2,3,2,3,5,2,6,7,5,5,4,4,4,4,1,5,2,2,2,1,1,4.0
2,2,1.0,38.0,1.0,2.0,1.0,8.0,1.0,16,20.0,3.0,125.0,1846.650558240293,2046.088818530245,26.63438305154269,21.30750644123415,1.0,2.0,5.0,30.0,2,,,,16.0,1.0,0.0,3,80.0,5.0,0.0,15.0,3,3,2,4,4,5,3,2,3,2,4,5,5,2,2,3,4,3,2,2,4,2,4,4,4,2.0
2,2,1.0,64.0,1.0,1.0,1.0,5.0,1.0,40,50.0,3.0,125.0,2916.180636560573,3231.128145309115,16.82411905708023,13.45929524566418,1.0,4.0,2.0,8.0,2,,,,10.0,22.5,12.5,10,,,,,1,4,5,3,3,4,4,2,4,2,6,7,6,4,3,3,3,4,3,3,3,4,4,5,4,6.0
2,2,1.0,39.0,1.0,2.0,1.0,1.0,1.0,40,40.0,1.0,100.0,2299.616730544909,2547.975337443759,13.26701959929755,13.26701959929755,1.0,3.0,1.0,,2,,,,10.0,15.0,7.0,8,25.0,37.5,17.5,20.0,1,4,4,4,4,4,3,1,4,5,5,6,6,2,2,4,3,3,3,2,4,4,4,4,5,5.0
2,2,2.0,39.0,1.0,2.0,1.0,8.0,2.0,20,20.0,1.0,100.0,374.9375104149308,415.43076153974334,4.326202043249202,4.326202043249202,1.0,1.0,6.0,27.5,2,,,,20.0,5.0,0.0,0,,,,,2,2,4,4,2,4,3,2,3,2,4,6,5,4,3,2,2,2,4,2,3,4,4,5,5,2.0
2,2,1.0,71.0,1.0,1.0,1.0,2.0,1.0,40,40.0,1.0,100.0,2832.8611898017,3138.810198300283,16.34342994116365,16.34342994116365,1.0,3.0,1.0,,2,,,,30.0,10.0,20.0,1,,,,,1,5,4,5,5,5,5,1,5,1,7,7,7,3,4,4,4,5,2,2,4,4,5,5,5,6.0
2,2,1.0,54.0,1.0,4.0,1.0,5.0,1.0,40,40.0,1.0,100.0,3332.777870354941,3692.717880353274,19.22756463666312,19.22756463666312,1.0,5.0,1.0,,2,,,,20.0,10.0,2.0,8,50.0,25.0,5.0,20.0,2,5,5,4,5,4,5,1,4,5,5,7,6,3,2,3,2,2,4,2,3,4,4,4,3,6.0
2,2,1.0,26.0,1.0,1.0,1.0,5.0,2.0,10,40.0,3.0,400.0,916.5139143476085,1015.49741709715,21.15032110032943,5.287580275082357,1.0,1.0,1.0,,2,,,,0.5,37.0,2.0,2,,,,,3,2,1,3,3,3,2,2,2,2,6,6,6,4,4,4,4,2,2,2,3,4,3,2,3,7.0
2,2,1.0,29.0,3.0,1.0,1.0,8.0,2.0,40,55.0,3.0,137.5,1124.812531244793,1246.29228461923,6.489303064873804,4.719493138090039,1.0,2.0,6.0,10.0,2,,,,20.0,4.0,0.0,10,36.36363636363637,7.272727272727272,0.0,18.18181818181818,3,3,4,2,3,4,3,3,4,4,4,5,5,4,3,4,5,4,2,3,3,2,3,3,2,2.0
2,2,1.0,49.0,1.0,2.0,1.0,5.0,1.0,40,40.0,1.0,100.0,2499.583402766205,2769.538410264955,14.42067347749734,14.42067347749734,1.0,3.0,1.0,,2,,,,20.0,15.0,5.0,2,,,,,3,4,5,4,4,4,4,1,4,4,6,7,7,3,3,4,2,3,3,3,3,2,4,4,4,5.0
2,2,2.0,41.0,1.0,2.0,1.0,8.0,1.0,40,30.0,2.0,75.0,1583.069488418597,1754.040993167805,9.133093202414981,12.17745760321998,1.0,4.0,1.0,,2,,,,15.0,5.0,5.0,10,,,,,3,4,4,5,5,5,5,1,4,4,3,7,7,4,4,4,4,4,2,3,4,3,4,3,3,4.0
2,2,2.0,48.0,2.0,3.0,1.0,5.0,1.0,40,60.0,3.0,150.0,3541.076487252124,3923.512747875354,20.42928742645456,13.61952495096971,2.0,2.0,1.0,,2,,,,10.0,20.0,20.0,10,16.66666666666666,33.33333333333333,33.33333333333333,16.66666666666666,2,4,5,4,2,3,4,1,2,3,3,7,7,4,2,3,2,2,3,3,2,3,4,4,4,5.0
2,2,1.0,40.4,1.0,2.0,1.0,5.0,2.0,40,40.0,1.0,100.0,1541.40976503916,1707.882019663389,8.892748644456693,8.892748644456693,1.0,2.0,6.0,52.0,2,,,,25.0,15.0,13.0,2,,,,,3,2,3,2,1,2,2,3,2,2,6,7,6,4,4,4,4,4,2,3,4,4,4,2,3,5.0
2,2,2.0,29.0,3.0,1.0,1.0,4.0,2.0,40,60.0,3.0,150.0,1249.791701383103,1384.769205132478,7.210336738748668,4.806891159165778,1.0,2.0,3.0,20.0,2,,,,30.0,5.0,10.0,15,50.0,8.333333333333332,16.66666666666666,25.0,4,2,5,2,2,3,2,1,1,6,4,7,7,3,2,4,3,4,2,2,4,2,2,2,2,3.0
2,2,2.0,35.8,3.0,2.0,1.0,5.0,2.0,12,12.0,1.0,100.0,499.9166805532411,553.907682052991,9.61378231833156,9.61378231833156,1.0,1.0,5.0,25.0,2,,,,4.0,4.0,0.0,1,33.33333333333333,33.33333333333333,0.0,8.333333333333332,2,3,5,4,4,2,3,1,2,3,3,5,5,2,4,4,2,3,4,2,3,3,4,5,3,4.0
2,2,1.0,41.0,1.0,1.0,1.0,1.0,1.0,40,40.0,1.0,100.0,3332.777870354941,3692.717880353274,19.22756463666312,19.22756463666312,1.0,4.0,1.0,,2,,,,20.0,20.0,3.0,2,,,,,3,3,2,4,5,2,4,4,2,1,5,6,4,4,4,2,4,5,2,3,3,3,4,3,4,5.0
2,2,1.0,46.0,1.0,2.0,1.0,5.0,1.0,40,40.0,1.0,100.0,2249.625062489585,2492.58456923846,12.97860612974761,12.97860612974761,1.0,3.0,1.0,,2,,,,26.0,6.0,1.0,7,65.0,15.0,2.5,17.5,4,4,5,3,5,5,3,2,5,5,6,6,5,4,4,3,3,3,2,5,2,2,2,3,3,4.0
2,2,1.0,42.0,1.0,2.0,1.0,5.0,2.0,40,55.0,3.0,137.5,2916.180636560573,3231.128145309115,16.82411905708023,12.2357229506038,3.0,2.0,1.0,,2,,,,30.0,10.0,20.0,10,,,,,3,3,4,3,2,3,3,2,4,5,4,4,4,4,4,4,4,5,2,3,3,3,4,4,2,4.0
2,2,2.0,49.0,1.0,2.0,1.0,5.0,1.0,40,40.0,1.0,100.0,1874.687552074654,2077.153807698717,10.815505108123,10.815505108123,1.0,1.0,1.0,,2,,,,20.0,13.0,2.0,5,50.0,32.5,5.0,12.5,4,4,4,2,1,3,3,1,4,5,4,5,4,4,2,4,4,4,2,4,2,3,4,3,4,5.0
2,2,1.0,28.0,1.0,1.0,1.0,5.0,2.0,40,50.0,3.0,125.0,2916.180636560573,3231.128145309115,16.82411905708023,13.45929524566418,1.0,1.0,1.0,,2,,,,10.0,30.0,2.0,8,20.0,60.0,4.0,16.0,1,3,5,3,4,5,4,1,4,4,7,7,7,3,4,5,4,5,1,2,5,5,3,5,3,3.0
2,2,2.0,39.0,1.0,2.0,1.0,5.0,1.0,40,50.0,3.0,125.0,3124.479253457757,3461.923012831195,18.02584184687167,14.42067347749734,3.0,2.0,1.0,,2,,,,20.0,20.0,5.0,5,40.0,40.0,10.0,10.0,1,5,5,4,3,5,5,1,2,6,4,7,6,3,2,4,3,3,4,2,4,4,4,5,4,4.0
2,2,1.0,40.0,1.0,2.0,1.0,4.0,1.0,14,5.0,2.0,35.71428571428572,833.1944675887353,923.1794700883186,13.73397474047366,38.45512927332624,1.0,2.0,6.0,40.0,2,,,,5.0,0.0,0.0,0,100.0,0.0,0.0,0.0,2,3,2,4,3,4,3,2,3,2,4,6,5,1,1,2,3,4,4,3,4,4,4,5,4,4.0
2,2,1.0,67.0,1.0,1.0,1.0,1.0,2.0,40,40.0,1.0,100.0,2707.882019663389,3000.333277787036,15.62239626728878,15.62239626728878,2.0,2.0,1.0,,2,,,,15.0,5.0,5.0,15,37.5,12.5,12.5,37.5,2,3,3,4,4,4,4,1,1,2,5,6,6,3,3,3,2,3,3,2,3,4,3,4,5,5.0
2,2,1.0,39.0,1.0,2.0,1.0,7.0,2.0,40,40.0,1.0,100.0,3749.375104149308,4154.307615397433,21.63101021624601,21.63101021624601,3.0,3.0,4.0,10.0,2,,,,1.0,2.0,20.0,17,2.5,5.0,50.0,42.5,4,3,3,2,2,4,3,2,3,5,4,6,5,4,2,2,4,2,2,3,3,3,4,4,4,7.0
2,2,2.0,44.0,2.0,2.0,1.0,5.0,1.0,40,50.0,3.0,125.0,2082.986168971838,2307.948675220796,12.01722789791445,9.613782318331559,2.0,4.0,1.0,,2,,,,15.0,7.0,8.0,20,30.0,14.0,16.0,40.0,3,4,5,2,3,4,4,1,2,4,7,7,6,4,4,4,4,3,2,3,3,2,4,4,4,4.0
2,2,2.0,39.0,1.0,1.0,1.0,9.0,2.0,40,40.0,1.0,100.0,1541.40976503916,1707.882019663389,8.892748644456693,8.892748644456693,2.0,4.0,7.0,7.0,2,,,,22.0,4.0,8.0,6,55.00000000000001,10.0,20.0,15.0,3,4,4,4,4,3,3,1,4,5,5,6,7,3,4,4,5,3,2,2,4,4,4,4,4,4.0
2,2,2.0,37.0,1.0,2.0,1.0,1.0,2.0,32,32.0,1.0,100.0,1708.048658556907,1892.517913681053,12.31765859536231,12.31765859536231,1.0,1.0,1.0,,2,,,,5.0,25.0,1.0,5,,,,,2,4,4,4,4,5,3,1,5,5,6,7,6,3,2,3,3,4,4,2,4,2,3,4,4,7.0
2,2,2.0,24.0,2.0,1.0,1.0,5.0,2.0,12,20.0,3.0,166.6666666666667,416.5972337943674,461.5897350441594,8.0114852652763,4.806891159165778,1.0,2.0,1.0,,2,,,,0.0,10.0,10.0,5,,,,,3,4,4,4,5,5,4,1,4,4,5,7,7,5,2,4,3,4,4,4,2,3,4,3,3,4.0
2,2,1.0,45.0,1.0,2.0,1.0,5.0,1.0,40,40.0,1.0,100.0,1249.791701383103,1384.769205132478,7.210336738748668,7.210336738748668,1.0,3.0,6.0,15.0,2,,,,25.0,5.0,2.0,5,62.5,12.5,5.0,12.5,4,3,3,3,2,3,4,2,5,2,6,6,7,4,3,2,4,4,1,3,3,2,4,2,4,4.0
2,2,2.0,39.0,3.0,1.0,1.0,5.0,1.0,40,58.0,3.0,135.0,3999.333444425929,4431.261456423928,23.07307756399575,16.632034521053015,4.0,5.0,1.0,,2,,,,6.0,15.0,15.0,15,,,,,3,5,5,3,4,5,5,1,2,5,5,6,6,4,4,4,5,2,2,3,3,2,4,4,2,5.0
2,2,2.0,32.0,1.0,1.0,1.0,5.0,2.0,40,40.0,1.0,100.0,2082.986168971838,2307.948675220796,12.01722789791445,12.01722789791445,1.0,3.0,1.0,,2,,,,10.0,24.0,0.0,6,25.0,60.0,0.0,15.0,4,4,5,4,5,5,4,2,5,5,5,5,5,4,1,2,2,3,3,4,3,4,4,3,3,4.0
2,2,1.0,41.0,1.0,2.0,1.0,6.0,1.0,40,30.0,2.0,75.0,1666.38893517747,1846.358940176637,9.613782318331559,12.81837642444208,1.0,3.0,2.0,15.0,2,,,,20.0,2.0,2.0,6,66.66666666666666,6.666666666666667,6.666666666666667,20.0,2,3,4,3,4,4,3,3,3,2,3,4,5,3,2,2,2,2,4,3,3,3,4,4,2,4.0
2,2,1.0,57.0,1.0,2.0,1.0,5.0,1.0,40,40.0,1.0,100.0,2291.284785869022,2538.743542742876,13.21895068770589,13.21895068770589,1.0,3.0,1.0,,2,,,,25.0,1.0,0.0,14,62.5,2.5,0.0,35.0,2,5,4,3,4,4,5,2,2,3,2,5,4,2,1,1,2,2,4,2,1,3,3,3,4,4.0
2,2,1.0,35.0,3.0,1.0,1.0,1.0,1.0,40,50.0,3.0,125.0,1.6663889351775651,1.8463589401767422,0.00961378231833156,0.007691025854665412,1.0,4.0,1.0,,2,,,,25.0,20.0,1.0,5,,,,,4,4,3,4,3,4,3,2,1,5,3,5,6,4,2,2,4,4,2,2,3,3,2,2,2,4.0
2,2,1.0,54.0,1.0,2.0,1.0,9.0,2.0,40,40.0,1.0,100.0,2082.986168971838,2307.948675220796,12.01722789791445,12.01722789791445,2.0,5.0,1.0,,2,,,,16.0,2.0,2.0,20,40.0,5.0,5.0,50.0,1,3,4,3,4,5,3,1,2,5,6,7,7,4,2,3,4,4,2,2,3,4,4,4,5,6.0
2,2,1.0,27.0,2.0,1.0,1.0,5.0,4.0,20,40.0,3.0,200.0,833.1944675887353,923.1794700883186,9.613782318331559,4.806891159165778,1.0,1.0,3.0,7.0,2,,,,0.0,20.0,2.0,6,0.0,50.0,5.0,15.0,4,3,4,3,3,4,3,1,3,5,5,6,5,4,2,4,4,3,2,3,4,3,4,2,2,8.0
2,2,1.0,49.0,1.0,2.0,1.0,5.0,1.0,40,40.0,1.0,100.0,1458.0903182802872,1615.564072654557,8.412059528540114,8.412059528540114,1.0,1.0,1.0,,2,,,,10.0,10.0,10.0,10,25.0,25.0,25.0,25.0,4,3,5,1,1,1,2,4,1,1,1,4,6,5,2,4,2,2,3,2,2,3,2,2,5,4.0
2,2,2.0,53.0,1.0,2.0,1.0,6.0,1.0,40,40.0,1.0,100.0,2082.986168971838,2307.948675220796,12.01722789791445,12.01722789791445,1.0,3.0,5.0,15.0,2,,,,30.0,15.0,5.0,2,,,,,4,3,4,3,4,3,3,2,3,3,5,6,4,4,2,2,4,4,3,4,4,4,3,4,4,4.0
2,2,2.0,42.0,1.0,2.0,1.0,5.0,2.0,13,13.0,1.0,100.0,374.9375104149308,415.43076153974334,6.655695451152619,6.655695451152618,1.0,1.0,2.0,21.0,2,,,,12.0,0.0,0.0,1,92.3076923076923,0.0,0.0,7.692307692307693,3,4,4,5,5,4,4,1,3,2,5,7,6,5,4,4,3,4,2,3,2,3,5,5,4,2.0
2,2,1.0,33.0,2.0,1.0,1.0,5.0,2.0,40,100.0,3.0,250.0,1583.069488418597,1754.040993167805,9.133093202414981,3.6532372809659925,1.0,2.0,1.0,,2,,,,60.0,35.0,4.0,1,60.0,35.0,4.0,1.0,3,4,4,4,4,5,4,1,2,3,4,6,6,4,4,4,5,5,2,3,4,3,4,4,4,4.0
2,2,1.0,40.0,3.0,1.0,1.0,8.0,2.0,12,12.0,1.0,100.0,583.2361273121146,646.2256290618232,11.21607937138682,11.21607937138682,1.0,2.0,4.0,30.0,2,,,,12.0,1.0,0.0,0,,,,,1,4,3,4,4,4,3,1,2,1,6,7,6,3,3,3,4,4,4,2,4,4,4,4,4,2.0
2,2,2.0,49.0,3.0,1.0,1.0,5.0,1.0,40,40.0,1.0,100.0,1999.666722212964,2215.630728211964,11.53653878199787,11.53653878199787,1.0,3.0,1.0,,2,,,,15.0,10.0,5.0,10,37.5,25.0,12.5,25.0,3,3,4,3,4,2,3,2,3,3,4,5,5,4,2,3,3,4,2,3,4,2,4,4,4,4.0
2,2,1.0,30.0,1.0,1.0,1.0,5.0,2.0,8,12.0,3.0,150.0,249.95834027662067,276.9538410264954,7.21033673874867,4.806891159165781,1.0,1.0,6.0,60.0,2,,,,1.0,8.0,5.0,5,,,,,3,3,4,3,4,3,2,1,5,5,6,7,6,4,5,5,5,4,1,2,5,5,5,5,1,3.0
2,2,1.0,51.0,2.0,1.0,1.0,6.0,1.0,40,50.0,3.0,125.0,3124.479253457757,3461.923012831195,18.02584184687167,14.42067347749734,1.0,2.0,1.0,,2,,,,25.0,15.0,5.0,5,50.0,30.0,10.0,10.0,1,4,4,2,5,5,4,1,1,1,4,7,7,3,4,3,4,4,4,2,3,4,4,4,4,5.0
2,2,2.0,42.0,2.0,1.0,1.0,5.0,1.0,40,10.000000000000004,2.0,25.0,1541.40976503916,1707.882019663389,8.892748644456693,35.57099457782677,1.0,2.0,6.0,10.0,2,,,,20.0,18.0,10.0,2,,,,,2,2,5,2,4,4,1,6,1,3,3,4,5,5,1,3,2,3,2,2,3,4,4,4,4,4.0
2,2,2.0,35.0,1.0,2.0,1.0,10.0,2.0,40,40.0,1.0,100.0,1333.111148141976,1477.08715214131,7.691025854665247,7.691025854665247,1.0,1.0,5.0,4.0,2,,,,30.0,5.0,5.0,5,,,,,3,4,3,4,4,3,4,1,3,3,5,6,6,3,4,4,4,3,2,3,3,3,4,4,3,2.0
2,2,1.0,43.0,3.0,1.0,1.0,5.0,2.0,40,65.0,3.0,162.5,4040.993167805365,4477.420429928345,23.31342212195403,14.34672130581787,1.0,4.0,5.0,5.0,2,,,,40.0,10.0,10.0,5,61.53846153846154,15.38461538461539,15.38461538461539,7.692307692307693,3,4,5,4,5,2,4,1,6,6,6,7,7,4,4,4,4,4,3,4,2,4,4,4,4,4.0
2,2,2.0,47.0,2.0,1.0,1.0,4.0,1.0,32,40.0,3.0,125.0,1541.40976503916,1707.882019663389,11.11593580557087,8.892748644456693,2.0,4.0,2.0,30.0,2,,,,24.0,1.0,0.0,15,60.0,2.5,0.0,37.5,4,3,4,2,2,5,2,2,3,1,4,5,4,3,2,3,5,4,2,3,2,3,4,3,4,3.0
2,2,2.0,28.0,2.0,1.0,1.0,5.0,3.0,16,25.0,3.0,156.25,666.5555740709881,738.5435760706548,9.613782318331559,6.152820683732198,1.0,3.0,3.0,55.0,2,,,,7.0,15.0,2.0,12,,,,,3,4,4,4,5,5,3,1,4,4,5,6,7,4,4,4,4,4,2,3,5,3,4,4,3,7.0
2,2,2.0,42.0,1.0,2.0,1.0,8.0,1.0,28,28.0,1.0,100.0,1727.587068821863,1914.166472254624,14.23835496281755,14.23835496281755,1.0,3.0,1.0,,2,,,,15.0,4.0,1.0,8,53.57142857142857,14.28571428571428,3.571428571428571,28.57142857142857,3,3,4,4,2,3,3,1,2,3,5,7,6,4,2,4,4,4,3,3,5,1,4,5,4,4.0
2,2,1.0,28.0,2.0,1.0,1.0,1.0,2.0,40,55.0,3.0,137.5,1166.472254624229,1292.451258123646,6.729647622832092,4.89428918024152,1.0,2.0,2.0,15.0,2,,,,16.0,24.0,8.0,4,29.09090909090909,43.63636363636363,14.54545454545454,7.272727272727272,4,3,3,4,4,4,3,2,4,5,6,5,6,4,2,4,4,4,3,4,2,3,3,4,4,7.0
2,2,1.0,70.0,1.0,1.0,1.0,9.0,1.0,40,40.0,1.0,100.0,1458.0903182802872,1615.564072654557,8.412059528540114,8.412059528540114,1.0,4.0,1.0,,2,,,,5.0,2.0,0.0,1,12.5,5.0,0.0,2.5,3,3,4,4,2,5,4,1,1,1,3,7,7,2,4,4,4,5,3,3,4,4,4,4,4,6.0
2,2,2.0,40.0,1.0,2.0,1.0,1.0,1.0,40,65.0,3.0,162.5,2707.882019663389,3000.333277787036,15.62239626728878,9.613782318331559,2.0,4.0,1.0,,2,,,,10.0,10.0,5.0,25,15.38461538461539,15.38461538461539,7.692307692307693,38.46153846153847,3,4,5,4,2,5,5,1,3,4,2,7,7,4,4,3,4,2,2,3,2,3,4,5,4,4.0
2,2,1.0,48.0,1.0,2.0,1.0,6.0,1.0,40,40.0,1.0,100.0,3124.479253457757,3461.923012831195,18.02584184687167,18.02584184687167,2.0,5.0,1.0,,2,,,,20.0,5.0,5.0,20,,,,,3,3,5,1,1,1,3,1,6,3,6,7,2,5,4,4,5,4,1,3,4,3,4,1,4,5.0
2,2,1.0,49.0,1.0,1.0,1.0,5.0,1.0,40,60.0,3.0,150.0,3749.375104149308,4154.307615397433,21.63101021624601,14.42067347749734,1.0,2.0,5.0,10.0,2,,,,20.0,10.0,25.0,5,33.33333333333333,16.66666666666666,41.66666666666667,8.333333333333332,3,4,5,4,4,4,4,1,5,5,6,6,6,4,4,4,4,3,2,4,3,3,4,4,3,6.0
2,2,2.0,38.0,1.0,2.0,1.0,5.0,1.0,20,20.0,1.0,100.0,624.8958506915515,692.3846025662388,7.210336738748668,7.210336738748668,1.0,1.0,1.0,,2,,,,9.0,8.0,2.0,1,45.0,40.0,10.0,5.0,4,3,4,2,3,4,3,1,5,7,5,7,5,5,2,3,5,4,2,2,3,2,2,4,5,4.0
2,2,1.0,37.0,1.0,2.0,1.0,4.0,1.0,4,4.0,1.0,100.0,391.6013997667055,433.8943509415094,22.59238844807917,22.59238844807917,1.0,3.0,2.0,5.5,2,,,,4.0,3.0,1.0,0,,,,,2,4,2,4,2,4,3,3,3,2,2,3,2,2,2,3,4,3,4,3,3,5,4,5,4,4.0
2,2,2.0,45.0,2.0,1.0,1.0,9.0,1.0,40,35.0,2.0,87.5,1666.38893517747,1846.358940176637,9.613782318331559,10.98717979237892,2.0,2.0,5.0,15.0,2,,,,30.0,0.0,0.0,5,85.71428571428571,0.0,0.0,14.28571428571428,3,2,3,2,1,2,2,2,2,1,5,7,4,4,4,3,4,4,2,4,3,2,3,2,4,4.0
2,2,2.0,29.0,2.0,1.0,1.0,1.0,2.0,40,46.0,3.0,115.0,1583.069488418597,1754.040993167805,9.133093202414981,7.941820176013027,1.0,1.0,1.0,,2,,,,6.0,40.0,0.0,0,13.04347826086956,86.95652173913044,0.0,0.0,3,4,5,2,2,2,3,1,2,3,4,7,7,4,4,4,4,5,2,3,4,3,4,3,5,7.0
2,2,2.0,36.0,1.0,2.0,1.0,5.0,2.0,40,40.0,1.0,100.0,1666.38893517747,1846.358940176637,9.613782318331559,9.613782318331559,1.0,2.0,1.0,,2,,,,30.0,5.0,4.0,1,75.0,12.5,10.0,2.5,3,3,5,2,2,4,3,2,4,5,4,7,7,4,2,5,4,4,2,4,3,3,5,4,4,4.0
2,2,2.0,54.0,1.0,3.0,1.0,8.0,1.0,40,40.0,1.0,100.0,1666.38893517747,1846.358940176637,9.613782318331559,9.613782318331559,1.0,2.0,1.0,,2,,,,30.0,8.0,1.0,1,75.0,20.0,2.5,2.5,4,3,5,2,4,4,3,2,4,5,3,5,5,4,2,3,4,2,3,2,3,4,3,4,2,4.0
2,2,2.0,50.0,1.0,1.0,1.0,5.0,1.0,40,40.0,1.0,100.0,3041.159806698883,3369.605065822363,17.5451527309551,17.5451527309551,3.0,2.0,1.0,,2,,,,22.0,18.0,4.0,1,,,,,1,4,4,4,2,4,4,1,3,4,3,6,7,3,3,4,2,4,4,1,3,5,3,4,4,5.0
2,2,2.0,57.0,1.0,1.0,1.0,1.0,1.0,40,40.0,1.0,100.0,2207.965339110148,2446.425595734044,12.73826157178932,12.73826157178932,2.0,5.0,1.0,,2,,,,30.0,2.0,2.0,6,75.0,5.0,5.0,15.0,2,4,4,4,4,4,4,1,4,4,6,7,6,4,2,2,3,2,2,2,3,4,3,4,4,4.0
2,2,1.0,31.0,2.0,1.0,1.0,1.0,2.0,40,50.0,3.0,125.0,1333.111148141976,1477.08715214131,7.691025854665247,6.152820683732198,1.0,3.0,1.0,,2,,,,2.0,46.0,2.0,0,4.0,92.0,4.0,0.0,3,4,3,2,2,4,3,3,6,6,6,6,5,5,3,4,5,5,2,3,4,3,2,3,3,7.0
2,2,1.0,37.0,1.0,2.0,1.0,5.0,3.0,40,40.0,1.0,100.0,2166.305615730711,2400.266622229628,12.49791701383103,12.49791701383103,1.0,1.0,3.0,4.0,2,,,,1.0,27.0,10.0,2,2.5,67.5,25.0,5.0,2,3,5,4,2,2,4,1,1,1,2,7,6,4,1,3,4,4,3,1,1,2,3,4,5,7.0
2,2,1.0,51.0,1.0,2.0,1.0,8.0,1.0,40,40.0,1.0,100.0,1666.38893517747,1846.358940176637,9.613782318331559,9.613782318331559,3.0,2.0,3.0,28.0,2,,,,30.0,20.0,5.0,0,,,,,3,3,5,3,4,4,2,3,6,4,4,6,3,5,3,4,4,4,2,3,3,3,4,2,2,5.0
2,2,1.0,31.0,1.0,2.0,1.0,1.0,2.0,40,40.0,1.0,100.0,1874.687552074654,2077.153807698717,10.815505108123,10.815505108123,1.0,3.0,1.0,,2,,,,20.0,10.0,2.0,4,50.0,25.0,5.0,10.0,3,5,4,4,5,4,4,1,3,3,5,6,6,4,3,4,4,5,2,3,4,4,4,5,4,4.0
2,2,2.0,46.0,1.0,4.0,1.0,5.0,1.0,40,50.0,3.0,125.0,2082.986168971838,2307.948675220796,12.01722789791445,9.613782318331559,1.0,3.0,1.0,,2,,,,15.0,15.0,10.0,10,30.0,30.0,20.0,20.0,1,3,5,1,2,3,2,2,6,7,2,3,2,5,2,4,5,4,2,3,5,4,4,4,5,5.0
2,2,2.0,53.0,5.0,2.0,1.0,6.0,1.0,12,49.0,3.0,122.5,624.8958506915515,692.3846025662388,12.01722789791445,8.38001358747901,1.0,1.0,2.0,50.0,2,,,,10.0,5.0,1.0,1,,,,,3,4,5,2,3,3,3,3,3,3,5,6,6,3,4,3,4,4,2,2,4,4,3,3,4,4.0
2,2,1.0,48.0,1.0,2.0,1.0,8.0,1.0,40,40.0,1.0,100.0,2499.583402766205,2769.538410264955,14.42067347749734,14.42067347749734,2.0,5.0,6.0,40.0,2,,,,20.0,5.0,5.0,10,50.0,12.5,12.5,25.0,3,4,4,2,3,1,4,3,5,4,5,5,6,4,4,4,5,4,2,3,4,4,4,4,3,4.0
2,2,2.0,53.0,4.0,1.0,1.0,5.0,1.0,40,40.0,1.0,100.0,1791.368105315781,1984.835860689885,10.33481599220643,10.33481599220643,1.0,3.0,1.0,,2,,,,25.0,7.0,2.0,6,62.5,17.5,5.0,15.0,2,4,3,4,3,3,4,1,2,2,2,7,6,2,1,2,3,2,4,2,2,5,3,4,4,4.0
2,2,1.0,33.0,2.0,3.0,1.0,4.0,2.0,24,38.0,3.0,111.66666666666666,874.8541909681719,969.3384435927344,8.412059528540114,11.498852755310013,1.0,3.0,2.0,30.0,2,,,,25.0,5.0,10.0,10,,,,,3,4,5,2,2,3,3,2,5,2,6,6,7,2,4,4,5,4,2,2,4,4,4,4,3,4.0
2,2,1.0,40.0,1.0,2.0,1.0,8.0,2.0,12,20.0,3.0,166.6666666666667,1041.493084485919,1153.974337610398,20.02871316319075,12.01722789791445,1.0,1.0,1.0,,2,,,,6.0,4.0,6.0,6,,,,,2,4,3,2,1,3,3,3,3,3,1,4,5,4,2,2,3,2,3,2,2,3,3,4,4,4.0
2,2,1.0,43.0,2.0,2.0,1.0,6.0,1.0,26,26.0,1.0,100.0,2624.562572904516,2908.015330778204,23.29493407903417,23.29493407903417,1.0,3.0,2.0,10.0,2,,,,12.0,8.0,2.0,4,46.15384615384615,30.76923076923077,7.692307692307693,15.38461538461539,2,5,3,5,4,5,5,1,2,3,4,7,7,2,2,2,2,3,4,2,2,4,5,5,5,4.0
2,2,1.0,35.0,1.0,2.0,1.0,1.0,2.0,40,40.0,1.0,100.0,1749.708381936344,1938.676887185469,10.09447143424814,10.09447143424814,1.0,1.0,1.0,,2,,,,2.0,12.0,10.0,16,5.0,30.0,25.0,40.0,1,4,3,4,4,4,4,1,4,3,5,6,6,4,2,3,4,4,4,3,4,4,4,5,4,7.0
2,2,2.0,51.0,1.0,2.0,1.0,4.0,1.0,40,60.0,3.0,150.0,3332.777870354941,3692.717880353274,19.22756463666312,12.81837642444208,2.0,5.0,1.0,,2,,,,20.0,5.0,5.0,30,33.33333333333333,8.333333333333332,8.333333333333332,50.0,3,4,5,4,4,4,4,1,6,7,4,7,4,4,2,2,5,5,2,2,4,4,4,4,5,4.0
2,2,2.0,31.0,1.0,1.0,1.0,10.0,2.0,28,28.0,1.0,100.0,3332.777870354941,3692.717880353274,27.46794948094731,27.46794948094731,1.0,2.0,6.0,20.0,2,,,,12.0,8.0,0.0,4,42.85714285714285,28.57142857142857,0.0,14.28571428571428,3,4,4,3,3,5,4,2,2,5,4,6,6,4,2,4,4,4,2,3,2,3,5,4,4,4.0
2,2,2.0,46.0,1.0,2.0,1.0,1.0,1.0,40,50.0,3.0,125.0,1916.347275454091,2123.312781203133,11.05584966608129,8.844679732865036,2.0,3.0,2.0,6.0,2,,,,16.0,16.0,2.0,16,32.0,32.0,4.0,32.0,3,4,4,3,3,4,3,1,5,5,5,7,7,4,4,4,4,4,2,3,3,4,3,4,3,4.0
2,2,1.0,50.0,1.0,2.0,1.0,5.0,1.0,40,40.0,1.0,100.0,1499.750041659723,1661.723046158973,8.652404086498404,8.652404086498404,1.0,3.0,7.0,7.0,2,,,,20.0,15.0,2.0,3,50.0,37.5,5.0,7.5,4,4,3,3,5,5,3,4,5,5,4,5,5,3,2,3,4,4,2,3,3,2,3,2,3,4.0
2,2,2.0,47.0,1.0,2.0,1.0,6.0,1.0,40,50.0,3.0,125.0,2082.986168971838,2307.948675220796,12.01722789791445,9.613782318331559,1.0,5.0,1.0,,2,,,,20.0,10.0,10.0,10,40.0,20.0,20.0,20.0,3,2,3,3,4,5,3,1,3,4,6,7,6,4,4,4,4,5,2,4,3,4,2,4,3,4.0
2,2,2.0,38.0,3.0,3.0,1.0,1.0,1.0,40,36.0,2.0,90.0,1666.38893517747,1846.358940176637,9.613782318331559,11.77688333995616,1.0,2.0,4.0,10.0,2,,,,5.0,20.0,5.0,3,,,,,2,4,3,4,3,3,4,3,3,3,2,4,4,2,2,2,2,2,4,2,3,3,4,4,4,4.0
2,2,1.0,49.0,1.0,2.0,1.0,5.0,1.0,40,50.0,3.0,125.0,1374.770871521413,1523.246125645726,7.931370412623536,6.345096330098828,1.0,3.0,1.0,,2,,,,10.0,15.0,5.0,10,20.0,30.0,10.0,20.0,4,4,3,3,4,2,3,2,5,5,6,6,6,3,2,3,3,2,3,4,2,2,2,2,3,4.0
2,2,2.0,34.0,1.0,2.0,1.0,1.0,2.0,40,45.0,3.0,112.5,2082.986168971838,2307.948675220796,12.01722789791445,10.68198035370173,1.0,2.0,1.0,,2,,,,25.0,8.0,0.0,12,55.55555555555556,17.77777777777778,0.0,26.66666666666667,3,5,5,4,2,5,4,1,2,4,3,7,7,4,3,2,4,4,2,3,3,2,4,5,5,2.0
2,2,2.0,47.0,1.0,2.0,1.0,8.0,1.0,40,40.0,1.0,100.0,1458.0903182802872,1615.564072654557,8.412059528540114,8.412059528540114,1.0,4.0,5.0,5.0,2,,,,20.0,3.0,3.0,14,50.0,7.5,7.5,35.0,4,2,5,3,3,3,2,4,4,3,4,6,6,4,3,3,3,2,2,2,4,2,2,4,4,2.0
2,2,1.0,52.0,1.0,2.0,1.0,1.0,1.0,40,45.0,3.0,112.5,2499.583402766205,2769.538410264955,14.42067347749734,12.81837642444208,3.0,5.0,6.0,5.0,2,,,,20.0,10.0,5.0,10,44.44444444444444,22.22222222222222,11.11111111111111,22.22222222222222,2,4,4,4,4,4,4,1,1,2,2,4,5,2,1,3,3,3,3,2,2,4,3,4,4,5.0
2,2,2.0,45.0,1.0,2.0,1.0,4.0,2.0,28,28.0,1.0,100.0,958.1736377270452,1061.6563906015663,7.897035475772353,7.897035475772353,1.0,3.0,1.0,,2,,,,14.0,15.0,0.5,0.5,,,,,3,3,4,4,4,5,3,1,2,4,4,6,6,3,2,3,3,4,3,2,3,3,2,4,4,3.0
2,2,2.0,45.0,1.0,2.0,1.0,5.0,3.0,24,54.0,3.0,139.41176470588235,1208.131978003666,1338.610231628062,11.61665363465063,6.389319728763155,3.0,1.0,4.0,4.0,2,,,,0.0,10.8,2.4,1.2,,,,,4,2,5,2,2,4,2,1,3,3,4,7,7,4,3,3,4,4,3,2,2,3,2,2,2,7.0
2,2,1.0,39.0,1.0,2.0,1.0,8.0,1.0,40,40.0,1.0,100.0,1728.878520246625,1915.597400433261,9.974299155268993,9.974299155268993,1.0,4.0,2.0,15.0,2,,,,25.0,5.0,5.0,15,,,,,4,3,4,3,1,3,3,2,3,2,4,7,6,4,3,3,4,4,3,4,2,2,3,2,3,4.0
2,2,1.0,59.0,5.0,2.0,1.0,2.0,1.0,40,40.0,1.0,100.0,1619.521746375604,1794.430094984169,9.343394690628484,9.343394690628484,1.0,1.0,1.0,,2,,,,26.0,5.0,4.0,5,65.0,12.5,10.0,12.5,3,4,4,3,4,3,4,1,3,5,7,7,6,4,4,3,4,5,3,3,3,3,4,4,4,4.0
2,2,1.0,32.0,1.0,1.0,1.0,10.0,2.0,40,40.0,1.0,100.0,1583.069488418597,1754.040993167805,9.133093202414981,9.133093202414981,1.0,1.0,5.0,12.0,2,,,,20.0,5.0,10.0,5,50.0,12.5,25.0,12.5,4,3,4,2,2,4,3,2,6,6,4,6,5,4,3,2,2,4,2,3,3,2,4,4,4,4.0
2,2,2.0,47.0,1.0,4.0,1.0,5.0,1.0,40,70.0,3.0,175.0,3124.479253457757,3461.923012831195,18.02584184687167,10.30048105535524,2.0,3.0,1.0,,2,,,,20.0,20.0,5.0,30,,,,,3,4,5,2,3,4,3,2,2,3,5,6,6,4,3,3,4,4,2,3,4,2,4,3,3,5.0
2,2,2.0,43.0,1.0,2.0,1.0,5.0,2.0,40,40.0,1.0,100.0,1958.006998833528,2169.471754707549,11.29619422403958,11.29619422403958,1.0,1.0,1.0,,2,,,,25.0,5.0,2.0,8,62.5,12.5,5.0,20.0,2,4,3,4,3,3,4,1,4,3,5,6,6,4,3,2,4,3,3,2,3,4,4,4,4,4.0
2,2,2.0,42.0,1.0,2.0,1.0,5.0,1.0,48,48.0,1.0,100.0,1458.0903182802872,1615.564072654557,7.010049607116762,7.010049607116762,3.0,4.0,1.0,,2,,,,16.0,24.0,8.0,4,,,,,4,3,4,3,4,5,4,1,5,4,5,5,5,4,2,3,4,4,2,3,4,2,4,3,2,4.0
2,2,1.0,46.0,1.0,2.0,1.0,8.0,1.0,40,60.0,3.0,150.0,3332.777870354941,3692.717880353274,19.22756463666312,12.81837642444208,2.0,3.0,1.0,,2,,,,6.0,20.0,10.0,24,10.0,33.33333333333333,16.66666666666666,40.0,3,4,5,2,3,4,3,4,4,4,4,5,5,4,3,4,4,4,3,2,4,4,3,3,3,6.0
2,2,2.0,26.0,3.0,1.0,1.0,2.0,3.0,30,45.0,3.0,150.0,1791.368105315781,1984.835860689885,13.77975465627524,9.18650310418349,3.0,1.0,3.0,10.0,2,,,,8.0,15.0,15.0,7,17.77777777777778,33.33333333333333,33.33333333333333,15.55555555555556,4,3,3,2,3,4,3,2,2,3,3,5,5,4,2,2,4,3,2,3,3,4,3,4,4,4.0
2,2,1.0,32.0,1.0,1.0,1.0,1.0,2.0,40,50.0,3.0,125.0,1999.666722212964,2215.630728211964,11.53653878199787,9.229231025598297,1.0,1.0,2.0,30.0,2,,,,20.0,15.0,5.0,10,40.0,30.0,10.0,20.0,4,2,5,1,1,2,2,2,4,2,6,6,6,4,2,4,4,4,2,4,1,2,4,4,3,4.0
2,2,2.0,48.0,1.0,2.0,1.0,5.0,1.0,40,50.0,3.0,125.0,2082.986168971838,2307.948675220796,12.01722789791445,9.613782318331559,1.0,2.0,1.0,,2,,,,25.0,5.0,5.0,5,50.0,10.0,10.0,10.0,3,4,4,3,3,4,4,1,3,4,4,6,7,3,4,4,4,4,3,3,3,4,5,5,3,5.0
2,2,2.0,47.0,2.0,2.0,1.0,5.0,1.0,40,40.0,1.0,100.0,1958.006998833528,2169.471754707549,11.29619422403958,11.29619422403958,4.0,3.0,2.0,20.0,2,,,,25.0,15.0,10.0,5,,,,,3,4,4,3,2,4,4,1,6,3,7,7,7,5,4,4,5,3,2,4,2,2,3,4,3,4.0
2,2,2.0,44.0,2.0,2.0,1.0,6.0,1.0,40,40.0,1.0,100.0,2916.180636560573,3231.128145309115,16.82411905708023,16.82411905708023,2.0,4.0,1.0,,2,,,,20.0,10.0,0.0,10,50.0,25.0,0.0,25.0,4,4,4,3,3,4,4,2,5,5,6,6,5,4,3,3,3,4,2,3,2,4,3,3,4,4.0
2,2,1.0,37.0,1.0,2.0,2.0,2.0,1.0,40,40.0,1.0,100.0,1749.708381936344,1938.676887185469,10.09447143424814,10.09447143424814,2.0,4.0,1.0,,2,,,,15.0,0.5,0.5,24,37.5,1.25,1.25,60.0,4,2,3,3,3,4,2,4,4,5,5,5,3,4,2,2,4,4,2,2,3,3,2,2,2,4.0
2,2,2.0,40.0,1.0,2.0,2.0,6.0,1.0,40,40.0,1.0,100.0,1791.368105315781,1984.835860689885,10.33481599220643,10.33481599220643,2.0,4.0,1.0,,2,,,,25.0,10.0,1.0,4,62.5,25.0,2.5,10.0,1,2,5,2,3,5,3,2,3,6,4,3,5,4,2,4,4,2,3,3,4,4,4,4,4,4.0
2,2,1.0,38.0,1.0,2.0,2.0,6.0,4.0,4,6.0,3.0,150.0,145.80903182802876,161.55640726545562,8.412059528540114,5.608039685693409,1.0,1.0,2.0,50.0,2,,,,2.0,0.0,0.0,0,33.33333333333333,0.0,0.0,0.0,2,1,2,3,2,2,2,5,2,4,4,5,3,4,2,2,3,2,3,2,3,3,3,4,4,4.0
2,2,2.0,40.0,2.0,2.0,1.0,9.0,1.0,52,52.0,1.0,100.0,1874.687552074654,2077.153807698717,8.319619313940773,8.319619313940773,1.0,5.0,1.0,,2,,,,30.0,10.0,0.0,12,57.69230769230769,19.23076923076923,0.0,23.07692307692308,3,3,4,2,4,5,4,1,3,1,5,7,6,5,4,2,4,3,1,2,2,2,4,4,5,4.0
2,2,2.0,52.0,1.0,1.0,2.0,6.0,1.0,40,40.0,1.0,100.0,1666.38893517747,1846.358940176637,9.613782318331559,9.613782318331559,2.0,2.0,1.0,,2,,,,20.0,10.0,5.0,10,,,,,3,2,5,2,2,4,3,2,5,4,5,6,6,3,5,2,4,4,1,3,4,3,4,4,5,4.0
2,2,2.0,31.0,2.0,1.0,1.0,9.0,2.0,40,30.0,2.0,75.0,1770.538243626062,1961.756373937677,10.21464371322728,13.61952495096971,2.0,4.0,7.0,15.0,2,,,,15.0,5.0,5.0,5,50.0,16.66666666666666,16.66666666666666,16.66666666666666,3,3,3,4,3,4,4,1,4,2,4,7,6,4,3,4,3,3,2,2,4,2,3,4,3,4.0
2,2,1.0,53.0,1.0,2.0,1.0,9.0,2.0,24,20.0,2.0,83.33333333333334,1249.791701383103,1384.769205132478,12.01722789791445,14.42067347749734,1.0,3.0,5.0,20.0,2,,,,11.0,1.0,1.0,7,55.00000000000001,5.0,5.0,35.0,2,4,3,3,4,4,4,2,2,3,3,6,5,3,3,2,3,3,3,2,4,4,4,4,4,4.0
2,2,2.0,52.0,1.0,4.0,1.0,9.0,5.0,40,40.0,1.0,100.0,1499.750041659723,1661.723046158973,8.652404086498404,8.652404086498404,1.0,4.0,1.0,,2,,,,25.0,10.0,2.0,3,62.5,25.0,5.0,7.5,1,2,2,5,5,5,3,1,3,1,6,7,7,2,4,3,4,4,2,2,5,4,5,4,5,4.0
2,2,2.0,58.0,1.0,3.0,1.0,8.0,1.0,40,50.0,3.0,125.0,1499.750041659723,1661.723046158973,8.652404086498404,6.921923269198723,3.0,2.0,4.0,4.0,2,,,,32.0,8.0,8.0,2,64.0,16.0,16.0,4.0,1,4,3,2,2,3,3,1,2,4,4,6,5,5,3,4,5,5,3,2,4,4,4,5,5,4.0
2,2,1.0,54.0,1.0,1.0,1.0,5.0,1.0,40,56.0,3.0,140.0,2082.986168971838,2307.948675220796,12.01722789791445,8.583734212796035,1.0,2.0,5.0,56.0,2,,,,8.0,16.0,4.0,28,14.28571428571428,28.57142857142857,7.142857142857142,50.0,4,3,2,2,2,2,3,1,1,1,4,6,6,2,2,1,2,2,3,2,2,3,2,4,4,5.0
2,2,2.0,30.0,2.0,1.0,1.0,5.0,2.0,40,60.0,3.0,150.0,1458.0903182802872,1615.564072654557,8.412059528540114,5.608039685693409,3.0,1.0,1.0,,2,,,,40.0,10.0,5.0,5,66.66666666666666,16.66666666666666,8.333333333333332,8.333333333333332,4,2,5,2,2,3,2,1,6,6,7,7,7,5,2,3,4,4,2,4,2,3,3,3,3,4.0
2,2,2.0,44.0,1.0,2.0,1.0,5.0,1.0,40,40.0,1.0,100.0,1583.069488418597,1754.040993167805,9.133093202414981,9.133093202414981,2.0,5.0,1.0,,2,,,,15.0,8.0,8.0,9.5,,,,,1,3,4,3,4,5,3,1,1,5,3,7,7,4,2,2,4,4,2,2,4,4,4,4,4,4.0
2,2,1.0,28.0,1.0,1.0,1.0,1.0,2.0,20,60.0,3.0,300.0,1124.812531244793,1246.29228461923,12.97860612974761,4.326202043249202,1.0,1.0,1.0,,2,,,,4.0,40.0,10.0,6,6.666666666666667,66.66666666666666,16.66666666666666,10.0,3,3,5,1,1,4,3,3,2,2,3,5,4,5,2,4,4,4,1,2,2,4,3,2,3,7.0
2,2,2.0,31.0,3.0,1.0,1.0,5.0,2.0,40,45.0,3.0,112.5,1458.0903182802872,1615.564072654557,8.412059528540114,7.477386247591213,4.0,4.0,5.0,12.5,2,,,,20.0,10.0,5.0,10,44.44444444444444,22.22222222222222,11.11111111111111,22.22222222222222,3,4,4,4,4,4,4,2,6,6,7,7,7,3,4,5,4,4,2,4,4,4,5,4,4,4.0
2,2,2.0,50.0,2.0,2.0,1.0,7.0,1.0,40,50.0,3.0,125.0,1666.38893517747,1846.358940176637,9.613782318331559,7.691025854665247,2.0,3.0,1.0,,2,,,,30.0,20.0,0.0,2,,,,,3,4,5,2,3,4,3,1,4,6,5,7,7,5,4,3,5,5,1,2,3,4,4,4,1,4.0
2,2,1.0,33.0,1.0,2.0,1.0,1.0,2.0,40,50.0,3.0,125.0,1499.750041659723,1661.723046158973,8.652404086498404,6.921923269198723,1.0,1.0,1.0,,2,,,,1.0,40.0,1.0,0,2.0,80.0,2.0,0.0,3,4,3,4,4,5,3,1,1,3,4,7,7,3,3,4,4,4,2,2,3,3,4,4,5,7.0
2,2,2.0,46.0,3.0,3.0,1.0,5.0,1.0,40,40.0,1.0,100.0,1041.493084485919,1153.974337610398,6.008613948957224,6.008613948957224,1.0,1.0,6.0,10.0,2,,,,35.0,2.0,0.0,10,,,,,2,3,4,2,3,3,3,1,1,2,3,7,6,4,1,2,4,4,4,3,2,4,2,4,3,4.0
2,2,2.0,46.0,1.0,2.0,1.0,8.0,1.0,40,50.0,3.0,125.0,1958.006998833528,2169.471754707549,11.29619422403958,9.036955379231665,1.0,1.0,1.0,,2,,,,25.0,20.0,1.0,5,,,,,2,3,4,3,2,3,3,2,3,3,4,6,5,3,3,3,2,3,4,2,4,4,3,4,4,4.0
2,2,1.0,46.0,1.0,2.0,1.0,10.0,1.0,40,40.0,1.0,100.0,2082.986168971838,2307.948675220796,12.01722789791445,12.01722789791445,1.0,1.0,1.0,,2,,,,6.0,25.0,9.0,5,,,,,2,4,3,3,3,4,4,1,1,4,3,6,5,2,2,2,3,4,3,2,4,4,4,5,4,7.0
2,2,2.0,36.0,2.0,1.0,1.0,5.0,1.0,40,60.0,3.0,150.0,1666.38893517747,1846.358940176637,9.613782318331559,6.409188212221039,1.0,4.0,1.0,,2,,,,30.0,10.0,0.0,20,50.0,16.66666666666666,0.0,33.33333333333333,1,2,3,2,3,3,2,1,1,1,6,7,6,4,3,3,4,4,2,1,4,5,4,4,4,4.0
2,2,1.0,27.0,2.0,1.0,1.0,1.0,2.0,10,50.0,3.0,500.0,1124.812531244793,1246.29228461923,25.95721225949521,5.191442451899043,1.0,2.0,1.0,,2,,,,4.0,46.0,2.0,1,,,,,1,4,5,2,3,4,3,1,3,5,5,6,6,4,4,4,5,5,3,1,4,4,4,3,4,7.0
2,2,1.0,38.0,1.0,2.0,1.0,1.0,1.0,40,55.0,3.0,137.5,2082.986168971838,2307.948675220796,12.01722789791445,8.739802107574144,3.0,2.0,1.0,,2,,,,4.0,20.0,25.0,1,7.272727272727272,36.36363636363637,45.45454545454545,1.818181818181818,3,3,4,3,3,4,3,3,3,4,3,6,6,4,4,4,5,4,2,4,4,3,2,4,3,4.0
2,2,1.0,37.0,1.0,2.0,1.0,5.0,2.0,40,40.0,1.0,100.0,2041.326445592401,2261.78970171638,11.77688333995616,11.77688333995616,1.0,1.0,1.0,,2,,,,10.0,25.0,5.0,0,25.0,62.5,12.5,0.0,2,3,4,4,4,4,3,2,2,4,4,4,5,2,2,3,2,4,3,2,3,4,4,4,4,4.0
2,2,2.0,50.0,1.0,2.0,1.0,10.0,1.0,40,50.0,3.0,125.0,1874.687552074654,2077.153807698717,10.815505108123,8.652404086498404,1.0,2.0,5.0,60.0,2,,,,20.0,22.0,3.0,5,40.0,44.0,6.0,10.0,4,3,4,3,4,4,3,3,5,5,6,4,3,4,2,2,4,2,2,3,2,2,3,4,4,4.0
2,2,1.0,74.0,1.0,1.0,1.0,8.0,1.0,8,15.0,3.0,187.5,416.5972337943674,461.5897350441594,12.01722789791445,6.409188212221039,1.0,2.0,1.0,,2,,,,8.0,2.0,2.0,2,53.33333333333334,13.33333333333333,13.33333333333333,13.33333333333333,4,4,3,4,3,4,3,2,3,3,5,5,5,3,3,3,3,4,2,4,3,3,4,4,4,5.0
2,2,2.0,30.0,2.0,1.0,1.0,5.0,2.0,40,40.0,1.0,100.0,1333.111148141976,1477.08715214131,7.691025854665247,7.691025854665247,1.0,2.0,4.0,24.0,2,,,,15.0,10.0,10.0,5,37.5,25.0,25.0,12.5,2,4,3,5,5,5,4,1,2,2,7,7,7,3,3,4,2,3,3,3,3,2,4,5,4,4.0
2,2,2.0,44.0,1.0,3.0,1.0,8.0,1.0,40,70.0,3.0,175.0,1666.38893517747,1846.358940176637,9.613782318331559,5.493589896189462,3.0,1.0,4.0,70.0,2,,,,16.0,2.0,2.0,50,22.85714285714286,2.857142857142857,2.857142857142857,71.42857142857143,4,2,3,3,3,3,3,2,2,2,3,4,4,5,3,4,3,4,3,2,2,4,4,4,3,4.0
2,2,1.0,40.0,2.0,2.0,1.0,1.0,1.0,40,40.0,1.0,100.0,2916.180636560573,3231.128145309115,16.82411905708023,16.82411905708023,3.0,4.0,3.0,15.0,2,,,,12.0,10.0,10.0,8,30.0,25.0,25.0,20.0,1,3,5,3,5,5,4,2,2,3,3,6,6,4,2,4,4,4,3,2,3,4,5,5,5,5.0
2,2,2.0,32.0,4.0,1.0,1.0,8.0,2.0,28,28.0,1.0,100.0,958.1736377270452,1061.6563906015663,7.897035475772353,7.897035475772353,1.0,2.0,6.0,10.0,2,,,,15.0,15.0,2.0,5,,,,,4,3,2,2,2,3,3,2,3,4,4,6,6,4,3,4,4,2,2,3,4,3,3,2,1,3.0
2,2,2.0,46.0,3.0,1.0,1.0,5.0,1.0,40,50.0,3.0,125.0,1666.38893517747,1846.358940176637,9.613782318331559,7.691025854665247,3.0,2.0,5.0,6.0,2,,,,15.0,15.0,15.0,5,30.0,30.0,30.0,10.0,4,2,5,2,2,4,2,2,3,7,4,6,6,4,2,2,3,3,2,3,3,2,3,3,3,4.0
2,2,1.0,41.0,1.0,1.0,1.0,7.0,1.0,40,40.6,3.0,124.0,1374.770871521413,1523.246125645726,7.931370412623536,9.587458866745653,1.0,3.0,2.0,,2,,,,12.0,50.0,10.0,0,,,,,3,2,2,3,4,4,2,2,4,3,3,6,6,4,4,4,4,4,2,2,4,3,3,4,4,4.0
2,2,2.0,55.0,4.0,1.0,1.0,10.0,1.0,40,40.0,1.0,100.0,1249.791701383103,1384.769205132478,7.210336738748668,7.210336738748668,1.0,1.0,1.0,,2,,,,25.0,20.0,1.0,0,,,,,3,4,3,5,3,3,3,1,2,1,6,7,7,4,4,4,5,5,1,4,2,3,4,4,5,4.0
2,2,2.0,41.0,2.0,4.0,1.0,8.0,1.0,40,40.0,1.0,100.0,1249.791701383103,1384.769205132478,7.210336738748668,7.210336738748668,1.0,2.0,4.0,12.0,2,,,,25.0,10.0,2.0,3,62.5,25.0,5.0,7.5,3,2,5,2,1,1,2,2,3,2,6,7,4,4,3,4,4,4,2,3,4,3,3,4,3,4.0
2,2,1.0,44.0,1.0,2.0,1.0,10.0,1.0,40,24.0,2.0,60.0,1749.708381936344,1938.676887185469,10.09447143424814,16.82411905708023,1.0,4.0,6.0,24.0,2,,,,15.0,5.0,2.0,2,62.5,20.83333333333334,8.333333333333332,8.333333333333332,1,3,3,4,3,4,3,1,2,1,3,7,6,2,3,4,3,2,5,2,4,4,5,5,4,4.0
2,2,1.0,44.0,2.0,2.0,1.0,5.0,1.0,40,40.0,1.0,100.0,1583.069488418597,1754.040993167805,9.133093202414981,9.133093202414981,1.0,4.0,1.0,,2,,,,20.0,15.0,2.0,5,,,,,2,4,5,4,4,5,4,1,3,4,4,6,6,3,2,3,4,3,2,2,3,4,4,4,4,4.0
2,2,1.0,35.0,1.0,2.0,1.0,5.0,1.0,40,48.0,3.0,120.0,1458.0903182802872,1615.564072654557,8.412059528540114,7.010049607116762,1.0,2.0,1.0,,2,,,,20.0,10.0,10.0,10,,,,,3,2,2,3,5,4,3,1,1,3,3,7,7,3,4,4,4,4,2,4,4,2,4,5,4,4.0
2,2,1.0,48.0,1.0,2.0,1.0,5.0,1.0,40,40.0,1.0,100.0,1458.0903182802872,1615.564072654557,8.412059528540114,8.412059528540114,1.0,3.0,1.0,,2,,,,10.0,25.0,5.0,0,25.0,62.5,12.5,0.0,2,4,4,4,4,4,4,1,3,5,4,6,6,2,2,3,2,3,4,2,4,4,4,4,4,4.0
2,2,2.0,39.0,2.0,2.0,1.0,5.0,1.0,40,40.0,1.0,100.0,1874.687552074654,2077.153807698717,10.815505108123,10.815505108123,3.0,4.0,1.0,,2,,,,20.0,10.0,5.0,5,50.0,25.0,12.5,12.5,1,4,3,4,5,4,4,1,2,3,5,7,7,3,3,4,4,4,4,2,4,4,5,4,4,4.0
2,2,2.0,59.0,1.0,1.0,1.0,5.0,1.0,40,50.0,3.0,125.0,2082.986168971838,2307.948675220796,12.01722789791445,9.613782318331559,3.0,4.0,1.0,,2,,,,20.0,20.0,5.0,5,40.0,40.0,10.0,10.0,1,4,5,4,5,5,4,1,4,4,6,7,7,4,3,4,4,4,2,1,4,4,4,5,3,5.0
2,2,2.0,64.0,1.0,1.0,1.0,5.0,1.0,40,42.0,3.0,100.0,1833.027828695217,2030.994834194301,10.57516055016472,8.863907297501697,1.0,4.0,3.0,8.0,2,,,,40.0,10.0,10.0,10,,,,,3,3,5,3,3,4,3,1,4,4,6,7,6,3,4,4,4,4,2,3,4,3,3,4,3,5.0
2,2,2.0,59.0,1.0,1.0,1.0,7.0,1.0,40,50.0,3.0,125.0,2082.986168971838,2307.948675220796,12.01722789791445,9.613782318331559,4.0,3.0,5.0,5.0,2,,,,15.0,20.0,10.0,5,30.0,40.0,20.0,10.0,2,4,4,5,3,4,4,1,3,3,4,7,6,4,2,3,4,3,4,2,4,2,4,4,2,5.0
2,2,1.0,44.0,1.0,2.0,1.0,1.0,1.0,40,67.0,3.0,167.5,2707.882019663389,3000.333277787036,15.62239626728878,9.326803741664946,3.0,3.0,1.0,,2,,,,22.5,22.5,10.0,10,33.58208955223881,33.58208955223881,14.92537313432836,14.92537313432836,2,3,4,4,1,4,3,1,1,1,2,7,7,4,1,2,5,3,2,2,3,3,4,4,5,5.0
2,2,2.0,67.0,5.0,1.0,1.0,4.0,1.0,32,31.2,3.0,90.0,1666.38893517747,1846.358940176637,12.01722789791445,11.36829759142707,3.0,3.0,1.0,,2,,,,9.6,6.4,9.6,6.4,,,,,3,3,2,3,2,3,3,1,3,5,6,7,7,3,4,4,4,4,4,3,4,3,4,4,4,5.0
2,2,2.0,50.0,3.0,2.0,1.0,5.0,1.0,40,40.0,1.0,100.0,2520.413264455924,2792.617897017164,14.54084575647649,14.54084575647649,1.0,1.0,1.0,,2,,,,15.0,20.0,2.0,3,37.5,50.0,5.0,7.5,4,3,5,4,4,3,4,1,2,3,2,6,5,4,2,2,4,4,2,3,2,2,4,4,4,5.0
2,2,2.0,42.0,1.0,2.0,1.0,8.0,1.0,40,40.0,1.0,100.0,1583.069488418597,1754.040993167805,9.133093202414981,9.133093202414981,3.0,3.0,1.0,,2,,,,20.0,5.0,5.0,10,50.0,12.5,12.5,25.0,3,2,3,2,3,4,3,2,3,4,4,5,4,5,4,4,4,4,3,2,3,3,3,3,2,4.0
2,2,1.0,37.0,2.0,1.0,1.0,3.0,2.0,40,50.0,3.0,125.0,1416.43059490085,1569.405099150141,8.171714970581826,6.53737197646546,1.0,1.0,1.0,,2,,,,30.0,12.0,10.0,5,,,,,4,3,5,2,3,3,2,2,3,3,2,5,6,3,3,3,4,4,2,3,3,3,2,2,4,4.0
2,2,2.0,42.0,1.0,2.0,1.0,3.0,2.0,40,10.000000000000004,2.0,25.0,1458.0903182802872,1615.564072654557,8.412059528540114,33.64823811416046,1.0,1.0,1.0,,2,,,,8.0,6.0,4.0,6,,,,,4,2,2,3,1,5,2,2,1,4,6,7,5,4,4,2,2,4,4,3,3,4,3,3,4,4.0
2,2,2.0,49.0,1.0,2.0,1.0,5.0,1.0,40,49.6,3.0,144.0,1333.111148141976,1477.08715214131,7.691025854665247,7.5916834373758215,2.0,2.0,1.0,,2,,,,30.0,10.0,10.0,10,,,,,4,3,5,1,2,3,3,1,4,6,6,7,5,5,2,4,4,4,1,3,3,3,2,3,2,4.0
2,2,2.0,41.0,2.0,2.0,1.0,3.0,2.0,40,50.0,3.0,125.0,1583.069488418597,1754.040993167805,9.133093202414981,7.306474561931985,1.0,2.0,1.0,,2,,,,30.0,10.0,0.0,10,60.0,20.0,0.0,20.0,2,2,3,2,3,5,3,1,2,3,4,4,6,4,2,2,4,3,2,2,4,4,3,4,4,4.0
2,2,2.0,47.0,3.0,4.0,1.0,10.0,1.0,40,47.0,3.0,117.5,1374.770871521413,1523.246125645726,7.931370412623536,6.750102478828542,1.0,2.0,7.0,12.5,2,,,,25.0,10.0,1.0,10,53.19148936170212,21.27659574468085,2.127659574468085,21.27659574468085,2,2,2,4,2,4,2,1,1,1,5,7,6,3,3,3,2,2,2,2,4,4,4,3,4,4.0
2,2,2.0,45.0,1.0,2.0,1.0,3.0,1.0,20,20.0,1.0,100.0,833.1944675887353,923.1794700883186,9.613782318331559,9.613782318331559,1.0,3.0,1.0,,2,,,,10.0,5.0,1.0,4,50.0,25.0,5.0,20.0,3,3,3,4,1,4,2,4,4,5,6,7,5,3,3,3,4,4,3,2,4,3,3,3,2,4.0
2,2,2.0,37.0,1.0,2.0,1.0,5.0,1.0,40,55.0,3.0,137.5,1399.766705549075,1550.941509748375,8.07557714739851,5.873147016289826,1.0,1.0,5.0,10.0,2,,,,45.0,9.0,1.0,1,,,,,4,2,4,2,2,3,3,2,2,1,6,6,5,4,2,3,4,5,2,4,3,3,2,3,5,3.0
2,2,2.0,45.0,1.0,2.0,1.0,1.0,1.0,40,40.0,1.0,100.0,2082.986168971838,2307.948675220796,12.01722789791445,12.01722789791445,1.0,4.0,1.0,,2,,,,6.0,20.0,9.0,5,15.0,50.0,22.5,12.5,3,3,4,3,4,4,3,2,4,5,5,5,4,3,3,3,4,4,3,3,4,3,3,4,4,4.0
2,2,2.0,50.0,1.0,2.0,1.0,3.0,2.0,26,31.0,3.0,119.2307692307692,958.1736377270452,1061.6563906015663,8.504499743139457,7.132806236181479,1.0,2.0,1.0,,2,,,,5.0,18.0,1.0,2,16.12903225806452,58.06451612903226,3.225806451612903,6.451612903225806,4,4,3,2,3,4,2,2,3,4,4,3,5,4,2,2,3,4,3,3,3,2,4,4,2,4.0
2,2,1.0,44.0,3.0,1.0,1.0,3.0,2.0,40,50.0,3.0,125.0,1541.40976503916,1707.882019663389,8.892748644456693,7.114198915565355,1.0,2.0,1.0,,2,,,,30.0,8.0,10.0,2,60.0,16.0,20.0,4.0,4,3,3,2,2,3,3,2,3,2,5,5,4,4,4,3,4,4,2,4,3,2,3,3,3,4.0
2,2,2.0,53.0,1.0,3.0,1.0,1.0,1.0,40,55.0,3.0,137.5,2082.986168971838,2307.948675220796,12.01722789791445,8.739802107574144,1.0,1.0,1.0,,2,,,,25.0,20.0,5.0,5,45.45454545454545,36.36363636363637,9.090909090909092,9.090909090909092,3,3,5,2,2,4,3,2,5,6,6,6,5,4,2,4,4,4,2,3,4,4,3,3,2,4.0
2,2,2.0,38.0,1.0,2.0,1.0,5.0,2.0,20,40.0,3.0,200.0,833.1944675887353,923.1794700883186,9.613782318331559,4.806891159165778,1.0,2.0,6.0,30.0,2,,,,20.0,20.0,15.0,5,,,,,1,3,5,2,2,4,3,1,5,5,7,7,7,4,3,4,4,4,2,2,5,4,3,5,5,9.0
2,2,2.0,63.0,3.0,1.0,1.0,3.0,1.0,8,7.9999999999999964,1.0,100.0,291.61806365605753,323.1128145309117,8.412059528540114,8.412059528540114,1.0,1.0,1.0,,2,,,,6.0,1.0,0.0,1,75.0,12.5,0.0,12.5,4,3,4,2,3,4,2,3,5,4,4,4,3,4,2,2,4,4,2,4,2,2,3,3,5,5.0
2,2,2.0,50.0,1.0,1.0,1.0,10.0,1.0,40,50.0,3.0,125.0,2166.305615730711,2400.266622229628,12.49791701383103,9.998333611064822,1.0,1.0,5.0,6.0,2,,,,20.0,10.0,12.0,18,,,,,1,4,4,4,4,5,3,2,2,2,5,7,7,4,3,4,4,4,4,2,4,4,4,4,4,5.0
2,2,1.0,48.0,1.0,2.0,3.0,5.0,1.0,50,70.0,3.0,140.0,3332.777870354941,3692.717880353274,15.38205170933049,10.98717979237892,4.0,2.0,1.0,,2,,,,20.0,20.0,10.0,20,28.57142857142857,28.57142857142857,14.28571428571428,28.57142857142857,3,2,1,2,2,5,2,3,4,4,5,7,6,5,3,3,4,4,2,3,4,4,4,2,2,3.0
2,2,2.0,42.0,3.0,1.0,1.0,5.0,1.0,40,60.0,3.0,150.0,2499.583402766205,2769.538410264955,14.42067347749734,9.613782318331557,2.0,5.0,1.0,,2,,,,30.0,10.0,5.0,20,,,,,3,2,5,2,1,5,2,2,1,1,6,7,7,5,5,5,4,4,1,2,4,4,5,5,2,5.0
2,2,1.0,49.0,1.0,2.0,1.0,5.0,2.0,4,6.0,3.0,150.0,104.14930844859191,115.39743376103979,6.008613948957224,4.00574263263815,1.0,1.0,2.0,60.0,2,,,,6.0,0.0,0.0,0,100.0,0.0,0.0,0.0,3,3,1,4,2,3,3,2,3,2,4,6,6,4,3,4,4,4,2,2,4,4,5,4,3,2.0
2,2,2.0,43.0,1.0,2.0,1.0,4.0,2.0,40,35.0,2.0,87.5,1374.770871521413,1523.246125645726,7.931370412623536,9.064423328712612,1.0,4.0,1.0,,2,,,,14.0,8.0,3.0,10,40.0,22.85714285714286,8.571428571428571,28.57142857142857,2,4,5,3,2,5,3,3,4,6,6,5,5,4,1,3,3,3,4,3,3,3,3,4,5,4.0
2,2,1.0,38.0,1.0,2.0,1.0,3.0,2.0,40,40.0,1.0,100.0,1333.111148141976,1477.08715214131,7.691025854665247,7.691025854665247,3.0,2.0,5.0,40.0,2,,,,25.0,5.0,5.0,5,62.5,12.5,12.5,12.5,3,2,2,1,1,2,2,2,2,2,6,7,6,4,4,3,5,4,2,2,4,4,2,2,2,4.0
2,2,2.0,25.0,2.0,1.0,1.0,3.0,2.0,20,28.0,3.0,115.0,635.3107815364106,703.9243459423428,7.330509017727815,12.73925009293323,1.0,2.0,1.0,20.0,2,,,,15.0,5.0,2.0,2,,,,,2,4,4,4,4,4,4,1,4,2,4,5,5,3,1,3,3,4,5,3,2,3,4,4,5,3.0
2,2,2.0,42.0,1.0,2.0,1.0,8.0,1.0,40,60.0,3.0,150.0,2082.986168971838,2307.948675220796,12.01722789791445,8.0114852652763,4.0,4.0,1.0,,2,,,,20.0,10.0,5.0,25,33.33333333333333,16.66666666666666,8.333333333333332,41.66666666666667,1,4,4,4,3,5,4,1,2,2,7,7,6,4,2,4,4,5,1,2,5,4,5,5,4,4.0
2,2,2.0,48.0,4.0,2.0,1.0,5.0,1.0,40,50.0,3.0,125.0,1499.750041659723,1661.723046158973,8.652404086498404,6.921923269198723,1.0,1.0,1.0,,2,,,,50.0,0.0,0.0,5,,,,,3,5,3,4,4,4,3,1,3,4,6,6,6,4,2,3,4,4,2,3,4,4,4,4,3,2.0
2,2,2.0,59.0,1.0,1.0,1.0,5.0,1.0,40,55.0,3.0,137.5,1874.687552074654,2077.153807698717,10.815505108123,7.865821896816731,2.0,4.0,1.0,,2,,,,20.0,20.0,5.0,10,36.36363636363637,36.36363636363637,9.090909090909092,18.18181818181818,1,4,5,4,3,5,5,1,2,2,6,6,6,3,4,4,3,4,2,2,4,4,4,5,5,5.0
2,2,2.0,34.0,1.0,2.0,3.0,3.0,2.0,20,20.0,1.0,100.0,666.5555740709881,738.5435760706548,7.691025854665247,7.691025854665247,4.0,3.0,5.0,27.0,2,,,,10.0,10.0,2.0,0,,,,,3,4,3,4,2,4,3,2,4,3,5,6,6,3,3,4,4,4,2,2,4,3,4,4,2,3.0
2,2,1.0,41.0,3.0,1.0,1.0,5.0,1.0,32,55.0,3.0,171.875,1083.152807865356,1200.133311114814,7.811198133644393,4.544697095938556,1.0,3.0,1.0,,2,,,,20.0,30.0,1.0,1,36.36363636363637,54.54545454545454,1.818181818181818,1.818181818181818,1,5,5,4,5,3,5,1,2,3,5,7,7,4,3,4,4,4,2,3,4,4,4,5,4,4.0
2,2,2.0,43.0,1.0,2.0,1.0,5.0,2.0,40,40.0,1.0,100.0,1666.38893517747,1846.358940176637,9.613782318331559,9.613782318331559,1.0,4.0,4.0,2.0,2,,,,24.0,10.0,3.0,2,60.0,25.0,7.5,5.0,3,4,4,4,4,5,4,1,3,2,4,5,6,4,3,3,4,2,2,3,3,2,4,5,4,4.0
2,2,1.0,47.0,1.0,2.0,1.0,2.0,1.0,40,40.0,1.0,100.0,1374.770871521413,1523.246125645726,7.931370412623536,7.931370412623536,1.0,2.0,1.0,,2,,,,24.0,15.0,0.0,1,60.0,37.5,0.0,2.5,2,4,3,4,4,4,3,1,2,4,5,6,5,2,1,3,2,5,4,2,3,4,2,3,4,3.0
2,2,2.0,53.0,2.0,2.0,1.0,1.0,2.0,40,40.0,1.0,100.0,1666.38893517747,1846.358940176637,9.613782318331559,9.613782318331559,1.0,2.0,1.0,,2,,,,16.0,20.0,5.0,1,,,,,2,3,3,4,4,4,4,1,2,3,4,7,6,3,3,3,3,1,3,2,3,2,4,5,4,4.0
2,2,2.0,42.0,1.0,2.0,1.0,3.0,2.0,30,35.0,3.0,116.6666666666667,1249.791701383103,1384.769205132478,9.613782318331557,8.240384844284193,1.0,1.0,1.0,,2,,,,20.0,5.0,5.0,5,57.14285714285714,14.28571428571428,14.28571428571428,14.28571428571428,3,4,5,3,2,4,3,2,4,4,6,7,7,4,4,4,4,4,3,4,3,3,4,4,4,4.0
2,2,2.0,33.0,1.0,1.0,1.0,3.0,2.0,24,24.0,1.0,100.0,1041.493084485919,1153.974337610398,10.01435658159537,10.01435658159537,1.0,1.0,2.0,24.0,2,,,,15.0,9.0,1.0,1,,,,,4,2,2,2,3,3,2,5,5,4,4,5,5,4,3,3,3,4,2,3,3,2,3,2,3,4.0
2,2,2.0,49.0,2.0,1.0,1.0,5.0,1.0,40,40.0,1.0,100.0,1249.791701383103,1384.769205132478,7.210336738748668,7.210336738748668,1.0,2.0,5.0,12.0,2,,,,30.0,15.0,10.0,5,,,,,4,3,4,3,4,4,3,3,5,5,2,3,4,4,2,2,2,2,3,4,2,3,2,3,4,3.0
2,2,1.0,60.0,6.0,1.0,1.0,5.0,2.0,20,20.0,1.0,100.0,832.319613397767,922.2101316447256,9.60368784689731,9.60368784689731,2.0,3.0,7.0,20.0,2,,,,5.0,5.0,2.0,8,25.0,25.0,10.0,40.0,2,4,2,4,4,4,5,1,1,2,3,7,7,2,2,3,2,2,4,2,4,4,4,5,4,5.0
2,2,2.0,57.0,2.0,1.0,1.0,9.0,2.0,40,40.0,1.0,100.0,1666.38893517747,1846.358940176637,9.613782318331559,9.613782318331559,1.0,2.0,5.0,15.0,2,,,,40.0,0.0,0.0,2,,,,,3,3,3,4,3,4,3,2,4,6,5,5,5,4,4,4,4,4,2,3,4,3,4,4,4,4.0
2,2,1.0,70.0,5.0,1.0,1.0,3.0,1.0,40,30.0,2.0,75.0,1874.687552074654,2077.153807698717,10.815505108123,14.42067347749734,2.0,3.0,2.0,15.0,2,,,,20.0,6.0,2.0,2,66.66666666666666,20.0,6.666666666666667,6.666666666666667,1,3,3,4,2,4,4,2,4,2,5,6,6,2,3,4,3,4,3,2,4,4,4,4,4,6.0
2,2,2.0,32.0,2.0,1.0,1.0,3.0,2.0,40,50.0,3.0,125.0,1333.111148141976,1477.08715214131,7.691025854665247,6.152820683732198,1.0,5.0,1.0,,2,,,,30.0,14.0,1.0,5,60.0,28.0,2.0,10.0,3,2,5,2,1,2,2,1,2,2,5,7,4,4,3,3,5,4,1,3,2,4,4,4,4,4.0
2,2,1.0,46.0,1.0,2.0,1.0,5.0,1.0,40,40.0,1.0,100.0,1458.0903182802872,1615.564072654557,8.412059528540114,8.412059528540114,1.0,2.0,4.0,5.0,2,,,,25.0,5.0,0.0,10,62.5,12.5,0.0,25.0,4,3,5,2,2,3,4,1,3,1,4,6,6,4,2,2,2,2,3,4,2,2,3,4,4,4.0
2,2,2.0,24.0,3.0,1.0,1.0,3.0,2.0,20,32.0,3.0,160.0,666.5555740709881,738.5435760706548,7.691025854665247,4.806891159165778,1.0,2.0,1.0,,2,,,,15.0,15.0,3.0,2,,,,,4,4,3,3,3,4,3,3,3,5,4,4,4,4,2,2,2,2,3,3,2,2,2,3,2,3.0
2,2,2.0,32.0,1.0,2.0,1.0,4.0,2.0,40,40.0,1.0,100.0,1333.111148141976,1477.08715214131,7.691025854665247,7.691025854665247,1.0,2.0,5.0,12.0,2,,,,28.0,7.0,2.0,3,70.0,17.5,5.0,7.5,4,2,2,1,1,3,2,4,3,3,5,4,3,4,2,2,3,3,2,3,4,3,3,2,2,3.0
2,2,2.0,35.0,1.0,2.0,1.0,1.0,1.0,40,40.0,1.0,100.0,1666.38893517747,1846.358940176637,9.613782318331559,9.613782318331559,1.0,3.0,1.0,,2,,,,10.0,20.0,10.0,5,,,,,3,3,5,3,5,5,3,1,3,4,4,6,6,4,4,4,2,4,3,3,4,2,2,4,3,5.0
2,2,1.0,30.0,1.0,1.0,1.0,1.0,2.0,40,40.0,1.0,100.0,1208.131978003666,1338.610231628062,6.96999218079038,6.96999218079038,1.0,3.0,6.0,20.0,2,,,,20.0,10.0,2.0,3,50.0,25.0,5.0,7.5,3,4,4,4,4,5,4,1,3,3,4,7,6,3,4,3,4,4,3,3,2,3,4,4,4,4.0
2,2,2.0,40.0,1.0,1.0,1.0,5.0,1.0,40,40.0,1.0,100.0,2082.986168971838,2307.948675220796,12.01722789791445,12.01722789791445,1.0,2.0,1.0,,2,,,,20.0,15.0,4.0,1,50.0,37.5,10.0,2.5,4,4,4,2,5,4,4,2,5,4,5,5,5,3,2,1,2,3,3,4,2,3,3,4,4,4.0
2,2,2.0,32.0,2.0,1.0,1.0,3.0,2.0,40,62.0,3.0,155.0,1274.787535410765,1412.464589235127,7.354543473523644,4.744866757112028,1.0,1.0,3.0,12.5,2,,,,43.0,27.0,5.0,0,,,,,4,2,5,2,1,3,2,3,3,2,4,5,5,4,3,4,4,3,3,4,3,2,4,3,2,3.0
2,2,2.0,39.0,2.0,1.0,1.0,3.0,2.0,40,40.0,1.0,100.0,1666.38893517747,1846.358940176637,9.613782318331559,9.613782318331559,1.0,2.0,1.0,,2,,,,30.0,10.0,10.0,5,,,,,4,3,3,2,2,5,2,1,1,2,2,6,6,4,2,2,4,4,2,3,3,3,2,4,4,4.0
2,2,1.0,45.0,4.0,3.0,1.0,1.0,1.0,40,40.0,1.0,100.0,2082.986168971838,2307.948675220796,12.01722789791445,12.01722789791445,1.0,2.0,5.0,5.0,2,,,,12.0,10.0,3.0,15,30.0,25.0,7.5,37.5,3,3,4,3,3,2,3,3,4,4,6,7,6,4,3,4,3,4,2,2,4,2,4,4,3,5.0
2,2,1.0,45.0,1.0,2.0,1.0,1.0,5.0,40,30.0,2.0,75.0,2582.902849525079,2861.856357273788,14.90136259341392,19.86848345788523,1.0,2.0,1.0,,2,,,,8.0,18.0,1.0,3,26.66666666666667,60.0,3.333333333333333,10.0,3,4,4,4,4,5,4,1,4,5,4,5,7,3,4,3,2,4,3,4,3,4,4,5,4,7.0
2,2,2.0,40.0,1.0,2.0,1.0,1.0,1.0,40,40.0,1.0,100.0,1874.687552074654,2077.153807698717,10.815505108123,10.815505108123,1.0,2.0,1.0,,2,,,,10.0,20.0,5.0,5,25.0,50.0,12.5,12.5,1,5,3,5,5,5,5,3,4,1,6,7,7,2,5,4,3,3,3,3,3,3,4,5,5,7.0
2,2,1.0,36.0,2.0,1.0,1.0,5.0,1.0,40,40.0,1.0,100.0,1291.45142476254,1430.928178636894,7.450681296706959,7.450681296706959,2.0,2.0,1.0,,2,,,,30.0,5.0,5.0,10,,,,,3,2,4,2,2,5,3,1,4,4,6,7,7,4,4,4,4,4,3,2,3,4,3,4,4,4.0
2,2,1.0,39.0,1.0,2.0,1.0,6.0,1.0,40,50.0,3.0,125.0,1666.38893517747,1846.358940176637,9.613782318331559,7.691025854665247,1.0,3.0,3.0,15.0,2,,,,30.0,5.0,5.0,10,60.0,10.0,10.0,20.0,3,4,5,2,2,2,2,5,3,5,3,4,3,5,4,4,5,5,1,3,4,4,5,3,3,4.0
2,2,2.0,40.0,1.0,1.0,1.0,5.0,1.0,40,50.0,3.0,125.0,1291.45142476254,1430.928178636894,7.450681296706959,5.960545037365568,1.0,1.0,1.0,,2,,,,26.0,1.0,3.0,10,52.0,2.0,6.0,20.0,3,1,1,2,1,4,2,1,5,4,5,7,6,4,3,4,4,4,2,2,3,3,3,3,4,4.0
2,2,2.0,32.0,2.0,1.0,1.0,1.0,3.0,40,60.0,3.0,150.0,999.8333611064825,1107.815364105982,5.768269390998936,3.8455129273326243,1.0,2.0,1.0,,2,,,,20.0,20.0,15.0,5,33.33333333333333,33.33333333333333,25.0,8.333333333333332,3,3,2,2,2,3,2,3,3,3,5,4,4,4,3,4,4,3,2,4,3,4,3,3,2,7.0
2,2,2.0,39.0,2.0,1.0,1.0,5.0,1.0,40,72.0,3.0,180.0,1583.069488418597,1754.040993167805,9.133093202414981,5.073940668008323,1.0,1.0,1.0,,2,,,,40.0,20.0,10.0,2,55.55555555555556,27.77777777777778,13.88888888888889,2.777777777777778,3,4,4,2,2,2,3,2,7,6,6,6,4,4,4,4,5,5,1,4,2,2,3,3,2,4.0
2,2,1.0,28.0,3.0,1.0,1.0,1.0,2.0,32.5,42.5,3.0,130.7692307692308,958.1736377270452,1061.6563906015663,6.803599794511565,5.202752784038255,1.0,5.0,2.0,50.0,2,,,,5.0,35.0,0.0,5,,,,,3,3,4,3,3,5,3,2,4,4,4,6,5,4,2,4,4,4,4,2,4,2,3,4,2,7.0
2,2,2.0,40.0,1.0,2.0,1.0,4.0,2.0,40,50.0,3.0,125.0,1416.43059490085,1569.405099150141,8.171714970581826,6.53737197646546,3.0,3.0,1.0,,2,,,,20.0,10.0,10.0,10,40.0,20.0,20.0,20.0,3,2,5,3,2,2,2,2,3,5,4,6,4,4,2,3,4,4,1,2,4,4,3,4,3,4.0
2,2,1.0,48.0,2.0,2.0,1.0,7.0,1.0,20,7.9999999999999964,2.0,40.0,833.1944675887353,923.1794700883186,9.613782318331559,24.0344557958289,1.0,2.0,2.0,40.0,2,,,,8.0,17.0,2.0,2,,,,,3,3,3,4,3,2,3,2,2,1,5,6,6,3,4,4,4,4,3,2,4,4,3,3,3,4.0
2,2,2.0,42.0,1.0,1.0,1.0,5.0,1.0,40,55.0,3.0,137.5,1249.791701383103,1384.769205132478,7.210336738748668,5.243881264544486,4.0,4.0,1.0,,2,,,,25.0,5.0,7.5,15,45.45454545454545,9.090909090909092,13.63636363636363,27.27272727272727,3,2,5,2,1,3,2,2,6,3,6,6,5,5,4,5,5,5,2,4,4,3,2,2,2,4.0
2,2,1.0,52.0,1.0,2.0,1.0,9.0,2.0,40,40.0,1.0,100.0,2291.284785869022,2538.743542742876,13.21895068770589,13.21895068770589,2.0,4.0,5.0,20.0,2,,,,12.0,4.0,8.0,16,30.0,10.0,20.0,40.0,3,2,2,3,3,5,3,2,1,2,2,7,7,4,5,4,4,5,2,3,4,3,4,4,5,6.0
2,2,2.0,39.0,2.0,2.0,1.0,9.0,3.0,40,48.0,1.0,120.0,1666.38893517747,1846.358940176637,9.613782318331559,7.9313704126235365,2.0,5.0,6.0,20.0,2,,,,12.5,7.5,10.0,7.5,,,,,3,3,3,4,4,5,3,1,3,2,5,6,6,4,3,4,4,3,2,3,2,3,4,4,4,2.0
2,2,2.0,69.0,3.0,1.0,1.0,9.0,3.0,20,35.0,3.0,175.0,833.1944675887353,923.1794700883186,9.613782318331559,5.493589896189462,1.0,4.0,1.0,,2,,,,18.0,4.0,4.0,2,51.42857142857142,11.42857142857143,11.42857142857143,5.714285714285714,1,3,5,4,3,4,4,1,1,1,3,7,7,3,3,2,4,4,3,2,5,5,4,5,5,5.0
2,2,2.0,34.0,1.0,2.0,1.0,9.0,2.0,40,40.0,1.0,100.0,1416.43059490085,1569.405099150141,8.171714970581826,8.171714970581826,1.0,1.0,1.0,,2,,,,22.0,2.0,0.0,2,55.00000000000001,5.0,0.0,5.0,3,3,4,2,1,3,2,1,4,5,6,6,6,4,4,4,5,4,1,3,4,2,3,3,3,3.0
2,2,2.0,45.0,3.0,1.0,1.0,1.0,1.0,40,40.0,1.0,100.0,1499.750041659723,1661.723046158973,8.652404086498404,8.652404086498404,1.0,1.0,1.0,50.0,2,,,,17.0,17.0,4.0,2,42.5,42.5,10.0,5.0,3,4,4,3,4,3,3,1,5,6,6,5,5,4,3,4,4,5,1,4,3,2,3,3,4,4.0
2,2,1.0,57.0,1.0,1.0,1.0,9.0,2.0,40,40.0,1.0,100.0,2082.986168971838,2307.948675220796,12.01722789791445,12.01722789791445,2.0,5.0,6.0,,2,,,,18.0,6.0,1.0,9,45.0,15.0,2.5,22.5,1,4,2,4,3,4,4,1,3,3,2,6,6,3,4,3,3,2,2,2,4,4,5,4,4,6.0
2,2,1.0,40.0,2.0,1.0,1.0,5.0,1.0,40,40.0,1.0,100.0,1791.368105315781,1984.835860689885,10.33481599220643,10.33481599220643,3.0,4.0,5.0,20.0,2,,,,22.0,6.0,4.0,8,55.00000000000001,15.0,10.0,20.0,2,4,4,4,4,4,4,2,4,4,5,6,5,3,2,3,2,3,4,2,3,4,4,4,4,4.0
2,2,2.0,29.0,2.0,1.0,1.0,3.0,2.0,40,40.0,1.0,100.0,1666.38893517747,1846.358940176637,9.613782318331559,9.613782318331559,1.0,1.0,1.0,35.0,2,,,,5.0,1.0,1.0,1,12.5,2.5,2.5,2.5,3,3,4,4,4,5,3,2,5,5,4,4,6,3,4,4,4,4,2,3,3,3,4,4,4,4.0
2,2,2.0,36.8,1.0,2.0,3.0,8.0,2.0,16,16.0,1.0,100.0,624.8958506915515,692.3846025662388,9.012920923435836,9.012920923435836,1.0,3.0,1.0,50.0,2,,,,10.0,10.0,2.0,2,,,,,3,3,4,4,3,3,3,1,4,4,5,6,6,3,4,5,4,4,4,2,3,2,4,4,4,4.0
1,1,2.0,48.0,2.0,1.0,6.0,5.0,2.0,25,25.0,1.0,100.0,1900.0,1679.6,17.53846153846154,17.53846153846154,1.0,1.0,5.0,40.0,2,,,,4.5,3.0,0.0,16,18.0,12.0,0.0,64.0,4,3,5,2,4,5,3,2,4,4,4,5,4,4,1,3,4,4,3,3,4,3,4,4,3,13.0
1,1,2.0,64.0,3.0,1.0,4.0,11.0,6.0,40,40.0,1.0,100.0,3000.0,2652.0,17.30769230769231,17.30769230769231,1.0,2.0,1.0,,2,,,,0.0,0.0,0.0,40,0.0,0.0,0.0,100.0,4,4,5,3,2,3,4,4,3,1,4,5,6,3,4,3,2,4,3,4,4,2,2,3,3,13.0
1,1,2.0,47.0,2.0,1.0,4.0,6.0,1.0,36,55.0,3.0,152.7777777777778,6000.0,5304.0,38.46153846153846,25.17482517482517,1.0,5.0,1.0,,2,,,,0.0,40.0,5.0,10,0.0,72.72727272727273,9.090909090909092,18.18181818181818,4,2,5,2,4,2,4,5,3,4,1,1,3,4,1,1,3,1,3,4,1,3,2,3,4,7.0
1,1,1.0,35.0,1.0,1.0,5.0,6.0,1.0,20,20.0,1.0,100.0,2000.0,1768.0,23.07692307692308,23.07692307692308,1.0,2.0,3.0,50.0,2,,,,15.0,4.0,0.0,1,75.0,20.0,0.0,5.0,1,3,3,3,3,3,3,1,3,4,3,5,5,2,2,5,3,3,3,3,4,4,5,4,4,7.0
1,1,2.0,51.0,4.0,2.0,5.0,9.0,1.0,20,20.0,1.0,100.0,1800.0,1591.2,20.76923076923077,20.76923076923077,1.0,2.0,5.0,10.0,2,,,,18.0,10.0,2.0,2,,,,,4,2,4,2,2,4,2,1,5,7,4,7,6,4,2,4,4,3,3,4,3,2,4,4,3,7.0
1,1,1.0,37.0,2.0,1.0,5.0,2.0,1.0,40,45.0,3.0,112.5,5567.0,4921.228,32.11730769230769,28.54871794871795,3.0,3.0,1.0,,2,,,,5.0,30.0,5.0,5,11.11111111111111,66.66666666666666,11.11111111111111,11.11111111111111,4,3,4,4,5,5,3,1,5,5,4,6,6,4,2,3,4,4,2,3,3,4,4,3,4,7.0
1,1,1.0,43.0,1.0,2.0,5.0,4.0,1.0,40,40.0,1.0,100.0,5400.0,4773.6,31.15384615384615,31.153846153846146,2.0,4.0,1.0,,2,,,,5.0,5.0,10.0,20,12.5,12.5,25.0,50.0,4,4,5,2,3,3,3,5,3,3,2,2,3,4,1,1,1,2,1,2,2,4,3,3,5,7.0
1,1,2.0,40.0,1.0,2.0,4.0,2.0,2.0,40,40.0,1.0,100.0,5000.0,4420.0,28.84615384615385,28.84615384615385,3.0,2.0,1.0,,2,,,,11.0,8.0,10.0,11,27.5,20.0,25.0,27.5,2,3,5,2,1,5,3,2,4,3,4,7,5,4,2,4,2,2,4,3,3,3,5,5,5,7.0
1,1,2.0,44.0,1.0,2.0,4.0,1.0,2.0,40,62.0,3.0,155.0,5000.0,4420.0,28.84615384615385,18.61042183622829,3.0,2.0,1.0,,2,,,,6.0,22.0,14.0,20,9.67741935483871,35.48387096774194,22.58064516129032,32.25806451612903,4,3,5,2,2,4,3,3,2,2,2,6,4,4,2,4,5,3,2,2,4,2,4,4,4,7.0
1,1,1.0,41.0,2.0,1.0,4.0,1.0,2.0,40,60.0,3.0,150.0,5600.0,4950.4,32.30769230769231,21.53846153846154,3.0,1.0,1.0,,2,,,,8.0,45.0,2.0,5,13.33333333333333,75.0,3.333333333333333,8.333333333333332,3,4,2,4,4,4,4,1,4,2,4,6,7,3,4,5,3,3,2,2,4,3,4,4,4,7.0
1,1,2.0,54.0,2.0,1.0,4.0,5.0,2.0,40,75.0,3.0,187.5,4982.3,4404.353200000001,28.74403846153846,15.33015384615385,1.0,1.0,1.0,,2,,,,15.0,20.0,12.0,8,20.0,26.66666666666667,16.0,10.66666666666667,3,3,5,2,2,4,3,1,4,5,4,7,7,4,4,3,5,4,2,4,3,3,4,4,5,7.0
1,1,2.0,49.0,1.0,2.0,4.0,5.0,2.0,40,40.0,1.0,100.0,5000.0,4420.0,28.84615384615385,28.84615384615385,3.0,2.0,1.0,,2,,,,20.0,10.0,5.0,5,50.0,25.0,12.5,12.5,3,4,5,3,3,5,4,1,6,6,6,7,7,4,2,4,4,4,3,3,4,2,4,4,4,7.0
1,1,2.0,33.0,1.0,1.0,4.0,5.0,2.0,40,60.0,3.0,150.0,6000.0,5304.0,34.61538461538461,23.07692307692308,3.0,2.0,1.0,,2,,,,10.0,30.0,5.0,15,16.66666666666666,50.0,8.333333333333332,25.0,3,2,5,3,1,3,2,1,4,5,6,7,5,4,3,4,5,4,3,3,4,2,3,4,3,7.0
1,1,2.0,63.0,4.0,1.0,4.0,4.0,6.0,40,47.5,3.0,118.75,5250.0,4641.0,30.28846153846154,25.50607287449392,1.0,2.0,4.0,7.5,2,,,,35.0,10.0,0.5,2,73.68421052631578,21.05263157894737,1.052631578947368,4.210526315789473,1,2,3,2,2,4,2,1,1,2,4,7,6,3,2,4,4,4,3,2,4,4,4,5,5,7.0
1,1,2.0,46.0,1.0,1.0,4.0,5.0,2.0,40,55.0,3.0,137.5,6000.0,5304.0,34.61538461538461,25.17482517482517,3.0,4.0,1.0,,2,,,,15.0,20.0,15.0,5,27.27272727272727,36.36363636363637,27.27272727272727,9.090909090909092,3,4,4,4,4,4,5,1,5,4,5,6,7,3,4,4,4,4,3,3,3,2,4,4,3,7.0
1,1,1.0,36.0,1.0,2.0,4.0,5.0,2.0,40,40.0,1.0,100.0,6500.0,5746.0,37.5,37.5,2.0,2.0,1.0,,2,,,,10.0,15.0,5.0,10,25.0,37.5,12.5,25.0,1,5,5,3,4,5,4,1,5,5,6,7,6,3,2,4,2,3,4,2,4,4,4,4,4,7.0
1,1,1.0,35.0,1.0,2.0,4.0,1.0,1.0,40,45.0,3.0,112.5,6667.0,5893.628000000001,38.46346153846154,34.18974358974359,4.0,4.0,1.0,,2,,,,5.0,10.0,10.0,20,11.11111111111111,22.22222222222222,22.22222222222222,44.44444444444444,1,4,5,3,5,5,5,1,5,1,6,7,7,4,2,4,4,4,2,3,4,4,5,4,4,7.0
1,1,2.0,44.0,1.0,3.0,7.0,5.0,2.0,20,40.0,3.0,200.0,1850.0,1635.4,21.34615384615385,10.67307692307692,1.0,2.0,7.0,10.0,2,,,,30.0,10.0,3.0,10,,,,,3,2,3,3,3,4,3,1,2,2,6,7,6,4,3,3,4,2,2,2,4,3,3,4,5,7.0
1,1,1.0,46.0,2.0,2.0,4.0,5.0,1.0,40,50.0,3.0,125.0,5000.0,4420.0,28.84615384615385,23.07692307692308,3.0,2.0,1.0,,2,,,,4.0,10.0,20.0,3,8.0,20.0,40.0,6.0,1,4,3,4,3,2,5,1,3,2,5,7,7,4,2,4,2,2,3,2,3,3,4,4,5,7.0
1,1,1.0,40.0,2.0,2.0,4.0,2.0,2.0,40,50.0,3.0,125.0,6000.0,5304.0,34.61538461538461,27.69230769230769,2.0,2.0,1.0,,2,,,,10.0,20.0,10.0,10,20.0,40.0,20.0,20.0,2,4,3,4,5,5,4,1,3,3,6,6,7,2,1,4,2,4,3,2,4,4,4,4,4,7.0
1,1,2.0,56.0,4.0,1.0,4.0,5.0,1.0,40,50.0,3.0,125.0,6000.0,5304.0,34.61538461538461,27.69230769230769,4.0,5.0,4.0,10.0,2,,,,15.0,10.0,15.0,10,30.0,20.0,30.0,20.0,2,4,5,4,3,5,4,1,2,1,4,7,7,4,3,2,4,2,4,2,3,2,5,4,4,6.0
1,1,1.0,47.0,1.0,1.0,4.0,5.0,1.0,40,40.0,1.0,100.0,3800.0,3359.2,21.92307692307692,21.92307692307692,1.0,3.0,1.0,,2,,,,15.0,15.0,5.0,5,37.5,37.5,12.5,12.5,4,3,4,3,4,4,4,2,3,3,5,6,5,3,3,3,2,2,4,3,2,3,4,4,3,6.0
1,1,2.0,46.0,1.0,2.0,4.0,5.0,1.0,40,40.0,1.0,100.0,5500.0,4862.0,31.73076923076923,31.730769230769226,3.0,2.0,1.0,,2,,,,15.0,8.0,8.0,9,37.5,20.0,20.0,22.5,3,4,4,4,4,5,4,2,5,3,6,6,6,4,4,3,3,4,2,4,2,4,4,4,4,6.0
1,1,2.0,44.0,1.0,2.0,5.0,7.0,2.0,40,55.0,3.0,137.5,6650.0,5878.6,38.36538461538461,27.9020979020979,2.0,3.0,1.0,,2,,,,15.0,15.0,10.0,15,27.27272727272727,27.27272727272727,18.18181818181818,27.27272727272727,1,4,2,4,4,4,3,1,4,3,4,6,7,3,4,5,3,3,2,2,4,4,5,5,5,6.0
1,1,1.0,54.0,1.0,2.0,5.0,5.0,2.0,40,50.0,3.0,125.0,6500.0,5746.0,37.5,30.0,2.0,2.0,1.0,,2,,,,16.0,8.0,2.0,24,32.0,16.0,4.0,48.0,3,4,3,2,4,4,3,2,2,2,4,7,6,4,4,4,2,2,3,2,3,4,4,3,2,6.0
1,1,1.0,53.0,1.0,2.0,4.0,1.0,1.0,40,40.0,1.0,100.0,7000.0,6188.0,40.38461538461539,40.38461538461539,3.0,2.0,1.0,,2,,,,15.0,10.0,10.0,5,37.5,25.0,25.0,12.5,2,4,4,3,4,4,4,1,5,1,4,5,5,4,2,3,2,3,4,2,3,4,4,4,2,6.0
1,1,1.0,48.0,1.0,1.0,4.0,2.0,1.0,40,55.0,3.0,137.5,6500.0,5746.0,37.5,27.27272727272727,3.0,4.0,1.0,,2,,,,15.0,10.0,15.0,15,27.27272727272727,18.18181818181818,27.27272727272727,27.27272727272727,3,3,5,2,2,4,4,1,5,4,4,7,6,4,3,3,4,4,2,4,3,3,4,4,5,6.0
1,1,1.0,49.0,1.0,2.0,4.0,4.0,1.0,40,40.0,1.0,100.0,6500.0,5746.0,37.5,37.5,1.0,4.0,1.0,,2,,,,2.0,5.0,1.0,10,5.0,12.5,2.5,25.0,1,4,4,4,4,4,4,1,1,2,2,7,6,3,3,4,3,4,4,2,3,4,4,4,4,6.0
1,1,2.0,44.0,2.0,1.0,4.0,5.0,1.0,40,40.0,1.0,100.0,6000.0,5304.0,34.61538461538461,34.61538461538461,1.0,2.0,1.0,,2,,,,10.0,20.0,5.0,5,25.0,50.0,12.5,12.5,1,3,4,4,4,4,3,1,4,2,4,6,7,3,4,4,2,3,3,2,4,3,4,3,4,6.0
1,1,2.0,47.0,1.0,1.0,4.0,9.0,1.0,30,40.0,3.0,133.3333333333333,2700.0,2386.8,20.76923076923077,15.57692307692308,1.0,2.0,1.0,,2,,,,12.5,5.0,5.0,15,31.25,12.5,12.5,37.5,1,3,5,2,4,5,3,1,2,2,5,7,6,4,2,4,4,4,4,2,4,4,4,4,4,6.0
1,1,2.0,38.0,2.0,1.0,4.0,5.0,1.0,40,40.0,1.0,100.0,5800.0,5127.2,33.46153846153847,33.46153846153847,2.0,4.0,5.0,8.0,2,,,,20.0,15.0,0.0,5,50.0,37.5,0.0,12.5,2,3,3,3,4,4,3,2,3,2,3,4,4,3,2,2,3,2,3,2,2,4,4,4,4,6.0
1,1,1.0,52.0,2.0,1.0,4.0,1.0,1.0,40,50.0,3.0,125.0,6000.0,5304.0,34.61538461538461,27.69230769230769,4.0,4.0,1.0,,2,,,,12.0,6.0,2.0,20,24.0,12.0,4.0,40.0,3,3,4,3,3,5,3,1,3,2,4,5,6,3,3,3,4,4,2,2,4,4,4,3,4,6.0
1,1,2.0,51.0,2.0,1.0,4.0,5.0,1.0,40,45.0,3.0,112.5,6500.0,5746.0,37.5,33.33333333333334,1.0,3.0,5.0,2.0,2,,,,15.0,15.0,0.0,10,33.33333333333333,33.33333333333333,0.0,22.22222222222222,4,3,4,2,2,3,4,3,3,1,4,4,5,4,1,2,2,3,2,2,1,4,3,2,3,6.0
1,1,1.0,43.0,1.0,2.0,4.0,2.0,1.0,40,60.0,3.0,150.0,5400.0,4773.6,31.15384615384615,20.76923076923077,3.0,3.0,1.0,,2,,,,16.0,20.0,16.0,8,26.66666666666667,33.33333333333333,26.66666666666667,13.33333333333333,1,4,4,3,5,5,4,1,1,1,4,7,7,3,3,4,4,4,2,1,4,4,5,4,5,6.0
1,1,2.0,68.0,1.0,3.0,4.0,7.0,1.0,40,40.0,1.0,100.0,4000.0,3536.0,23.07692307692308,23.07692307692308,2.0,3.0,1.0,,2,,,,8.0,10.0,2.0,20,20.0,25.0,5.0,50.0,1,4,4,4,4,5,5,1,5,6,7,7,7,3,4,5,4,4,2,3,5,4,5,5,5,6.0
1,1,2.0,38.0,3.0,1.0,6.0,6.0,1.0,40,40.0,1.0,100.0,5000.0,4420.0,28.84615384615385,28.84615384615385,1.0,2.0,1.0,,2,,,,20.0,8.0,4.0,8,50.0,20.0,10.0,20.0,3,2,4,2,2,4,3,3,4,3,6,7,5,4,3,4,5,5,3,2,4,3,4,4,3,6.0
1,1,1.0,43.0,1.0,1.0,4.0,5.0,1.0,40,60.0,3.0,150.0,5545.5,4902.222000000001,31.99326923076923,21.32884615384615,4.0,3.0,1.0,,2,,,,16.0,10.0,18.0,16,26.66666666666667,16.66666666666666,30.0,26.66666666666667,1,3,3,2,3,4,3,1,3,3,2,6,7,4,2,4,4,4,2,3,4,4,4,4,4,6.0
1,1,2.0,52.0,3.0,2.0,4.0,3.0,1.0,40,50.0,3.0,125.0,3200.0,2828.8,18.46153846153846,14.76923076923077,2.0,3.0,2.0,10.0,2,,,,15.0,10.0,10.0,15,30.0,20.0,20.0,30.0,3,4,5,4,4,5,4,1,3,3,4,6,7,4,3,4,4,2,3,2,4,3,4,4,4,6.0
1,1,1.0,49.0,1.0,1.0,6.0,2.0,1.0,40,55.0,3.0,137.5,4500.0,3978.0,25.96153846153846,18.88111888111888,2.0,4.0,1.0,,2,,,,15.0,5.0,5.0,30,27.27272727272727,9.090909090909092,9.090909090909092,54.54545454545454,3,3,4,4,2,5,3,1,5,5,4,6,7,4,2,2,4,4,2,3,4,3,4,5,5,6.0
1,1,2.0,45.0,2.0,1.0,4.0,1.0,1.0,40,60.0,3.0,150.0,4600.0,4066.4,26.53846153846154,17.69230769230769,3.0,1.0,5.0,20.0,2,,,,30.0,5.0,5.0,20,50.0,8.333333333333332,8.333333333333332,33.33333333333333,3,3,5,1,1,2,2,5,4,5,6,4,4,5,4,5,5,3,1,4,3,3,4,2,3,6.0
1,1,2.0,45.0,2.0,2.0,4.0,6.0,1.0,35,35.0,1.0,100.0,6200.0,5480.800000000001,40.87912087912088,40.87912087912088,1.0,2.0,1.0,,2,,,,12.0,13.0,2.0,8,34.28571428571428,37.14285714285715,5.714285714285714,22.85714285714286,4,3,4,3,4,4,4,1,4,3,6,6,6,4,3,3,3,3,3,4,2,2,3,3,3,6.0
1,1,1.0,39.0,2.0,2.0,4.0,6.0,1.0,40,50.0,3.0,125.0,5750.0,5083.0,33.17307692307692,26.53846153846154,3.0,3.0,1.0,,2,,,,15.0,15.0,5.0,15,30.0,30.0,10.0,30.0,2,4,4,4,3,4,4,2,3,2,4,6,7,4,2,2,2,2,2,2,3,4,3,4,4,6.0
1,1,1.0,46.0,1.0,2.0,4.0,5.0,1.0,32,32.0,1.0,100.0,5698.0,5037.032000000001,41.09134615384615,41.09134615384615,1.0,2.0,1.0,,2,,,,9.6,12.8,0.0,9.6,30.0,40.0,0.0,30.0,2,4,5,4,3,5,5,1,6,2,5,3,5,4,1,2,2,2,4,2,2,2,3,4,5,6.0
1,1,1.0,57.0,2.0,2.0,4.0,1.0,1.0,40,40.0,1.0,100.0,6653.0,5881.252,38.38269230769231,38.38269230769231,4.0,2.0,1.0,,2,,,,15.0,5.0,12.0,8,37.5,12.5,30.0,20.0,1,3,3,4,2,4,4,2,3,2,6,6,6,3,2,4,3,4,3,2,4,4,4,5,4,6.0
1,1,1.0,65.0,1.0,1.0,4.0,4.0,1.0,40,60.0,3.0,150.0,5500.0,4862.0,31.73076923076923,21.15384615384615,2.0,2.0,5.0,4.0,2,,,,3.0,10.0,5.0,20,5.0,16.66666666666666,8.333333333333332,33.33333333333333,1,2,2,1,1,2,1,1,1,1,4,7,7,4,2,3,4,4,2,2,4,4,4,3,4,5.0
1,1,1.0,62.0,1.0,1.0,4.0,1.0,1.0,40,45.0,3.0,112.5,7000.0,6188.0,40.38461538461539,35.8974358974359,3.0,2.0,3.0,8.0,2,,,,12.0,15.0,10.0,10,,,,,4,4,5,3,4,4,4,3,5,4,5,5,4,5,2,2,2,4,2,3,2,2,3,3,4,5.0
1,1,1.0,67.0,1.0,1.0,4.0,5.0,6.0,40,46.0,3.0,115.0,4000.0,3536.0,23.07692307692308,20.06688963210702,1.0,2.0,5.0,7.5,2,,,,12.5,11.5,2.5,12.5,27.17391304347826,25.0,5.434782608695652,27.17391304347826,1,2,3,4,2,4,4,1,4,2,4,6,6,2,3,4,4,4,4,2,4,4,4,4,4,5.0
1,1,2.0,56.0,3.0,1.0,4.0,1.0,1.0,40,40.0,1.0,100.0,7000.0,6188.0,40.38461538461539,40.38461538461539,3.0,2.0,1.0,,2,,,,30.0,4.0,5.0,1,75.0,10.0,12.5,2.5,4,3,5,2,5,2,2,2,2,1,4,5,3,5,1,2,4,4,2,2,2,5,4,2,4,5.0
1,1,1.0,45.0,1.0,2.0,4.0,2.0,1.0,40,40.0,1.0,100.0,7000.0,6188.0,40.38461538461539,40.38461538461539,3.0,2.0,1.0,,2,,,,15.0,10.0,10.0,10,,,,,1,4,3,3,2,3,3,1,2,4,4,6,6,3,1,4,3,4,3,2,4,2,4,4,4,5.0
1,1,2.0,61.0,1.0,1.0,4.0,1.0,6.0,40,40.0,1.0,100.0,4000.0,3536.0,23.07692307692308,23.07692307692308,4.0,3.0,1.0,,2,,,,10.0,8.0,4.0,18,25.0,20.0,10.0,45.0,2,4,5,3,4,5,4,1,4,1,5,5,5,4,1,2,2,4,4,2,3,4,3,4,4,5.0
1,1,1.0,61.0,2.0,1.0,4.0,9.0,1.0,40,40.0,1.0,100.0,4000.0,3536.0,23.07692307692308,23.07692307692308,1.0,3.0,5.0,15.0,2,,,,18.0,25.0,0.0,2,,,,,2,5,4,5,5,5,4,1,3,2,4,5,5,2,2,3,2,4,4,2,3,2,5,5,5,5.0
1,1,1.0,65.0,1.0,1.0,4.0,5.0,6.0,40,60.0,3.0,150.0,6666.0,5892.744000000001,38.45769230769231,25.63846153846154,1.0,3.0,1.0,,2,,,,15.0,35.0,2.0,10,,,,,1,4,4,5,4,5,5,1,4,2,4,6,7,1,4,4,2,4,4,1,4,5,5,5,4,5.0
1,1,1.0,53.0,1.0,2.0,4.0,1.0,6.0,40,55.0,3.0,137.5,6500.0,5746.0,37.5,27.27272727272727,3.0,2.0,1.0,,2,,,,15.0,30.0,3.0,7,27.27272727272727,54.54545454545454,5.454545454545454,12.72727272727273,1,4,4,4,3,3,4,1,3,1,3,4,7,3,2,4,3,4,4,2,4,4,4,5,4,5.0
1,1,1.0,56.0,1.0,1.0,7.0,11.0,6.0,40,60.0,3.0,150.0,7000.0,6188.0,40.38461538461539,26.92307692307692,1.0,4.0,4.0,10.0,2,,,,15.0,15.0,0.0,25,25.0,25.0,0.0,41.66666666666667,2,4,4,4,4,4,4,1,4,1,5,6,6,3,2,1,3,4,3,2,4,4,3,4,4,5.0
1,1,2.0,32.0,2.0,1.0,4.0,6.0,2.0,35,35.0,1.0,100.0,4016.0,3550.144,26.47912087912088,26.47912087912088,1.0,1.0,1.0,,2,,,,0.5,29.5,1.0,4,1.428571428571429,84.28571428571429,2.857142857142857,11.42857142857143,4,3,5,4,4,5,2,3,4,5,4,4,5,4,1,2,4,4,1,2,1,4,2,3,4,13.0
1,1,2.0,43.0,2.0,1.0,4.0,5.0,3.0,20,20.0,1.0,100.0,2000.0,1768.0,23.07692307692308,23.07692307692308,1.0,4.0,4.0,25.0,2,,,,4.0,10.0,20.0,2,,,,,2,4,5,3,3,5,4,1,4,3,4,6,7,3,2,2,2,3,4,2,3,2,4,4,4,13.0
1,1,2.0,36.0,2.0,2.0,4.0,5.0,3.0,40,40.0,1.0,100.0,5680.65,5021.6946,32.77298076923076,32.77298076923076,3.0,3.0,5.0,25.0,2,,,,15.0,10.0,5.0,5,37.5,25.0,12.5,12.5,1,4,3,4,3,4,4,1,5,4,5,6,7,4,3,4,4,4,3,3,3,4,5,4,2,13.0
1,1,1.0,51.0,4.0,1.0,6.0,2.0,1.0,38.5,38.5,1.0,100.0,6000.0,5304.0,35.96403596403596,35.96403596403596,1.0,2.0,1.0,,2,,,,20.0,8.5,0.0,10,51.94805194805194,22.07792207792208,0.0,25.97402597402597,2,2,2,3,5,4,2,1,5,2,6,6,7,4,2,2,3,3,4,1,4,4,4,4,4,3.0
1,1,2.0,42.0,1.0,2.0,6.0,1.0,1.0,30,35.0,3.0,116.6666666666667,3200.0,2828.8,24.61538461538462,21.0989010989011,3.0,2.0,1.0,,2,,,,20.0,5.0,2.0,3,57.14285714285714,14.28571428571428,5.714285714285714,8.571428571428571,3,2,4,2,3,4,3,2,4,4,6,7,5,3,3,4,3,4,3,2,3,3,4,4,3,3.0
1,1,1.0,45.0,2.0,2.0,6.0,5.0,7.0,40,50.0,3.0,125.0,4000.0,3536.0,23.07692307692308,18.46153846153846,1.0,1.0,1.0,,2,,,,25.0,10.0,5.0,10,50.0,20.0,10.0,20.0,3,2,1,2,2,3,2,4,3,2,5,6,3,4,2,4,4,4,3,3,4,4,3,4,2,3.0
1,1,1.0,55.0,3.0,1.0,6.0,5.0,1.0,39,43.0,3.0,110.2564102564103,6500.0,5746.0,38.46153846153846,34.88372093023256,1.0,3.0,5.0,,2,,,,20.0,10.0,0.0,9,46.51162790697674,23.25581395348837,0.0,20.93023255813954,2,4,4,4,5,4,2,2,2,2,2,5,6,2,2,4,3,2,3,2,2,4,4,4,4,3.0
1,1,2.0,58.0,1.0,1.0,6.0,6.0,1.0,40,40.0,1.0,100.0,5000.0,4420.0,28.84615384615385,28.84615384615385,1.0,2.0,1.0,,2,,,,50.0,0.0,0.0,50,,,,,4,3,4,2,3,4,2,2,5,2,5,6,4,3,2,2,2,5,2,4,3,2,2,4,4,3.0
1,1,1.0,49.0,1.0,2.0,6.0,5.0,1.0,40,40.0,1.0,100.0,5600.0,4950.4,32.30769230769231,32.30769230769231,2.0,2.0,1.0,,2,,,,16.0,8.0,12.0,4,40.0,20.0,30.0,10.0,1,3,5,2,4,5,4,1,3,5,4,7,7,3,2,4,3,4,2,2,3,3,4,4,4,3.0
1,1,2.0,44.0,1.0,2.0,6.0,4.0,1.0,20,25.0,3.0,125.0,2400.0,2121.6,27.69230769230769,22.15384615384615,1.0,1.0,1.0,,2,,,,15.0,1.0,1.0,5,60.0,4.0,4.0,20.0,4,4,4,2,2,4,3,3,4,2,5,6,6,5,1,3,4,4,3,3,4,2,3,4,4,3.0
1,1,1.0,50.0,3.0,1.0,6.0,6.0,1.0,40,40.0,1.0,100.0,6300.0,5569.2,36.34615384615385,36.34615384615385,2.0,4.0,1.0,,2,,,,15.0,0.0,5.0,20,37.5,0.0,12.5,50.0,3,4,4,3,3,5,4,1,3,2,4,6,6,3,2,3,4,4,3,3,4,4,4,4,3,3.0
1,1,2.0,50.0,1.0,2.0,6.0,2.0,1.0,40,40.0,1.0,100.0,4500.0,3978.0,25.96153846153846,25.96153846153846,3.0,4.0,1.0,,2,,,,18.0,12.0,5.0,5,45.0,30.0,12.5,12.5,2,4,5,3,4,4,3,1,5,6,5,7,6,3,3,4,4,3,4,2,3,3,4,4,4,3.0
1,1,2.0,38.0,1.0,2.0,4.0,5.0,3.0,30,30.0,1.0,100.0,3260.0,2881.84,25.07692307692308,25.07692307692308,3.0,1.0,1.0,,2,,,,0.0,20.0,10.0,5,,,,,3,4,3,3,3,3,3,1,5,3,5,6,6,4,3,3,4,4,2,3,3,3,4,3,4,13.0
1,1,2.0,23.0,3.0,1.0,4.0,5.0,3.0,18,22.0,3.0,122.2222222222222,1200.0,1060.8,15.38461538461538,12.58741258741259,1.0,1.0,1.0,,2,,,,7.0,14.0,0.0,1,31.81818181818182,63.63636363636363,0.0,4.545454545454546,4,3,2,3,3,4,3,1,5,3,4,5,3,3,1,4,4,4,4,3,3,4,3,3,2,13.0
1,1,2.0,36.0,2.0,1.0,6.0,11.0,1.0,30,30.0,1.0,100.0,2750.0,2431.0,21.15384615384615,21.15384615384615,1.0,1.0,1.0,,2,,,,10.0,5.0,0.0,15,33.33333333333333,16.66666666666666,0.0,50.0,4,4,4,2,3,3,3,2,5,5,5,6,4,4,1,2,2,4,1,4,2,3,3,3,4,13.0
1,1,1.0,33.0,3.0,1.0,5.0,9.0,1.0,40,40.0,1.0,100.0,5800.0,5127.2,33.46153846153847,33.46153846153847,2.0,4.0,5.0,10.0,2,,,,28.0,10.0,0.0,18,,,,,1,2,4,4,3,5,4,1,3,4,4,7,7,4,3,4,4,3,4,2,3,4,3,3,4,13.0
1,1,2.0,40.0,2.0,2.0,8.0,8.0,1.0,40,40.0,1.0,100.0,5000.0,4420.0,28.84615384615385,28.84615384615385,4.0,3.0,1.0,,2,,,,10.0,10.0,5.0,15,25.0,25.0,12.5,37.5,4,2,4,2,2,4,3,1,5,3,6,6,5,4,2,4,3,4,2,4,4,3,3,4,3,13.0
1,1,1.0,43.0,1.0,2.0,7.0,8.0,2.0,40,40.0,1.0,100.0,3500.0,3094.0,20.19230769230769,20.19230769230769,1.0,2.0,2.0,10.0,2,,,,15.0,25.0,0.0,5,,,,,2,3,3,4,3,4,4,2,2,2,3,6,6,2,3,3,3,2,3,1,4,4,4,5,4,12.0
1,1,1.0,47.0,2.0,1.0,5.0,9.0,7.0,9.5,12.0,3.0,126.3157894736842,530.0,468.5200000000002,12.87449392712551,10.19230769230769,1.0,3.0,5.0,35.0,2,,,,12.0,4.0,0.0,0,,,,,2,3,2,3,2,4,2,2,4,2,5,6,6,4,2,4,4,4,4,3,3,4,3,4,4,12.0
1,1,1.0,47.0,2.0,1.0,4.0,5.0,2.0,10,25.0,3.0,250.0,1300.0,1149.2,30,12.0,1.0,1.0,1.0,,2,,,,20.0,5.0,0.0,1,,,,,4,3,3,3,2,3,2,3,2,1,4,6,5,3,1,1,3,3,2,3,2,4,2,3,4,12.0
1,1,1.0,50.0,2.0,3.0,4.0,9.0,3.0,20,20.0,1.0,100.0,2150.0,1900.6,24.80769230769231,24.80769230769231,1.0,1.0,5.0,22.0,2,,,,20.0,1.0,0.0,1,,,,,4,3,5,2,2,2,2,1,6,3,6,7,4,4,2,4,4,4,3,3,3,4,2,3,4,12.0
1,1,1.0,55.0,3.0,1.0,4.0,8.0,2.0,19,35.0,3.0,184.2105263157895,1600.0,1414.4,19.4331983805668,10.54945054945055,1.0,1.0,1.0,,2,,,,8.0,0.0,0.0,27,22.85714285714286,0.0,0.0,77.14285714285715,3,2,3,2,4,5,1,2,3,4,5,6,5,4,4,3,5,4,1,4,3,3,3,2,2,12.0
1,1,1.0,41.0,1.0,2.0,4.0,9.0,2.0,22,22.0,1.0,100.0,1200.0,1060.8,12.58741258741259,12.58741258741259,1.0,3.0,2.0,12.0,2,,,,4.0,1.0,0.0,3,18.18181818181818,4.545454545454546,0.0,13.63636363636363,2,4,3,4,4,5,4,1,2,2,4,6,7,2,1,2,3,4,4,2,4,4,4,5,5,12.0
1,1,2.0,50.0,1.0,2.0,4.0,9.0,2.0,6,6.0,1.0,100.0,458.0,404.87200000000007,17.61538461538462,17.61538461538462,1.0,2.0,2.0,30.0,2,,,,6.0,1.0,0.0,1,,,,,1,3,4,3,2,3,2,3,3,3,4,6,6,4,2,4,4,3,4,2,4,2,4,5,5,12.0
1,1,1.0,53.0,1.0,2.0,5.0,9.0,2.0,4,4.0,1.0,100.0,700.0,618.8,40.38461538461539,40.38461538461539,1.0,2.0,2.0,40.0,2,,,,6.0,5.0,3.0,1,,,,,2,4,3,4,5,4,4,1,2,1,3,7,7,3,2,3,3,3,3,2,2,2,4,4,5,12.0
1,1,2.0,50.0,1.0,1.0,6.0,4.0,1.0,39,39.0,1.0,100.0,4500.0,3978.0,26.62721893491124,26.62721893491124,1.0,3.0,1.0,,2,,,,20.0,15.0,1.0,3,51.28205128205128,38.46153846153847,2.564102564102564,7.692307692307693,2,4,3,4,4,4,4,1,5,2,7,7,7,2,2,2,1,4,4,3,3,4,4,5,4,12.0
1,1,1.0,33.0,2.0,1.0,6.0,2.0,1.0,30,30.0,1.0,100.0,2800.0,2475.2,21.53846153846154,21.53846153846154,1.0,2.0,1.0,,2,,,,20.0,5.0,3.0,2,66.66666666666666,16.66666666666666,10.0,6.666666666666667,3,3,3,2,4,5,3,2,5,5,6,6,5,4,3,4,5,5,2,4,3,2,3,2,4,12.0
1,1,1.0,41.0,1.0,1.0,4.0,6.0,2.0,15,15.0,1.0,100.0,1200.0,1060.8,18.46153846153846,18.46153846153846,1.0,2.0,6.0,45.0,2,,,,15.0,0.0,0.0,0,100.0,0.0,0.0,0.0,4,4,3,4,5,5,4,1,3,3,4,5,7,1,1,3,4,4,2,4,2,3,5,4,4,12.0
1,1,2.0,49.0,2.0,2.0,6.0,4.0,1.0,12,19.0,3.0,158.3333333333333,1300.0,1149.2,25,15.78947368421053,1.0,4.0,2.0,25.0,2,,,,10.0,2.0,2.0,6,,,,,1,4,3,4,5,5,4,1,5,4,5,6,7,2,4,3,4,4,4,2,4,4,4,5,4,12.0
1,1,2.0,43.0,1.0,2.0,4.0,5.0,2.0,8,14.0,3.0,175.0,2200.0,1944.8,63.46153846153846,36.26373626373626,1.0,1.0,5.0,35.0,2,,,,12.0,4.0,1.0,1,,,,,1,4,2,4,5,5,4,1,3,2,6,7,7,2,2,4,3,2,3,2,4,2,4,5,5,12.0
1,1,1.0,58.0,3.0,1.0,4.0,5.0,1.0,8,40.0,3.0,500.0,3000.0,2652.0,86.53846153846153,17.30769230769231,1.0,2.0,7.0,,2,,,,8.0,20.0,10.0,2,20.0,50.0,25.0,5.0,3,4,5,4,4,4,3,1,5,3,7,7,7,3,4,4,4,5,2,3,4,2,4,4,3,12.0
1,1,1.0,67.0,1.0,1.0,4.0,3.0,2.0,2,4.0,3.0,200.0,700.0,618.8,80.76923076923077,40.38461538461539,1.0,1.0,5.0,30.0,2,,,,2.0,1.0,0.0,1,50.0,25.0,0.0,25.0,1,3,3,5,3,4,2,1,3,2,4,6,6,1,4,4,3,4,3,2,4,4,4,4,3,12.0
1,1,2.0,61.0,1.0,1.0,4.0,5.0,4.0,2,7.5,3.0,375.0,200.0,176.80000000000018,23.07692307692308,6.153846153846155,1.0,1.0,1.0,,2,,,,10.0,20.0,0.0,0,,,,,1,3,3,4,4,1,2,3,4,3,6,6,7,4,3,5,4,4,4,2,4,3,3,4,4,12.0
1,1,1.0,57.0,1.0,1.0,4.0,5.0,1.0,2,30.0,3.0,1500.0,1100.0,972.3999999999999,126.9230769230769,8.461538461538462,1.0,1.0,1.0,,2,,,,10.0,15.0,3.0,2,33.33333333333333,50.0,10.0,6.666666666666667,3,4,3,5,3,3,3,1,5,1,5,6,7,4,4,4,4,3,2,5,3,2,4,4,3,12.0
1,1,2.0,34.0,2.0,1.0,6.0,6.0,1.0,40,40.0,1.0,100.0,4800.0,4243.2,27.69230769230769,27.69230769230769,1.0,3.0,1.0,,2,,,,32.0,8.0,0.0,5,,,,,1,3,3,4,4,5,4,1,3,2,6,7,6,4,1,3,4,4,3,2,4,4,4,4,4,12.0
1,1,2.0,36.0,2.0,1.0,6.0,4.0,2.0,40,40.0,1.0,100.0,6000.0,5304.0,34.61538461538461,34.61538461538461,2.0,4.0,1.0,,2,,,,10.0,5.0,5.0,20,25.0,12.5,12.5,50.0,1,4,3,4,4,4,5,1,5,3,5,7,7,2,2,4,2,3,4,2,4,4,4,4,4,12.0
1,1,2.0,34.0,1.0,1.0,6.0,4.0,1.0,35,35.0,1.0,100.0,3600.0,3182.4,23.73626373626373,23.73626373626373,1.0,2.0,1.0,,2,,,,10.0,15.0,0.0,10,28.57142857142857,42.85714285714285,0.0,28.57142857142857,2,3,4,1,1,5,2,1,3,1,2,4,4,3,1,4,2,2,4,1,4,4,5,5,4,12.0
1,1,2.0,50.0,1.0,1.0,4.0,5.0,1.0,24,24.0,1.0,100.0,2500.0,2210.0,24.03846153846154,24.03846153846154,1.0,2.0,5.0,15.0,2,,,,24.0,5.0,0.0,4,,,,,2,3,5,4,2,5,3,2,2,2,5,6,6,4,2,3,3,4,4,2,3,2,4,4,4,12.0
1,1,1.0,34.0,2.0,1.0,6.0,2.0,1.0,38.5,38.5,1.0,100.0,4000.0,3536.0,23.97602397602398,23.97602397602398,1.0,4.0,1.0,,2,,,,30.0,5.0,0.0,5,,,,,1,4,4,4,3,5,3,2,5,2,6,7,5,4,2,4,3,4,4,3,4,4,4,3,4,12.0
1,1,1.0,62.0,1.0,1.0,4.0,5.0,4.0,2,4.0,3.0,200.0,500.0,442.0,57.69230769230769,28.84615384615385,1.0,1.0,2.0,40.0,2,,,,2.0,0.0,0.0,1,50.0,0.0,0.0,25.0,4,4,4,4,3,3,3,2,6,6,6,6,6,4,2,2,2,3,4,3,3,3,2,4,3,12.0
1,1,1.0,54.0,2.0,2.0,4.0,6.0,2.0,6,6.0,1.0,100.0,1000.0000000000002,884.0,38.46153846153846,38.46153846153846,1.0,1.0,4.0,60.0,2,,,,6.0,10.0,10.0,5,,,,,3,4,4,4,5,5,5,1,5,5,6,7,7,3,4,4,4,4,2,3,3,3,4,4,4,12.0
1,1,1.0,60.0,1.0,1.0,7.0,5.0,1.0,20,30.0,3.0,150.0,3500.0,3094.0,40.38461538461539,26.92307692307692,1.0,3.0,2.0,25.0,2,,,,20.0,10.0,0.0,0,66.66666666666666,33.33333333333333,0.0,0.0,3,2,4,4,5,5,5,1,3,1,5,7,7,4,2,3,4,4,2,4,2,4,4,4,3,12.0
1,1,2.0,29.0,2.0,1.0,4.0,5.0,2.0,20,25.0,3.0,125.0,2050.0,1812.2,23.65384615384615,18.92307692307692,1.0,2.0,5.0,15.0,2,,,,15.0,3.0,0.0,5,60.0,12.0,0.0,20.0,2,4,4,4,5,5,5,1,2,2,2,5,7,3,2,2,2,2,4,2,2,4,4,5,5,12.0
1,1,2.0,33.0,2.0,1.0,4.0,5.0,7.0,30,35.8,3.0,112.85714285714286,2200.0,1944.8,16.92307692307692,16.318570019723865,1.0,1.0,1.0,,2,,,,35.0,0.0,0.0,2,,,,,2,3,3,4,4,4,3,1,5,3,6,7,7,4,2,3,4,4,4,3,3,3,4,4,5,12.0
1,1,1.0,49.0,1.0,2.0,6.0,5.0,2.0,15,25.0,3.0,166.6666666666667,1200.0,1060.8,18.46153846153846,11.07692307692308,1.0,1.0,5.0,30.0,2,,,,15.0,3.0,0.0,0.5,60.0,12.0,0.0,2.0,3,4,3,4,4,4,3,1,5,4,6,7,7,4,4,4,5,5,3,3,5,3,5,4,3,12.0
1,1,1.0,59.0,1.0,1.0,4.0,10.0,2.0,6,7.9999999999999964,3.0,133.3333333333333,1200.0,1060.8,46.15384615384615,34.61538461538461,1.0,2.0,2.0,30.0,2,,,,6.0,1.0,0.0,0,75.0,12.5,0.0,0.0,1,3,3,4,3,4,3,1,4,3,5,6,6,2,2,3,2,4,4,2,4,4,5,5,5,12.0
1,1,1.0,36.0,2.0,1.0,6.0,2.0,1.0,38.5,41.0,3.0,106.4935064935065,5493.83,4856.54572,32.93004995004995,30.922120075046898,3.0,2.0,1.0,,2,,,,35.0,1.0,1.0,4,85.36585365853658,2.439024390243902,2.439024390243902,9.75609756097561,3,3,2,2,4,5,3,1,3,1,6,5,5,4,3,4,4,3,2,3,3,4,4,4,3,12.0
1,1,2.0,39.0,2.0,1.0,6.0,5.0,2.0,40,45.0,3.0,112.5,4500.0,3978.0,25.96153846153846,23.07692307692308,1.0,1.0,1.0,,2,,,,25.0,5.0,5.0,10,55.55555555555556,11.11111111111111,11.11111111111111,22.22222222222222,4,3,4,3,4,3,3,1,6,4,7,7,6,4,3,3,3,4,2,4,4,2,3,4,4,12.0
1,1,2.0,38.0,1.0,2.0,6.0,4.0,1.0,40,55.0,3.0,137.5,4300.0,3801.2,24.80769230769231,18.04195804195804,2.0,2.0,5.0,3.5,2,,,,40.0,10.0,5.0,5,,,,,1,4,3,4,5,4,4,1,3,1,2,7,6,3,3,5,4,4,2,2,4,4,4,5,4,13.0
1,1,1.0,42.0,1.0,2.0,7.0,8.0,2.0,40,50.0,3.0,125.0,4500.0,3978.0,25.96153846153846,20.76923076923077,1.0,1.0,5.0,4.0,2,,,,25.0,5.0,1.0,15,50.0,10.0,2.0,30.0,4,2,3,2,4,2,2,2,3,1,5,6,4,4,2,2,4,3,2,3,3,2,3,4,4,4.0
1,1,1.0,50.0,4.0,2.0,4.0,1.0,1.0,40,55.0,3.0,137.5,4000.0,3536.0,23.07692307692308,16.78321678321678,3.0,4.0,1.0,,2,,,,10.0,20.0,20.0,10,,,,,3,4,3,4,4,5,3,1,2,1,2,6,6,4,3,3,3,3,3,2,2,3,4,4,3,13.0
1,1,2.0,49.0,1.0,2.0,8.0,1.0,1.0,40,55.0,3.0,137.5,6000.0,5304.0,34.61538461538461,25.17482517482517,1.0,2.0,1.0,,2,,,,25.0,10.0,0.0,20,45.45454545454545,18.18181818181818,0.0,36.36363636363637,1,3,4,4,4,4,4,1,6,3,6,7,6,4,3,4,4,4,2,3,5,2,5,5,5,4.0
1,1,1.0,47.0,1.0,2.0,7.0,8.0,1.0,40,41.2,3.0,110.0,3700.0,3270.8,21.34615384615385,15.07552587389281,1.0,3.0,5.0,5.0,2,,,,38.0,0.0,0.0,15,,,,,2,4,3,4,5,4,4,1,3,2,5,7,7,2,1,3,2,2,4,1,4,4,4,4,4,4.0
1,1,1.0,39.0,1.0,2.0,7.0,8.0,1.0,40,55.0,3.0,137.5,5000.0,4420.0,28.84615384615385,20.97902097902098,2.0,3.0,1.0,,2,,,,4.0,5.0,5.0,37.5,7.272727272727272,9.090909090909092,9.090909090909092,68.18181818181817,3,2,3,2,2,4,3,1,1,1,5,6,5,3,2,4,4,4,3,3,3,3,4,3,2,4.0
1,1,1.0,45.0,3.0,1.0,7.0,8.0,2.0,40,40.0,1.0,100.0,5300.0,4685.2,30.57692307692308,30.57692307692308,3.0,1.0,1.0,,2,,,,20.0,10.0,10.0,5,,,,,1,3,3,5,4,5,5,1,2,3,4,7,7,2,2,4,1,4,4,1,5,5,3,3,3,4.0
1,1,2.0,54.0,1.0,1.0,7.0,5.0,2.0,40,50.0,3.0,125.0,3000.0,2652.0,17.30769230769231,13.84615384615384,2.0,4.0,1.0,,2,,,,20.0,15.0,0.0,15,40.0,30.0,0.0,30.0,2,2,4,3,4,4,3,1,2,2,6,7,7,3,2,2,2,4,4,2,3,5,4,4,4,4.0
1,1,1.0,45.0,3.0,2.0,7.0,8.0,1.0,40,63.0,3.0,157.5,4000.0,3536.0,23.07692307692308,14.65201465201465,1.0,3.0,1.0,,2,,,,40.0,4.0,0.0,9,63.49206349206349,6.349206349206349,0.0,14.28571428571428,4,1,5,2,1,3,2,2,3,2,3,6,1,4,2,2,4,2,2,4,2,3,3,1,3,4.0
1,1,2.0,34.0,2.0,1.0,7.0,8.0,2.0,40,40.0,1.0,100.0,4000.0,3536.0,23.07692307692308,23.07692307692308,1.0,1.0,1.0,,2,,,,35.0,5.0,2.0,1,,,,,3,3,4,4,2,3,4,1,5,5,7,7,7,4,4,3,4,3,2,3,4,4,4,3,4,4.0
1,1,2.0,42.0,1.0,2.0,8.0,8.0,1.0,40,40.0,1.0,100.0,3500.0,3094.0,20.19230769230769,20.19230769230769,1.0,4.0,1.0,,2,,,,25.0,5.0,1.0,10,,,,,2,4,1,4,4,4,5,1,2,1,5,7,7,2,3,3,2,4,4,2,3,4,4,5,5,4.0
1,1,2.0,44.0,2.0,2.0,8.0,8.0,2.0,40,47.5,3.0,118.75,5000.0,4420.0,28.84615384615385,24.2914979757085,1.0,1.0,5.0,2.0,2,,,,22.0,20.0,5.0,5,,,,,1,3,4,2,3,3,3,1,2,1,3,7,5,2,4,4,4,3,4,1,3,4,5,5,2,4.0
1,1,2.0,55.0,1.0,1.0,7.0,8.0,1.0,40,50.0,3.0,125.0,5000.0,4420.0,28.84615384615385,23.07692307692308,2.0,3.0,1.0,,2,,,,20.0,8.0,4.0,10,40.0,16.0,8.0,20.0,3,4,4,3,4,4,5,2,6,3,6,7,7,2,4,5,4,4,3,4,3,3,5,4,3,4.0
1,1,2.0,44.0,2.0,1.0,7.0,8.0,2.0,40,45.0,3.0,112.5,4000.0,3536.0,23.07692307692308,20.51282051282051,1.0,1.0,1.0,,2,,,,35.0,10.0,0.0,0,77.77777777777779,22.22222222222222,0.0,0.0,1,4,3,3,3,4,4,1,4,2,6,7,7,2,4,4,3,5,2,2,4,4,3,5,5,4.0
1,1,1.0,50.0,1.0,1.0,7.0,8.0,2.0,40,40.0,1.0,100.0,5000.0,4420.0,28.84615384615385,28.84615384615385,1.0,3.0,1.0,,2,,,,25.0,5.0,0.0,10,62.5,12.5,0.0,25.0,3,4,4,3,4,5,4,2,5,5,6,7,6,4,4,4,4,4,2,3,4,4,4,4,4,4.0
1,1,2.0,58.0,1.0,1.0,8.0,8.0,2.0,40,40.0,1.0,100.0,6000.0,5304.0,34.61538461538461,34.61538461538461,1.0,2.0,1.0,,2,,,,30.0,15.0,0.0,5,,,,,2,3,3,4,4,5,4,1,3,2,4,7,7,3,2,2,2,4,4,2,4,4,3,4,4,4.0
1,1,2.0,33.0,2.0,1.0,7.0,8.0,2.0,40,40.0,1.0,100.0,3800.0,3359.2,21.92307692307692,21.92307692307692,1.0,3.0,1.0,,2,,,,20.0,15.0,0.0,10,,,,,3,3,3,4,5,5,4,1,6,2,6,7,6,3,4,4,4,4,2,4,3,2,4,4,5,4.0
1,1,2.0,56.0,1.0,1.0,7.0,8.0,6.0,40,47.6,3.0,119.0,6000.0,5304.0,34.61538461538461,30.384615384615387,2.0,4.0,1.0,,2,,,,4.0,8.0,3.0,30,,,,,1,4,5,3,4,5,4,1,2,1,3,7,7,4,2,4,4,3,2,2,4,3,5,5,5,4.0
1,1,2.0,29.0,2.0,1.0,7.0,8.0,1.0,40,40.0,1.0,100.0,3500.0,3094.0,20.19230769230769,20.19230769230769,1.0,3.0,1.0,,2,,,,30.0,10.0,0.0,10,,,,,2,3,2,4,5,5,4,1,4,3,5,7,6,3,1,3,2,4,3,3,3,4,4,4,5,4.0
1,1,2.0,33.0,2.0,1.0,7.0,1.0,2.0,40,40.0,1.0,100.0,4200.0,3712.8,24.23076923076923,24.23076923076923,3.0,2.0,1.0,,2,,,,12.0,5.0,8.0,20,,,,,1,4,4,3,4,5,4,1,5,4,6,7,4,3,3,4,4,4,3,2,4,4,5,5,5,4.0
1,1,2.0,51.0,1.0,1.0,7.0,8.0,2.0,40,40.0,1.0,100.0,4670.0,4128.28,26.94230769230769,26.94230769230769,1.0,1.0,5.0,2.0,2,,,,25.0,8.0,0.0,5,62.5,20.0,0.0,12.5,1,3,3,2,1,3,3,1,2,2,4,7,6,2,2,4,2,2,4,1,4,4,5,5,5,4.0
1,1,1.0,40.0,2.0,4.0,7.0,5.0,1.0,40,55.0,3.0,137.5,4600.0,4066.4,26.53846153846154,19.3006993006993,1.0,1.0,5.0,10.0,2,,,,35.0,5.0,5.0,10,63.63636363636363,9.090909090909092,9.090909090909092,18.18181818181818,3,2,4,2,3,2,2,3,1,2,6,7,5,4,4,2,4,4,2,2,5,4,3,3,3,4.0
1,1,1.0,35.0,1.0,2.0,7.0,5.0,1.0,40,57.5,3.0,143.75,6000.0,5304.0,34.61538461538461,24.08026755852843,1.0,3.0,1.0,,2,,,,35.0,10.0,5.0,10,,,,,1,2,5,4,4,5,3,1,3,1,4,7,7,4,3,5,5,5,2,1,4,5,5,5,4,4.0
1,1,2.0,41.0,1.0,2.0,7.0,8.0,1.0,40,55.0,3.0,137.5,3600.0,3182.4,20.76923076923077,15.1048951048951,2.0,3.0,1.0,,2,,,,5.0,15.0,0.0,35,9.090909090909092,27.27272727272727,0.0,63.63636363636363,1,3,3,2,3,4,3,2,5,4,6,6,4,4,3,4,4,4,3,4,3,3,5,4,4,4.0
1,1,2.0,49.0,1.0,2.0,8.0,8.0,2.0,40,50.0,3.0,125.0,4100.0,3624.4,23.65384615384615,18.92307692307692,3.0,1.0,5.0,10.0,2,,,,30.0,5.0,5.0,5,60.0,10.0,10.0,10.0,4,2,5,1,2,3,3,3,5,4,4,5,5,5,2,3,4,3,2,3,3,3,3,4,3,4.0
1,1,2.0,42.0,1.0,2.0,7.0,8.0,1.0,40,40.0,1.0,100.0,5400.0,4773.6,31.15384615384615,31.153846153846146,1.0,1.0,2.0,1.0,2,,,,15.0,8.0,0.0,10,37.5,20.0,0.0,25.0,3,3,4,4,4,3,4,1,5,4,6,7,7,3,4,5,5,4,3,2,4,3,4,4,4,4.0
1,1,2.0,35.0,3.0,1.0,7.0,5.0,2.0,40,40.0,1.0,100.0,2500.0,2210.0,14.42307692307692,14.42307692307692,1.0,2.0,1.0,,2,,,,3.0,2.0,0.0,6,7.5,5.0,0.0,15.0,4,5,2,4,5,3,4,2,5,2,5,4,5,2,2,2,2,2,3,3,2,2,4,4,4,4.0
1,1,2.0,46.0,1.0,2.0,7.0,8.0,1.0,40,40.0,1.0,100.0,6000.0,5304.0,34.61538461538461,34.61538461538461,4.0,3.0,1.0,,2,,,,28.0,8.0,2.0,2,70.0,20.0,5.0,5.0,1,4,4,5,5,4,5,1,2,1,3,6,7,3,1,4,2,4,3,2,3,3,5,5,3,4.0
1,1,1.0,60.0,2.0,1.0,7.0,5.0,1.0,40,40.0,1.0,100.0,3500.0,3094.0,20.19230769230769,20.19230769230769,1.0,1.0,5.0,6.0,2,,,,35.0,0.0,0.0,5,87.5,0.0,0.0,12.5,2,4,5,4,2,5,4,1,2,3,4,7,6,4,3,2,4,4,4,2,3,4,5,5,5,4.0
1,1,1.0,55.0,1.0,3.0,8.0,8.0,2.0,40,40.0,1.0,100.0,5500.0,4862.0,31.73076923076923,31.730769230769226,1.0,1.0,6.0,8.0,2,,,,30.0,4.0,0.0,6,75.0,10.0,0.0,15.0,1,2,3,2,2,3,2,2,3,2,4,6,5,3,2,4,3,3,3,2,4,4,4,4,5,4.0
1,1,2.0,56.0,1.0,3.0,8.0,8.0,2.0,40,45.0,3.0,112.5,5500.0,4862.0,31.73076923076923,27.461538461538463,1.0,1.0,1.0,,2,,,,30.0,5.0,0.0,5,,,,,4,3,5,3,3,4,4,1,5,3,4,6,6,4,2,3,4,4,2,3,4,2,4,4,4,4.0
1,1,2.0,24.0,2.0,1.0,4.0,2.0,2.0,40,40.0,1.0,100.0,3200.0,2828.8,18.46153846153846,18.46153846153846,1.0,2.0,1.0,,2,,,,0.0,40.0,0.0,0,0.0,100.0,0.0,0.0,4,4,2,5,4,5,4,3,3,4,6,7,5,4,1,2,3,4,4,4,2,2,4,4,4,13.0
1,1,2.0,28.0,3.0,1.0,4.0,4.0,2.0,40,40.0,1.0,100.0,2709.0,2394.756,15.62884615384615,15.62884615384615,1.0,2.0,1.0,,2,,,,0.0,40.0,0.0,1,,,,,2,3,3,4,4,5,3,1,4,5,6,6,6,2,2,3,2,3,4,3,3,3,4,4,4,13.0
1,1,2.0,40.0,3.0,2.0,4.0,2.0,3.0,44.5,44.5,1.0,100.0,6000.0,5304.0,31.11495246326707,31.114952463267066,1.0,1.0,1.0,,2,,,,15.0,30.0,9.0,1,,,,,3,3,4,3,3,4,3,1,3,7,7,7,6,4,4,4,4,4,2,2,4,2,4,2,2,13.0
1,1,2.0,39.0,1.0,1.0,5.0,5.0,3.0,40,55.0,3.0,137.5,1750.0,1547.0,10.09615384615385,7.342657342657343,1.0,1.0,1.0,,2,,,,0.0,35.0,5.0,15,0.0,63.63636363636363,9.090909090909092,27.27272727272727,4,2,5,3,1,5,3,1,5,4,6,6,6,4,3,4,4,3,2,4,3,3,4,3,4,13.0
1,1,1.0,28.0,2.0,1.0,4.0,5.0,3.0,30,40.0,3.0,133.3333333333333,2453.0,2168.452,18.86923076923077,14.15192307692308,1.0,2.0,1.0,,2,,,,0.0,35.0,0.0,1,0.0,87.5,0.0,2.5,4,4,5,4,4,4,4,1,5,7,5,5,6,4,2,4,4,4,2,3,4,4,3,3,3,9.0
1,1,2.0,45.0,2.0,2.0,5.0,9.0,1.0,24,24.0,1.0,100.0,2500.0,2210.0,24.03846153846154,24.03846153846154,1.0,1.0,5.0,6.0,2,,,,22.0,0.0,0.0,1.5,91.66666666666666,0.0,0.0,6.25,2,2,4,3,2,4,3,1,2,1,3,5,6,4,2,2,3,3,3,2,3,4,1,4,4,10.0
1,1,1.0,52.0,2.0,1.0,5.0,9.0,1.0,40,40.0,1.0,100.0,4359.0,3853.356000000001,25.14807692307692,25.14807692307692,1.0,2.0,5.0,3.0,2,,,,25.0,5.0,3.0,10,,,,,3,3,2,4,3,3,3,1,5,3,5,6,5,4,3,4,5,5,2,3,3,2,4,3,3,10.0
1,1,2.0,38.0,3.0,1.0,4.0,5.0,1.0,40,40.0,1.0,100.0,4351.9,3847.0796,25.10711538461538,25.10711538461538,1.0,2.0,1.0,,2,,,,5.0,25.0,19.0,1,,,,,1,4,5,2,2,4,4,2,6,6,6,7,6,4,2,4,2,4,4,3,4,5,4,4,5,10.0
1,1,1.0,54.0,1.0,1.0,8.0,5.0,3.0,40,40.0,1.0,100.0,4000.0,3536.0,23.07692307692308,23.07692307692308,1.0,1.0,1.0,,2,,,,14.0,15.0,6.0,5,35.0,37.5,15.0,12.5,3,3,5,3,2,3,3,2,4,5,5,5,6,3,3,3,4,5,3,3,4,3,2,3,3,10.0
1,1,2.0,29.0,2.0,1.0,4.0,5.0,1.0,20,40.0,3.0,200.0,1630.0,1440.92,18.80769230769231,9.403846153846153,1.0,1.0,1.0,,2,,,,38.0,0.0,0.0,2,95.0,0.0,0.0,5.0,4,3,3,4,4,5,4,1,6,2,7,7,7,4,3,2,5,5,1,4,2,2,4,4,4,10.0
1,1,2.0,42.0,3.0,3.0,4.0,9.0,3.0,30,45.0,3.0,150.0,3263.9,2885.2876,25.10692307692308,16.73794871794872,1.0,1.0,1.0,,2,,,,5.0,25.0,10.0,10,,,,,3,3,3,3,4,2,3,1,5,6,6,7,6,5,5,4,5,4,2,3,5,2,2,2,2,10.0
1,1,1.0,56.0,1.0,2.0,4.0,5.0,1.0,40,40.0,1.0,100.0,4200.0,3712.8,24.23076923076923,24.23076923076923,2.0,2.0,1.0,,2,,,,25.0,3.0,1.0,11,62.5,7.5,2.5,27.5,2,4,2,3,2,2,3,1,3,3,4,6,6,4,2,2,2,2,2,2,3,3,4,4,4,10.0
1,1,2.0,52.0,2.0,1.0,4.0,8.0,1.0,30,34.0,3.0,113.3333333333333,2913.0,2575.092,22.40769230769231,19.77149321266969,2.0,3.0,6.0,4.0,2,,,,16.0,6.0,1.0,4,47.05882352941176,17.64705882352941,2.941176470588235,11.76470588235294,1,3,3,4,4,5,3,1,4,3,5,6,7,3,3,4,4,3,2,2,3,4,4,4,5,10.0
1,1,2.0,63.0,1.0,3.0,4.0,9.0,1.0,22,22.0,1.0,100.0,2500.0,2210.0,26.22377622377622,26.22377622377622,1.0,3.0,5.0,20.0,2,,,,25.0,5.0,0.0,3,,,,,3,3,5,4,1,4,4,1,6,1,4,7,7,2,2,2,5,4,2,4,3,3,4,4,3,10.0
1,1,2.0,33.0,1.0,2.0,5.0,9.0,1.0,20,30.0,3.0,150.0,1750.0,1547.0,20.19230769230769,13.46153846153846,1.0,1.0,1.0,,2,,,,6.0,20.0,0.0,4,20.0,66.66666666666666,0.0,13.33333333333333,1,3,5,3,3,2,3,1,7,2,6,7,6,3,3,4,2,4,2,3,4,4,4,4,4,10.0
1,1,2.0,55.0,2.0,1.0,4.0,9.0,3.0,20,50.0,3.0,250.0,2110.81,1865.95604,24.3555,9.7422,2.0,1.0,5.0,25.0,2,,,,0.0,0.0,0.0,20,0.0,0.0,0.0,40.0,4,1,5,2,1,3,1,4,5,2,7,7,7,4,2,4,4,4,1,4,3,3,3,2,4,10.0
1,1,2.0,63.0,2.0,1.0,5.0,4.0,1.0,10,10.000000000000004,1.0,100.0,1600.0,1414.4,36.92307692307692,36.92307692307692,2.0,4.0,5.0,40.0,2,,,,4.5,4.0,0.0,3.5,,,,,3,3,4,4,4,3,4,1,4,2,4,4,6,3,4,3,5,3,4,3,4,3,5,4,3,10.0
1,1,1.0,30.0,2.0,1.0,4.0,9.0,1.0,20,25.0,3.0,125.0,1887.02,1668.12568,21.77330769230769,17.41864615384615,1.0,2.0,5.0,10.0,2,,,,22.5,0.0,0.0,1,90.0,0.0,0.0,4.0,2,4,3,2,5,4,3,2,4,1,6,7,6,4,2,3,2,3,4,3,2,4,4,4,4,10.0
1,1,1.0,41.0,2.0,1.0,4.0,9.0,1.0,40,40.0,1.0,100.0,4500.0,3978.0,25.96153846153846,25.96153846153846,1.0,2.0,5.0,4.0,2,,,,30.0,5.0,0.0,5,75.0,12.5,0.0,12.5,2,3,4,3,2,4,3,1,4,2,4,6,6,3,2,2,2,2,4,3,2,4,2,4,3,10.0
1,1,1.0,41.0,1.0,1.0,4.0,4.0,1.0,40,40.0,1.0,100.0,5016.0,4434.144,28.93846153846154,28.93846153846154,2.0,4.0,5.0,6.0,2,,,,2.0,13.5,3.0,20,5.0,33.75,7.5,50.0,3,4,3,3,2,4,3,1,2,2,2,5,6,3,3,4,3,4,3,3,4,4,3,4,3,10.0
1,1,2.0,43.0,1.0,2.0,4.0,5.0,1.0,25,32.5,3.0,130.0,2249.0,1988.116,20.76,15.96923076923077,1.0,1.0,1.0,,2,,,,32.5,0.0,0.0,0,100.0,0.0,0.0,0.0,1,3,3,4,4,5,3,1,3,1,6,7,7,3,3,2,3,4,3,2,4,4,4,5,4,10.0
1,1,2.0,48.0,3.0,2.0,4.0,2.0,1.0,35,35.0,1.0,100.0,3400.0,3005.6,22.41758241758242,22.41758241758242,1.0,4.0,1.0,,2,,,,15.0,10.0,5.0,7,,,,,2,3,3,3,4,4,3,2,2,1,4,5,5,3,2,2,2,2,4,2,3,4,4,4,4,10.0
1,1,2.0,48.0,1.0,1.0,4.0,4.0,6.0,40,40.0,1.0,100.0,4300.0,3801.2,24.80769230769231,24.80769230769231,3.0,1.0,5.0,10.0,2,,,,20.0,20.0,20.0,0,,,,,3,3,4,3,5,5,4,2,3,3,5,6,6,3,4,4,3,4,4,3,3,4,4,5,2,10.0
1,1,2.0,45.0,1.0,4.0,4.0,8.0,1.0,15,15.0,1.0,100.0,1650.0,1458.6,25.38461538461538,25.38461538461538,1.0,1.0,5.0,8.0,2,,,,25.0,4.0,1.0,1.5,,,,,2,4,3,3,3,4,2,2,3,3,4,5,6,4,1,2,3,2,5,2,2,5,4,5,4,10.0
1,1,2.0,45.0,1.0,2.0,4.0,9.0,1.0,37.35,37.35,1.0,100.0,4831.67,4271.19628,29.85276490577695,29.85276490577695,2.0,3.0,5.0,6.0,2,,,,35.5,1.0,0.0,2,,,,,3,4,4,4,4,4,4,1,5,2,6,7,7,4,2,3,4,4,2,3,4,3,4,5,5,10.0
1,1,2.0,28.0,2.0,1.0,4.0,5.0,3.0,28,28.0,1.0,100.0,2683.0,2371.772,22.11263736263736,22.11263736263736,1.0,2.0,5.0,4.0,2,,,,2.0,24.0,0.0,2,7.142857142857142,85.71428571428571,0.0,7.142857142857142,3,4,3,4,2,5,3,1,6,5,6,7,6,4,4,4,2,4,4,4,2,4,4,4,4,10.0
1,1,2.0,36.0,2.0,1.0,4.0,9.0,1.0,32,32.0,1.0,100.0,3626.0,3205.384,26.14903846153846,26.14903846153846,1.0,3.0,5.0,10.0,2,,,,4.0,12.0,12.0,4,12.5,37.5,37.5,12.5,4,3,3,3,2,5,3,2,4,2,5,5,5,4,1,2,3,2,3,3,2,3,3,4,4,10.0
1,1,2.0,61.0,4.0,3.0,4.0,9.0,1.0,17,27.0,3.0,158.8235294117647,4500.0,3978.0,61.08597285067874,38.46153846153847,2.0,2.0,6.0,30.0,2,,,,275.0,7.0,35.0,5,,,,,3,3,5,3,4,4,3,1,1,1,2,7,7,3,3,4,4,4,2,2,4,3,4,4,5,10.0
1,1,2.0,29.0,3.0,1.0,4.0,9.0,3.0,20,30.0,3.0,150.0,1280.0,1131.52,14.76923076923077,9.846153846153845,3.0,3.0,1.0,,2,,,,1.0,20.0,5.0,4,3.333333333333333,66.66666666666666,16.66666666666666,13.33333333333333,3,4,2,5,4,4,4,1,3,1,6,7,7,4,2,4,4,4,2,2,2,2,5,5,5,10.0
1,1,1.0,37.0,2.0,1.0,4.0,2.0,1.0,40,52.0,3.0,130.0,5077.22,4488.26248,29.29165384615384,22.53204142011834,1.0,4.0,1.0,,2,,,,37.0,5.0,0.0,10,71.15384615384616,9.615384615384617,0.0,19.23076923076923,4,4,3,4,4,3,4,3,5,3,4,6,5,5,2,2,4,5,1,2,2,3,4,2,3,10.0
1,1,1.0,49.0,3.0,1.0,4.0,6.0,1.0,40,40.0,1.0,100.0,4700.0,4154.8,27.11538461538461,27.11538461538461,1.0,1.0,1.0,,2,,,,10.0,25.0,0.0,5,25.0,62.5,0.0,12.5,2,4,3,4,4,4,5,2,4,2,6,4,5,2,3,3,2,4,4,3,4,4,4,5,4,10.0
1,1,1.0,35.0,1.0,2.0,4.0,2.0,1.0,40,40.0,1.0,100.0,3700.0,3270.8,21.34615384615385,21.34615384615385,1.0,1.0,1.0,,2,,,,1.0,5.0,17.0,17,2.5,12.5,42.5,42.5,4,3,2,2,2,4,2,2,5,2,4,5,3,3,1,3,2,4,2,2,4,5,2,2,4,10.0
1,1,1.0,48.0,1.0,2.0,4.0,5.0,1.0,40,40.0,1.0,100.0,4500.0,3978.0,25.96153846153846,25.96153846153846,1.0,1.0,1.0,,2,,,,5.0,5.0,0.0,30,12.5,12.5,0.0,75.0,4,3,2,3,2,3,3,4,4,5,4,4,3,4,3,1,1,2,2,4,2,2,2,2,2,10.0
1,1,2.0,44.0,1.0,2.0,4.0,6.0,2.0,40,40.0,1.0,100.0,5000.0,4420.0,28.84615384615385,28.84615384615385,1.0,3.0,1.0,,2,,,,13.0,25.0,0.0,2,32.5,62.5,0.0,5.0,2,4,4,4,5,5,5,1,2,5,7,7,7,2,2,3,2,2,4,1,3,4,4,4,4,10.0
1,1,2.0,53.0,1.0,1.0,4.0,1.0,1.0,40,40.0,1.0,100.0,5000.0,4420.0,28.84615384615385,28.84615384615385,3.0,2.0,1.0,,2,,,,15.0,15.0,10.0,5,,,,,2,3,4,4,4,5,4,1,2,2,3,6,7,3,2,2,2,4,4,2,3,4,4,4,5,10.0
1,1,1.0,33.0,2.0,1.0,4.0,1.0,1.0,40,47.0,3.0,117.5,5000.0,4420.0,28.84615384615385,24.54991816693944,1.0,2.0,1.0,,2,,,,20.0,15.0,2.0,10,42.5531914893617,31.91489361702128,4.25531914893617,21.27659574468085,3,2,2,2,2,2,2,2,1,1,5,6,4,4,4,4,4,5,1,3,3,3,3,2,3,10.0
1,1,2.0,51.0,2.0,3.0,4.0,3.0,1.0,40,40.0,1.0,100.0,3800.0,3359.2,21.92307692307692,21.92307692307692,1.0,1.0,1.0,,2,,,,20.0,5.0,5.0,10,50.0,12.5,12.5,25.0,4,4,4,2,2,4,3,3,2,4,5,3,4,4,1,4,3,4,2,5,2,4,4,2,3,10.0
1,1,2.0,38.0,3.0,1.0,4.0,5.0,1.0,30,50.0,3.0,166.6666666666667,2800.0,2475.2,21.53846153846154,12.92307692307692,1.0,1.0,1.0,,2,,,,50.0,0.0,0.0,0,100.0,0.0,0.0,0.0,3,2,2,4,3,4,3,1,4,1,4,7,6,4,3,3,5,4,2,3,3,3,4,4,4,10.0
1,1,2.0,41.0,1.0,2.0,4.0,4.0,2.0,20,20.0,1.0,100.0,2500.0,2210.0,28.84615384615385,28.84615384615385,1.0,3.0,1.0,,2,,,,13.0,5.0,0.0,2,65.0,25.0,0.0,10.0,2,2,3,4,4,3,3,1,4,3,6,7,7,3,3,4,3,3,4,2,4,4,3,3,4,10.0
1,1,2.0,40.0,1.0,2.0,4.0,1.0,1.0,40,45.0,3.0,112.5,2700.0,2386.8,15.57692307692308,13.84615384615385,1.0,1.0,1.0,,2,,,,6.0,30.0,6.0,3,13.33333333333333,66.66666666666666,13.33333333333333,6.666666666666667,3,2,5,3,3,3,3,1,1,4,4,6,7,2,4,2,4,4,1,2,4,3,2,5,3,10.0
1,1,1.0,47.0,2.0,1.0,4.0,2.0,1.0,40,40.0,1.0,100.0,5000.0,4420.0,28.84615384615385,28.84615384615385,1.0,2.0,1.0,,2,,,,30.0,0.0,0.0,10,75.0,0.0,0.0,25.0,1,5,4,5,4,5,5,1,2,1,2,7,7,2,1,2,4,4,4,1,4,4,4,5,5,10.0
1,1,2.0,40.0,3.0,1.0,4.0,1.0,1.0,40,55.0,3.0,137.5,5000.0,4420.0,28.84615384615385,20.97902097902098,1.0,2.0,1.0,,2,,,,50.0,3.0,0.0,0,90.9090909090909,5.454545454545454,0.0,0.0,4,3,2,3,3,3,2,1,5,3,6,6,6,3,4,2,2,3,4,4,3,3,3,3,4,10.0
1,1,1.0,60.0,1.0,1.0,6.0,2.0,1.0,26,26.0,1.0,100.0,2867.0,2534.428,25.44674556213018,25.44674556213018,1.0,4.0,2.0,65.0,2,,,,26.0,5.0,0.0,3,,,,,2,3,2,5,4,5,4,1,1,1,2,5,7,1,1,1,2,2,4,1,5,4,5,5,5,10.0
1,1,2.0,46.0,4.0,2.0,4.0,5.0,1.0,35,37.0,3.0,101.95121951219512,4300.0,3801.2,28.35164835164835,23.770910318365743,3.0,2.0,1.0,,2,,,,8.0,20.0,5.0,8,,,,,4,3,5,2,1,3,3,2,6,3,6,6,5,4,3,3,4,4,2,4,3,3,3,3,3,10.0
1,1,1.0,35.0,2.0,1.0,4.0,2.0,1.0,40,50.0,3.0,125.0,5077.0,4488.068,29.29038461538461,23.43230769230769,1.0,1.0,1.0,,2,,,,10.0,28.0,10.0,2,20.0,56.00000000000001,20.0,4.0,3,4,3,2,4,3,3,3,2,2,5,6,5,2,4,4,4,5,2,4,3,2,4,4,4,10.0
1,1,2.0,41.0,4.0,2.0,4.0,1.0,1.0,20,20.0,1.0,100.0,1900.0,1679.6,21.92307692307692,21.92307692307692,1.0,2.0,1.0,,2,,,,15.0,5.0,0.0,0,75.0,25.0,0.0,0.0,4,3,2,4,1,3,3,2,2,1,4,6,6,4,3,3,1,3,4,4,2,3,3,3,4,10.0
1,1,1.0,33.0,2.0,1.0,4.0,2.0,3.0,40,50.0,3.0,125.0,4285.0,3787.94,24.72115384615385,19.77692307692308,1.0,3.0,1.0,,2,,,,10.0,10.0,10.0,5,20.0,20.0,20.0,10.0,3,4,4,4,4,5,4,2,4,4,4,6,6,1,3,4,3,4,2,2,3,4,4,4,4,10.0
1,1,2.0,55.0,1.0,1.0,4.0,5.0,1.0,20,20.0,1.0,100.0,1618.9,1431.1076,18.67961538461539,18.67961538461539,1.0,2.0,1.0,,2,,,,14.0,3.0,0.0,4.5,,,,,2,3,2,3,4,5,4,1,4,2,6,6,7,2,3,2,2,2,4,2,4,2,4,4,4,10.0
1,1,2.0,47.0,1.0,2.0,4.0,5.0,1.0,40,30.0,2.0,75.0,3000.0,2652.0,17.30769230769231,23.07692307692308,1.0,1.0,5.0,5.0,2,,,,28.0,0.0,0.0,2,93.33333333333333,0.0,0.0,6.666666666666667,2,2,3,4,1,1,3,5,1,1,2,5,6,2,1,2,2,1,4,1,3,3,4,4,4,10.0
1,1,1.0,37.0,2.0,2.0,4.0,1.0,1.0,40,55.0,3.0,137.5,4500.0,3978.0,25.96153846153846,18.88111888111888,4.0,3.0,1.0,,2,,,,2.5,25.0,15.0,5,4.545454545454546,45.45454545454545,27.27272727272727,9.090909090909092,1,3,4,4,4,4,3,1,1,1,2,3,7,3,3,4,4,2,2,2,4,4,3,4,3,10.0
1,1,1.0,57.0,3.0,1.0,4.0,3.0,1.0,40,40.0,1.0,100.0,3000.0,2652.0,17.30769230769231,17.30769230769231,3.0,2.0,1.0,,2,,,,2.0,10.0,5.0,5,5.0,25.0,12.5,12.5,2,5,3,4,4,4,4,1,2,1,2,6,6,3,3,2,2,2,3,1,2,3,4,5,4,10.0
1,1,2.0,49.0,2.0,1.0,4.0,5.0,3.0,20,35.0,3.0,175.0,1750.0,1547.0,20.19230769230769,11.53846153846154,3.0,2.0,5.0,10.0,2,,,,8.0,25.0,2.0,2,,,,,4,3,3,4,2,3,2,1,3,2,5,6,6,4,3,3,3,4,3,4,2,4,3,3,3,10.0
1,1,2.0,35.0,1.0,2.0,4.0,1.0,1.0,40,55.0,3.0,137.5,3700.0,3270.8,21.34615384615385,15.52447552447552,3.0,3.0,1.0,,2,,,,0.0,38.0,2.0,15,0.0,69.0909090909091,3.636363636363636,27.27272727272727,3,4,4,4,3,5,4,1,3,3,4,6,6,4,4,4,4,2,3,2,3,3,4,4,4,10.0
1,1,2.0,46.0,2.0,2.0,4.0,1.0,1.0,20,25.0,3.0,125.0,1800.0,1591.2,20.76923076923077,16.61538461538461,3.0,2.0,1.0,,2,,,,7.0,7.0,1.0,5,28.0,28.0,4.0,20.0,1,3,5,3,5,5,3,1,7,5,7,7,7,4,2,4,4,4,4,2,5,2,4,4,3,10.0
1,1,2.0,41.0,2.0,2.0,4.0,1.0,2.0,20,15.0,2.0,75.0,2350.0,2077.4,27.11538461538461,36.15384615384615,1.0,2.0,1.0,,2,,,,40.0,0.0,0.0,0,,,,,3,3,2,3,4,4,2,1,3,1,6,7,3,5,3,4,5,4,3,3,4,2,3,2,4,10.0
1,1,2.0,44.0,1.0,2.0,4.0,4.0,1.0,40,40.0,1.0,100.0,4455.0,3938.2200000000003,25.70192307692308,25.70192307692308,2.0,3.0,1.0,,2,,,,2.0,40.0,2.0,1,,,,,1,2,4,4,3,4,3,1,4,3,6,7,7,4,4,4,5,5,2,1,5,5,4,4,5,10.0
1,1,1.0,48.0,3.0,1.0,4.0,7.0,1.0,40,45.0,3.0,112.5,6000.0,5304.0,34.61538461538461,30.769230769230766,1.0,2.0,1.0,,2,,,,10.0,10.0,0.0,25,22.22222222222222,22.22222222222222,0.0,55.55555555555556,2,4,2,4,2,2,4,1,3,2,5,6,6,2,4,3,3,3,4,2,3,3,4,5,4,10.0
1,1,2.0,38.0,1.0,2.0,6.0,4.0,1.0,32,40.0,3.0,125.0,4000.0,3536.0,28.84615384615385,23.07692307692308,1.0,4.0,1.0,,2,,,,3.0,20.0,7.0,10,7.5,50.0,17.5,25.0,1,5,4,5,4,5,5,1,3,1,4,7,7,2,2,5,2,2,5,1,4,5,5,5,5,10.0
1,1,2.0,41.0,1.0,2.0,4.0,5.0,1.0,20,25.0,3.0,125.0,2800.0,2475.2,32.30769230769231,25.84615384615385,1.0,1.0,1.0,,2,,,,24.0,0.0,0.0,1,96.0,0.0,0.0,4.0,4,4,4,2,3,3,3,5,6,1,2,4,2,4,2,1,4,2,3,4,2,3,2,3,3,10.0
1,1,1.0,39.0,1.0,2.0,4.0,1.0,1.0,40,40.0,1.0,100.0,4729.0,4180.436,27.28269230769231,27.28269230769231,3.0,1.0,1.0,,2,,,,6.0,20.0,10.0,4,15.0,50.0,25.0,10.0,2,3,3,4,5,4,4,1,2,2,3,4,7,2,1,2,2,2,4,2,2,2,4,4,4,10.0
1,1,1.0,46.0,2.0,2.0,4.0,4.0,1.0,30,35.0,3.0,116.6666666666667,3500.0,3094.0,26.92307692307692,23.07692307692308,1.0,3.0,5.0,10.0,2,,,,15.0,5.0,10.0,5,42.85714285714285,14.28571428571428,28.57142857142857,14.28571428571428,2,3,4,2,3,2,4,3,4,4,4,5,5,3,2,3,3,2,4,2,3,4,3,3,3,10.0
1,1,1.0,45.0,1.0,2.0,4.0,2.0,1.0,40,60.0,3.0,150.0,5054.0,4467.736,29.15769230769231,19.43846153846154,1.0,2.0,1.0,,2,,,,20.0,20.0,10.0,10,33.33333333333333,33.33333333333333,16.66666666666666,16.66666666666666,3,3,3,2,1,3,2,5,5,5,4,5,5,4,2,4,4,4,2,2,4,3,2,2,1,10.0
1,1,2.0,56.0,1.0,1.0,4.0,9.0,1.0,40,40.0,1.0,100.0,3300.0,2917.2,19.03846153846154,19.03846153846154,1.0,2.0,1.0,,2,,,,20.0,4.0,0.0,16,50.0,10.0,0.0,40.0,4,2,5,2,1,2,2,1,4,1,3,6,5,4,2,3,3,3,2,3,4,3,4,3,4,10.0
1,1,2.0,52.0,2.0,1.0,4.0,5.0,1.0,20,32.5,3.0,162.5,1900.0,1679.6,21.92307692307692,13.49112426035503,1.0,1.0,5.0,17.5,2,,,,27.5,4.5,0.0,2.5,,,,,3,2,3,3,2,3,3,1,3,1,5,7,7,3,4,2,4,4,3,2,3,3,4,4,3,10.0
1,1,2.0,49.0,1.0,1.0,4.0,1.0,7.0,40,40.0,1.0,100.0,4800.0,4243.2,27.69230769230769,27.69230769230769,1.0,2.0,1.0,,2,,,,0.0,40.0,5.0,2,,,,,4,4,5,4,4,5,3,1,6,6,6,7,7,5,3,4,3,4,4,3,2,4,3,2,2,10.0
1,1,2.0,42.0,1.0,1.0,4.0,1.0,1.0,30,30.0,1.0,100.0,3500.0,3094.0,26.92307692307692,26.92307692307692,1.0,2.0,1.0,,2,,,,20.0,5.0,0.0,5,66.66666666666666,16.66666666666666,0.0,16.66666666666666,2,3,4,5,3,4,5,1,5,1,5,7,7,2,1,3,2,4,4,3,2,2,4,4,4,10.0
1,1,1.0,42.0,1.0,2.0,4.0,8.0,1.0,40,40.0,1.0,100.0,3500.0,3094.0,20.19230769230769,20.19230769230769,1.0,5.0,5.0,3.0,2,,,,25.0,5.0,0.0,10,62.5,12.5,0.0,25.0,1,4,1,5,4,4,3,1,2,2,6,6,7,4,1,4,4,2,3,2,4,4,5,4,3,10.0
1,1,2.0,51.0,1.0,2.0,4.0,3.0,1.0,40,40.0,1.0,100.0,5600.0,4950.4,32.30769230769231,32.30769230769231,3.0,1.0,1.0,,2,,,,10.0,10.0,20.0,0,25.0,25.0,50.0,0.0,2,5,4,5,4,5,4,1,3,1,4,7,7,2,2,3,2,2,4,1,5,2,3,4,5,10.0
1,1,2.0,54.0,2.0,2.0,4.0,1.0,1.0,40,40.0,1.0,100.0,5000.0,4420.0,28.84615384615385,28.84615384615385,2.0,2.0,1.0,,2,,,,10.0,5.0,15.0,10,25.0,12.5,37.5,25.0,3,3,4,4,2,4,3,2,2,2,4,7,7,4,3,4,4,3,2,4,4,2,4,4,3,10.0
1,1,1.0,40.0,1.0,2.0,4.0,9.0,1.0,40,40.0,1.0,100.0,4530.0,4004.5200000000004,26.13461538461539,26.13461538461539,2.0,3.0,5.0,10.0,2,,,,30.0,1.0,1.0,8,75.0,2.5,2.5,20.0,1,2,4,4,4,5,4,1,2,1,2,7,7,3,1,3,4,4,2,3,4,2,4,5,5,10.0
1,1,1.0,34.0,1.0,2.0,4.0,2.0,3.0,40,40.0,1.0,100.0,3000.0,2652.0,17.30769230769231,17.30769230769231,1.0,5.0,1.0,,2,,,,8.0,16.0,8.0,8,20.0,40.0,20.0,20.0,3,3,5,4,5,4,2,1,5,5,6,7,7,4,2,4,4,5,1,4,4,2,4,4,4,10.0
1,1,2.0,56.0,1.0,1.0,6.0,5.0,6.0,40,40.0,1.0,100.0,5500.0,4862.0,31.73076923076923,31.730769230769226,1.0,2.0,5.0,10.0,2,,,,25.0,5.0,0.0,10,62.5,12.5,0.0,25.0,4,3,4,2,1,3,2,3,4,1,5,6,6,4,1,3,2,4,2,4,4,2,4,4,5,10.0
1,1,2.0,44.0,1.0,2.0,6.0,8.0,1.0,16,20.0,3.0,125.0,2093.0,1850.212,30.1875,24.15,1.0,1.0,1.0,,2,,,,20.0,0.0,0.0,0,100.0,0.0,0.0,0.0,1,4,1,4,4,5,5,1,4,1,6,7,7,4,4,4,5,5,2,3,2,5,5,5,4,10.0
1,1,2.0,42.0,1.0,2.0,4.0,4.0,1.0,30,30.0,1.0,100.0,3600.0,3182.4,27.69230769230769,27.69230769230769,1.0,2.0,5.0,5.0,2,,,,15.0,5.0,1.0,4,50.0,16.66666666666666,3.333333333333333,13.33333333333333,2,3,3,4,2,4,4,2,5,1,3,4,5,2,2,4,2,2,5,4,2,4,5,4,4,10.0
1,1,1.0,41.0,1.0,2.0,6.0,2.0,1.0,38.5,38.5,1.0,100.0,5700.0,5038.8,34.16583416583417,34.16583416583417,1.0,1.0,1.0,,2,,,,16.5,6.0,1.0,15,42.85714285714285,15.58441558441558,2.597402597402597,38.96103896103897,2,3,4,4,2,5,4,1,1,1,2,4,7,3,2,4,2,2,4,2,4,4,5,5,4,10.0
1,1,2.0,34.0,2.0,1.0,4.0,1.0,2.0,40,40.0,1.0,100.0,5600.0,4950.4,32.30769230769231,32.30769230769231,1.0,2.0,1.0,,2,,,,34.0,4.0,0.0,2,85.0,10.0,0.0,5.0,4,4,4,3,4,4,3,2,6,5,5,4,5,3,1,4,3,3,2,4,2,2,3,3,4,10.0
1,1,1.0,48.0,2.0,1.0,6.0,2.0,1.0,40,50.0,3.0,125.0,6000.0,5304.0,34.61538461538461,27.69230769230769,2.0,4.0,1.0,,2,,,,20.0,2.0,2.0,25,40.0,4.0,4.0,50.0,4,3,5,2,2,3,3,2,5,4,6,7,4,4,4,4,4,5,2,4,3,2,4,2,4,10.0
1,1,2.0,33.0,2.0,1.0,4.0,1.0,1.0,36,36.0,1.0,100.0,4000.0,3536.0,25.64102564102564,25.64102564102564,3.0,2.0,1.0,,2,,,,14.0,17.0,4.0,1,38.88888888888889,47.22222222222222,11.11111111111111,2.777777777777778,1,4,3,4,3,4,4,1,5,2,5,7,6,4,2,4,4,4,3,3,4,3,5,4,5,10.0
1,1,1.0,47.0,3.0,1.0,4.0,3.0,1.0,40,40.0,1.0,100.0,5610.0,4959.24,32.36538461538461,32.36538461538461,4.0,3.0,1.0,,2,,,,27.0,51.0,8.0,14,,,,,2,4,4,4,3,3,3,2,4,3,4,6,5,2,1,2,2,3,5,2,3,4,4,5,4,10.0
1,1,2.0,36.0,1.0,2.0,4.0,2.0,1.0,20,20.0,1.0,100.0,2000.0,1768.0,23.07692307692308,23.07692307692308,1.0,3.0,1.0,,2,,,,15.0,2.0,2.0,1,75.0,10.0,10.0,5.0,2,4,1,4,4,5,4,1,3,1,6,7,5,2,1,2,1,3,4,2,3,3,3,5,5,10.0
1,1,2.0,40.0,2.0,1.0,4.0,5.0,1.0,60,70.0,3.0,116.6666666666667,2800.0,2475.2,10.76923076923077,9.230769230769232,1.0,2.0,1.0,,2,,,,48.0,0.0,0.0,20,68.57142857142857,0.0,0.0,28.57142857142857,3,4,4,3,4,3,3,1,4,1,6,7,7,4,4,4,4,3,3,2,4,4,4,4,5,10.0
1,1,2.0,37.0,2.0,2.0,4.0,5.0,1.0,40,40.0,1.0,100.0,4300.0,3801.2,24.80769230769231,24.80769230769231,3.0,2.0,1.0,,2,,,,7.0,20.0,10.0,3,17.5,50.0,25.0,7.5,3,2,4,2,1,3,2,3,1,2,4,6,6,4,4,4,4,2,2,2,4,3,4,4,3,10.0
1,1,2.0,47.0,1.0,2.0,4.0,5.0,1.0,30,30.0,1.0,100.0,3000.0,2652.0,23.07692307692308,23.07692307692308,2.0,4.0,3.0,20.0,2,,,,20.0,0.0,0.0,10,66.66666666666666,0.0,0.0,33.33333333333333,1,4,4,4,4,4,5,1,3,2,5,7,7,3,2,4,3,3,4,2,3,4,4,5,5,10.0
1,1,1.0,54.0,1.0,1.0,4.0,2.0,1.0,40,40.0,1.0,100.0,5500.0,4862.0,31.73076923076923,31.730769230769226,1.0,2.0,1.0,,2,,,,20.0,1.0,9.0,10,50.0,2.5,22.5,25.0,2,4,4,2,2,3,3,3,2,2,3,6,5,3,2,2,3,3,4,2,3,2,3,3,4,10.0
1,1,2.0,43.0,2.0,1.0,6.0,6.0,1.0,40,50.0,3.0,125.0,3600.0,3182.4,20.76923076923077,16.61538461538461,1.0,3.0,6.0,7.5,2,,,,25.0,3.5,0.0,20,50.0,7.000000000000001,0.0,40.0,3,3,5,3,1,5,2,1,5,2,7,7,6,4,3,4,5,4,2,4,3,3,4,3,2,10.0
1,1,2.0,38.0,2.0,1.0,4.0,5.0,3.0,40,60.0,3.0,150.0,4800.0,4243.2,27.69230769230769,18.46153846153846,3.0,3.0,5.0,2.0,2,,,,0.0,40.0,10.0,10,0.0,66.66666666666666,16.66666666666666,16.66666666666666,3,4,5,4,4,3,4,1,4,5,4,7,7,4,4,4,4,4,3,2,4,4,3,3,4,13.0
1,1,3.0,26.0,3.0,1.0,4.0,5.0,2.0,8,7.9999999999999964,1.0,100.0,540.0,477.3600000000001,15.57692307692308,15.57692307692308,1.0,1.0,2.0,15.0,2,,,,1.0,3.0,0.0,4,12.5,37.5,0.0,50.0,2,4,2,3,5,5,4,2,5,5,5,6,6,2,2,2,2,3,5,2,3,4,5,4,5,13.0
1,1,2.0,27.0,2.0,1.0,4.0,5.0,2.0,10,10.000000000000004,1.0,100.0,595.0,525.98,13.73076923076923,13.73076923076923,1.0,2.0,1.0,,2,,,,0.0,0.0,10.0,0,0.0,0.0,100.0,0.0,2,4,1,5,5,5,5,1,2,1,3,5,7,3,1,2,1,3,4,3,2,3,4,4,5,13.0
1,1,2.0,26.0,2.0,1.0,4.0,3.0,3.0,8,7.9999999999999964,1.0,100.0,475.0,419.9000000000003,13.70192307692308,13.70192307692308,1.0,1.0,1.0,,2,,,,0.0,8.0,0.0,0,0.0,100.0,0.0,0.0,4,3,2,2,3,2,2,6,5,3,5,5,2,4,1,4,2,4,4,5,2,2,2,3,4,13.0
1,1,2.0,20.0,3.0,1.0,4.0,5.0,2.0,18,18.0,1.0,100.0,1100.0,972.3999999999999,14.1025641025641,14.1025641025641,1.0,1.0,1.0,,2,,,,7.0,11.0,0.0,1,,,,,2,4,4,4,4,5,4,2,6,4,5,6,7,3,2,4,2,3,5,3,3,4,4,4,4,13.0
1,1,2.0,24.0,2.0,1.0,4.0,5.0,2.0,16,16.0,1.0,100.0,949.9999999999998,839.8,13.70192307692308,13.70192307692308,1.0,1.0,2.0,8.0,2,,,,5.0,5.0,5.0,2,,,,,3,3,4,3,3,4,3,2,5,4,5,6,6,4,4,4,4,3,3,2,3,4,4,3,2,13.0
1,1,1.0,32.0,1.0,1.0,4.0,5.0,2.0,8,7.9999999999999964,1.0,100.0,550.0,486.20000000000005,15.86538461538461,15.86538461538461,1.0,1.0,1.0,,2,,,,0.0,5.0,1.0,2,0.0,62.5,12.5,25.0,1,3,3,3,4,5,4,1,4,3,6,6,6,4,2,4,3,5,2,2,4,3,3,5,4,13.0
1,1,2.0,51.0,1.0,1.0,4.0,11.0,1.0,40,40.0,1.0,100.0,3000.0,2652.0,17.30769230769231,17.30769230769231,1.0,3.0,1.0,,2,,,,0.0,8.0,8.0,16,0.0,20.0,20.0,40.0,2,4,4,4,4,5,4,1,4,2,4,7,7,2,2,3,2,2,3,2,3,4,2,4,4,13.0
1,1,1.0,52.0,3.0,1.0,4.0,5.0,2.0,45,50.0,3.0,111.1111111111111,3000.0,2652.0,15.38461538461538,13.84615384615384,3.0,2.0,7.0,5.0,2,,,,8.0,15.0,12.0,5,16.0,30.0,24.0,10.0,1,2,2,3,2,3,2,1,2,2,2,6,7,3,4,4,3,3,3,1,4,5,4,4,4,13.0
1,1,1.0,38.0,2.0,1.0,4.0,2.0,3.0,20,20.0,1.0,100.0,1800.0,1591.2,20.76923076923077,20.76923076923077,1.0,3.0,1.0,,2,,,,15.0,2.0,0.0,3,75.0,10.0,0.0,15.0,4,4,2,4,4,4,4,1,6,3,5,6,6,3,3,2,3,3,2,3,3,3,4,2,3,13.0
1,1,2.0,45.0,1.0,2.0,4.0,4.0,2.0,40,60.0,3.0,150.0,7000.0,6188.0,40.38461538461539,26.92307692307692,1.0,1.0,1.0,,2,,,,10.0,30.0,30.0,10,,,,,3,2,1,2,1,3,3,1,2,4,6,7,7,4,2,4,4,4,2,2,4,2,3,4,5,8.0
1,1,2.0,36.0,2.0,1.0,4.0,5.0,3.0,40,40.0,1.0,100.0,4500.0,3978.0,25.96153846153846,25.96153846153846,2.0,2.0,1.0,,2,,,,10.0,5.0,3.0,22,25.0,12.5,7.5,55.00000000000001,3,2,2,1,1,2,2,4,6,4,4,4,2,4,1,5,4,4,1,2,4,2,4,2,3,8.0
1,1,1.0,44.0,3.0,1.0,4.0,3.0,1.0,40,70.0,3.0,175.0,3000.0,2652.0,17.30769230769231,9.890109890109889,3.0,1.0,5.0,5.0,2,,,,10.0,10.0,20.0,30,14.28571428571428,14.28571428571428,28.57142857142857,42.85714285714285,3,2,3,1,1,3,1,2,3,2,7,7,7,4,4,4,5,4,2,3,4,4,4,3,2,8.0
1,1,1.0,31.0,2.0,1.0,4.0,1.0,1.0,40,40.0,1.0,100.0,4900.0,4331.6,28.26923076923077,28.26923076923077,3.0,2.0,1.0,,2,,,,4.0,10.0,20.0,5,10.0,25.0,50.0,12.5,1,4,4,4,4,5,4,1,5,1,6,7,7,2,3,5,3,4,3,2,4,4,4,4,5,8.0
1,1,1.0,56.0,1.0,1.0,4.0,2.0,1.0,40,47.5,3.0,118.75,5000.0,4420.0,28.84615384615385,24.2914979757085,3.0,2.0,5.0,15.0,2,,,,15.0,15.0,7.0,7,31.57894736842105,31.57894736842105,14.73684210526316,14.73684210526316,2,3,3,2,2,3,3,1,3,2,6,7,6,2,2,3,4,3,5,2,4,4,4,3,4,8.0
1,1,1.0,36.0,1.0,2.0,4.0,6.0,3.0,40,50.0,3.0,125.0,6416.0,5671.744000000001,37.01538461538461,29.61230769230769,1.0,2.0,1.0,,2,,,,10.0,30.0,5.0,5,20.0,60.0,10.0,10.0,3,4,4,4,3,3,3,2,3,3,6,6,6,4,3,4,4,4,2,2,4,4,3,4,4,8.0
1,1,2.0,34.0,1.0,2.0,4.0,3.0,3.0,40,44.0,3.0,110.0,5000.0,4420.0,28.84615384615385,26.22377622377622,1.0,1.0,1.0,,2,,,,1.0,38.0,2.0,3,2.272727272727273,86.36363636363636,4.545454545454546,6.818181818181817,4,3,5,2,2,4,3,2,3,3,4,7,5,4,3,2,4,4,3,3,4,4,3,2,5,8.0
1,1,1.0,37.0,1.0,1.0,5.0,5.0,3.0,40,40.0,1.0,100.0,5434.0,4803.656,31.35,31.35,1.0,3.0,1.0,,2,,,,0.0,20.0,10.0,10,0.0,50.0,25.0,25.0,2,4,4,5,4,5,4,1,4,2,4,5,7,3,1,3,2,2,4,3,2,4,4,4,5,8.0
1,1,1.0,55.0,3.0,1.0,4.0,4.0,3.0,40,80.0,3.0,200.0,5568.15,4922.2446,32.1239423076923,16.06197115384615,3.0,1.0,1.0,,2,,,,0.0,75.0,4.0,1,0.0,93.75,5.0,1.25,3,2,1,3,2,3,2,1,1,1,2,6,6,3,5,4,4,4,1,3,4,4,1,1,2,8.0
1,1,1.0,34.0,3.0,1.0,4.0,1.0,3.0,40,50.0,3.0,125.0,5000.0,4420.0,28.84615384615385,23.07692307692308,2.0,2.0,1.0,,2,,,,10.0,30.0,5.0,5,20.0,60.0,10.0,10.0,3,3,2,4,4,5,2,3,2,2,4,6,5,3,3,3,4,4,3,2,3,4,4,2,4,8.0
1,1,1.0,52.0,3.0,1.0,5.0,4.0,1.0,40,40.0,1.0,100.0,5510.0,4870.84,31.78846153846154,31.78846153846154,1.0,2.0,1.0,,2,,,,10.0,20.0,3.0,7,25.0,50.0,7.5,17.5,2,3,4,4,4,5,4,1,4,2,5,6,6,3,2,2,3,4,4,2,4,4,4,4,4,8.0
1,1,2.0,37.0,2.0,1.0,5.0,4.0,1.0,40,40.0,1.0,100.0,4500.0,3978.0,25.96153846153846,25.96153846153846,1.0,1.0,1.0,,2,,,,16.0,4.0,1.0,19,40.0,10.0,2.5,47.5,1,2,1,2,1,2,3,6,3,4,6,4,3,4,3,5,5,4,3,4,5,4,5,4,4,8.0
1,1,1.0,36.0,1.0,2.0,4.0,4.0,3.0,20,20.0,1.0,100.0,2000.0,1768.0,23.07692307692308,23.07692307692308,1.0,1.0,1.0,,2,,,,0.0,18.0,0.0,2,0.0,90.0,0.0,10.0,3,4,4,4,2,4,4,1,3,3,4,7,6,2,4,4,4,4,2,3,4,4,4,4,3,8.0
1,1,2.0,29.0,3.0,1.0,4.0,1.0,3.0,40,48.0,3.0,120.0,4500.0,3978.0,25.96153846153846,21.63461538461539,1.0,2.0,1.0,,2,,,,8.0,20.0,10.0,10,16.66666666666666,41.66666666666667,20.83333333333334,20.83333333333334,1,2,1,3,2,5,3,1,3,1,5,7,6,4,2,4,4,4,4,3,4,4,4,4,4,8.0
1,1,2.0,39.0,4.0,2.0,4.0,4.0,1.0,27,27.0,1.0,100.0,2850.0,2519.4,24.35897435897436,24.35897435897436,1.0,2.0,1.0,,2,,,,0.0,5.0,20.0,2,0.0,18.51851851851852,74.07407407407408,7.407407407407407,2,4,5,3,3,4,4,1,5,5,4,5,4,3,3,2,2,3,4,2,2,3,4,4,4,8.0
1,1,1.0,33.0,3.0,1.0,4.0,2.0,3.0,40,40.0,1.0,100.0,5000.0,4420.0,28.84615384615385,28.84615384615385,1.0,1.0,1.0,,2,,,,15.0,22.0,1.0,2,37.5,55.00000000000001,2.5,5.0,4,4,3,4,4,5,4,2,4,3,6,6,6,4,2,3,2,4,2,3,3,4,4,2,4,8.0
1,1,1.0,38.0,2.0,2.0,4.0,2.0,3.0,30,30.0,1.0,100.0,4000.0,3536.0,30.76923076923077,30.769230769230766,1.0,1.0,5.0,,2,,,,22.0,3.0,0.0,5,73.33333333333333,10.0,0.0,16.66666666666666,2,4,2,4,4,5,3,1,5,1,4,3,6,2,2,2,3,4,4,2,3,5,3,3,4,8.0
1,1,2.0,41.0,2.0,2.0,4.0,9.0,1.0,30,30.0,1.0,100.0,3300.0,2917.2,25.38461538461538,25.38461538461538,2.0,3.0,1.0,,2,,,,0.0,5.0,1.0,24,0.0,16.66666666666666,3.333333333333333,80.0,3,2,3,3,3,4,4,1,6,1,3,6,6,4,3,3,4,5,2,4,2,2,5,5,5,8.0
1,1,2.0,52.0,1.0,1.0,4.0,4.0,1.0,40,48.0,3.0,120.0,6400.0,5657.6,36.92307692307692,30.769230769230766,3.0,1.0,1.0,,2,,,,12.0,10.0,20.0,6,25.0,20.83333333333334,41.66666666666667,12.5,1,5,3,4,2,4,4,1,2,1,6,7,7,4,3,3,4,5,3,2,5,3,4,4,5,8.0
1,1,2.0,36.0,2.0,2.0,4.0,2.0,3.0,20,25.0,3.0,125.0,1633.0,1443.572,18.84230769230769,15.07384615384616,1.0,3.0,5.0,7.5,2,,,,20.0,3.0,0.5,2,,,,,1,2,3,3,1,5,3,1,5,1,4,6,7,4,3,4,4,4,4,3,4,2,4,5,5,8.0
1,1,1.0,39.0,2.0,2.0,4.0,2.0,3.0,40,46.0,3.0,115.0,4000.0,3536.0,23.07692307692308,20.06688963210702,3.0,2.0,1.0,,2,,,,12.0,14.0,4.0,16,26.08695652173913,30.43478260869566,8.695652173913043,34.78260869565217,4,3,4,3,1,3,2,3,3,2,5,5,4,4,3,3,4,4,2,2,4,3,3,2,2,8.0
1,1,1.0,35.0,2.0,1.0,5.0,5.0,2.0,40,40.0,1.0,100.0,5000.0,4420.0,28.84615384615385,28.84615384615385,1.0,1.0,1.0,,2,,,,16.0,16.0,4.0,4,40.0,40.0,10.0,10.0,2,4,2,3,4,4,4,1,3,4,5,6,5,4,1,3,1,2,4,2,3,2,3,3,5,8.0
1,1,2.0,30.0,2.0,1.0,4.0,1.0,2.0,40,40.0,1.0,100.0,5000.0,4420.0,28.84615384615385,28.84615384615385,1.0,1.0,1.0,,2,,,,5.0,34.0,1.0,0,12.5,85.0,2.5,0.0,4,4,3,4,4,5,4,2,5,3,6,5,6,3,2,3,2,4,3,3,2,2,4,4,4,8.0
1,1,1.0,40.0,1.0,2.0,4.0,1.0,2.0,40,40.0,1.0,100.0,3700.0,3270.8,21.34615384615385,21.34615384615385,3.0,4.0,1.0,,2,,,,3.0,20.0,10.0,7,7.5,50.0,25.0,17.5,1,4,4,4,4,4,3,1,4,4,4,6,7,3,2,4,4,2,4,1,4,4,5,4,3,8.0
1,1,2.0,39.0,2.0,2.0,4.0,1.0,1.0,40,47.0,3.0,117.5,5000.0,4420.0,28.84615384615385,24.54991816693944,3.0,2.0,1.0,,2,,,,3.0,14.0,20.0,10,6.382978723404255,29.78723404255319,42.5531914893617,21.27659574468085,4,2,3,3,3,5,2,1,1,1,3,4,6,4,1,2,5,4,2,4,3,2,4,4,3,8.0
1,1,1.0,45.0,1.0,2.0,4.0,2.0,1.0,40,50.0,3.0,125.0,5000.0,4420.0,28.84615384615385,23.07692307692308,2.0,2.0,1.0,,2,,,,5.0,5.0,20.0,10,10.0,10.0,40.0,20.0,1,3,5,3,4,5,3,1,2,3,4,7,7,4,2,5,5,4,2,2,5,5,5,4,5,8.0
1,1,2.0,33.0,2.0,1.0,4.0,1.0,3.0,40,45.0,3.0,112.5,5000.0,4420.0,28.84615384615385,25.64102564102564,1.0,2.0,5.0,8.0,2,,,,8.0,27.0,4.0,6,17.77777777777778,60.0,8.88888888888889,13.33333333333333,3,4,5,3,3,5,3,1,5,1,6,6,6,4,4,4,3,4,2,4,3,3,4,4,3,8.0
1,1,2.0,46.0,1.0,2.0,4.0,6.0,3.0,40,45.0,3.0,112.5,5000.0,4420.0,28.84615384615385,25.64102564102564,1.0,2.0,1.0,,2,,,,25.0,8.0,5.0,7,55.55555555555556,17.77777777777778,11.11111111111111,15.55555555555556,3,3,5,3,4,3,3,2,6,3,6,7,7,4,3,3,4,4,2,4,4,3,3,3,2,8.0
1,1,1.0,38.0,1.0,2.0,4.0,3.0,1.0,40,50.0,3.0,125.0,4351.0,3846.284000000001,25.10192307692308,20.08153846153846,2.0,2.0,1.0,,2,,,,10.0,20.0,10.0,10,20.0,40.0,20.0,20.0,1,5,3,4,4,5,4,1,2,2,4,7,7,3,2,4,3,4,4,1,2,4,5,5,5,8.0
1,1,2.0,29.0,2.0,1.0,4.0,2.0,2.0,40,40.0,1.0,100.0,3277.0,2896.868,18.90576923076923,18.90576923076923,1.0,3.0,1.0,,2,,,,3.0,33.0,1.0,3,7.5,82.5,2.5,7.5,2,5,4,4,5,4,5,1,1,1,2,7,7,3,2,3,2,3,4,2,4,3,4,5,5,8.0
1,1,2.0,29.0,2.0,1.0,4.0,2.0,2.0,40,55.0,3.0,137.5,4351.9,3847.0796,25.10711538461538,18.25972027972028,2.0,3.0,1.0,,2,,,,20.0,20.0,5.0,5,36.36363636363637,36.36363636363637,9.090909090909092,9.090909090909092,3,3,5,3,4,3,4,1,3,3,6,7,7,3,5,5,4,5,3,3,4,3,5,5,4,8.0
1,1,1.0,39.0,1.0,2.0,4.0,1.0,2.0,28,31.0,3.0,110.7142857142857,3040.0,2687.36,25.05494505494505,22.6302729528536,1.0,1.0,1.0,,2,,,,0.0,27.0,2.0,2,0.0,87.09677419354838,6.451612903225806,6.451612903225806,4,4,3,3,4,4,3,2,3,3,4,4,5,3,2,4,4,2,3,2,4,2,3,3,4,8.0
1,1,2.0,33.0,1.0,1.0,4.0,4.0,5.0,40,43.0,3.0,107.5,5077.0,4488.068,29.29038461538461,27.24686940966011,1.0,1.0,1.0,,2,,,,1.0,33.0,8.0,2,,,,,3,4,5,4,4,5,3,1,2,5,6,7,7,4,4,4,4,5,2,2,4,3,2,3,4,8.0
1,1,1.0,33.0,3.0,1.0,4.0,5.0,3.0,40,70.0,3.0,175.0,5000.0,4420.0,28.84615384615385,16.48351648351648,1.0,2.0,1.0,,2,,,,20.0,40.0,0.0,10,28.57142857142857,57.14285714285714,0.0,14.28571428571428,3,3,5,4,3,4,3,1,4,4,5,7,6,4,5,5,5,4,1,3,4,3,4,3,2,8.0
1,1,1.0,40.0,3.0,1.0,4.0,4.0,1.0,40,60.0,3.0,150.0,5800.0,5127.2,33.46153846153847,22.30769230769231,3.0,1.0,5.0,1.0,2,,,,5.0,20.0,25.0,10,8.333333333333332,33.33333333333333,41.66666666666667,16.66666666666666,3,3,3,2,2,4,3,1,4,2,6,7,5,4,2,4,3,4,2,3,2,2,4,4,5,8.0
1,1,1.0,33.0,2.0,1.0,4.0,1.0,2.0,40,40.0,1.0,100.0,4350.0,3845.4,25.09615384615385,25.09615384615385,3.0,2.0,1.0,,2,,,,5.0,20.0,5.0,10,12.5,50.0,12.5,25.0,4,3,4,3,3,4,4,2,4,4,5,6,6,3,2,4,3,3,2,3,2,3,3,3,2,8.0
1,1,1.0,57.0,2.0,3.0,4.0,5.0,3.0,45,50.0,3.0,111.1111111111111,4666.0,4124.744000000001,23.92820512820513,21.53538461538461,3.0,3.0,5.0,10.0,2,,,,15.0,25.0,4.0,5,30.0,50.0,8.0,10.0,1,4,5,4,5,5,4,1,4,3,6,7,7,4,4,5,4,5,3,2,4,4,4,4,3,8.0
1,1,1.0,33.0,2.0,1.0,4.0,1.0,3.0,40,40.0,1.0,100.0,5000.0,4420.0,28.84615384615385,28.84615384615385,1.0,1.0,1.0,,2,,,,20.0,5.0,5.0,10,50.0,12.5,12.5,25.0,2,3,5,2,3,3,2,1,3,3,4,6,3,4,1,4,2,2,3,2,3,5,4,2,3,8.0
1,1,2.0,34.0,2.0,1.0,4.0,5.0,3.0,30,40.0,3.0,133.3333333333333,3549.0,3137.316,27.3,20.475,1.0,3.0,1.0,,2,,,,16.0,16.0,0.0,8,40.0,40.0,0.0,20.0,3,4,3,4,4,5,3,1,4,5,4,7,7,3,3,4,4,4,2,2,4,4,4,3,4,8.0
1,1,1.0,49.0,2.0,1.0,4.0,5.0,2.0,40,40.0,1.0,100.0,4800.0,4243.2,27.69230769230769,27.69230769230769,1.0,2.0,1.0,,2,,,,7.0,30.0,2.0,2,,,,,3,4,3,5,2,3,3,1,3,2,4,5,6,4,4,4,2,2,2,2,4,4,4,4,3,8.0
1,1,1.0,39.0,1.0,1.0,4.0,5.0,3.0,40,47.5,3.0,118.75,4700.0,4154.8,27.11538461538461,22.83400809716599,3.0,2.0,1.0,,2,,,,2.5,22.5,7.5,2,5.263157894736842,47.36842105263158,15.78947368421053,4.210526315789473,2,4,4,5,4,5,4,1,4,3,5,6,6,2,3,3,2,2,4,2,3,3,4,4,5,8.0
1,1,2.0,31.0,3.0,1.0,4.0,8.0,3.0,30,30.0,1.0,100.0,2600.0,2298.4,20,20.0,1.0,1.0,1.0,,2,,,,10.0,10.0,4.0,6,33.33333333333333,33.33333333333333,13.33333333333333,20.0,1,5,3,4,3,4,4,1,4,3,4,6,6,4,3,4,4,4,3,2,4,3,4,4,4,8.0
1,1,1.0,34.0,2.0,1.0,4.0,3.0,2.0,40,40.0,1.0,100.0,5000.0,4420.0,28.84615384615385,28.84615384615385,1.0,1.0,5.0,10.0,2,,,,10.0,10.0,15.0,5,25.0,25.0,37.5,12.5,1,3,4,4,3,3,3,1,5,4,6,6,7,3,3,5,3,4,2,2,2,3,5,5,4,8.0
1,1,1.0,32.0,1.0,1.0,4.0,6.0,3.0,40,55.0,3.0,137.5,4700.0,4154.8,27.11538461538461,19.72027972027972,1.0,1.0,1.0,,2,,,,12.0,29.0,4.0,10,21.81818181818182,52.72727272727272,7.272727272727272,18.18181818181818,2,3,2,2,4,4,3,1,2,3,3,6,7,3,2,3,2,3,2,2,3,4,4,4,4,8.0
1,1,1.0,30.0,2.0,1.0,4.0,4.0,2.0,40,45.0,3.0,112.5,2450.0,2165.8,14.13461538461538,12.56410256410256,1.0,1.0,1.0,,2,,,,0.0,30.0,5.0,5,0.0,66.66666666666666,11.11111111111111,11.11111111111111,4,4,4,3,3,4,3,2,6,4,5,5,5,4,2,3,3,4,2,3,3,4,4,3,3,8.0
1,1,2.0,39.0,2.0,2.0,4.0,4.0,2.0,25,30.0,3.0,120.0,1950.0,1723.8,18,15.0,1.0,2.0,1.0,,2,,,,0.0,25.0,3.0,2,0.0,83.33333333333334,10.0,6.666666666666667,4,4,4,4,4,4,3,1,5,3,4,5,5,3,2,3,4,4,2,3,4,3,3,3,4,8.0
1,1,2.0,34.0,2.0,2.0,4.0,8.0,3.0,20,26.0,3.0,130.0,2300.0,2033.2,26.53846153846154,20.41420118343195,1.0,1.0,1.0,,2,,,,5.0,5.0,5.0,5,19.23076923076923,19.23076923076923,19.23076923076923,19.23076923076923,4,4,5,2,3,5,3,1,6,4,6,7,5,4,1,4,5,4,4,4,4,3,2,3,4,8.0
1,1,1.0,32.0,2.0,1.0,4.0,8.0,3.0,40,50.0,3.0,125.0,4300.0,3801.2,24.80769230769231,19.84615384615385,1.0,2.0,1.0,,2,,,,10.0,5.0,30.0,5,20.0,10.0,60.0,10.0,4,4,5,2,2,5,3,2,1,1,6,6,6,4,1,4,4,3,2,3,3,4,3,3,3,8.0
1,1,2.0,30.0,2.0,1.0,4.0,7.0,2.0,30,40.0,3.0,133.3333333333333,5000.0,4420.0,38.46153846153846,28.84615384615385,3.0,4.0,1.0,,2,,,,15.0,15.0,10.0,5,,,,,4,3,4,4,4,5,4,1,3,6,5,7,7,4,2,4,3,4,3,3,2,3,4,4,4,8.0
1,1,2.0,35.0,2.0,1.0,4.0,5.0,3.0,40,55.0,3.0,137.5,4700.0,4154.8,27.11538461538461,19.72027972027972,1.0,2.0,1.0,,2,,,,10.0,35.0,5.0,5,18.18181818181818,63.63636363636363,9.090909090909092,9.090909090909092,4,4,4,3,4,5,3,2,4,1,4,6,5,4,1,4,3,4,2,4,2,3,4,3,4,8.0
1,1,2.0,30.0,2.0,1.0,4.0,1.0,3.0,40,50.0,3.0,125.0,4100.0,3624.4,23.65384615384615,18.92307692307692,1.0,2.0,1.0,,2,,,,15.0,25.0,5.0,5,30.0,50.0,10.0,10.0,1,3,5,4,3,5,4,1,5,4,6,6,6,4,4,5,4,3,3,2,3,3,5,4,4,8.0
1,1,2.0,52.0,2.0,2.0,4.0,5.0,3.0,40,44.0,3.0,110.0,4500.0,3978.0,25.96153846153846,23.6013986013986,1.0,2.0,1.0,,2,,,,10.0,20.0,10.0,3,22.72727272727273,45.45454545454545,22.72727272727273,6.818181818181817,1,4,3,5,3,4,4,1,3,2,3,6,7,2,2,4,4,4,4,3,4,3,4,5,4,8.0
1,1,2.0,33.0,2.0,1.0,4.0,5.0,3.0,40,52.5,3.0,131.25,3500.0,3094.0,20.19230769230769,15.38461538461539,3.0,1.0,4.0,8.0,2,,,,15.0,20.0,10.0,10,,,,,3,4,3,4,3,2,3,2,5,3,6,7,6,4,4,5,4,5,3,3,3,2,4,5,4,8.0
1,1,2.0,42.0,1.0,2.0,4.0,5.0,3.0,40,40.0,1.0,100.0,5200.0,4596.8,30,30.0,3.0,2.0,1.0,,2,,,,20.0,12.0,5.0,3,50.0,30.0,12.5,7.5,1,4,5,4,4,3,4,1,5,1,6,7,6,3,3,4,4,4,4,2,4,3,4,4,5,8.0
1,1,2.0,50.0,1.0,2.0,4.0,7.0,1.0,40,50.0,3.0,125.0,5600.0,4950.4,32.30769230769231,25.84615384615385,1.0,3.0,5.0,5.0,2,,,,5.0,45.0,0.0,1,,,,,1,4,5,3,4,3,3,2,4,2,4,7,7,4,2,4,4,5,2,2,3,3,4,4,4,8.0
1,1,1.0,29.0,2.0,1.0,4.0,1.0,3.0,40,55.0,3.0,137.5,4350.0,3845.4,25.09615384615385,18.25174825174825,1.0,1.0,1.0,,2,,,,20.0,20.0,5.0,10,36.36363636363637,36.36363636363637,9.090909090909092,18.18181818181818,1,3,5,2,2,3,2,2,1,1,2,4,6,4,2,4,4,5,4,2,3,5,5,4,4,8.0
1,1,2.0,47.0,2.0,1.0,4.0,9.0,1.0,40,50.0,3.0,125.0,3000.0,2652.0,17.30769230769231,13.84615384615384,2.0,2.0,1.0,,2,,,,12.0,15.0,5.0,15,24.0,30.0,10.0,30.0,1,4,4,3,1,5,3,1,1,1,5,7,7,4,4,4,4,4,2,1,4,5,4,4,4,8.0
1,1,2.0,34.0,1.0,2.0,4.0,5.0,3.0,29,45.0,3.0,155.1724137931035,4300.0,3801.2,34.21750663129973,22.05128205128205,3.0,1.0,1.0,,2,,,,15.0,15.0,5.0,10,33.33333333333333,33.33333333333333,11.11111111111111,22.22222222222222,3,2,4,2,4,2,3,1,2,3,5,7,6,5,3,4,4,4,2,2,3,4,2,3,2,8.0
1,1,2.0,30.0,2.0,1.0,4.0,1.0,3.0,40,40.0,1.0,100.0,5100.0,4508.4,29.42307692307692,29.42307692307692,1.0,1.0,1.0,,2,,,,0.0,30.0,5.0,5,0.0,75.0,12.5,12.5,3,3,5,3,4,5,3,1,4,4,6,6,6,4,2,4,3,4,1,3,3,3,3,3,4,8.0
1,1,2.0,33.0,2.0,1.0,4.0,5.0,3.0,40,50.0,3.0,125.0,4111.7,3634.7428,23.72134615384615,18.97707692307692,1.0,4.0,1.0,,2,,,,12.0,30.0,0.0,8,24.0,60.0,0.0,16.0,3,3,5,2,1,4,2,2,6,4,6,6,6,4,4,4,4,4,1,4,2,2,5,4,5,8.0
1,1,2.0,40.0,1.0,2.0,6.0,5.0,3.0,40,40.0,1.0,100.0,5200.0,4596.8,30,30.0,1.0,3.0,1.0,,2,,,,20.0,5.0,5.0,10,50.0,12.5,12.5,25.0,1,4,4,2,2,3,3,3,3,1,6,7,5,3,4,4,3,4,2,2,4,5,4,5,4,8.0
1,1,1.0,39.0,1.0,1.0,4.0,6.0,3.0,40,45.0,3.0,112.5,5100.0,4508.4,29.42307692307692,26.15384615384615,3.0,2.0,1.0,,2,,,,7.0,14.0,12.0,12,15.55555555555556,31.11111111111111,26.66666666666667,26.66666666666667,2,3,2,4,2,4,2,2,2,1,5,5,6,4,1,2,3,3,2,2,4,4,3,4,4,8.0
1,1,2.0,32.0,1.0,1.0,4.0,1.0,3.0,40,40.0,1.0,100.0,4200.0,3712.8,24.23076923076923,24.23076923076923,3.0,2.0,1.0,,2,,,,15.0,4.0,0.0,15,37.5,10.0,0.0,37.5,4,4,4,2,4,4,2,3,3,3,5,5,5,4,2,3,4,4,3,4,3,4,2,3,4,8.0
1,1,2.0,41.0,1.0,1.0,4.0,4.0,2.0,40,45.0,3.0,112.5,4500.0,3978.0,25.96153846153846,23.07692307692308,1.0,1.0,1.0,,2,,,,2.0,15.0,5.0,8,4.444444444444445,33.33333333333333,11.11111111111111,17.77777777777778,1,4,4,3,4,5,3,1,3,2,4,7,6,3,3,4,3,4,3,3,4,2,4,5,4,8.0
1,1,2.0,48.0,1.0,2.0,4.0,5.0,2.0,40,40.0,1.0,100.0,3000.0,2652.0,17.30769230769231,17.30769230769231,4.0,2.0,1.0,,2,,,,14.0,6.0,6.0,14,35.0,15.0,15.0,35.0,2,3,3,4,3,4,4,2,5,2,4,5,5,4,2,4,2,3,4,3,4,2,3,4,5,8.0
1,1,2.0,36.0,1.0,1.0,4.0,5.0,3.0,40,40.0,1.0,100.0,4350.0,3845.4,25.09615384615385,25.09615384615385,1.0,2.0,1.0,,2,,,,8.0,20.0,2.0,10,20.0,50.0,5.0,25.0,2,2,1,2,1,1,2,5,2,1,3,6,6,4,2,4,1,4,4,2,4,3,4,4,2,8.0
1,1,2.0,29.0,3.0,1.0,4.0,5.0,3.0,40,40.0,1.0,100.0,4351.9,3847.0796,25.10711538461538,25.10711538461538,1.0,1.0,1.0,,2,,,,20.0,15.0,2.0,3,50.0,37.5,5.0,7.5,4,4,4,4,2,5,4,2,5,2,6,6,6,4,1,4,2,5,4,4,2,3,5,4,5,8.0
1,1,1.0,39.0,2.0,2.0,4.0,1.0,3.0,30,30.0,1.0,100.0,3262.0,2883.608000000001,25.09230769230769,25.09230769230769,3.0,1.0,4.0,10.0,2,,,,0.0,10.0,16.0,4,0.0,33.33333333333333,53.33333333333334,13.33333333333333,4,4,2,5,5,5,3,1,3,1,4,4,6,4,2,3,3,1,2,2,4,4,2,3,2,8.0
1,1,2.0,27.0,2.0,1.0,4.0,1.0,3.0,40,50.0,3.0,125.0,4352.0,3847.168000000001,25.10769230769231,20.08615384615385,1.0,2.0,1.0,,2,,,,5.0,40.0,0.0,5,10.0,80.0,0.0,10.0,1,3,3,4,5,5,4,2,3,3,6,7,7,3,3,4,3,4,3,2,4,2,4,5,5,8.0
1,1,2.0,36.0,2.0,1.0,4.0,2.0,3.0,40,40.0,1.0,100.0,4900.0,4331.6,28.26923076923077,28.26923076923077,3.0,1.0,1.0,,2,,,,3.0,22.0,14.0,1,7.5,55.00000000000001,35.0,2.5,4,4,5,3,2,4,3,2,7,4,5,7,5,4,2,3,3,4,4,2,3,3,3,2,4,8.0
1,1,1.0,29.0,3.0,1.0,4.0,1.0,3.0,40,50.0,3.0,125.0,4729.0,4180.436,27.28269230769231,21.82615384615385,1.0,2.0,1.0,,2,,,,0.0,35.0,10.0,10,,,,,3,3,4,4,5,5,4,2,3,2,5,6,7,4,3,5,3,4,2,2,3,3,4,4,4,8.0
1,1,2.0,33.0,1.0,1.0,4.0,5.0,3.0,40,44.0,3.0,110.0,5077.0,4488.068,29.29038461538461,26.62762237762238,1.0,2.0,1.0,,2,,,,15.0,15.0,0.5,10,34.09090909090909,34.09090909090909,1.136363636363636,22.72727272727273,4,4,4,4,4,3,4,2,6,3,6,5,6,4,1,3,4,5,2,4,2,2,4,4,4,8.0
1,1,1.0,41.0,3.0,1.0,4.0,5.0,3.0,40,40.0,1.0,100.0,5000.0,4420.0,28.84615384615385,28.84615384615385,1.0,2.0,1.0,,2,,,,8.0,30.0,0.0,2,20.0,75.0,0.0,5.0,4,4,2,3,3,3,3,4,4,1,5,5,3,3,2,3,2,2,3,2,3,4,3,2,3,8.0
1,1,2.0,42.0,3.0,1.0,4.0,5.0,3.0,40,47.5,3.0,118.75,3300.0,2917.2,19.03846153846154,16.03238866396761,1.0,1.0,1.0,,2,,,,25.0,10.0,0.0,10,52.63157894736842,21.05263157894737,0.0,21.05263157894737,3,4,5,4,4,5,3,1,6,5,4,5,5,4,3,4,5,5,1,4,2,2,4,2,2,8.0
1,1,1.0,31.0,2.0,1.0,4.0,1.0,3.0,40,50.0,3.0,125.0,5000.0,4420.0,28.84615384615385,23.07692307692308,3.0,1.0,1.0,,2,,,,0.0,20.0,20.0,10,0.0,40.0,40.0,20.0,1,4,2,5,3,4,4,1,2,3,4,7,7,4,3,5,5,4,2,1,4,4,4,5,4,8.0
1,1,1.0,31.0,1.0,1.0,4.0,1.0,2.0,40,50.0,3.0,125.0,4350.0,3845.4,25.09615384615385,20.07692307692308,3.0,2.0,5.0,2.5,2,,,,8.0,12.0,15.0,15,16.0,24.0,30.0,30.0,1,4,3,4,5,5,3,1,5,4,5,6,6,3,4,4,4,4,5,2,4,4,4,5,5,8.0
1,1,2.0,33.0,2.0,1.0,4.0,5.0,3.0,40,40.0,1.0,100.0,5076.0,4487.184,29.28461538461539,29.28461538461539,1.0,2.0,1.0,,2,,,,5.0,25.0,5.0,5,12.5,62.5,12.5,12.5,1,5,5,5,5,5,4,1,2,3,4,7,7,2,2,4,1,4,5,2,5,4,4,5,5,8.0
1,1,2.0,39.0,1.0,2.0,4.0,5.0,3.0,35,40.0,3.0,114.2857142857143,4000.0,3536.0,26.37362637362638,23.07692307692308,3.0,1.0,1.0,,2,,,,5.0,0.0,30.0,5,12.5,0.0,75.0,12.5,3,2,5,3,2,5,1,5,4,4,4,1,1,5,2,5,3,4,2,3,2,3,4,4,5,8.0
1,1,2.0,38.0,1.0,1.0,4.0,1.0,3.0,24,29.0,3.0,120.8333333333333,3340.0,2952.56,32.11538461538461,26.57824933687002,3.0,1.0,5.0,13.5,2,,,,4.0,10.0,10.0,6,,,,,2,4,4,4,4,4,4,1,4,3,5,6,6,3,2,3,2,2,4,2,4,3,4,4,4,8.0
1,1,2.0,37.0,2.0,2.0,4.0,1.0,3.0,32,32.0,1.0,100.0,4061.0,3589.924,29.28605769230769,29.28605769230769,1.0,2.0,1.0,,2,,,,8.0,16.0,4.0,4,25.0,50.0,12.5,12.5,3,4,3,4,5,4,3,1,3,3,4,6,7,2,3,4,2,4,3,3,4,3,3,4,4,8.0
1,1,2.0,41.0,1.0,2.0,4.0,5.0,3.0,40,40.0,1.0,100.0,3800.0,3359.2,21.92307692307692,21.92307692307692,3.0,1.0,1.0,,2,,,,12.0,8.0,8.0,8,30.0,20.0,20.0,20.0,4,3,4,3,2,2,3,2,3,1,4,5,6,4,2,3,2,3,3,3,3,4,3,2,3,8.0
1,1,2.0,34.0,2.0,1.0,4.0,1.0,3.0,40,40.0,1.0,100.0,4351.9,3847.0796,25.10711538461538,25.10711538461538,1.0,1.0,1.0,,2,,,,0.0,24.0,8.0,8,0.0,60.0,20.0,20.0,4,4,5,4,5,5,4,1,6,1,6,6,5,5,3,4,4,4,2,4,2,2,2,2,4,8.0
1,1,1.0,33.0,1.0,1.0,4.0,1.0,2.0,40,40.0,1.0,100.0,4200.0,3712.8,24.23076923076923,24.23076923076923,1.0,3.0,1.0,,2,,,,0.0,30.0,25.0,5,,,,,3,4,4,3,4,4,4,3,5,6,6,7,7,3,4,4,4,3,2,4,4,4,5,5,2,8.0
1,1,1.0,28.0,3.0,1.0,4.0,5.0,3.0,40,40.0,1.0,100.0,4351.9,3847.0796,25.10711538461538,25.10711538461538,1.0,1.0,1.0,,2,,,,10.0,25.0,0.0,5,25.0,62.5,0.0,12.5,2,4,3,4,4,5,5,1,4,3,5,6,7,4,2,2,2,2,4,3,2,3,3,4,3,8.0
1,1,1.0,31.0,1.0,1.0,4.0,1.0,3.0,40,45.0,3.0,112.5,4000.0,3536.0,23.07692307692308,20.51282051282051,1.0,1.0,1.0,,2,,,,0.0,38.0,1.0,2,0.0,84.44444444444444,2.222222222222222,4.444444444444445,3,4,5,3,3,4,3,1,4,5,5,6,6,5,4,5,5,5,1,3,4,3,5,4,4,8.0
1,1,2.0,36.0,3.0,1.0,4.0,1.0,3.0,40,40.0,1.0,100.0,2800.0,2475.2,16.15384615384615,16.15384615384615,1.0,1.0,1.0,,2,,,,15.0,15.0,5.0,5,37.5,37.5,12.5,12.5,3,4,5,3,2,4,3,1,2,4,4,7,6,4,2,4,4,4,2,2,4,4,4,3,4,8.0
1,1,1.0,36.0,3.0,1.0,4.0,6.0,3.0,40,55.0,3.0,137.5,3235.0,2859.74,18.66346153846154,13.57342657342657,1.0,2.0,1.0,,2,,,,15.0,15.0,13.0,12,27.27272727272727,27.27272727272727,23.63636363636364,21.81818181818182,3,3,5,2,3,4,3,2,4,6,5,6,6,4,2,4,5,4,1,2,3,3,4,3,4,8.0
1,1,2.0,36.0,2.0,1.0,4.0,5.0,3.0,40,47.5,3.0,118.75,5124.0,4529.616,29.56153846153846,24.89392712550607,3.0,2.0,1.0,,2,,,,0.0,25.0,5.0,10,0.0,52.63157894736842,10.52631578947368,21.05263157894737,4,3,3,3,4,5,3,1,5,3,5,6,7,4,2,2,3,3,3,2,2,3,2,4,5,8.0
1,1,1.0,43.0,1.0,2.0,4.0,1.0,3.0,40,52.0,3.0,160.0,3500.0,3094.0,20.19230769230769,10.170810198300284,3.0,1.0,1.0,,2,,,,5.0,5.0,10.0,20,,,,,4,2,5,1,2,3,1,7,1,4,3,5,7,4,2,2,4,4,2,2,4,2,1,2,2,8.0
1,1,2.0,43.2,1.0,2.0,4.0,6.0,3.0,40,44.0,3.0,110.0,4000.0,3536.0,23.07692307692308,20.97902097902098,1.0,3.0,1.0,,2,,,,30.0,10.0,0.0,4,68.18181818181817,22.72727272727273,0.0,9.090909090909092,4,4,4,4,5,4,4,3,5,2,6,6,6,4,2,4,4,3,2,3,3,2,4,4,4,8.0
1,1,1.0,31.0,2.0,1.0,4.0,1.0,3.0,40,40.0,1.0,100.0,3600.0,3182.4,20.76923076923077,20.76923076923077,1.0,1.0,5.0,10.0,2,,,,1.0,35.0,4.0,5,,,,,1,4,3,4,2,5,4,1,2,3,4,5,6,3,3,4,3,3,4,2,3,4,4,4,3,8.0
1,1,1.0,33.0,3.0,1.0,4.0,1.0,3.0,36,36.0,1.0,100.0,4448.0,3932.032,28.51282051282051,28.51282051282051,1.0,1.0,1.0,,2,,,,2.0,32.0,0.0,2,5.555555555555555,88.88888888888889,0.0,5.555555555555555,3,4,2,4,5,4,4,1,7,3,6,7,7,2,4,4,2,4,2,3,3,2,4,5,4,8.0
1,1,2.0,42.0,2.0,2.0,4.0,5.0,3.0,40,40.0,1.0,100.0,4351.9,3847.0796,25.10711538461538,25.10711538461538,3.0,2.0,1.0,,2,,,,6.0,15.0,9.0,10,15.0,37.5,22.5,25.0,1,3,3,4,3,4,3,1,3,3,4,6,7,2,3,4,3,3,4,2,3,4,4,5,4,8.0
1,1,1.0,33.0,1.0,1.0,4.0,1.0,3.0,40,45.0,3.0,112.5,5500.0,4862.0,31.73076923076923,28.20512820512821,1.0,1.0,1.0,,2,,,,17.5,17.5,10.0,0,38.88888888888889,38.88888888888889,22.22222222222222,0.0,1,4,4,4,4,5,4,1,2,5,4,5,6,4,2,5,4,4,3,1,2,4,5,4,5,8.0
1,1,2.0,32.0,3.0,1.0,4.0,7.0,3.0,40,55.0,3.0,137.5,4351.9,3847.0796,25.10711538461538,18.25972027972028,1.0,2.0,5.0,5.0,2,,,,40.0,10.0,0.0,5,72.72727272727273,18.18181818181818,0.0,9.090909090909092,3,2,4,4,2,5,3,1,4,2,6,6,6,5,3,5,5,5,2,3,4,3,4,2,5,8.0
1,1,1.0,31.0,1.0,1.0,4.0,9.0,3.0,30,40.0,3.0,133.3333333333333,2566.0,2268.344,19.73846153846154,14.80384615384616,1.0,2.0,5.0,10.0,2,,,,8.0,30.0,0.0,4,,,,,3,4,3,4,4,3,4,5,6,1,5,4,5,4,3,3,4,4,2,3,3,4,5,3,2,9.0
1,1,1.0,34.0,2.0,1.0,4.0,5.0,2.0,40,40.0,1.0,100.0,4530.0,4004.5200000000004,26.13461538461539,26.13461538461539,1.0,3.0,1.0,,2,,,,5.0,10.0,10.0,15,12.5,25.0,25.0,37.5,3,4,3,4,5,5,4,2,4,4,5,6,5,4,2,4,3,5,2,3,3,3,3,3,3,9.0
1,1,2.0,36.0,1.0,2.0,5.0,4.0,2.0,40,60.0,3.0,150.0,3500.0,3094.0,20.19230769230769,13.46153846153846,1.0,2.0,5.0,7.5,2,,,,10.0,40.0,20.0,2,,,,,1,4,5,2,1,3,2,3,4,6,6,6,6,4,3,5,4,4,2,2,4,4,5,4,4,9.0
1,1,2.0,35.0,2.0,1.0,4.0,9.0,2.0,30,30.0,1.0,100.0,2000.0,1768.0,15.38461538461539,15.38461538461539,2.0,3.0,5.0,10.0,2,,,,6.0,4.0,3.0,5,20.0,13.33333333333333,10.0,16.66666666666666,4,3,1,3,4,4,3,1,4,3,3,5,5,4,2,3,3,3,3,4,3,3,3,3,4,9.0
1,1,2.0,30.0,2.0,1.0,4.0,5.0,3.0,30,30.0,1.0,100.0,2900.0,2563.6,22.30769230769231,22.30769230769231,1.0,3.0,1.0,,2,,,,10.0,5.0,10.0,5,33.33333333333333,16.66666666666666,33.33333333333333,16.66666666666666,4,4,4,2,2,3,3,2,3,2,4,6,4,4,2,2,4,4,1,4,2,2,4,2,4,9.0
1,1,2.0,26.0,1.0,2.0,5.0,5.0,2.0,40,40.0,1.0,100.0,3700.0,3270.8,21.34615384615385,21.34615384615385,1.0,4.0,1.0,,2,,,,5.0,10.0,20.0,3,12.5,25.0,50.0,7.5,1,4,2,4,4,5,4,1,5,3,6,7,7,3,3,4,3,4,2,2,4,4,4,5,4,9.0
1,1,1.0,29.0,3.0,1.0,4.0,5.0,2.0,30,48.0,3.0,160.0,2457.98,2172.85432,18.90753846153846,11.81721153846154,1.0,1.0,1.0,,2,,,,17.5,5.0,0.0,17.5,36.45833333333333,10.41666666666667,0.0,36.45833333333333,3,3,2,2,2,5,2,1,4,5,5,7,6,4,4,2,5,4,2,3,3,3,2,2,4,9.0
1,1,2.0,39.0,2.0,1.0,4.0,9.0,3.0,20,35.0,3.0,175.0,1350.0,1193.4,15.57692307692308,8.901098901098901,1.0,3.0,5.0,30.0,2,,,,5.0,2.0,4.0,8,14.28571428571428,5.714285714285714,11.42857142857143,22.85714285714286,4,3,3,2,2,3,2,2,1,1,2,4,3,2,2,2,2,2,2,4,2,2,3,3,5,9.0
1,1,2.0,40.0,2.0,1.0,5.0,5.0,3.0,30,40.0,3.0,133.3333333333333,2400.0,2121.6,18.46153846153846,13.84615384615384,1.0,1.0,5.0,10.0,2,,,,14.0,24.0,2.0,2,,,,,3,4,4,3,4,5,3,1,5,3,7,7,6,5,4,4,4,4,1,4,4,2,5,4,5,9.0
1,1,2.0,29.0,2.0,1.0,4.0,1.0,3.0,30,43.0,3.0,143.3333333333333,2300.0,2033.2,17.69230769230769,12.34347048300537,1.0,1.0,1.0,,2,,,,0.0,40.0,0.0,3,0.0,93.02325581395348,0.0,6.976744186046512,2,4,4,3,2,5,2,2,6,3,5,5,5,5,1,4,3,3,4,3,3,4,4,4,5,9.0
1,1,1.0,26.0,3.0,1.0,4.0,2.0,2.0,36.75,36.75,1.0,100.0,3025.0,2674.1,18.99529042386185,18.99529042386185,1.0,1.0,1.0,,2,,,,16.0,14.5,0.25,6,43.53741496598639,39.45578231292517,0.6802721088435374,16.3265306122449,4,2,3,2,2,3,3,5,3,3,6,5,5,5,2,1,3,4,2,4,2,3,3,2,2,9.0
1,1,1.0,33.0,2.0,1.0,4.0,5.0,3.0,30,45.0,3.0,150.0,2913.0,2575.092,22.40769230769231,14.93846153846154,1.0,1.0,1.0,,2,,,,8.0,24.0,8.0,5,17.77777777777778,53.33333333333334,17.77777777777778,11.11111111111111,3,3,3,2,3,2,3,1,3,3,5,7,7,3,4,3,4,2,2,2,3,3,3,3,4,9.0
1,1,2.0,25.0,3.0,1.0,4.0,2.0,3.0,33,48.0,3.0,145.4545454545455,2700.0,2386.8,18.88111888111888,12.98076923076923,1.0,4.0,1.0,,2,,,,18.0,30.0,0.0,0,37.5,62.5,0.0,0.0,4,3,5,3,3,5,4,1,6,1,5,6,6,5,2,5,5,4,2,4,2,2,4,2,3,9.0
1,1,2.0,33.0,1.0,2.0,4.0,9.0,3.0,24,30.0,3.0,125.0,2850.0,2519.4,27.40384615384616,21.92307692307692,1.0,2.0,2.0,20.0,2,,,,14.0,10.0,0.0,6,46.66666666666666,33.33333333333333,0.0,20.0,4,4,4,3,3,5,4,1,6,3,4,7,5,4,2,4,4,3,2,3,3,2,3,4,3,9.0
1,1,2.0,38.0,2.0,2.0,4.0,5.0,3.0,30,42.5,3.0,125.0,2100.0,1856.4,16.15384615384615,10.229268781543402,1.0,1.0,1.0,,2,,,,20.0,40.0,5.0,10,,,,,3,2,5,2,1,4,3,2,4,5,5,6,5,4,3,4,4,4,2,2,4,3,3,3,5,9.0
1,1,1.0,25.0,3.0,1.0,4.0,2.0,3.0,40,45.0,3.0,112.5,3820.0,3376.88,22.03846153846154,19.58974358974359,1.0,1.0,1.0,,2,,,,12.0,30.0,2.0,1,26.66666666666667,66.66666666666666,4.444444444444445,2.222222222222222,2,4,4,4,4,5,4,1,2,2,4,5,7,3,1,2,2,2,4,2,2,4,4,4,4,9.0
1,1,1.0,30.0,2.0,1.0,4.0,2.0,3.0,40,40.0,1.0,100.0,4500.0,3978.0,25.96153846153846,25.96153846153846,1.0,3.0,1.0,,2,,,,0.0,35.0,0.0,5,0.0,87.5,0.0,12.5,2,4,4,4,4,4,4,1,4,1,5,5,4,2,1,3,2,4,4,2,4,5,4,5,5,9.0
1,1,2.0,29.0,1.0,1.0,4.0,2.0,1.0,40,55.0,3.0,137.5,3700.0,3270.8,21.34615384615385,15.52447552447552,1.0,1.0,1.0,,2,,,,8.0,10.0,20.0,10,14.54545454545454,18.18181818181818,36.36363636363637,18.18181818181818,4,2,5,2,1,1,2,1,2,3,6,6,3,5,2,4,4,4,3,4,3,2,3,3,3,9.0
1,1,2.0,28.0,3.0,1.0,4.0,1.0,2.0,40,45.0,3.0,112.5,4149.82,3668.44088,23.94126923076923,21.2811282051282,1.0,2.0,1.0,,2,,,,7.0,35.0,1.0,2,15.55555555555556,77.77777777777779,2.222222222222222,4.444444444444445,3,5,4,2,5,5,4,1,4,1,3,7,6,4,1,2,2,2,4,4,1,2,5,2,4,9.0
1,1,2.0,31.0,2.0,1.0,4.0,2.0,3.0,30,35.0,3.0,116.6666666666667,2866.0,2533.544,22.04615384615385,18.8967032967033,1.0,1.0,1.0,,2,,,,0.0,25.0,0.0,10,0.0,71.42857142857143,0.0,28.57142857142857,4,3,5,2,2,2,3,3,6,5,6,5,5,4,1,4,3,2,3,5,2,2,3,2,4,9.0
1,1,1.0,37.0,2.0,2.0,5.0,5.0,3.0,40,40.0,1.0,100.0,3000.0,2652.0,17.30769230769231,17.30769230769231,1.0,2.0,6.0,10.0,2,,,,10.0,8.0,3.0,15,25.0,20.0,7.5,37.5,4,5,4,3,3,3,4,2,4,4,6,7,5,5,3,3,5,5,1,5,3,3,4,2,2,9.0
1,1,1.0,28.0,2.0,1.0,4.0,2.0,2.0,40,47.5,3.0,118.75,3700.0,3270.8,21.34615384615385,17.97570850202429,1.0,3.0,1.0,,2,,,,2.0,35.0,5.0,4,4.210526315789473,73.68421052631578,10.52631578947368,8.421052631578947,1,4,3,5,4,5,5,1,4,3,5,7,7,3,1,4,3,4,2,2,4,3,4,4,4,9.0
1,1,3.0,32.0,2.0,1.0,4.0,6.0,2.0,30,30.0,1.0,100.0,2333.0,2062.372,17.94615384615384,17.94615384615384,1.0,1.0,5.0,5.0,2,,,,15.0,10.0,4.0,1,50.0,33.33333333333333,13.33333333333333,3.333333333333333,4,4,3,2,4,5,4,2,4,3,6,5,6,4,4,4,3,3,1,5,2,1,3,3,4,9.0
1,1,1.0,29.0,2.0,1.0,4.0,2.0,3.0,40,40.0,1.0,100.0,3850.0,3403.4,22.21153846153846,22.21153846153846,1.0,1.0,1.0,,2,,,,5.0,10.0,20.0,5,12.5,25.0,50.0,12.5,4,3,4,3,3,2,2,1,4,3,5,5,5,3,2,2,2,3,3,3,2,4,3,3,3,9.0
1,1,2.0,33.0,2.0,1.0,4.0,6.0,3.0,30,35.0,3.0,116.6666666666667,3400.0,3005.6,26.15384615384615,22.41758241758242,1.0,2.0,1.0,,2,,,,12.0,10.0,5.0,8,34.28571428571428,28.57142857142857,14.28571428571428,22.85714285714286,2,5,5,3,4,4,4,1,5,2,6,7,6,3,2,2,3,4,4,4,4,3,4,4,4,9.0
1,1,2.0,31.0,3.0,1.0,4.0,9.0,3.0,35,35.0,1.0,100.0,3350.0,2961.4,22.08791208791209,22.08791208791209,1.0,3.0,1.0,,2,,,,10.0,10.0,0.0,15,28.57142857142857,28.57142857142857,0.0,42.85714285714285,3,3,4,3,4,2,3,2,5,4,4,6,5,4,3,4,4,4,2,4,2,2,4,3,2,9.0
1,1,1.0,35.0,1.0,1.0,4.0,9.0,3.0,30,30.0,1.0,100.0,2900.0,2563.6,22.30769230769231,22.30769230769231,1.0,2.0,1.0,,2,,,,10.0,10.0,0.0,10,33.33333333333333,33.33333333333333,0.0,33.33333333333333,4,4,3,2,2,3,2,5,5,3,4,4,4,3,2,2,2,4,2,4,2,3,4,3,3,9.0
1,1,2.0,27.0,3.0,1.0,4.0,5.0,3.0,30,30.0,1.0,100.0,2868.0,2535.312,22.06153846153846,22.06153846153846,1.0,2.0,1.0,,2,,,,5.0,20.0,2.0,3,16.66666666666666,66.66666666666666,6.666666666666667,10.0,1,3,2,3,2,4,3,2,4,3,5,6,5,3,1,4,2,5,3,3,3,4,3,5,5,9.0
1,1,1.0,26.0,3.0,1.0,4.0,5.0,3.0,30,50.0,3.0,166.6666666666667,2867.6,2534.9584,22.05846153846154,13.23507692307692,1.0,1.0,1.0,,2,,,,9.0,35.0,0.0,6,18.0,70.0,0.0,12.0,4,3,2,2,4,1,3,1,5,2,6,6,5,4,3,3,4,4,1,5,2,2,4,3,4,9.0
1,1,1.0,26.0,3.0,1.0,4.0,1.0,2.0,30,45.0,3.0,150.0,2400.0,2121.6,18.46153846153846,12.30769230769231,1.0,1.0,1.0,,2,,,,4.0,31.0,2.0,8,8.88888888888889,68.88888888888889,4.444444444444445,17.77777777777778,3,3,4,4,5,4,4,1,4,2,7,7,6,4,4,5,5,5,2,2,4,4,5,4,3,9.0
1,1,2.0,30.0,2.0,1.0,4.0,8.0,3.0,20,25.0,3.0,125.0,1638.7,1448.6108,18.90807692307693,15.12646153846154,1.0,1.0,1.0,,2,,,,5.0,8.0,0.0,7,20.0,32.0,0.0,28.0,1,4,5,4,4,5,5,1,4,4,4,6,7,3,2,4,4,4,3,3,4,2,5,5,4,9.0
1,1,1.0,25.0,3.0,1.0,4.0,1.0,3.0,30,30.0,1.0,100.0,2860.0,2528.24,22,22.0,1.0,1.0,1.0,,2,,,,3.0,27.0,0.0,1,,,,,2,4,3,4,4,5,4,1,1,1,3,6,7,2,2,3,3,3,3,2,4,4,4,4,4,9.0
1,1,2.0,28.0,2.0,1.0,4.0,4.0,2.0,30,30.0,1.0,100.0,2900.0,2563.6,22.30769230769231,22.30769230769231,2.0,2.0,1.0,,2,,,,2.0,15.0,5.0,8,6.666666666666667,50.0,16.66666666666666,26.66666666666667,4,2,5,2,2,2,2,6,5,5,2,2,1,4,1,3,2,3,3,4,2,4,4,2,4,9.0
1,1,1.0,37.0,2.0,2.0,4.0,5.0,3.0,30,40.0,3.0,133.3333333333333,3400.0,3005.6,26.15384615384615,19.61538461538462,1.0,2.0,2.0,15.0,2,,,,24.0,8.0,0.0,8,60.0,20.0,0.0,20.0,2,3,3,3,2,5,3,1,2,1,3,5,6,3,1,2,2,2,4,2,2,4,4,4,2,9.0
1,1,1.0,29.0,2.0,1.0,4.0,2.0,3.0,40,55.0,3.0,137.5,3950.0,3491.8,22.78846153846154,16.57342657342657,1.0,2.0,1.0,,2,,,,5.0,29.0,20.0,1,9.090909090909092,52.72727272727272,36.36363636363637,1.818181818181818,3,5,4,3,3,5,4,1,5,4,6,6,6,4,2,4,4,4,3,3,2,3,4,4,4,9.0
1,1,2.0,28.0,3.0,1.0,4.0,1.0,3.0,30,40.0,3.0,133.3333333333333,2400.0,2121.6,18.46153846153846,13.84615384615384,1.0,2.0,1.0,,2,,,,3.0,30.0,3.0,4,7.5,75.0,7.5,10.0,2,2,3,4,4,5,3,2,2,2,5,6,6,2,2,3,2,3,4,3,2,3,4,4,4,9.0
1,1,1.0,31.0,3.0,1.0,4.0,1.0,3.0,40,40.0,1.0,100.0,3700.0,3270.8,21.34615384615385,21.34615384615385,1.0,1.0,1.0,,2,,,,15.0,20.0,0.0,5,37.5,50.0,0.0,12.5,1,4,2,3,2,3,2,3,5,3,5,6,5,3,2,4,3,3,4,2,4,4,4,4,4,9.0
1,1,2.0,25.0,2.0,1.0,4.0,6.0,3.0,30,42.5,3.0,141.6666666666667,2800.0,2475.2,21.53846153846154,15.20361990950226,1.0,3.0,1.0,,2,,,,20.0,5.0,0.0,15,47.05882352941176,11.76470588235294,0.0,35.29411764705883,4,4,5,3,3,4,3,1,6,2,7,7,5,4,2,4,4,5,2,5,2,2,4,4,5,9.0
1,1,1.0,30.0,2.0,1.0,4.0,5.0,3.0,30,45.0,3.0,150.0,2800.0,2475.2,21.53846153846154,14.35897435897436,1.0,1.0,1.0,,2,,,,6.0,35.0,0.0,0.5,13.33333333333333,77.77777777777779,0.0,1.111111111111111,4,4,3,4,5,5,3,1,3,2,5,7,7,4,3,3,4,4,1,4,2,2,2,2,2,9.0
1,1,2.0,27.0,3.0,1.0,4.0,5.0,3.0,30,30.0,1.0,100.0,2867.0,2534.428,22.05384615384616,22.05384615384616,1.0,1.0,1.0,,2,,,,0.0,28.0,0.0,2,0.0,93.33333333333333,0.0,6.666666666666667,4,4,5,3,4,4,3,1,4,5,6,6,7,4,2,4,2,4,2,4,1,2,4,2,4,9.0
1,1,1.0,32.0,2.0,1.0,4.0,5.0,3.0,40,40.0,1.0,100.0,3000.0,2652.0,17.30769230769231,17.30769230769231,1.0,3.0,1.0,,2,,,,10.0,20.0,0.0,10,25.0,50.0,0.0,25.0,2,3,2,4,4,4,4,3,2,3,4,5,6,3,2,3,2,2,5,2,4,4,4,4,3,9.0
1,1,2.0,27.0,2.0,1.0,4.0,2.0,3.0,40,44.0,3.0,110.0,3100.0,2740.4,17.88461538461538,16.25874125874126,1.0,1.0,1.0,,2,,,,0.0,43.0,0.0,2,,,,,4,2,5,2,2,4,3,3,3,3,3,4,4,4,1,2,3,3,2,4,2,2,3,3,4,9.0
1,1,1.0,28.0,3.0,1.0,4.0,5.0,2.0,30,30.0,1.0,100.0,1700.0,1502.8,13.07692307692308,13.07692307692308,1.0,2.0,1.0,,2,,,,6.0,20.0,0.0,4,20.0,66.66666666666666,0.0,13.33333333333333,4,3,3,3,4,3,3,3,2,2,4,3,4,4,1,1,1,2,4,4,2,2,2,2,3,9.0
1,1,1.0,31.0,1.0,1.0,4.0,5.0,3.0,30,40.0,3.0,133.3333333333333,2500.0,2210.0,19.23076923076923,14.42307692307692,1.0,2.0,1.0,,2,,,,5.0,15.0,0.0,20,12.5,37.5,0.0,50.0,2,4,4,4,4,5,3,2,5,2,6,6,5,4,1,2,4,3,3,2,3,4,4,4,5,9.0
1,1,2.0,27.0,1.0,1.0,4.0,1.0,2.0,30,42.5,3.0,141.6666666666667,2500.0,2210.0,19.23076923076923,13.57466063348416,1.0,1.0,1.0,,2,,,,8.0,30.0,0.0,3,18.82352941176471,70.58823529411765,0.0,7.058823529411764,1,5,4,4,5,5,4,1,4,2,6,7,7,3,2,3,4,3,4,2,3,4,4,5,4,9.0
1,1,2.0,27.0,3.0,1.0,4.0,8.0,3.0,30,40.0,3.0,133.3333333333333,1800.0,1591.2,13.84615384615384,10.38461538461538,1.0,2.0,4.0,5.0,2,,,,5.0,25.0,2.0,2,12.5,62.5,5.0,5.0,1,3,5,3,2,5,3,2,4,4,6,6,5,4,2,5,5,5,4,2,4,2,4,5,5,9.0
1,1,2.0,27.0,3.0,1.0,4.0,6.0,3.0,40,40.0,1.0,100.0,3500.0,3094.0,20.19230769230769,20.19230769230769,1.0,5.0,1.0,,2,,,,7.5,32.5,0.0,3,,,,,2,5,3,5,4,4,5,1,5,3,6,6,7,3,3,3,1,1,2,2,2,4,5,4,3,9.0
1,1,1.0,25.0,3.0,1.0,4.0,7.0,3.0,40,40.0,1.0,100.0,3600.0,3182.4,20.76923076923077,20.76923076923077,1.0,1.0,1.0,,2,,,,4.0,16.0,4.0,16,10.0,40.0,10.0,40.0,1,4,3,5,4,5,4,2,4,2,4,5,5,4,3,4,3,4,4,2,3,4,4,4,4,9.0
1,1,2.0,38.0,2.0,2.0,4.0,5.0,2.0,30,50.0,3.0,166.6666666666667,3440.0,3040.96,26.46153846153846,15.87692307692308,1.0,4.0,1.0,,2,,,,10.0,30.0,2.0,8,20.0,60.0,4.0,16.0,2,4,5,2,1,3,2,4,2,1,5,5,5,4,1,4,3,3,2,2,4,3,4,4,4,9.0
1,1,1.0,37.0,1.0,1.0,4.0,8.0,3.0,30,30.0,1.0,100.0,3400.0,3005.6,26.15384615384615,26.15384615384615,1.0,4.0,1.0,,2,,,,8.0,15.0,2.0,5,26.66666666666667,50.0,6.666666666666667,16.66666666666666,1,4,5,4,5,5,4,1,3,2,3,6,6,3,2,4,3,2,3,2,4,4,4,5,4,9.0
1,1,2.0,30.0,3.0,1.0,4.0,9.0,3.0,30,30.0,1.0,100.0,2868.0,2535.312,22.06153846153846,22.06153846153846,1.0,2.0,6.0,7.0,2,,,,10.0,15.0,0.0,5,33.33333333333333,50.0,0.0,16.66666666666666,4,3,3,3,2,2,3,1,1,1,5,7,5,3,2,2,4,4,2,4,2,2,3,4,4,9.0
1,1,2.0,27.0,2.0,1.0,4.0,1.0,2.0,30,40.0,3.0,133.3333333333333,2400.0,2121.6,18.46153846153846,13.84615384615384,1.0,2.0,1.0,,2,,,,0.0,25.0,5.0,10,0.0,62.5,12.5,25.0,1,3,5,2,2,5,3,1,2,3,3,6,7,4,2,4,2,4,4,1,4,4,4,5,5,9.0
1,1,2.0,37.0,4.0,2.0,4.0,13.0,3.0,30,40.0,3.0,133.3333333333333,2676.0,2365.584,20.58461538461539,15.43846153846154,1.0,2.0,1.0,,2,,,,9.0,11.0,4.0,6,22.5,27.5,10.0,15.0,3,4,5,3,2,5,4,1,5,2,6,6,6,4,3,3,3,4,3,4,3,3,4,4,4,9.0
1,1,2.0,29.0,2.0,1.0,4.0,5.0,3.0,30,40.0,3.0,133.3333333333333,3375.0,2983.5,25.96153846153846,19.47115384615385,1.0,2.0,1.0,,2,,,,8.0,28.0,0.0,4,20.0,70.0,0.0,10.0,4,3,3,3,1,2,3,2,3,4,5,5,6,3,1,3,3,2,2,3,4,4,3,4,2,9.0
1,1,1.0,34.0,2.0,1.0,4.0,2.0,3.0,40,40.0,1.0,100.0,4532.0,4006.288,26.14615384615384,26.14615384615384,1.0,2.0,1.0,,2,,,,6.0,18.0,11.0,5,15.0,45.0,27.5,12.5,2,4,3,4,4,5,4,2,6,3,6,6,6,2,2,2,2,3,4,2,4,3,4,4,4,9.0
1,1,2.0,27.0,3.0,1.0,4.0,1.0,3.0,26,26.0,1.0,100.0,1600.0,1414.4,14.20118343195266,14.20118343195266,1.0,1.0,1.0,,2,,,,0.0,20.0,6.0,0,0.0,76.92307692307693,23.07692307692308,0.0,3,3,4,4,3,4,4,1,6,4,6,7,7,3,2,3,2,4,2,3,4,2,4,4,4,9.0
1,1,2.0,26.0,2.0,1.0,4.0,10.0,3.0,30,30.0,1.0,100.0,2500.0,2210.0,19.23076923076923,19.23076923076923,1.0,1.0,7.0,4.0,2,,,,6.0,20.0,0.0,4,20.0,66.66666666666666,0.0,13.33333333333333,1,3,3,4,4,4,3,1,6,5,4,7,6,2,2,4,2,4,4,3,3,4,4,4,4,9.0
1,1,2.0,30.0,2.0,1.0,4.0,1.0,3.0,30,50.0,3.0,166.6666666666667,2300.0,2033.2,17.69230769230769,10.61538461538461,1.0,1.0,1.0,,2,,,,3.0,35.0,2.0,5,6.0,70.0,4.0,10.0,4,4,5,3,1,4,3,1,2,2,6,6,6,4,2,2,2,3,4,3,2,3,4,2,2,9.0
1,1,2.0,32.0,2.0,1.0,4.0,9.0,3.0,30,30.0,1.0,100.0,2913.9,2575.8876,22.41461538461539,22.41461538461539,1.0,1.0,4.0,5.0,2,,,,5.0,22.0,0.0,3,16.66666666666666,73.33333333333333,0.0,10.0,4,4,3,4,4,4,4,3,2,1,6,7,6,3,2,4,3,4,2,4,3,2,5,4,3,9.0
1,1,2.0,29.0,1.0,1.0,4.0,1.0,3.0,30,42.0,3.0,140.0,2200.0,1944.8,16.92307692307692,12.08791208791209,1.0,2.0,1.0,,2,,,,15.0,21.0,1.0,5,35.71428571428572,50.0,2.380952380952381,11.9047619047619,4,4,3,3,2,4,3,3,3,2,7,6,6,4,1,4,3,4,2,3,4,3,4,4,3,9.0
1,1,2.0,25.0,2.0,1.0,4.0,13.0,2.0,30,30.0,1.0,100.0,2500.0,2210.0,19.23076923076923,19.23076923076923,1.0,1.0,1.0,,2,,,,1.0,25.0,3.0,1,3.333333333333333,83.33333333333334,10.0,3.333333333333333,2,3,4,2,5,4,3,3,6,5,6,5,4,4,2,4,4,2,3,3,3,4,4,4,4,9.0
1,1,1.0,32.0,3.0,1.0,4.0,1.0,2.0,30,40.0,3.0,133.3333333333333,3350.0,2961.4,25.76923076923077,19.32692307692308,1.0,2.0,1.0,,2,,,,10.0,20.0,8.0,4,,,,,4,3,4,2,3,3,2,1,2,2,4,7,6,4,2,3,3,3,2,3,2,3,4,3,4,9.0
1,1,1.0,33.0,3.0,1.0,4.0,5.0,3.0,30,30.0,1.0,100.0,2900.0,2563.6,22.30769230769231,22.30769230769231,1.0,2.0,1.0,,2,,,,10.0,18.0,0.0,2,33.33333333333333,60.0,0.0,6.666666666666667,1,4,5,4,5,5,4,1,3,1,4,7,7,2,4,4,3,3,4,3,4,5,5,5,5,9.0
1,1,1.0,28.0,3.0,1.0,4.0,5.0,2.0,37,37.0,1.0,100.0,3500.0,3094.0,21.82952182952183,21.82952182952183,1.0,2.0,1.0,,2,,,,15.0,15.0,0.0,7,40.54054054054054,40.54054054054054,0.0,18.91891891891892,3,4,2,5,4,4,4,3,3,1,5,5,7,3,4,5,4,4,4,4,3,2,5,4,2,9.0
1,1,2.0,33.0,1.0,3.0,4.0,5.0,3.0,30,50.0,3.0,166.6666666666667,2900.0,2563.6,22.30769230769231,13.38461538461539,1.0,1.0,5.0,5.0,2,,,,10.0,20.0,10.0,20,,,,,4,2,5,2,2,2,1,2,3,6,3,5,6,5,1,3,3,3,2,2,3,4,4,2,4,9.0
1,1,1.0,32.0,3.0,1.0,4.0,2.0,3.0,40,42.0,3.0,105.0,4532.0,4006.288,26.14615384615384,24.9010989010989,1.0,1.0,1.0,,2,,,,2.0,8.0,20.0,10,4.761904761904762,19.04761904761905,47.61904761904761,23.80952380952381,1,2,1,2,1,3,2,5,4,1,6,6,4,4,2,5,3,4,4,2,3,5,4,3,5,9.0
1,1,2.0,28.0,2.0,1.0,4.0,1.0,3.0,30,30.0,1.0,100.0,2867.0,2534.428,22.05384615384616,22.05384615384616,1.0,2.0,1.0,,2,,,,12.0,13.0,1.0,4,40.0,43.33333333333334,3.333333333333333,13.33333333333333,2,3,4,4,4,5,4,2,5,2,6,6,5,3,2,2,2,4,4,3,3,4,4,4,4,9.0
1,1,2.0,30.0,2.0,1.0,4.0,1.0,2.0,30,45.0,3.0,150.0,2400.0,2121.6,18.46153846153846,12.30769230769231,1.0,2.0,1.0,,2,,,,20.0,20.0,1.0,5,,,,,4,4,3,3,2,5,3,2,5,3,6,6,6,4,2,3,4,3,2,2,3,4,4,4,3,9.0
1,1,1.0,34.0,2.0,1.0,4.0,9.0,3.0,20,50.0,3.0,250.0,1600.0,1414.4,18.46153846153846,7.384615384615384,1.0,2.0,2.0,10.0,2,,,,15.0,20.0,2.0,10,30.0,40.0,4.0,20.0,3,4,5,4,4,3,3,1,3,3,5,6,7,4,3,4,4,3,2,4,2,3,4,4,4,9.0
1,1,1.0,28.0,2.0,1.0,4.0,2.0,3.0,40,40.0,1.0,100.0,3800.0,3359.2,21.92307692307692,21.92307692307692,3.0,1.0,5.0,3.5,2,,,,12.5,20.0,7.5,5,,,,,4,4,5,2,3,4,3,2,6,2,5,3,5,4,2,4,4,2,2,2,2,2,4,3,2,9.0
1,1,2.0,27.0,2.0,1.0,4.0,1.0,3.0,40,55.0,3.0,137.5,2400.0,2121.6,13.84615384615384,10.06993006993007,1.0,1.0,1.0,,2,,,,0.0,40.0,15.0,0,0.0,72.72727272727273,27.27272727272727,0.0,3,4,5,2,4,4,3,1,4,3,6,7,5,5,2,5,5,5,2,3,4,2,4,3,4,9.0
1,1,2.0,26.0,2.0,1.0,4.0,10.0,3.0,30,40.0,3.0,133.3333333333333,2867.64,2534.99376,22.05876923076923,16.54407692307692,1.0,2.0,1.0,,2,,,,20.0,20.0,0.0,0,50.0,50.0,0.0,0.0,2,4,2,4,4,5,3,2,4,2,5,5,5,4,1,2,3,4,4,4,2,3,4,4,4,9.0
1,1,2.0,34.0,2.0,1.0,4.0,10.0,3.0,30,45.0,3.0,150.0,2300.0,2033.2,17.69230769230769,11.79487179487179,1.0,1.0,5.0,10.0,2,,,,10.0,25.0,5.0,5,22.22222222222222,55.55555555555556,11.11111111111111,11.11111111111111,1,3,2,3,4,4,3,1,2,1,3,6,7,4,2,4,3,4,2,2,3,4,4,4,4,9.0
1,1,2.0,28.0,2.0,1.0,4.0,1.0,3.0,30,35.0,3.0,116.6666666666667,2500.0,2210.0,19.23076923076923,16.48351648351648,1.0,1.0,1.0,,2,,,,2.0,15.0,10.0,9,,,,,2,2,2,2,4,2,2,2,1,1,3,7,6,4,3,2,3,2,2,2,3,4,4,4,4,9.0
1,1,1.0,36.0,2.0,1.0,4.0,10.0,2.0,30,45.0,3.0,150.0,2400.0,2121.6,18.46153846153846,12.30769230769231,1.0,2.0,2.0,5.0,2,,,,15.0,22.0,2.0,5,33.33333333333333,48.88888888888889,4.444444444444445,11.11111111111111,3,4,3,4,5,5,4,1,4,3,7,7,7,3,3,3,4,3,2,4,3,2,4,4,4,9.0
1,1,2.0,33.0,2.0,1.0,4.0,1.0,3.0,30,30.0,1.0,100.0,2900.0,2563.6,22.30769230769231,22.30769230769231,1.0,1.0,1.0,,2,,,,0.0,15.0,5.0,10,0.0,50.0,16.66666666666666,33.33333333333333,1,3,4,4,4,5,3,1,5,3,4,7,6,4,2,4,3,4,3,3,4,4,4,4,4,9.0
1,1,1.0,29.0,2.0,1.0,4.0,1.0,3.0,30,45.0,3.0,150.0,4200.0,3712.8,32.30769230769231,21.53846153846154,1.0,2.0,1.0,,2,,,,5.0,5.0,30.0,5,11.11111111111111,11.11111111111111,66.66666666666666,11.11111111111111,4,4,3,4,4,5,3,1,5,2,4,5,6,2,4,3,3,3,3,4,2,3,4,3,4,9.0
1,1,1.0,33.0,3.0,1.0,4.0,5.0,3.0,30,40.0,3.0,133.3333333333333,2800.0,2475.2,21.53846153846154,16.15384615384615,1.0,1.0,5.0,8.0,2,,,,0.0,15.0,20.0,5,0.0,37.5,50.0,12.5,4,3,4,2,2,5,2,1,6,4,3,6,4,4,1,2,3,4,2,2,2,5,4,2,3,9.0
1,1,2.0,29.0,2.0,1.0,4.0,5.0,2.0,30,40.0,3.0,133.3333333333333,2200.0,1944.8,16.92307692307692,12.69230769230769,1.0,1.0,1.0,,2,,,,0.0,30.0,2.0,5,0.0,75.0,5.0,12.5,4,3,4,2,3,1,2,3,5,2,5,5,4,5,4,4,4,4,2,5,2,2,3,2,2,9.0
1,1,2.0,30.0,1.0,1.0,4.0,5.0,2.0,30,35.0,3.0,116.6666666666667,4369.0,3862.196,33.60769230769231,28.80659340659341,1.0,2.0,1.0,,2,,,,7.0,20.0,1.0,2,20.0,57.14285714285714,2.857142857142857,5.714285714285714,1,4,4,4,4,4,3,1,4,2,4,7,6,2,2,4,2,3,4,2,3,3,4,4,5,9.0
1,1,1.0,29.0,2.0,1.0,4.0,5.0,3.0,30,50.0,3.0,166.6666666666667,2800.0,2475.2,21.53846153846154,12.92307692307692,1.0,1.0,1.0,,2,,,,15.0,25.0,0.0,10,30.0,50.0,0.0,20.0,3,4,4,3,4,4,3,1,4,3,6,7,6,5,3,4,4,5,2,4,3,3,4,4,4,9.0
1,1,1.0,24.0,3.0,1.0,4.0,1.0,2.0,10,30.0,3.0,300.0,694.0000000000002,613.4960000000001,16.01538461538462,5.338461538461539,1.0,1.0,5.0,2.0,2,,,,1.0,28.0,0.0,1,3.333333333333333,93.33333333333333,0.0,3.333333333333333,1,4,3,4,4,5,4,1,4,2,4,5,6,3,4,4,2,4,3,2,3,4,4,4,4,9.0
1,1,1.0,32.0,1.0,2.0,4.0,6.0,3.0,40,40.0,1.0,100.0,3600.0,3182.4,20.76923076923077,20.76923076923077,1.0,1.0,1.0,,2,,,,5.0,15.0,15.0,5,12.5,37.5,37.5,12.5,4,4,4,2,4,4,2,7,4,1,2,1,1,4,2,1,1,3,2,5,1,1,1,2,2,9.0
1,1,1.0,31.0,3.0,1.0,4.0,2.0,2.0,40,50.0,3.0,125.0,3277.3,2897.1332,18.9075,15.126,3.0,3.0,1.0,,2,,,,3.0,10.0,22.0,15,6.0,20.0,44.0,30.0,4,4,5,3,2,5,3,1,3,3,6,5,6,4,2,3,4,4,2,4,4,3,4,3,2,9.0
1,1,2.0,31.0,2.0,2.0,4.0,5.0,3.0,36,36.0,1.0,100.0,3500.0,3094.0,22.43589743589744,22.43589743589744,1.0,1.0,1.0,,2,,,,7.0,24.0,0.0,1,19.44444444444445,66.66666666666666,0.0,2.777777777777778,3,4,4,4,4,5,5,1,6,6,6,7,7,4,4,5,2,2,3,3,4,4,3,4,2,9.0
1,1,2.0,29.0,2.0,1.0,4.0,3.0,2.0,30,35.0,3.0,116.6666666666667,1700.0,1502.8,13.07692307692308,11.20879120879121,1.0,2.0,1.0,,2,,,,0.0,20.0,10.0,5,0.0,57.14285714285714,28.57142857142857,14.28571428571428,3,3,4,4,4,4,3,2,5,5,6,6,6,3,4,4,3,5,1,4,3,4,4,3,3,9.0
1,1,2.0,31.0,2.0,1.0,4.0,5.0,3.0,30,40.0,3.0,133.3333333333333,3000.0,2652.0,23.07692307692308,17.30769230769231,1.0,2.0,1.0,,2,,,,1.0,35.0,0.0,4,2.5,87.5,0.0,10.0,2,3,3,3,4,5,4,1,3,2,4,7,6,3,1,3,2,2,3,3,2,3,4,4,4,9.0
1,1,2.0,29.0,1.0,1.0,4.0,5.0,3.0,30,45.0,3.0,150.0,2200.0,1944.8,16.92307692307692,11.28205128205128,1.0,1.0,1.0,,2,,,,12.0,23.0,0.0,5,26.66666666666667,51.11111111111111,0.0,11.11111111111111,3,3,5,2,2,5,2,1,6,3,4,6,7,4,3,3,5,3,2,2,2,3,4,3,2,9.0
1,1,3.0,38.0,1.0,2.0,4.0,5.0,3.0,30,50.0,3.0,166.6666666666667,2913.9,2575.8876,22.41461538461539,13.44876923076923,1.0,1.0,4.0,5.0,2,,,,15.0,10.0,10.0,15,30.0,20.0,20.0,30.0,1,3,5,2,4,5,3,1,3,1,4,6,6,4,2,3,4,4,3,2,4,4,4,4,4,9.0
1,1,2.0,27.0,2.0,1.0,4.0,1.0,3.0,30,45.0,3.0,150.0,2900.0,2563.6,22.30769230769231,14.87179487179487,1.0,1.0,1.0,,2,,,,5.0,37.0,0.0,3,11.11111111111111,82.22222222222221,0.0,6.666666666666667,4,2,5,2,1,3,2,2,5,4,4,5,6,4,2,3,4,4,2,4,2,2,4,4,4,9.0
1,1,2.0,25.0,2.0,1.0,4.0,6.0,3.0,35,40.0,3.0,114.2857142857143,1800.0,1591.2,11.86813186813187,10.38461538461538,1.0,2.0,1.0,,2,,,,15.0,15.0,0.0,5,37.5,37.5,0.0,12.5,3,4,4,2,4,5,3,1,1,1,2,6,4,4,1,4,5,5,2,3,3,3,3,4,4,9.0
1,1,2.0,33.0,3.0,1.0,4.0,6.0,3.0,30,33.0,3.0,110.0,2867.0,2534.428,22.05384615384616,20.04895104895105,1.0,2.0,5.0,6.0,2,,,,8.0,10.0,10.0,5,24.24242424242424,30.3030303030303,30.3030303030303,15.15151515151515,2,4,3,2,4,4,3,4,5,5,5,3,4,4,2,4,2,2,4,4,2,4,4,4,4,9.0
1,1,2.0,31.0,2.0,1.0,4.0,3.0,2.0,30,30.0,1.0,100.0,2450.0,2165.8,18.84615384615385,18.84615384615385,1.0,1.0,1.0,,2,,,,5.0,15.0,2.0,8,16.66666666666666,50.0,6.666666666666667,26.66666666666667,1,4,5,3,2,3,3,1,3,4,4,7,7,3,2,4,2,4,5,3,4,4,5,5,4,9.0
1,1,2.0,30.0,2.0,1.0,4.0,5.0,3.0,30,40.0,3.0,133.3333333333333,3000.0,2652.0,23.07692307692308,17.30769230769231,1.0,2.0,1.0,,2,,,,12.0,10.0,1.0,3,30.0,25.0,2.5,7.5,3,4,4,3,4,4,3,1,5,3,6,6,6,3,3,4,4,4,2,3,3,2,3,3,4,9.0
1,1,2.0,36.0,2.0,1.0,4.0,5.0,3.0,30,50.0,3.0,166.6666666666667,4500.0,3978.0,34.61538461538462,20.76923076923077,1.0,2.0,1.0,,2,,,,10.0,30.0,5.0,5,20.0,60.0,10.0,10.0,1,4,4,4,5,5,4,1,5,3,6,5,6,4,4,4,4,4,4,3,4,4,4,3,4,9.0
1,1,2.0,30.0,2.0,1.0,4.0,1.0,3.0,30,40.0,3.0,133.3333333333333,2500.0,2210.0,19.23076923076923,14.42307692307692,1.0,2.0,1.0,,2,,,,8.0,20.0,4.0,8,20.0,50.0,10.0,20.0,4,3,4,3,3,4,4,2,2,2,2,1,2,4,2,3,3,4,2,3,4,3,4,4,4,9.0
1,1,1.0,48.0,1.0,2.0,4.0,5.0,3.0,30,30.0,1.0,100.0,2478.0,2190.552,19.06153846153846,19.06153846153846,1.0,1.0,1.0,,2,,,,1.5,20.0,0.0,8.5,5.0,66.66666666666666,0.0,28.33333333333333,4,4,3,3,2,3,3,3,4,1,5,6,6,4,2,1,1,3,3,3,2,4,1,1,3,9.0
1,1,1.0,30.0,2.0,1.0,4.0,3.0,2.0,20,30.0,3.0,150.0,1942.6,1717.2584,22.41461538461538,14.94307692307692,1.0,1.0,1.0,,2,,,,2.0,25.0,3.0,5,,,,,3,4,5,3,3,5,4,1,6,6,6,7,6,4,4,4,4,5,2,4,4,3,4,3,4,9.0
1,1,2.0,35.0,3.0,3.0,4.0,9.0,3.0,20,40.0,3.0,200.0,1800.0,1591.2,20.76923076923077,10.38461538461538,1.0,2.0,1.0,,2,,,,30.0,0.0,0.0,10,75.0,0.0,0.0,25.0,3,2,1,2,1,2,2,6,2,1,2,5,3,3,4,4,4,5,3,2,3,4,3,2,2,13.0
1,1,2.0,49.0,2.0,1.0,5.0,9.0,6.0,18.5,30.0,3.0,162.1621621621622,5000.0,4420.0,62.37006237006237,38.46153846153846,2.0,4.0,6.0,30.0,2,,,,6.0,3.0,0.0,21,20.0,10.0,0.0,70.0,3,3,3,4,4,4,4,1,5,1,5,7,5,2,3,3,4,4,1,2,4,3,4,5,4,2.0
1,1,1.0,52.0,2.0,2.0,4.0,5.0,3.0,40,60.0,3.0,150.0,6000.0,5304.0,34.61538461538461,23.07692307692308,2.0,3.0,1.0,,2,,,,20.0,15.0,15.0,10,33.33333333333333,25.0,25.0,16.66666666666666,3,3,4,4,3,5,4,1,6,2,6,7,7,3,3,4,4,3,4,2,4,3,4,4,2,2.0
1,1,1.0,58.0,3.0,1.0,4.0,5.0,6.0,40,39.0,3.0,100.0,6500.0,5746.0,37.5,31.44505494505495,2.0,1.0,1.0,,2,,,,15.0,20.0,0.0,15,,,,,4,3,4,2,3,4,3,1,4,2,4,6,5,4,3,2,3,4,3,3,4,2,3,3,4,2.0
1,1,2.0,50.0,2.0,3.0,5.0,6.0,1.0,35,50.0,3.0,142.8571428571429,4500.0,3978.0,29.67032967032968,20.76923076923077,3.0,3.0,1.0,,2,,,,15.0,10.0,10.0,10,30.0,20.0,20.0,20.0,2,3,3,2,2,4,3,1,2,1,3,7,7,4,4,3,4,4,4,2,4,3,5,5,2,2.0
1,1,1.0,46.0,1.0,1.0,4.0,1.0,1.0,40,48.0,3.0,120.0,7000.0,6188.0,40.38461538461539,33.65384615384615,2.0,5.0,1.0,,2,,,,15.0,28.0,10.0,5,,,,,1,4,4,4,3,4,4,1,2,2,5,7,7,2,4,3,3,3,3,2,4,3,4,4,5,2.0
1,1,1.0,46.0,1.0,2.0,5.0,9.0,1.0,35,50.0,3.0,142.8571428571429,4500.0,3978.0,29.67032967032968,20.76923076923077,2.0,4.0,1.0,,2,,,,25.0,10.0,2.0,13,50.0,20.0,4.0,26.0,3,3,4,4,2,4,4,1,4,2,5,7,7,4,2,4,4,3,2,3,4,4,4,4,4,2.0
1,1,1.0,59.0,1.0,1.0,4.0,9.0,6.0,40,60.0,3.0,150.0,7000.0,6188.0,40.38461538461539,26.92307692307692,2.0,2.0,1.0,,2,,,,30.0,5.0,0.0,20,50.0,8.333333333333332,0.0,33.33333333333333,2,4,4,4,4,5,4,1,1,1,2,6,6,2,2,2,4,2,4,1,4,4,4,5,5,2.0
1,1,2.0,39.0,1.0,2.0,5.0,5.0,1.0,40,40.0,3.0,110.07575757575758,4000.0,3536.0,23.07692307692308,21.79631868131868,4.0,3.0,1.0,,2,,,,4.0,15.0,15.0,10,,,,,1,2,4,5,3,5,4,2,2,4,5,7,6,4,3,5,4,4,4,4,3,2,4,5,4,2.0
1,1,1.0,45.0,2.0,2.0,4.0,9.0,1.0,40,46.0,3.0,115.87662337662339,7000.0,6188.0,40.38461538461539,31.115384615384613,1.0,3.0,1.0,,2,,,,36.0,4.0,4.0,8,,,,,2,2,3,4,2,4,3,1,2,1,2,6,7,4,2,2,4,2,2,2,4,4,3,4,4,2.0
1,1,2.0,31.0,1.0,1.0,5.0,9.0,1.0,20,30.0,3.0,150.0,1473.2,1302.3088,16.99846153846154,11.33230769230769,2.0,4.0,5.0,10.0,2,,,,20.0,0.0,2.0,0,66.66666666666666,0.0,6.666666666666667,0.0,1,3,4,4,2,4,2,1,3,2,4,6,6,4,2,4,3,5,3,3,3,3,3,4,5,2.0
1,1,2.0,46.0,2.0,2.0,4.0,5.0,1.0,40,55.0,3.0,137.5,7000.0,6188.0,40.38461538461539,29.37062937062937,3.0,3.0,1.0,,2,,,,20.0,10.0,10.0,15,36.36363636363637,18.18181818181818,18.18181818181818,27.27272727272727,3,2,5,3,2,5,2,2,4,1,2,6,6,4,4,4,4,4,2,3,4,3,3,5,5,2.0
1,1,1.0,46.0,1.0,2.0,5.0,13.0,1.0,35,45.0,3.0,128.5714285714286,5400.0,4773.6,35.60439560439561,27.69230769230769,2.0,3.0,5.0,15.0,2,,,,25.0,2.5,2.5,20,,,,,3,3,5,3,2,3,3,1,4,3,4,5,6,4,4,4,4,4,2,2,4,3,3,4,3,2.0
1,1,1.0,54.0,1.0,2.0,5.0,9.0,2.0,20,20.0,1.0,100.0,3200.0,2828.8,36.92307692307692,36.92307692307692,1.0,4.0,5.0,5.0,2,,,,16.0,8.0,2.0,4,,,,,1,4,3,4,4,4,4,1,2,1,5,7,7,4,4,4,4,4,2,2,4,4,4,5,5,2.0
1,1,1.0,65.0,1.0,1.0,4.0,4.0,2.0,20,36.0,3.0,100.0,3500.0,3094.0,40.38461538461539,21.886542422315443,1.0,1.0,5.0,20.0,2,,,,0.5,0.0,0.0,6,,,,,1,3,3,4,2,3,4,1,3,1,4,7,7,3,4,4,5,4,3,2,3,4,5,5,4,2.0
1,1,1.0,58.0,4.0,1.0,4.0,2.0,1.0,40,50.0,3.0,125.0,4000.0,3536.0,23.07692307692308,18.46153846153846,4.0,3.0,7.0,50.0,2,,,,15.0,3.0,2.0,30,30.0,6.0,4.0,60.0,4,2,1,3,4,2,3,2,2,2,2,2,6,3,3,2,2,3,3,2,2,2,3,3,3,2.0
1,1,1.0,52.0,2.0,1.0,4.0,9.0,1.0,40,60.0,3.0,150.0,4800.0,4243.2,27.69230769230769,18.46153846153846,2.0,5.0,5.0,1.0,2,,,,20.0,5.0,5.0,30,33.33333333333333,8.333333333333332,8.333333333333332,50.0,1,4,3,4,2,5,4,1,5,2,7,7,6,4,2,3,4,4,3,2,4,4,5,4,4,2.0
1,1,1.0,44.6,1.0,4.0,4.0,5.0,2.0,40,50.0,3.0,125.0,3500.0,3094.0,20.19230769230769,16.15384615384615,2.0,1.0,1.0,,2,,,,20.0,10.0,5.0,15,40.0,20.0,10.0,30.0,1,2,4,3,3,4,2,1,3,3,5,6,7,4,2,4,3,3,3,3,2,5,4,4,4,2.0
1,1,1.0,42.0,2.0,2.0,4.0,5.0,2.0,40,40.0,1.0,100.0,3800.0,3359.2,21.92307692307692,21.92307692307692,3.0,2.0,1.0,,2,,,,4.0,20.0,20.0,1,,,,,3,2,4,3,4,2,4,1,4,6,3,4,6,4,2,5,4,4,2,2,3,4,3,4,4,2.0
1,1,2.0,50.0,2.0,1.0,4.0,5.0,1.0,40,60.0,3.0,150.0,5200.0,4596.8,30,20.0,2.0,4.0,1.0,,2,,,,20.0,10.0,15.0,15,33.33333333333333,16.66666666666666,25.0,25.0,1,4,2,5,3,3,5,1,2,1,2,5,7,2,3,4,4,3,4,2,3,5,5,5,5,2.0
1,1,2.0,48.0,1.0,2.0,5.0,8.0,2.0,5,5.0,1.0,100.0,300.0,265.1999999999998,13.84615384615384,13.84615384615384,1.0,1.0,2.0,22.0,2,,,,5.0,5.0,0.0,1,,,,,2,5,1,5,5,5,5,1,1,1,7,7,7,2,1,1,4,5,5,2,3,4,3,4,3,2.0
1,1,1.0,62.0,1.0,1.0,4.0,5.0,1.0,40,40.0,1.0,100.0,6000.0,5304.0,34.61538461538461,34.61538461538461,4.0,5.0,1.0,,2,,,,4.0,10.0,10.0,16,10.0,25.0,25.0,40.0,2,5,5,3,3,4,5,1,2,1,4,7,7,4,2,2,2,3,4,1,3,5,5,5,5,2.0
1,1,1.0,64.0,1.0,1.0,4.0,2.0,6.0,40,50.0,3.0,125.0,6900.0,6099.6,39.80769230769231,31.846153846153847,2.0,4.0,1.0,,2,,,,12.0,15.0,2.0,21,24.0,30.0,4.0,42.0,1,4,2,3,4,5,4,1,6,1,6,7,6,2,2,3,4,5,4,2,2,3,5,4,4,2.0
1,1,2.0,45.0,1.0,2.0,4.0,5.0,1.0,40,60.0,3.0,150.0,7000.0,6188.0,40.38461538461539,26.92307692307692,2.0,3.0,2.0,6.0,2,,,,20.0,10.0,20.0,10,33.33333333333333,16.66666666666666,33.33333333333333,16.66666666666666,3,4,4,4,4,5,5,1,4,1,5,7,7,3,5,5,4,4,2,2,4,4,5,4,3,2.0
1,1,1.0,64.0,1.0,1.0,4.0,4.0,6.0,40,40.0,1.0,100.0,5000.0,4420.0,28.84615384615385,28.84615384615385,4.0,3.0,5.0,10.0,2,,,,8.0,8.0,1.0,10,20.0,20.0,2.5,25.0,1,4,4,4,3,4,4,1,4,3,6,6,6,4,2,4,4,4,3,3,4,4,4,4,4,2.0
1,1,2.0,63.0,1.0,1.0,4.0,9.0,3.0,40,50.0,3.0,125.0,7000.0,6188.0,40.38461538461539,32.30769230769231,1.0,5.0,1.0,,2,,,,25.0,10.0,2.0,13,50.0,20.0,4.0,26.0,2,4,5,4,4,4,5,1,2,1,3,7,6,3,2,2,4,2,4,2,3,4,4,4,4,2.0
1,1,1.0,51.0,1.0,2.0,4.0,5.0,1.0,40,80.0,3.0,200.0,7000.0,6188.0,40.38461538461539,20.19230769230769,4.0,3.0,1.0,,2,,,,20.0,20.0,30.0,10,25.0,25.0,37.5,12.5,2,3,3,2,4,4,3,2,2,3,4,6,4,3,1,2,4,4,3,2,3,5,4,3,3,2.0
1,1,1.0,47.0,1.0,2.0,4.0,1.0,1.0,40,40.0,1.0,100.0,6000.0,5304.0,34.61538461538461,34.61538461538461,4.0,4.0,1.0,,2,,,,16.0,5.0,5.0,14,40.0,12.5,12.5,35.0,2,4,4,2,2,3,4,1,1,2,1,4,6,4,1,3,2,1,4,2,3,4,3,4,4,2.0
1,1,2.0,59.0,1.0,1.0,4.0,5.0,1.0,40,50.0,3.0,125.0,6000.0,5304.0,34.61538461538461,27.69230769230769,2.0,4.0,1.0,,2,,,,15.0,10.0,10.0,15,30.0,20.0,20.0,30.0,2,4,5,4,4,4,4,1,3,1,4,5,6,3,3,3,2,2,5,2,2,4,5,5,5,2.0
1,1,1.0,55.0,2.0,1.0,4.0,5.0,1.0,40,70.0,3.0,175.0,7000.0,6188.0,40.38461538461539,23.07692307692308,2.0,2.0,1.0,,2,,,,17.5,17.5,10.0,25,25.0,25.0,14.28571428571428,35.71428571428572,2,4,3,2,2,3,4,1,1,1,1,3,4,3,2,3,2,2,4,2,3,2,2,4,4,2.0
1,1,2.0,53.0,1.0,1.0,4.0,5.0,1.0,40,60.0,3.0,150.0,7000.0,6188.0,40.38461538461539,26.92307692307692,2.0,2.0,1.0,,2,,,,30.0,10.0,5.0,20,,,,,4,4,4,2,2,5,3,1,6,1,6,7,7,4,3,3,4,4,1,2,2,2,3,4,3,2.0
1,1,2.0,54.0,3.0,1.0,4.0,7.0,1.0,40,55.0,3.0,137.5,6000.0,5304.0,34.61538461538461,25.17482517482517,2.0,4.0,6.0,10.0,2,,,,14.0,26.0,2.0,8,25.45454545454545,47.27272727272727,3.636363636363636,14.54545454545454,3,5,5,4,2,4,4,1,5,2,5,6,6,4,4,4,4,4,2,2,2,4,4,4,4,2.0
1,1,2.0,46.0,5.0,2.0,4.0,5.0,1.0,40,40.0,1.0,100.0,7000.0,6188.0,40.38461538461539,40.38461538461539,3.0,2.0,1.0,,2,,,,10.0,5.0,5.0,10,25.0,12.5,12.5,25.0,2,3,3,3,3,4,4,1,4,1,4,4,6,4,2,3,2,3,4,3,3,2,5,4,3,2.0
1,1,2.0,42.0,3.0,1.0,4.0,5.0,1.0,40,52.5,3.0,131.25,5000.0,4420.0,28.84615384615385,21.97802197802198,2.0,3.0,1.0,,2,,,,20.0,20.0,10.0,8,,,,,1,4,4,4,4,5,5,1,2,1,4,6,7,4,2,4,3,3,3,2,4,5,5,5,3,2.0
1,1,2.0,39.0,3.0,1.0,5.0,5.0,3.0,40,39.8,3.0,111.5,2700.0,2386.8,15.57692307692308,14.638730009136218,2.0,1.0,7.0,6.0,2,,,,22.5,5.0,4.0,15,,,,,4,3,5,3,3,1,3,3,5,4,4,5,4,5,2,3,4,1,2,4,2,2,1,2,3,13.0
1,1,1.0,30.0,3.0,1.0,4.0,1.0,2.0,30,50.0,3.0,166.6666666666667,3400.0,3005.6,26.15384615384615,15.69230769230769,1.0,3.0,1.0,,2,,,,5.0,34.0,10.0,1,10.0,68.0,20.0,2.0,3,4,3,4,4,5,3,1,6,6,6,7,7,4,4,5,4,4,2,3,3,3,4,3,4,11.0
1,1,1.0,47.0,1.0,2.0,4.0,4.0,2.0,32,32.0,1.0,100.0,2700.0,2386.8,19.47115384615385,19.47115384615385,4.0,2.0,6.0,5.0,2,,,,5.0,10.0,15.0,7,,,,,2,4,4,3,3,4,3,1,3,3,4,6,6,4,2,3,4,4,4,3,4,3,4,4,3,11.0
1,1,2.0,47.0,1.0,4.0,4.0,4.0,3.0,20,37.5,3.0,187.5,2200.0,1944.8,25.38461538461538,13.53846153846154,1.0,1.0,1.0,,2,,,,0.0,25.0,5.0,5,0.0,66.66666666666666,13.33333333333333,13.33333333333333,3,2,5,2,2,5,1,2,6,6,6,6,4,5,3,3,4,3,2,3,4,2,3,3,4,11.0
1,1,2.0,28.0,2.0,1.0,4.0,2.0,3.0,40,40.0,1.0,100.0,3750.0,3315.0,21.63461538461538,21.63461538461538,1.0,3.0,1.0,,2,,,,3.0,34.0,0.0,1,7.5,85.0,0.0,2.5,2,5,3,4,2,4,3,3,3,3,5,5,5,2,2,3,2,3,4,2,3,3,4,4,5,11.0
1,1,2.0,39.0,2.0,2.0,4.0,5.0,1.0,30,30.0,1.0,100.0,4600.0,4066.4,35.38461538461538,35.38461538461538,4.0,2.0,1.0,,2,,,,5.0,15.0,5.0,5,16.66666666666666,50.0,16.66666666666666,16.66666666666666,1,4,4,4,4,4,3,2,5,4,6,6,6,3,2,4,3,3,4,4,3,3,3,4,5,11.0
1,1,2.0,44.0,3.0,1.0,4.0,3.0,1.0,40,70.0,3.0,175.0,4800.0,4243.2,27.69230769230769,15.82417582417582,4.0,1.0,1.0,,2,,,,10.0,20.0,10.0,30,14.28571428571428,28.57142857142857,14.28571428571428,42.85714285714285,3,4,5,3,2,4,3,1,4,2,6,7,7,4,4,4,5,3,2,3,4,2,4,2,5,11.0
1,1,2.0,43.0,2.0,1.0,4.0,2.0,1.0,38.5,44.0,3.0,114.2857142857143,4500.0,3978.0,26.97302697302698,23.6013986013986,3.0,2.0,1.0,,2,,,,8.0,20.0,8.0,8,18.18181818181818,45.45454545454545,18.18181818181818,18.18181818181818,4,2,5,3,4,4,4,1,6,5,4,7,7,3,2,3,4,4,3,3,2,4,3,4,4,11.0
1,1,2.0,44.0,1.0,2.0,4.0,9.0,3.0,40,60.0,3.0,150.0,3200.0,2828.8,18.46153846153846,12.30769230769231,3.0,2.0,5.0,5.0,2,,,,15.0,25.0,10.0,10,25.0,41.66666666666667,16.66666666666666,16.66666666666666,3,3,3,4,1,3,3,1,1,2,1,2,7,4,3,4,4,4,2,3,3,3,4,3,4,11.0
1,1,2.0,38.0,2.0,1.0,4.0,8.0,3.0,30,30.0,1.0,100.0,2400.0,2121.6,18.46153846153846,18.46153846153846,1.0,1.0,3.0,10.0,2,,,,0.0,10.0,0.0,20,0.0,33.33333333333333,0.0,66.66666666666666,4,3,5,4,4,4,3,1,6,4,6,6,6,4,2,3,2,4,2,4,2,2,4,4,2,11.0
1,1,2.0,35.0,2.0,1.0,4.0,4.0,2.0,40,100.0,3.0,250.0,4000.0,3536.0,23.07692307692308,9.230769230769232,1.0,2.0,1.0,,2,,,,2.0,4.0,2.0,1,2.0,4.0,2.0,1.0,1,4,2,2,2,5,3,1,3,2,3,6,6,4,3,3,4,3,3,2,3,4,4,4,5,11.0
1,1,2.0,40.0,1.0,2.0,4.0,1.0,2.0,20,20.0,1.0,100.0,1940.0,1714.96,22.38461538461538,22.38461538461538,1.0,1.0,1.0,,2,,,,0.0,17.0,1.0,2,0.0,85.0,5.0,10.0,2,4,2,4,4,4,4,1,7,4,6,6,6,3,1,1,1,4,4,4,2,4,4,4,5,11.0
1,1,2.0,25.0,3.0,1.0,4.0,9.0,2.0,10,10.000000000000004,1.0,100.0,580.0,512.7200000000003,13.38461538461538,13.38461538461538,1.0,1.0,2.0,6.0,2,,,,0.0,10.0,0.0,0,0.0,100.0,0.0,0.0,3,3,3,4,3,5,4,1,6,3,6,5,5,4,4,4,4,4,2,4,4,2,3,2,4,11.0
1,1,1.0,29.0,3.0,1.0,4.0,1.0,2.0,40,50.0,3.0,125.0,3824.0,3380.416,22.06153846153846,17.64923076923077,1.0,1.0,5.0,4.0,2,,,,3.0,46.0,0.0,1,6.0,92.0,0.0,2.0,1,4,4,5,5,5,5,1,2,1,4,7,7,1,3,5,3,4,3,2,4,4,3,4,4,11.0
1,1,1.0,28.0,3.0,1.0,4.0,2.0,2.0,40,45.0,3.0,112.5,3800.0,3359.2,21.92307692307692,19.48717948717949,1.0,1.0,1.0,,2,,,,4.0,35.0,2.0,4,8.88888888888889,77.77777777777779,4.444444444444445,8.88888888888889,4,4,4,4,4,5,4,1,5,2,6,5,6,4,2,3,4,5,2,4,3,4,4,3,4,11.0
1,1,1.0,29.0,1.0,1.0,4.0,1.0,3.0,40,40.0,1.0,100.0,5000.0,4420.0,28.84615384615385,28.84615384615385,1.0,2.0,1.0,,2,,,,5.0,25.0,0.0,10,12.5,62.5,0.0,25.0,3,4,4,3,4,4,3,4,4,2,5,6,5,2,3,2,3,4,2,2,2,3,3,4,4,11.0
1,1,2.0,33.0,3.0,1.0,4.0,4.0,2.0,30,30.0,1.0,100.0,3200.0,2828.8,24.61538461538462,24.61538461538462,1.0,1.0,5.0,1.0,2,,,,7.0,16.0,3.0,4,23.33333333333333,53.33333333333334,10.0,13.33333333333333,2,4,3,3,3,5,3,3,6,3,6,5,3,4,1,3,2,4,4,4,2,3,5,5,2,11.0
1,1,2.0,29.0,3.0,1.0,4.0,2.0,2.0,40,40.0,1.0,100.0,4940.13,4367.07492,28.50075,28.50075,1.0,2.0,3.0,8.0,2,,,,0.0,39.0,1.0,0,0.0,97.5,2.5,0.0,2,4,3,4,5,5,3,2,7,2,7,7,6,2,3,3,2,4,5,4,3,3,5,4,4,11.0
1,1,1.0,28.0,2.0,1.0,4.0,2.0,2.0,40,40.0,1.0,100.0,3800.0,3359.2,21.92307692307692,21.92307692307692,1.0,2.0,1.0,,2,,,,2.0,20.0,8.0,10,5.0,50.0,20.0,25.0,2,4,3,4,5,5,4,2,5,2,5,6,6,3,1,3,3,3,5,4,2,5,4,5,4,11.0
1,1,1.0,41.0,2.0,1.0,4.0,5.0,2.0,30,30.0,1.0,100.0,2300.0,2033.2,17.69230769230769,17.69230769230769,1.0,1.0,1.0,,2,,,,0.0,20.0,10.0,0,0.0,66.66666666666666,33.33333333333333,0.0,2,4,3,4,3,5,4,1,2,3,4,4,6,2,1,1,2,5,3,1,5,5,2,5,5,11.0
1,1,2.0,26.0,2.0,1.0,4.0,3.0,3.0,30,55.0,3.0,183.3333333333333,2867.66,2535.01144,22.05892307692308,12.03213986013986,1.0,1.0,1.0,,2,,,,0.0,50.0,3.0,2,0.0,90.9090909090909,5.454545454545454,3.636363636363636,3,3,4,2,2,4,3,1,5,1,6,7,4,4,3,4,4,4,1,3,3,2,2,2,4,11.0
1,1,2.0,34.0,3.0,2.0,4.0,5.0,2.0,25,25.0,1.0,100.0,2500.0,2210.0,23.07692307692308,23.07692307692308,1.0,1.0,2.0,15.0,2,,,,0.0,10.0,25.0,5,,,,,2,2,2,2,1,1,3,5,4,1,2,4,2,4,1,2,2,2,4,2,4,4,4,3,2,11.0
1,1,2.0,58.0,1.0,3.0,4.0,1.0,1.0,40,40.0,1.0,100.0,3500.0,3094.0,20.19230769230769,20.19230769230769,1.0,2.0,1.0,,2,,,,5.0,30.0,0.0,5,12.5,75.0,0.0,12.5,1,4,2,4,4,5,5,1,3,2,5,5,7,3,4,2,4,4,4,2,4,4,4,5,4,11.0
1,1,1.0,25.0,3.0,1.0,4.0,2.0,3.0,30,40.0,3.0,133.3333333333333,2400.0,2121.6,18.46153846153846,13.84615384615384,1.0,1.0,1.0,,2,,,,0.0,36.0,0.0,2,0.0,90.0,0.0,5.0,1,4,5,5,5,5,5,1,3,1,3,7,7,3,3,5,4,4,2,2,4,4,5,5,4,11.0
1,1,2.0,28.0,2.0,1.0,4.0,2.0,2.0,40,47.5,3.0,118.75,3800.0,3359.2,21.92307692307692,18.46153846153846,1.0,3.0,1.0,,2,,,,4.0,28.0,3.0,10,8.421052631578947,58.94736842105262,6.315789473684211,21.05263157894737,1,4,4,4,4,5,4,1,4,2,6,7,6,3,2,4,5,4,3,2,4,2,4,5,5,11.0
1,1,2.0,26.0,2.0,1.0,4.0,1.0,3.0,30,35.0,3.0,116.6666666666667,2913.9,2575.8876,22.41461538461539,19.21252747252748,1.0,2.0,1.0,,2,,,,0.5,26.0,0.0,4,1.428571428571429,74.28571428571429,0.0,11.42857142857143,2,4,3,3,3,5,3,1,4,4,5,6,6,3,2,3,3,3,4,2,3,4,4,4,4,11.0
1,1,1.0,40.0,1.0,1.0,4.0,1.0,3.0,40,40.0,1.0,100.0,3600.0,3182.4,20.76923076923077,20.76923076923077,1.0,1.0,1.0,,2,,,,0.0,35.0,0.0,5,0.0,87.5,0.0,12.5,1,5,4,4,4,5,4,1,5,6,6,6,7,3,2,4,4,2,3,2,4,4,5,4,4,11.0
1,1,1.0,27.0,3.0,1.0,4.0,2.0,3.0,40,45.0,3.0,112.5,3964.535833,3504.649676372,22.87232211346154,20.33095298974359,1.0,2.0,1.0,,2,,,,12.5,15.0,5.0,12.5,27.77777777777778,33.33333333333333,11.11111111111111,27.77777777777778,3,4,4,2,4,3,4,2,5,5,6,6,3,4,2,4,4,4,2,2,3,3,5,2,3,11.0
1,1,2.0,35.0,2.0,1.0,4.0,1.0,1.0,40,40.0,1.0,100.0,4900.0,4331.6,28.26923076923077,28.26923076923077,1.0,1.0,1.0,,2,,,,0.0,5.0,30.0,5,0.0,12.5,75.0,12.5,1,5,3,4,4,4,4,1,2,1,2,7,7,3,2,4,4,4,5,2,4,4,4,5,5,11.0
1,1,1.0,28.0,3.0,1.0,5.0,2.0,1.0,40,45.0,3.0,112.5,4083.0,3609.372,23.55576923076923,20.93846153846154,1.0,1.0,1.0,,2,,,,20.0,10.0,5.0,10,44.44444444444444,22.22222222222222,11.11111111111111,22.22222222222222,4,4,5,3,3,4,3,4,5,1,5,4,4,4,1,3,4,3,2,4,3,4,4,4,4,11.0
1,1,1.0,29.0,3.0,1.0,5.0,5.0,1.0,32,32.0,1.0,100.0,2900.0,2563.6,20.91346153846154,20.91346153846154,1.0,5.0,1.0,,2,,,,6.0,2.0,0.0,24,18.75,6.25,0.0,75.0,1,3,3,4,3,4,4,2,4,4,4,6,6,2,2,4,2,3,4,2,3,5,4,4,4,11.0
1,1,2.0,29.0,3.0,1.0,6.0,4.0,2.0,40,40.0,1.0,100.0,3850.0,3403.4,22.21153846153846,22.21153846153846,1.0,2.0,4.0,2.0,2,,,,1.0,30.0,1.0,1,2.5,75.0,2.5,2.5,4,4,4,2,3,4,3,4,3,2,5,4,5,4,2,2,2,2,3,3,2,4,3,3,3,11.0
1,1,2.0,32.0,2.0,1.0,6.0,1.0,2.0,40,40.0,1.0,100.0,2800.0,2475.2,16.15384615384615,16.15384615384615,1.0,2.0,1.0,,2,,,,5.0,6.0,0.0,15,12.5,15.0,0.0,37.5,1,4,3,4,4,5,4,1,4,2,6,7,6,1,2,3,2,4,5,2,4,5,4,4,5,11.0
1,1,2.0,46.0,2.0,1.0,4.0,5.0,1.0,30,30.0,1.0,100.0,3000.0,2652.0,23.07692307692308,23.07692307692308,3.0,2.0,1.0,,2,,,,0.0,26.0,2.0,2,0.0,86.66666666666667,6.666666666666667,6.666666666666667,3,4,3,4,4,4,4,1,4,3,6,7,6,2,4,4,3,3,3,4,3,4,4,4,4,11.0
1,1,2.0,35.0,2.0,1.0,4.0,9.0,1.0,40,40.0,1.0,100.0,4450.0,3933.8,25.67307692307692,25.67307692307692,1.0,1.0,1.0,,2,,,,15.0,10.0,1.0,15,,,,,2,3,1,3,1,3,3,1,4,1,4,6,5,3,2,3,2,4,3,2,2,4,4,4,4,11.0
1,1,2.0,58.0,1.0,1.0,6.0,1.0,1.0,30,31.5,3.0,105.0,2200.0,1944.8,16.92307692307692,16.11721611721612,1.0,3.0,1.0,,2,,,,2.0,2.0,0.0,26,6.349206349206349,6.349206349206349,0.0,82.53968253968253,4,4,5,4,4,5,4,1,1,4,7,7,7,3,2,2,4,4,2,3,4,4,4,4,5,11.0
1,1,1.0,31.0,3.0,1.0,4.0,9.0,3.0,30,45.0,3.0,150.0,2400.0,2121.6,18.46153846153846,12.30769230769231,1.0,3.0,5.0,1.0,2,,,,4.0,25.0,2.0,2,8.88888888888889,55.55555555555556,4.444444444444445,4.444444444444445,3,4,4,3,4,4,3,2,5,3,6,6,5,4,4,4,4,4,2,3,4,4,4,4,2,11.0
1,1,1.0,32.0,2.0,1.0,4.0,1.0,2.0,30,35.0,3.0,116.6666666666667,2875.0,2541.5,22.11538461538462,18.95604395604396,1.0,2.0,1.0,,2,,,,0.0,35.0,0.0,0,0.0,100.0,0.0,0.0,2,4,3,5,5,4,3,1,4,4,6,6,7,4,1,2,2,3,4,2,4,3,3,4,4,11.0
1,1,2.0,33.0,3.0,1.0,4.0,5.0,3.0,30,20.0,2.0,66.66666666666666,1700.0,1502.8,13.07692307692308,19.61538461538462,1.0,1.0,1.0,,2,,,,0.0,15.0,5.0,0,0.0,75.0,25.0,0.0,4,4,4,2,3,5,3,2,3,2,3,3,3,5,2,2,4,4,3,3,3,3,4,2,5,11.0
1,1,2.0,35.0,2.0,1.0,4.0,3.0,3.0,30,30.0,1.0,100.0,2800.0,2475.2,21.53846153846154,21.53846153846154,1.0,2.0,1.0,,2,,,,0.0,25.0,1.0,4,0.0,83.33333333333334,3.333333333333333,13.33333333333333,3,3,2,4,3,3,4,1,5,4,6,6,7,4,3,4,2,4,2,2,4,2,4,4,4,11.0
1,1,1.0,37.0,1.0,1.0,4.0,2.0,3.0,40,60.0,3.0,150.0,3575.28,3160.54752,20.62661538461538,13.75107692307692,1.0,2.0,1.0,,2,,,,3.0,46.0,10.0,1,5.0,76.66666666666667,16.66666666666666,1.666666666666667,3,2,5,2,1,5,3,4,1,1,5,7,7,4,4,2,4,4,2,4,4,2,4,4,4,11.0
1,1,1.0,26.0,2.0,1.0,4.0,13.0,2.0,20,20.0,1.0,100.0,1700.0,1502.8,19.61538461538462,19.61538461538462,1.0,2.0,6.0,12.0,2,,,,0.0,18.0,0.0,2,0.0,90.0,0.0,10.0,2,4,2,4,4,4,4,1,4,1,5,6,6,2,1,2,2,4,3,2,3,4,3,4,5,11.0
1,1,1.0,23.0,2.0,1.0,4.0,7.0,4.0,10,10.000000000000004,1.0,100.0,700.0,618.8,16.15384615384615,16.15384615384615,1.0,1.0,1.0,,2,,,,0.0,4.0,0.5,5.5,0.0,40.0,5.0,55.00000000000001,1,4,2,4,4,4,4,1,5,2,5,6,6,2,2,5,4,4,4,3,3,4,4,5,4,11.0
1,1,2.0,35.0,1.0,2.0,4.0,5.0,2.0,40,40.0,1.0,100.0,4300.0,3801.2,24.80769230769231,24.80769230769231,1.0,1.0,1.0,,2,,,,0.0,36.0,2.0,2,0.0,90.0,5.0,5.0,4,3,4,3,2,4,3,2,6,3,6,6,5,4,2,2,2,4,2,4,2,2,3,4,4,11.0
1,1,2.0,25.0,3.0,1.0,4.0,3.0,2.0,30,55.0,3.0,183.3333333333333,2880.0,2545.92,22.15384615384615,12.08391608391609,1.0,1.0,1.0,,2,,,,0.0,53.0,1.0,1,0.0,96.36363636363636,1.818181818181818,1.818181818181818,3,4,5,4,4,5,4,1,3,3,4,7,7,3,4,5,5,5,2,3,4,3,4,4,5,11.0
1,1,1.0,31.0,2.0,1.0,4.0,5.0,2.0,20,20.0,1.0,100.0,1300.0,1149.2,15,15.0,1.0,1.0,3.0,20.0,2,,,,3.0,2.0,3.0,7,15.0,10.0,15.0,35.0,2,2,5,1,4,5,1,2,5,5,6,5,4,2,1,3,2,2,3,2,3,3,3,3,4,11.0
1,1,2.0,43.0,3.0,1.0,4.0,5.0,3.0,40,40.0,1.0,100.0,3531.0,3121.404,20.37115384615385,20.37115384615385,1.0,1.0,1.0,,2,,,,0.0,45.0,0.0,0,,,,,4,3,3,3,2,4,3,1,2,3,2,4,6,5,4,2,3,3,2,3,2,3,3,2,2,11.0
1,1,2.0,27.0,2.0,1.0,4.0,5.0,3.0,20,20.0,1.0,100.0,800.0,707.2,9.23076923076923,9.23076923076923,1.0,1.0,1.0,,2,,,,6.0,16.0,0.0,0,,,,,3,3,5,2,2,4,2,4,6,5,4,5,3,4,2,4,4,4,2,3,4,4,4,3,3,11.0
1,1,2.0,28.0,2.0,1.0,4.0,5.0,3.0,30,40.0,3.0,133.3333333333333,2400.0,2121.6,18.46153846153846,13.84615384615384,1.0,1.0,1.0,,2,,,,0.0,15.0,15.0,10,0.0,37.5,37.5,25.0,4,2,4,2,5,5,2,3,4,3,4,5,4,3,1,4,2,3,2,4,2,4,3,3,2,11.0
1,1,1.0,30.0,2.0,1.0,6.0,2.0,1.0,20,27.5,3.0,137.5,1250.0,1105.0,14.42307692307692,10.48951048951049,1.0,1.0,1.0,,2,,,,6.0,10.0,2.0,7,21.81818181818182,36.36363636363637,7.272727272727272,25.45454545454545,1,3,2,3,4,5,3,3,2,1,3,4,6,3,1,4,4,5,4,3,3,4,4,4,5,11.0
1,1,2.0,25.0,2.0,1.0,6.0,6.0,2.0,40,45.0,3.0,112.5,3500.0,3094.0,20.19230769230769,17.94871794871795,1.0,1.0,1.0,,2,,,,2.0,0.0,25.0,18,4.444444444444445,0.0,55.55555555555556,40.0,3,4,4,4,4,5,3,1,5,4,6,7,6,2,3,3,4,5,3,4,2,2,4,5,3,11.0
1,1,2.0,42.0,3.0,1.0,4.0,5.0,3.0,20,32.5,3.0,162.5,1300.0,1149.2,15,9.23076923076923,1.0,2.0,5.0,15.0,2,,,,12.0,5.0,12.5,7.5,,,,,4,2,3,3,4,3,2,1,3,2,4,7,5,4,3,2,4,2,3,2,3,2,2,3,3,11.0
1,1,1.0,35.0,2.0,1.0,6.0,5.0,2.0,30,40.0,3.0,133.3333333333333,2600.0,2298.4,20,15.0,1.0,1.0,1.0,,2,,,,0.0,40.0,35.0,5,,,,,2,4,2,4,4,5,4,1,2,2,3,5,7,3,1,2,3,3,4,1,3,4,3,4,4,11.0
1,1,2.0,48.0,2.0,2.0,4.0,8.0,3.0,40,40.0,1.0,100.0,3270.0,2890.68,18.86538461538462,18.86538461538462,1.0,2.0,1.0,,2,,,,0.0,10.0,20.0,10,0.0,25.0,50.0,25.0,4,3,4,3,4,5,3,1,4,3,6,6,6,4,2,4,4,4,2,4,3,3,4,3,3,11.0
1,1,2.0,55.0,1.0,1.0,4.0,5.0,2.0,35,55.0,3.0,157.1428571428571,4750.0,4199.0,31.31868131868132,19.93006993006993,1.0,1.0,1.0,,2,,,,4.0,50.0,5.5,0,,,,,3,3,5,3,3,3,2,1,6,6,7,7,7,5,3,3,4,5,1,4,4,2,2,3,3,11.0
1,1,2.0,30.0,2.0,2.0,4.0,1.0,6.0,35,35.0,1.0,100.0,2200.0,1944.8,14.50549450549451,14.50549450549451,1.0,1.0,1.0,,2,,,,0.0,8.0,2.0,25,0.0,22.85714285714286,5.714285714285714,71.42857142857143,1,5,2,4,5,4,5,1,1,1,7,7,7,2,2,3,3,4,4,3,4,4,4,5,5,11.0
1,1,1.0,43.0,1.0,2.0,4.0,5.0,2.0,40,40.0,1.0,100.0,5000.0,4420.0,28.84615384615385,28.84615384615385,1.0,5.0,1.0,,2,,,,0.0,10.0,20.0,10,0.0,25.0,50.0,25.0,2,4,3,4,5,5,4,1,1,1,1,3,7,3,1,2,2,3,5,1,3,5,4,4,5,11.0
1,1,2.0,35.0,2.0,1.0,4.0,1.0,1.0,40,40.0,1.0,100.0,3300.0,2917.2,19.03846153846154,19.03846153846154,1.0,2.0,1.0,,2,,,,0.0,30.0,4.0,8,,,,,2,4,5,3,4,4,3,1,6,4,6,6,6,4,2,3,3,4,4,2,4,4,3,4,4,11.0
1,1,2.0,38.0,3.0,1.0,4.0,5.0,2.0,41,45.0,3.0,109.7560975609756,5702.0,5040.568,32.09380863039399,29.24102564102564,1.0,2.0,1.0,,2,,,,0.0,20.0,5.0,16,0.0,44.44444444444444,11.11111111111111,35.55555555555556,4,3,5,2,1,4,3,3,5,3,6,5,4,4,2,3,4,4,2,4,2,4,4,2,2,11.0
1,1,2.0,31.0,3.0,1.0,4.0,1.0,1.0,40,60.0,3.0,150.0,2700.0,2386.8,15.57692307692308,10.38461538461539,1.0,1.0,1.0,,2,,,,10.0,30.0,10.0,0,16.66666666666666,50.0,16.66666666666666,0.0,3,2,3,2,4,5,3,1,5,1,6,7,7,5,4,4,5,4,1,4,3,4,3,2,3,11.0
1,1,2.0,41.8,2.0,1.0,4.0,1.0,3.0,34,36.0,3.0,105.8823529411765,2785.7,2462.5588,18.90746606334841,17.85705128205128,1.0,1.0,1.0,,2,,,,0.5,35.5,0.0,0,1.388888888888889,98.61111111111111,0.0,0.0,4,2,2,3,2,3,3,1,6,2,6,6,6,2,2,2,2,3,3,3,4,3,3,4,3,11.0
1,1,1.0,32.0,2.0,1.0,4.0,5.0,3.0,27,36.0,3.0,133.3333333333333,1900.0,1679.6,16.23931623931624,12.17948717948718,1.0,5.0,1.0,,2,,,,0.0,18.0,8.0,10,0.0,50.0,22.22222222222222,27.77777777777778,2,3,3,2,3,2,3,4,1,1,4,3,5,4,1,2,2,3,4,2,2,4,3,4,4,11.0
1,1,1.0,22.0,2.0,1.0,4.0,5.0,3.0,20,20.0,1.0,100.0,1388.45,1227.3898,16.02057692307692,16.02057692307692,1.0,1.0,1.0,,2,,,,0.0,20.0,0.0,0,0.0,100.0,0.0,0.0,2,4,2,4,4,5,4,2,2,1,4,5,6,4,1,4,2,4,4,3,3,4,4,3,4,11.0
1,1,2.0,43.0,1.0,2.0,4.0,5.0,3.0,11,25.0,3.0,227.2727272727273,1200.0,1060.8,25.17482517482517,11.07692307692308,3.0,1.0,5.0,20.0,2,,,,6.0,15.0,5.0,10,,,,,3,4,5,4,1,3,2,2,4,3,5,5,6,4,4,5,4,5,1,2,4,4,4,3,5,11.0
1,1,2.0,25.0,2.0,1.0,4.0,5.0,3.0,20,20.0,1.0,100.0,1225.0,1082.9,14.13461538461538,14.13461538461538,1.0,2.0,1.0,,2,,,,0.0,19.0,0.0,1,0.0,95.0,0.0,5.0,2,4,4,4,4,4,3,2,5,4,5,6,6,3,2,4,2,3,4,3,3,3,4,4,3,11.0
1,1,3.0,25.0,2.0,1.0,4.0,5.0,3.0,20,30.0,3.0,150.0,1350.0,1193.4,15.57692307692308,10.38461538461539,1.0,1.0,7.0,5.0,2,,,,8.0,10.0,5.0,7,26.66666666666667,33.33333333333333,16.66666666666666,23.33333333333333,3,3,5,3,4,3,2,2,2,4,4,6,5,4,3,4,4,3,3,2,3,4,4,3,4,11.0
1,1,2.0,35.0,3.0,1.0,4.0,4.0,2.0,40,40.0,1.0,100.0,2380.0,2103.92,13.73076923076923,13.73076923076923,1.0,1.0,3.0,10.0,2,,,,0.0,30.0,0.0,10,0.0,75.0,0.0,25.0,4,3,4,3,4,4,3,1,5,5,6,6,7,4,4,3,4,4,2,4,2,2,2,2,4,11.0
1,1,2.0,32.0,2.0,1.0,6.0,2.0,1.0,32,32.0,1.0,100.0,3600.0,3182.4,25.96153846153846,25.96153846153846,1.0,2.0,1.0,,2,,,,5.0,20.0,5.0,2,15.625,62.5,15.625,6.25,2,4,3,3,4,4,4,4,4,1,6,5,4,3,1,1,1,4,4,2,2,4,4,5,5,11.0
1,1,1.0,38.4,2.0,2.0,4.0,5.0,3.0,20,20.0,1.0,100.0,2000.0,1768.0,23.07692307692308,23.07692307692308,3.0,2.0,5.0,2.0,2,,,,0.0,5.0,10.0,0,0.0,25.0,50.0,0.0,2,4,2,4,2,4,2,2,3,2,3,5,6,3,2,2,3,2,3,2,2,3,3,3,4,11.0
1,1,2.0,30.0,2.0,1.0,4.0,5.0,3.0,28,32.0,3.0,114.2857142857143,2200.0,1944.8,18.13186813186813,15.86538461538461,1.0,2.0,1.0,,2,,,,0.0,28.0,2.0,3,,,,,1,4,4,4,4,5,3,1,4,4,5,6,7,3,3,4,2,4,4,2,4,3,4,4,5,11.0
1,1,2.0,27.0,2.0,1.0,4.0,1.0,2.0,20,30.0,3.0,150.0,1600.0,1414.4,18.46153846153846,12.30769230769231,1.0,1.0,1.0,,2,,,,0.0,22.5,1.0,2.5,0.0,75.0,3.333333333333333,8.333333333333332,2,4,4,4,5,5,4,1,6,2,6,6,7,3,2,3,2,4,3,2,4,4,4,4,4,11.0
1,1,2.0,30.0,3.0,1.0,4.0,3.0,3.0,40,60.0,3.0,150.0,3500.0,3094.0,20.19230769230769,13.46153846153846,1.0,1.0,1.0,,2,,,,3.0,2.0,0.0,2,5.0,3.333333333333333,0.0,3.333333333333333,3,4,4,4,3,4,5,1,3,3,5,7,7,4,4,4,5,5,3,2,4,3,4,4,4,11.0
1,1,2.0,46.0,1.0,2.0,4.0,5.0,3.0,28,28.0,1.0,100.0,2230.0,1971.32,18.37912087912088,18.37912087912088,1.0,1.0,1.0,,2,,,,0.0,18.0,4.0,6,0.0,64.28571428571429,14.28571428571428,21.42857142857143,4,4,5,2,4,5,2,2,5,2,4,6,6,4,2,3,3,4,3,4,3,2,4,3,4,11.0
1,1,1.0,33.0,2.0,1.0,4.0,1.0,2.0,25,50.0,3.0,200.0,2823.0,2495.532,26.05846153846154,13.02923076923077,1.0,1.0,1.0,,2,,,,0.0,50.0,0.0,0,0.0,100.0,0.0,0.0,4,3,5,2,1,2,2,5,1,2,4,6,4,5,1,2,4,5,1,4,2,4,2,2,3,11.0
1,1,2.0,36.0,2.0,2.0,4.0,5.0,3.0,35,35.0,1.0,100.0,2300.0,2033.2,15.16483516483516,15.16483516483516,3.0,3.0,2.0,15.0,2,,,,10.0,20.0,10.0,5,,,,,3,4,5,4,3,5,3,1,4,1,6,7,7,4,3,5,4,4,3,3,4,2,5,2,5,11.0
1,1,2.0,31.0,2.0,2.0,4.0,2.0,2.0,40,43.0,3.0,107.5,3700.0,3270.8,21.34615384615385,19.85688729874776,3.0,2.0,1.0,,2,,,,3.0,10.0,25.0,5,6.976744186046512,23.25581395348837,58.13953488372093,11.62790697674419,4,3,4,2,2,4,3,2,2,2,4,5,5,4,2,3,3,4,3,3,3,3,4,4,2,11.0
1,1,1.0,24.0,3.0,1.0,4.0,5.0,3.0,20,25.0,3.0,125.0,1190.1,1052.0484000000001,13.73192307692308,10.98553846153846,1.0,2.0,1.0,,2,,,,0.0,20.0,0.0,5,0.0,80.0,0.0,20.0,2,3,4,2,4,5,3,1,2,3,4,5,6,4,1,4,2,4,3,2,4,2,4,3,4,11.0
1,1,2.0,29.0,3.0,1.0,4.0,1.0,2.0,20,20.0,1.0,100.0,1500.0,1326.0,17.30769230769231,17.30769230769231,3.0,1.0,1.0,,2,,,,0.0,5.0,5.0,10,0.0,25.0,25.0,50.0,2,3,3,4,4,4,3,1,3,2,4,3,4,4,1,1,3,2,2,2,2,4,4,4,4,11.0
1,1,1.0,29.0,2.0,1.0,4.0,3.0,3.0,30,40.0,3.0,133.3333333333333,2600.0,2298.4,20,15.0,1.0,2.0,1.0,,2,,,,0.5,34.0,3.5,2,1.25,85.0,8.75,5.0,1,2,4,4,4,5,3,1,2,1,3,5,7,4,2,3,4,4,2,2,3,4,4,4,4,11.0
1,1,2.0,44.0,1.0,2.0,6.0,2.0,1.0,40,43.0,3.0,107.5,3800.0,3359.2,21.92307692307692,20.39355992844365,4.0,2.0,1.0,,2,,,,10.0,2.0,6.0,20.5,23.25581395348837,4.651162790697675,13.95348837209302,47.67441860465117,1,2,3,2,4,3,2,3,3,3,5,4,2,4,2,3,4,4,2,4,4,5,5,4,4,11.0
1,1,2.0,27.0,2.0,1.0,4.0,1.0,2.0,30,30.0,1.0,100.0,2800.0,2475.2,21.53846153846154,21.53846153846154,1.0,1.0,1.0,,2,,,,0.0,27.0,0.0,3,0.0,90.0,0.0,10.0,4,4,3,4,5,4,4,2,5,3,6,7,6,3,2,2,3,4,3,3,2,2,3,4,4,11.0
1,1,2.0,41.0,3.0,1.0,4.0,1.0,2.0,40,45.0,3.0,112.5,4773.0,4219.332,27.53653846153846,24.47692307692308,3.0,1.0,1.0,,2,,,,5.0,25.0,10.0,5,11.11111111111111,55.55555555555556,22.22222222222222,11.11111111111111,3,4,3,4,2,4,3,1,3,3,5,6,6,3,3,4,3,3,3,2,4,4,2,3,3,11.0
1,1,2.0,32.0,2.0,1.0,4.0,3.0,3.0,40,40.0,1.0,100.0,4000.0,3536.0,23.07692307692308,23.07692307692308,3.0,2.0,5.0,3.0,2,,,,0.5,20.0,15.0,4.5,1.25,50.0,37.5,11.25,2,4,4,4,4,4,3,2,1,2,3,6,6,2,2,2,2,4,4,2,4,3,3,3,4,11.0
1,1,2.0,23.0,3.0,1.0,4.0,1.0,2.0,8,47.5,3.0,593.75,626.1399999999999,553.50776,18.06173076923077,3.041975708502024,1.0,1.0,1.0,,2,,,,4.0,37.0,0.0,7,,,,,3,2,4,4,4,5,4,1,5,3,6,7,7,4,4,5,4,4,2,3,4,4,3,4,4,11.0
1,1,1.0,28.0,3.0,1.0,4.0,1.0,3.0,33,40.0,3.0,121.2121212121212,2400.0,2121.6,16.78321678321678,13.84615384615384,1.0,2.0,1.0,,2,,,,7.0,24.0,1.0,8,17.5,60.0,2.5,20.0,2,4,4,4,4,5,5,1,6,1,6,7,7,4,2,2,2,4,4,2,4,4,4,5,4,11.0
1,1,2.0,30.0,2.0,1.0,4.0,9.0,4.0,16,16.0,1.0,100.0,1320.0,1166.88,19.03846153846154,19.03846153846154,1.0,2.0,2.0,18.0,2,,,,0.0,13.0,3.0,0,0.0,81.25,18.75,0.0,3,4,4,3,2,3,3,1,5,1,4,7,7,3,2,4,2,4,4,4,2,2,4,4,4,11.0
1,1,2.0,27.0,2.0,1.0,4.0,4.0,2.0,40,40.0,1.0,100.0,3583.0,3167.372,20.67115384615385,20.67115384615385,1.0,1.0,1.0,,2,,,,4.0,26.0,4.0,6,10.0,65.0,10.0,15.0,3,3,5,4,4,4,4,1,4,4,6,7,7,4,2,3,3,4,2,3,3,3,4,4,4,11.0
1,1,2.0,22.0,3.0,1.0,4.0,5.0,2.0,8,7.9999999999999964,1.0,100.0,500.0,442.0,14.42307692307692,14.42307692307692,1.0,1.0,1.0,,2,,,,0.0,6.0,0.0,2,0.0,75.0,0.0,25.0,4,4,4,4,4,4,4,1,5,4,4,5,5,4,2,4,4,4,2,4,4,2,4,2,4,11.0
1,1,2.0,32.0,2.0,1.0,4.0,5.0,2.0,33,40.0,3.0,121.2121212121212,3000.0,2652.0,20.97902097902098,17.30769230769231,1.0,2.0,1.0,,2,,,,7.0,33.0,4.0,2,,,,,1,4,3,4,4,5,3,2,4,3,6,7,7,4,3,5,4,4,3,3,4,3,4,5,4,11.0
1,1,2.0,23.0,2.0,1.0,4.0,5.0,3.0,19,19.0,1.0,100.0,740.0000000000002,654.1600000000001,8.987854251012147,8.987854251012147,1.0,1.0,1.0,,2,,,,0.0,17.0,2.0,0,0.0,89.47368421052632,10.52631578947368,0.0,4,4,4,2,4,5,3,3,5,4,6,6,5,4,2,4,4,4,1,4,3,3,4,2,4,11.0
1,1,2.0,39.0,2.0,2.0,4.0,5.0,3.0,30,30.0,1.0,100.0,3800.0,3359.2,29.23076923076923,29.23076923076923,1.0,2.0,1.0,,2,,,,0.0,27.0,3.0,0,0.0,90.0,10.0,0.0,4,4,5,2,4,3,3,2,5,4,5,6,5,4,3,3,3,3,2,5,2,4,3,2,4,11.0
1,1,1.0,30.0,3.0,1.0,4.0,1.0,2.0,30,40.0,3.0,133.3333333333333,2300.0,2033.2,17.69230769230769,13.26923076923077,1.0,3.0,1.0,,2,,,,0.0,40.0,0.0,5,,,,,1,4,3,3,4,4,3,1,4,3,5,6,5,2,2,4,2,4,4,2,3,4,4,5,4,11.0
1,1,2.0,23.0,3.0,1.0,4.0,2.0,2.0,16,16.0,1.0,100.0,949.9999999999998,839.8,13.70192307692308,13.70192307692308,1.0,1.0,1.0,,2,,,,0.0,8.0,8.0,0,0.0,50.0,50.0,0.0,2,3,2,4,2,4,3,2,3,4,5,6,5,3,2,3,2,2,4,3,4,3,3,3,4,11.0
1,1,2.0,40.0,1.0,2.0,4.0,3.0,2.0,25,25.0,1.0,100.0,2630.0,2324.92,24.27692307692308,24.27692307692308,1.0,2.0,2.0,10.0,2,,,,0.0,2.0,18.0,5,0.0,8.0,72.0,20.0,2,4,4,4,4,3,3,1,2,1,5,6,5,4,3,4,2,2,4,2,2,5,3,4,3,11.0
1,1,2.0,33.0,3.0,1.0,4.0,3.0,3.0,30,42.0,3.0,140.0,2700.0,2386.8,20.76923076923077,14.83516483516484,1.0,3.0,1.0,,2,,,,4.0,20.0,12.0,6,9.523809523809524,47.61904761904761,28.57142857142857,14.28571428571428,4,3,4,3,3,4,3,1,5,2,6,5,6,4,2,2,4,5,2,3,2,2,4,3,4,11.0
1,1,2.0,24.0,2.0,1.0,6.0,4.0,3.0,40,40.0,1.0,100.0,2700.0,2386.8,15.57692307692308,15.57692307692308,1.0,1.0,1.0,,2,,,,0.0,20.0,15.0,5,0.0,50.0,37.5,12.5,4,3,3,3,5,4,3,3,3,3,5,4,4,4,1,2,3,3,3,3,2,2,3,3,4,11.0
1,1,2.0,36.0,1.0,1.0,4.0,1.0,3.0,30,30.0,1.0,100.0,3100.0,2740.4,23.84615384615385,23.84615384615385,1.0,1.0,1.0,,2,,,,0.0,25.0,3.0,3,,,,,4,4,4,2,4,4,3,3,4,2,4,4,4,4,2,1,4,4,2,2,2,3,3,4,4,11.0
1,1,2.0,43.0,1.0,1.0,4.0,5.0,3.0,40,40.0,1.0,100.0,4700.0,4154.8,27.11538461538461,27.11538461538461,3.0,1.0,1.0,,2,,,,2.0,10.0,10.0,20,,,,,3,4,5,2,2,3,3,4,2,5,5,6,4,4,4,4,4,3,2,3,5,2,4,2,3,11.0
1,1,1.0,39.0,1.0,2.0,4.0,5.0,2.0,25,30.0,3.0,120.0,2700.0,2386.8,24.92307692307692,20.76923076923077,1.0,1.0,2.0,5.0,2,,,,0.0,25.0,5.0,2,,,,,1,3,3,4,5,5,4,1,4,5,5,6,7,4,2,3,4,4,3,3,4,2,5,4,5,11.0
1,1,1.0,36.0,2.0,1.0,6.0,6.0,1.0,40,40.0,1.0,100.0,5100.0,4508.4,29.42307692307692,29.42307692307692,1.0,4.0,5.0,5.0,2,,,,10.0,15.0,10.0,5,25.0,37.5,25.0,12.5,3,3,3,3,2,2,4,1,6,3,7,7,2,5,3,5,5,5,1,4,3,1,2,3,5,11.0
1,1,2.0,27.0,2.0,1.0,6.0,2.0,2.0,35,35.0,1.0,100.0,2780.0,2457.52,18.32967032967033,18.32967032967033,1.0,1.0,5.0,4.0,2,,,,2.0,33.0,0.0,0,5.714285714285714,94.28571428571428,0.0,0.0,4,4,3,2,4,5,3,4,5,5,6,6,3,3,2,4,3,4,4,4,2,4,2,4,4,11.0
1,1,2.0,58.0,1.0,1.0,6.0,5.0,1.0,40,40.0,1.0,100.0,5000.0,4420.0,28.84615384615385,28.84615384615385,1.0,3.0,1.0,,2,,,,15.0,15.0,3.0,7,37.5,37.5,7.5,17.5,4,4,4,3,3,4,4,1,3,4,6,7,6,3,3,2,2,3,3,4,3,2,3,3,2,11.0
1,1,2.0,27.0,2.0,1.0,4.0,5.0,4.0,4,6.0,3.0,150.0,200.0,176.80000000000018,11.53846153846154,7.692307692307693,1.0,1.0,2.0,20.0,2,,,,5.0,0.0,0.0,2,,,,,4,3,2,3,4,3,3,1,5,2,5,5,5,3,1,4,4,4,3,3,3,3,4,4,2,11.0
1,1,2.0,31.0,2.0,1.0,4.0,5.0,2.0,35,35.0,1.0,100.0,2300.0,2033.2,15.16483516483516,15.16483516483516,1.0,1.0,1.0,,2,,,,10.0,15.0,3.0,7,28.57142857142857,42.85714285714285,8.571428571428571,20.0,2,4,4,4,5,4,4,2,4,1,3,4,6,5,1,2,2,3,5,2,2,4,5,4,4,11.0
1,1,2.0,38.0,2.0,2.0,4.0,4.0,1.0,40,43.0,3.0,107.5,4000.0,3536.0,23.07692307692308,21.46690518783542,1.0,1.0,5.0,1.0,2,,,,0.0,15.0,25.0,3,0.0,34.88372093023256,58.13953488372093,6.976744186046512,3,2,5,3,2,4,2,1,4,6,7,6,7,4,2,4,5,4,2,4,2,2,3,4,4,11.0
1,1,1.0,52.0,5.0,1.0,5.0,2.0,1.0,30,30.0,1.0,100.0,2500.0,2210.0,19.23076923076923,19.23076923076923,1.0,1.0,1.0,,2,,,,0.0,5.0,24.0,1,0.0,16.66666666666666,80.0,3.333333333333333,4,3,3,3,2,4,3,3,4,2,6,2,6,4,2,1,1,4,4,2,2,2,4,2,4,11.0
1,1,1.0,29.0,3.0,1.0,4.0,5.0,3.0,40,50.0,3.0,125.0,3700.0,3270.8,21.34615384615385,17.07692307692308,1.0,3.0,1.0,,2,,,,10.0,30.0,5.0,5,20.0,60.0,10.0,10.0,4,3,4,2,4,4,3,3,6,3,5,4,4,4,2,2,3,3,3,4,2,2,2,2,2,11.0
1,1,1.0,24.0,3.0,1.0,4.0,1.0,3.0,8,20.0,3.0,250.0,500.0,442.0,14.42307692307692,5.769230769230768,1.0,1.0,1.0,,2,,,,0.0,15.0,0.0,0,0.0,75.0,0.0,0.0,2,3,1,2,4,4,2,7,3,1,3,3,1,2,2,1,2,5,4,2,3,5,4,5,4,13.0
1,1,1.0,27.0,2.0,1.0,4.0,1.0,3.0,30,35.0,3.0,116.6666666666667,2457.975,2172.8499,18.9075,16.20642857142857,1.0,2.0,1.0,,2,,,,0.0,25.0,1.0,4,0.0,71.42857142857143,2.857142857142857,11.42857142857143,2,4,5,2,2,2,3,3,3,3,5,4,5,4,2,3,3,2,4,3,3,4,4,4,4,9.0
1,1,2.0,27.0,3.0,1.0,4.0,3.0,3.0,30,30.0,1.0,100.0,2868.0,2535.312,22.06153846153846,22.06153846153846,1.0,1.0,1.0,,2,,,,0.0,25.0,0.0,5,0.0,83.33333333333334,0.0,16.66666666666666,2,4,3,4,4,4,3,1,1,1,3,7,7,3,2,4,2,3,5,1,4,4,4,5,3,9.0
1,1,2.0,28.0,3.0,1.0,4.0,1.0,3.0,36,42.0,3.0,116.6666666666667,2100.0,1856.4,13.46153846153846,11.53846153846154,4.0,1.0,1.0,,2,,,,2.0,40.0,0.0,0,4.761904761904762,95.23809523809523,0.0,0.0,4,2,5,2,2,3,2,2,6,2,6,6,4,4,2,4,4,4,2,4,4,3,3,2,4,9.0
1,1,2.0,31.0,2.0,1.0,5.0,4.0,1.0,40,40.0,1.0,100.0,2240.0,1980.16,12.92307692307692,12.92307692307692,3.0,2.0,1.0,,2,,,,0.0,25.0,5.0,3,0.0,62.5,12.5,7.5,1,4,4,4,4,5,5,1,4,2,6,7,7,4,1,3,4,4,3,3,3,5,5,5,5,9.0
1,3,2.0,39.0,1.0,2.0,6.0,3.0,2.0,30,30.0,1.0,100.0,1900.0,1679.6,14.61538461538461,14.61538461538461,1.0,1.0,1.0,,1,2.0,7.0,2,,,,,,,,,2,4,3,5,4,5,5,1,3,3,6,7,6,3,2,2,3,4,4,3,4,4,4,5,4,1.0
1,3,2.0,34.0,4.0,1.0,5.0,5.0,3.0,40,50.0,3.0,125.0,3000.0,2652.0,17.30769230769231,13.84615384615384,1.0,3.0,1.0,,1,10.0,7.0,1,,,,,,,,,2,3,2,4,3,3,3,3,2,2,4,5,4,4,1,2,2,1,4,2,2,4,2,4,4,1.0
1,3,2.0,37.0,1.0,4.0,5.0,5.0,6.0,40,47.5,3.0,118.75,2200.0,1944.8,12.69230769230769,10.68825910931174,1.0,3.0,1.0,,1,6.0,7.0,3,,,,,,,,,3,3,3,4,4,5,4,1,4,2,7,7,6,3,4,3,5,4,2,4,4,3,4,2,4,1.0
1,3,2.0,26.0,1.0,1.0,4.0,1.0,3.0,26,30.0,3.0,115.3846153846154,2030.0,1794.52,18.01775147928994,15.61538461538461,1.0,1.0,1.0,,1,2.0,7.0,0,,,,,,,,,2,3,4,4,4,3,4,2,4,2,4,5,4,4,1,1,3,3,4,3,3,2,4,3,4,1.0
1,3,2.0,33.0,2.0,1.0,4.0,6.0,3.0,30,45.0,3.0,150.0,2400.0,2121.6,18.46153846153846,12.30769230769231,1.0,1.0,3.0,5.0,1,10.0,8.0,5,,,,,,,,,4,2,1,3,2,4,2,1,2,2,4,7,7,4,2,4,4,3,3,3,4,3,3,3,2,1.0
1,3,2.0,31.0,3.0,1.0,4.0,4.0,3.0,40,58.0,3.0,145.0,4200.0,3712.8,24.23076923076923,16.71087533156499,1.0,1.0,1.0,,1,14.0,6.0,3,,,,,,,,,2,4,3,4,2,4,4,2,2,2,4,6,6,3,2,2,3,2,5,2,2,4,3,4,4,1.0
1,3,2.0,39.0,1.0,1.0,4.0,1.0,1.0,32,35.0,3.0,109.375,4000.0,3536.0,28.84615384615385,26.37362637362638,1.0,1.0,1.0,,1,8.0,8.0,"4,5",,,,,,,,,3,3,4,2,1,4,3,4,4,2,5,5,2,4,1,2,3,3,2,2,3,4,4,5,4,1.0
1,3,2.0,34.0,2.0,1.0,4.0,11.0,1.0,30,30.0,1.0,100.0,2600.0,2298.4,20,20.0,1.0,2.0,1.0,,1,13.0,7.0,4,,,,,,,,,2,4,3,4,5,5,3,1,5,3,5,5,6,2,2,3,2,2,4,2,3,2,4,4,3,1.0
2,4,1.0,36.0,2.0,2.0,1.0,5.0,3.0,40,55.0,3.0,137.5,1666.38893517747,1846.358940176637,9.613782318331559,6.991841686059316,1.0,1.0,1.0,,1,5.0,7.0,8,,,,,,,,,4,3,4,2,4,4,2,4,6,5,6,6,4,4,2,2,5,5,2,3,3,3,3,2,2,1.0
2,4,2.0,28.0,2.0,2.0,2.0,6.0,1.0,40,40.0,1.0,100.0,2124.645892351275,2354.107648725212,12.25757245587274,12.25757245587274,2.0,3.0,1.0,,1,12.0,7.0,3,,,,,,,,,2,3,4,3,2,3,3,2,4,4,6,7,4,2,3,4,2,2,4,4,2,4,4,5,5,1.0
2,2,2.0,28.0,3.0,1.0,1.0,5.0,1.0,40,50.0,3.0,125.0,1083.152807865356,1200.133311114814,6.248958506915514,4.999166805532411,1.0,3.0,1.0,,1,1.0,7.0,6,,,,,,,,,4,3,4,2,4,5,2,4,4,4,5,5,3,3,2,2,2,5,3,3,2,4,3,2,4,1.0
2,2,2.0,47.0,4.0,2.0,1.0,11.0,1.0,40,40.0,1.0,100.0,1874.687552074654,2077.153807698717,10.815505108123,10.815505108123,2.0,3.0,6.0,15.0,1,3.0,8.0,23,,,,,,,,,4,3,4,4,4,4,4,1,5,7,5,7,7,4,3,4,4,4,1,5,2,1,3,3,2,1.0
2,2,1.0,51.0,1.0,3.0,1.0,5.0,1.0,40,40.0,1.0,100.0,2291.284785869022,2538.743542742876,13.21895068770589,13.21895068770589,2.0,4.0,1.0,,1,7.0,7.0,3,,,,,,,,,1,3,2,2,4,2,3,2,1,1,6,7,5,4,4,4,5,4,4,2,4,4,3,4,3,1.0
2,2,2.0,24.0,3.0,1.0,1.0,8.0,2.0,40,30.0,2.0,75.0,1208.131978003666,1338.610231628062,6.96999218079038,9.293322907720507,1.0,2.0,1.0,,1,11.0,6.0,0,,,,,,,,,2,3,2,3,3,4,3,1,6,5,6,5,5,2,2,3,1,3,5,2,4,4,4,4,4,1.0
2,2,1.0,43.0,1.0,2.0,1.0,5.0,1.0,40,40.0,1.0,100.0,1666.38893517747,1846.358940176637,9.613782318331559,9.613782318331559,1.0,1.0,1.0,,1,1.0,4.0,23,,,,,,,,,4,3,2,2,4,5,3,1,1,2,6,6,6,4,2,2,4,4,2,3,3,3,2,4,4,1.0
2,2,2.0,58.0,1.0,1.0,1.0,8.0,1.0,40,50.0,3.0,125.0,1374.770871521413,1523.246125645726,7.931370412623536,6.345096330098828,1.0,1.0,5.0,10.0,1,6.0,7.0,10,,,,,,,,,4,3,4,2,3,4,2,3,3,5,2,4,4,4,2,2,4,4,2,3,3,2,2,2,2,1.0
2,2,2.0,69.0,2.0,1.0,1.0,8.0,1.0,40,41.0,3.0,102.5,1874.687552074654,2077.153807698717,10.815505108123,10.55171230060781,2.0,3.0,1.0,,1,7.0,7.0,13,,,,,,,,,4,3,2,3,4,3,3,1,2,2,4,5,5,4,2,3,4,3,2,3,2,3,4,3,2,1.0
2,2,2.0,45.0,1.0,2.0,3.0,8.0,1.0,40,40.0,1.0,100.0,1124.812531244793,1246.29228461923,6.489303064873804,6.489303064873804,1.0,1.0,1.0,,1,2.0,4.0,23,,,,,,,,,3,3,3,4,2,4,3,1,7,7,6,7,6,3,4,2,4,4,3,4,4,3,4,4,3,1.0
2,2,2.0,40.0,1.0,2.0,1.0,4.0,2.0,24,36.0,3.0,150.0,833.1944675887353,923.1794700883186,8.0114852652763,5.340990176850866,1.0,1.0,1.0,,1,2.0,4.0,12,,,,,,,,,4,3,3,1,3,1,1,3,5,7,5,4,2,5,2,2,4,4,2,3,2,3,2,1,2,1.0
2,2,2.0,39.0,2.0,2.0,1.0,6.0,2.0,20,15.0,2.0,75.0,501.99966672221285,556.2156307282121,5.792303846794765,7.723071795726353,1.0,2.0,1.0,,1,1.0,7.0,2,,,,,,,,,4,3,3,4,5,4,2,3,2,2,3,4,3,2,2,3,3,3,4,3,3,3,2,3,3,1.0
2,2,2.0,54.0,1.0,1.0,1.0,5.0,1.0,40,40.0,1.0,100.0,1458.0903182802872,1615.564072654557,8.412059528540114,8.412059528540114,1.0,2.0,1.0,,1,1.0,4.0,15,,,,,,,,,4,3,1,4,4,5,4,1,1,3,6,7,6,2,3,2,3,4,2,3,3,3,4,4,5,1.0
2,2,2.0,39.0,2.0,1.0,1.0,5.0,1.0,40,40.0,1.0,100.0,1749.708381936344,1938.676887185469,10.09447143424814,10.09447143424814,1.0,2.0,1.0,,1,12.0,7.0,10,,,,,,,,,4,4,2,3,4,5,3,1,4,4,4,6,4,4,1,2,2,4,4,4,2,4,3,1,3,1.0
2,2,2.0,29.0,1.0,1.0,1.0,5.0,1.0,40,65.0,3.0,162.5,1666.38893517747,1846.358940176637,9.613782318331559,5.916173734357882,1.0,3.0,1.0,,1,9.0,6.0,5,,,,,,,,,3,3,3,4,3,5,4,1,2,1,4,7,6,4,4,4,5,4,2,2,3,4,4,4,3,1.0
2,2,1.0,41.0,3.0,1.0,1.0,8.0,2.0,40,45.0,3.0,112.5,1583.069488418597,1754.040993167805,9.133093202414981,8.118305068813317,1.0,3.0,1.0,,1,6.0,4.0,5,,,,,,,,,4,3,3,2,4,4,2,2,1,1,6,5,4,4,3,2,4,4,2,3,4,4,2,2,3,1.0
2,2,2.0,57.0,1.0,1.0,1.0,5.0,1.0,40,55.0,3.0,137.5,1666.38893517747,1846.358940176637,9.613782318331559,6.991841686059316,1.0,4.0,1.0,,1,1.0,7.0,24,,,,,,,,,3,3,5,4,3,4,2,1,5,6,7,7,6,4,3,3,5,5,2,4,2,2,4,4,5,1.0
2,2,2.0,32.0,3.0,1.0,1.0,5.0,2.0,40,40.0,1.0,100.0,1458.0903182802872,1615.564072654557,8.412059528540114,8.412059528540114,1.0,4.0,1.0,,1,1.0,7.0,6,,,,,,,,,3,3,4,3,5,4,2,1,4,2,6,7,4,5,3,3,4,4,3,3,2,4,4,3,4,1.0
2,2,2.0,45.0,1.0,2.0,1.0,5.0,1.0,40,40.0,1.0,100.0,1583.069488418597,1754.040993167805,9.133093202414981,9.133093202414981,2.0,3.0,1.0,,1,12.0,8.0,5,,,,,,,,,4,3,5,2,2,5,2,3,5,5,5,5,5,4,1,2,4,5,2,4,3,3,3,2,4,1.0
2,2,1.0,70.0,1.0,1.0,1.0,4.0,1.0,40,30.0,2.0,75.0,1041.493084485919,1153.974337610398,6.008613948957224,8.0114852652763,1.0,2.0,2.0,30.0,1,1.0,8.0,20,,,,,,,,,2,3,2,3,2,4,3,1,2,1,4,6,5,3,4,2,1,2,4,2,2,2,4,3,3,1.0
2,2,2.0,41.0,1.0,2.0,1.0,5.0,1.0,20,25.0,3.0,125.0,583.2361273121146,646.2256290618232,6.729647622832092,5.383718098265673,1.0,3.0,1.0,,1,1.0,4.0,6,,,,,,,,,4,3,3,4,4,5,2,2,3,1,2,6,3,4,2,1,4,4,4,2,2,3,2,2,4,1.0
2,2,2.0,36.0,1.0,2.0,1.0,5.0,1.0,40,40.0,1.0,100.0,1749.708381936344,1938.676887185469,10.09447143424814,10.09447143424814,1.0,3.0,1.0,,1,9.0,7.0,1,,,,,,,,,2,3,5,4,2,4,3,1,1,1,4,6,5,4,2,3,2,3,3,2,3,3,4,4,5,1.0
2,2,1.0,51.0,3.0,1.0,1.0,4.0,1.0,8,12.0,3.0,150.0,104.14930844859191,115.39743376103979,3.004306974478612,2.002871316319075,1.0,2.0,6.0,40.0,1,11.0,7.0,4,,,,,,,,,3,3,4,3,4,4,2,2,3,2,4,6,6,4,4,4,4,3,2,2,4,3,4,4,3,1.0
2,2,2.0,56.0,1.0,2.0,1.0,11.0,1.0,40,40.0,1.0,100.0,3124.479253457757,3461.923012831195,18.02584184687167,18.02584184687167,2.0,4.0,1.0,,1,9.0,7.0,32,,,,,,,,,1,4,4,4,4,5,4,1,2,4,5,6,6,4,2,3,4,4,4,2,4,4,4,4,4,1.0
2,2,2.0,42.0,1.0,1.0,1.0,1.0,1.0,40,40.0,1.0,100.0,1999.666722212964,2215.630728211964,11.53653878199787,11.53653878199787,1.0,2.0,1.0,,1,8.0,7.0,6,,,,,,,,,1,4,4,4,4,5,4,2,2,2,2,6,5,4,2,4,4,4,4,2,4,4,4,4,4,1.0
2,2,1.0,45.0,1.0,2.0,1.0,1.0,1.0,40,40.0,1.0,100.0,2041.326445592401,2261.78970171638,11.77688333995616,11.77688333995616,2.0,4.0,1.0,,1,3.0,7.0,18,,,,,,,,,2,4,3,4,4,4,3,1,3,3,3,5,4,2,2,2,3,3,3,2,4,4,3,4,4,1.0
2,2,2.0,30.0,2.0,1.0,1.0,1.0,2.0,32,48.0,3.0,120.0,1083.152807865356,1200.133311114814,7.811198133644393,7.524969614621337,1.0,1.0,7.0,12.0,1,14.0,7.0,2,,,,,,,,,4,3,4,3,2,5,3,1,2,5,6,6,6,4,2,2,4,4,1,3,4,3,3,3,2,1.0
2,2,2.0,45.0,2.0,2.0,1.0,6.0,1.0,40,40.0,1.0,100.0,1249.791701383103,1384.769205132478,7.210336738748668,7.210336738748668,1.0,1.0,1.0,,1,1.0,5.0,14,,,,,,,,,4,4,3,4,4,5,4,1,5,5,6,5,5,3,2,2,3,4,3,2,3,3,2,4,3,1.0
2,2,2.0,37.0,2.0,1.0,1.0,1.0,2.0,40,40.0,1.0,100.0,1166.472254624229,1292.451258123646,6.729647622832092,6.7296476228320925,1.0,1.0,1.0,,1,2.0,7.0,9,,,,,,,,,4,3,4,4,4,4,3,2,3,5,6,7,7,4,3,3,2,3,3,2,3,4,3,2,4,1.0
2,2,2.0,47.0,1.0,2.0,3.0,3.0,1.0,20,20.0,1.0,100.0,520.7465422429598,576.9871688051987,6.008613948957224,6.008613948957224,1.0,3.0,4.0,100.0,1,1.0,8.0,11,,,,,,,,,2,4,4,4,4,5,4,1,1,1,1,5,6,2,2,2,1,2,5,2,3,4,4,5,5,1.0
2,2,1.0,44.0,1.0,4.0,1.0,1.0,1.0,40,39.2,3.0,107.60869565217392,2082.986168971838,2307.948675220796,12.01722789791445,9.580858811499859,1.0,2.0,6.0,40.0,1,7.0,8.0,20,,,,,,,,,2,2,3,3,5,4,2,3,2,3,3,6,5,5,3,3,4,4,4,2,3,4,3,3,1,1.0
2,2,2.0,64.0,1.0,1.0,1.0,1.0,1.0,40,40.0,1.0,100.0,1041.493084485919,1153.974337610398,6.008613948957224,6.008613948957224,1.0,1.0,1.0,,1,3.0,7.0,0,,,,,,,,,2,3,3,4,3,3,2,4,2,2,2,3,4,3,2,2,2,3,4,2,5,4,4,5,4,1.0
2,2,2.0,29.0,3.0,1.0,1.0,11.0,2.0,40,40.0,1.0,100.0,1124.812531244793,1246.29228461923,6.489303064873804,6.489303064873804,1.0,2.0,1.0,,1,3.0,7.0,3,,,,,,,,,4,3,3,3,3,4,4,1,3,4,6,7,6,3,2,2,3,2,3,3,3,2,2,3,3,1.0
2,2,2.0,27.0,2.0,1.0,1.0,1.0,2.0,40,40.0,1.0,100.0,1249.791701383103,1384.769205132478,7.210336738748668,7.210336738748668,1.0,2.0,1.0,,1,2.0,7.0,3,,,,,,,,,4,4,3,4,5,5,3,1,5,2,5,6,6,3,4,2,2,2,4,2,2,3,2,2,4,1.0
2,2,2.0,40.0,1.0,2.0,1.0,11.0,1.0,25,25.0,1.0,100.0,624.8958506915515,692.3846025662388,5.768269390998935,5.768269390998935,1.0,1.0,1.0,,1,3.0,6.0,5,,,,,,,,,2,3,2,2,2,5,3,2,5,2,6,7,7,3,1,2,2,3,4,2,3,4,2,4,4,1.0
2,2,2.0,50.0,1.0,2.0,1.0,11.0,2.0,40,40.0,1.0,100.0,1291.45142476254,1430.928178636894,7.450681296706959,7.450681296706959,1.0,1.0,1.0,,1,7.0,4.0,2,,,,,,,,,4,3,2,3,1,3,3,2,4,4,5,5,5,4,3,2,4,4,2,2,4,4,2,3,4,1.0
2,2,1.0,39.0,3.0,1.0,1.0,11.0,1.0,40,40.0,1.0,100.0,1333.111148141976,1477.08715214131,7.691025854665247,7.691025854665247,1.0,1.0,1.0,,1,5.0,5.0,7,,,,,,,,,4,3,3,3,4,5,3,4,6,3,6,6,6,4,4,3,3,2,3,3,4,3,2,3,4,1.0
2,2,2.0,47.0,5.0,2.0,1.0,11.0,1.0,30,30.0,1.0,100.0,958.1736377270452,1061.6563906015663,7.370566444054195,7.370566444054195,1.0,1.0,1.0,,1,11.0,7.0,22,,,,,,,,,2,3,3,4,2,5,3,3,4,4,4,4,4,3,2,2,1,2,4,2,2,4,3,2,4,1.0
2,2,1.0,39.0,1.0,2.0,1.0,11.0,1.0,40,50.0,3.0,125.0,3332.777870354941,3692.717880353274,19.22756463666312,15.38205170933049,2.0,4.0,5.0,10.0,1,5.0,6.0,10,,,,,,,,,2,3,1,4,3,3,4,1,2,3,5,6,4,4,2,2,3,2,4,2,4,4,4,4,4,1.0
2,2,2.0,41.0,1.0,2.0,1.0,6.0,1.0,40,40.0,1.0,100.0,1333.111148141976,1477.08715214131,7.691025854665247,7.691025854665247,1.0,3.0,1.0,,1,6.0,7.0,12,,,,,,,,,4,3,4,3,2,3,3,3,5,5,5,4,4,3,3,3,3,4,2,4,3,3,4,3,3,1.0
2,2,2.0,35.0,1.0,1.0,1.0,8.0,1.0,40,40.0,1.0,100.0,1499.750041659723,1661.723046158973,8.652404086498404,8.652404086498404,1.0,2.0,5.0,20.0,1,7.0,5.0,4,,,,,,,,,2,3,3,3,1,5,3,1,2,2,4,4,4,3,3,3,3,4,4,2,2,4,3,4,4,1.0
2,2,2.0,60.0,1.0,1.0,1.0,11.0,1.0,40,40.0,1.0,100.0,1874.687552074654,2077.153807698717,10.815505108123,10.815505108123,1.0,2.0,1.0,,1,5.0,7.0,31,,,,,,,,,2,4,3,4,4,4,4,2,4,2,3,3,3,1,1,2,2,3,5,3,2,4,2,4,4,1.0
2,2,2.0,36.0,2.0,1.0,1.0,5.0,1.0,40,40.0,1.0,100.0,1458.0903182802872,1615.564072654557,8.412059528540114,8.412059528540114,1.0,3.0,3.0,20.0,1,8.0,8.0,12,,,,,,,,,3,4,3,4,5,5,3,3,3,3,4,4,3,4,4,4,4,5,2,2,4,4,4,5,3,1.0
2,2,2.0,42.0,1.0,2.0,1.0,8.0,1.0,40,40.0,1.0,100.0,1374.770871521413,1523.246125645726,7.931370412623536,7.931370412623536,1.0,1.0,1.0,,1,8.0,7.0,2,,,,,,,,,2,4,3,3,2,4,2,2,5,5,6,4,3,2,1,2,1,3,4,4,3,2,4,4,4,1.0
2,2,1.0,43.0,2.0,2.0,1.0,8.0,1.0,40,40.0,1.0,100.0,1595.567405432428,1767.88868521913,9.20519656980247,9.20519656980247,1.0,1.0,1.0,,1,5.0,7.0,5,,,,,,,,,2,3,1,4,3,3,2,4,4,4,4,4,4,3,2,3,3,3,3,3,3,3,3,4,4,1.0
2,2,2.0,47.0,1.0,2.0,1.0,4.0,2.0,40,40.0,1.0,100.0,1041.493084485919,1153.974337610398,6.008613948957224,6.008613948957224,1.0,1.0,1.0,,1,7.0,4.0,6,,,,,,,,,4,3,3,2,2,4,3,4,2,4,4,4,4,4,2,2,4,4,3,5,2,2,3,2,3,1.0
2,2,2.0,44.0,1.0,2.0,1.0,4.0,1.0,40,40.0,1.0,100.0,958.1736377270452,1061.6563906015663,5.527924833040647,5.527924833040647,1.0,1.0,1.0,,1,7.0,4.0,4,,,,,,,,,4,3,3,2,2,4,1,5,2,2,1,3,2,3,2,3,3,5,4,3,2,3,2,2,3,1.0
2,2,2.0,50.0,2.0,1.0,1.0,11.0,2.0,40,40.0,1.0,100.0,1374.770871521413,1523.246125645726,7.931370412623536,7.931370412623536,1.0,1.0,1.0,,1,8.0,4.0,2,,,,,,,,,3,3,5,4,5,5,4,1,5,7,7,6,5,3,2,3,5,5,2,3,4,3,4,4,4,1.0
2,2,1.0,59.0,1.0,1.0,1.0,5.0,1.0,40,55.0,3.0,137.5,1333.111148141976,1477.08715214131,7.691025854665247,5.593473348847452,1.0,3.0,3.0,20.0,1,4.0,5.0,3.5,,,,,,,,,3,4,5,4,4,4,3,1,3,3,5,6,6,4,3,3,4,4,2,2,4,4,4,4,2,1.0
2,2,2.0,45.0,1.0,2.0,1.0,5.0,1.0,30,30.0,1.0,100.0,770.7048825195802,853.9410098316946,5.928499096304463,5.928499096304462,1.0,2.0,3.0,10.0,1,1.0,5.0,9,,,,,,,,,4,3,4,3,4,4,3,2,4,2,5,5,4,4,2,2,3,3,3,2,3,3,3,4,4,1.0
2,2,1.0,46.0,1.0,2.0,3.0,3.0,2.0,40,40.0,1.0,100.0,1208.131978003666,1338.610231628062,6.96999218079038,6.96999218079038,1.0,2.0,1.0,,1,2.0,7.0,14,,,,,,,,,3,3,3,3,2,3,3,3,3,2,3,5,5,3,4,2,4,4,2,2,3,4,3,3,3,1.0
2,2,2.0,52.0,1.0,2.0,1.0,4.0,1.0,40,40.0,1.0,100.0,1287.285452424596,1426.312281286452,7.42664684091113,7.42664684091113,1.0,1.0,1.0,,1,11.0,8.0,12,,,,,,,,,2,4,4,4,4,5,4,1,4,5,5,5,5,2,2,2,3,4,4,2,4,3,4,4,4,1.0
2,2,2.0,43.0,1.0,2.0,1.0,3.0,2.0,40,40.0,1.0,100.0,1458.0903182802872,1615.564072654557,8.412059528540114,8.412059528540114,1.0,2.0,1.0,,1,12.0,7.0,0,,,,,,,,,2,3,2,3,4,4,3,1,1,2,6,7,5,3,2,3,3,4,4,2,4,4,4,4,4,1.0
2,2,2.0,36.0,1.0,2.0,1.0,3.0,1.0,40,50.0,3.0,125.0,1999.666722212964,2215.630728211964,11.53653878199787,9.229231025598297,2.0,4.0,1.0,,1,14.0,4.0,14,,,,,,,,,1,3,3,2,4,3,3,4,4,3,5,6,3,5,2,3,4,4,2,2,3,4,4,4,4,1.0
2,2,2.0,25.0,3.0,1.0,1.0,11.0,2.0,40,50.0,3.0,125.0,1666.38893517747,1846.358940176637,9.613782318331559,7.691025854665247,2.0,2.0,3.0,20.0,1,7.0,7.0,3,,,,,,,,,3,3,5,1,1,3,2,2,5,6,6,5,5,5,1,4,5,5,2,4,3,3,3,4,3,1.0
2,2,2.0,61.0,4.0,3.0,1.0,11.0,1.0,40,40.0,1.0,100.0,1041.493084485919,1153.974337610398,6.008613948957224,6.008613948957224,1.0,3.0,1.0,,1,3.0,7.0,13,,,,,,,,,1,3,3,2,2,5,3,1,4,5,4,6,6,3,3,2,4,4,4,2,4,4,4,4,4,1.0
2,2,2.0,40.0,1.0,2.0,1.0,3.0,2.0,40,40.0,1.0,100.0,1333.111148141976,1477.08715214131,7.691025854665247,7.691025854665247,1.0,1.0,1.0,,1,1.0,6.0,3,,,,,,,,,2,4,2,3,4,4,4,3,4,4,5,4,3,3,1,2,3,4,4,3,2,3,3,5,3,1.0
2,2,1.0,40.0,2.0,2.0,1.0,1.0,3.0,40,40.0,1.0,100.0,1249.791701383103,1384.769205132478,7.210336738748668,7.210336738748668,1.0,1.0,5.0,,1,10.0,6.0,3,,,,,,,,,4,2,2,1,1,1,1,7,2,1,1,1,2,4,1,2,3,4,3,3,2,3,2,3,4,1.0
2,2,2.0,30.0,1.0,1.0,1.0,5.0,1.0,40,40.0,1.0,100.0,1291.45142476254,1430.928178636894,7.450681296706959,7.450681296706959,1.0,3.0,5.0,6.0,1,1.0,7.0,3,,,,,,,,,2,4,4,4,3,4,3,3,4,3,4,6,4,3,2,1,2,4,5,3,3,4,3,4,5,1.0
2,2,1.0,30.0,1.0,1.0,1.0,11.0,1.0,40,40.0,1.0,100.0,1958.006998833528,2169.471754707549,11.29619422403958,11.29619422403958,1.0,4.0,1.0,,1,8.0,7.0,5,,,,,,,,,1,4,3,4,3,4,3,1,5,3,5,5,5,4,3,4,3,4,4,3,4,2,4,3,4,1.0
2,2,2.0,49.0,1.0,2.0,3.0,11.0,1.0,40,40.0,1.0,100.0,1083.152807865356,1200.133311114814,6.248958506915514,6.248958506915514,1.0,2.0,5.0,1.0,1,13.0,7.0,15,,,,,,,,,2,3,3,3,3,3,3,2,3,5,5,6,5,2,3,2,3,4,4,3,4,3,3,5,3,1.0
2,2,2.0,33.0,1.0,2.0,1.0,11.0,1.0,40,50.0,3.0,125.0,1249.791701383103,1384.769205132478,7.210336738748668,5.768269390998935,1.0,3.0,3.0,,1,12.0,7.0,0,,,,,,,,,3,3,4,3,4,5,4,1,1,2,6,7,7,3,3,2,3,4,4,3,2,2,2,5,5,1.0
2,2,2.0,42.0,1.0,2.0,1.0,5.0,1.0,40,40.0,1.0,100.0,1499.750041659723,1661.723046158973,8.652404086498404,8.652404086498404,1.0,1.0,1.0,,1,8.0,7.0,1,,,,,,,,,2,3,3,2,4,4,2,4,4,3,4,4,4,4,1,2,4,4,3,3,3,4,4,4,4,1.0
2,2,2.0,50.0,1.0,2.0,1.0,11.0,1.0,40,40.0,1.0,100.0,1458.0903182802872,1615.564072654557,8.412059528540114,8.412059528540114,1.0,1.0,1.0,,1,8.0,4.0,12,,,,,,,,,2,3,4,3,4,5,4,2,4,4,5,5,4,4,1,2,3,4,2,2,4,4,4,4,4,1.0
2,2,2.0,39.0,1.0,2.0,1.0,11.0,1.0,40,35.0,2.0,87.5,1333.111148141976,1477.08715214131,7.691025854665247,8.78974383390314,1.0,2.0,1.0,,1,12.0,7.0,2,,,,,,,,,2,3,2,4,5,5,3,1,2,3,5,6,5,2,2,2,2,2,4,2,2,2,4,5,4,1.0
2,2,1.0,30.0,2.0,1.0,1.0,11.0,2.0,40,40.0,1.0,100.0,1166.472254624229,1292.451258123646,6.729647622832092,6.7296476228320925,2.0,2.0,7.0,40.0,1,3.0,7.0,1.5,,,,,,,,,4,3,2,3,4,4,3,3,4,6,4,4,4,3,3,2,4,4,4,3,3,4,4,3,3,1.0
2,2,2.0,42.0,1.0,2.0,1.0,1.0,1.0,40,45.0,3.0,112.5,1458.0903182802872,1615.564072654557,8.412059528540114,7.477386247591213,1.0,2.0,1.0,,1,6.0,7.0,2,,,,,,,,,4,3,3,3,2,4,3,1,2,1,6,5,6,4,4,2,4,4,2,3,4,2,2,3,2,1.0
2,2,2.0,59.0,2.0,3.0,1.0,11.0,1.0,40,40.0,1.0,100.0,2416.263956007332,2677.220463256124,13.93998436158076,13.93998436158076,2.0,2.0,1.0,,1,14.0,7.0,6,,,,,,,,,1,3,3,4,4,5,4,1,1,1,6,7,6,3,3,4,4,5,3,2,4,3,4,4,4,1.0
2,2,2.0,33.0,2.0,1.0,1.0,11.0,1.0,40,40.0,1.0,100.0,1666.38893517747,1846.358940176637,9.613782318331559,9.613782318331559,2.0,3.0,1.0,,1,14.0,7.0,4,,,,,,,,,4,4,3,5,5,5,5,1,4,4,6,6,6,3,2,2,4,4,3,3,3,3,3,4,3,1.0
2,2,2.0,34.0,2.0,1.0,1.0,1.0,1.0,40,40.0,1.0,100.0,1166.472254624229,1292.451258123646,6.729647622832092,6.7296476228320925,1.0,1.0,1.0,,1,12.0,7.0,4,,,,,,,,,3,3,3,3,2,4,3,2,4,4,4,5,5,3,3,3,4,4,2,4,3,3,3,4,4,1.0
2,2,2.0,32.0,3.0,1.0,1.0,6.0,1.0,40,40.0,1.0,100.0,2082.986168971838,2307.948675220796,12.01722789791445,12.01722789791445,1.0,4.0,1.0,,1,8.0,4.0,1,,,,,,,,,3,3,3,4,2,3,4,1,4,3,6,6,6,5,3,4,4,4,2,3,4,3,4,4,2,1.0
2,2,2.0,35.0,3.0,1.0,1.0,6.0,1.0,40,40.0,1.0,100.0,1458.0903182802872,1615.564072654557,8.412059528540114,8.412059528540114,1.0,3.0,1.0,,1,6.0,7.0,7,,,,,,,,,4,4,3,3,5,4,4,3,6,6,2,3,4,4,2,1,2,2,4,4,1,1,3,4,2,1.0
2,2,1.0,38.6,1.0,2.0,3.0,1.0,1.0,40,40.0,1.0,100.0,1666.38893517747,1846.358940176637,9.613782318331559,9.613782318331559,1.0,4.0,1.0,,1,4.0,7.0,2,,,,,,,,,4,3,4,2,3,4,3,3,6,5,5,4,3,4,2,3,4,4,2,4,3,2,3,3,2,1.0
2,2,1.0,30.0,3.0,1.0,1.0,1.0,1.0,40,30.0,2.0,75.0,854.0243292784535,946.2589568405263,4.927063438144925,6.569417917526566,1.0,1.0,5.0,25.0,1,2.0,4.0,5,,,,,,,,,3,3,2,3,3,5,2,5,4,3,3,2,1,2,4,5,4,4,2,4,2,3,2,3,2,1.0
2,2,2.0,44.0,4.0,2.0,1.0,1.0,2.0,40,40.0,1.0,100.0,1749.708381936344,1938.676887185469,10.09447143424814,10.09447143424814,1.0,2.0,1.0,,1,11.0,8.0,10,,,,,,,,,4,3,2,3,3,3,3,2,2,4,4,6,6,3,4,4,3,4,3,2,2,4,2,2,3,1.0
2,2,1.0,40.0,1.0,2.0,1.0,6.0,1.0,40,40.0,1.0,100.0,2499.583402766205,2769.538410264955,14.42067347749734,14.42067347749734,2.0,4.0,1.0,,1,13.0,7.0,13,,,,,,,,,4,3,4,2,5,4,3,1,6,7,4,5,3,4,1,2,4,4,2,4,2,2,2,3,2,1.0
2,2,1.0,40.0,3.0,1.0,1.0,11.0,1.0,40,40.0,1.0,100.0,958.1736377270452,1061.6563906015663,5.527924833040647,5.527924833040647,1.0,2.0,1.0,,1,5.0,5.0,12,,,,,,,,,4,2,1,2,2,2,1,3,1,1,1,1,2,5,2,2,4,4,4,2,2,4,1,1,3,1.0
2,2,2.0,29.0,3.0,1.0,1.0,1.0,3.0,40,40.0,1.0,100.0,1291.45142476254,1430.928178636894,7.450681296706959,7.450681296706959,1.0,4.0,1.0,,1,12.0,7.0,3.5,,,,,,,,,1,4,3,4,2,4,3,2,4,3,5,5,4,2,3,5,2,4,4,3,4,4,2,4,4,1.0
2,2,1.0,45.0,2.0,1.0,1.0,11.0,1.0,40,40.0,1.0,100.0,2916.180636560573,3231.128145309115,16.82411905708023,16.82411905708023,2.0,2.0,3.0,,1,4.0,5.0,6,,,,,,,,,3,4,3,3,3,4,4,1,4,5,6,6,5,4,4,3,4,5,2,3,4,4,4,4,4,1.0
2,2,2.0,32.0,3.0,1.0,1.0,6.0,1.0,40,40.0,1.0,100.0,1458.0903182802872,1615.564072654557,8.412059528540114,8.412059528540114,1.0,2.0,1.0,,1,4.0,7.0,4,,,,,,,,,4,4,3,3,4,3,3,2,4,4,3,4,4,2,2,1,2,3,5,3,2,3,2,2,4,1.0
2,2,1.0,35.0,1.0,2.0,3.0,4.0,1.0,40,40.0,1.0,100.0,1166.472254624229,1292.451258123646,6.729647622832092,6.7296476228320925,1.0,4.0,1.0,,1,13.0,4.0,17,,,,,,,,,4,3,3,3,4,3,3,3,5,5,5,4,4,4,2,2,3,4,2,3,4,3,3,3,3,1.0
2,2,1.0,43.0,3.0,1.0,3.0,11.0,1.0,40,40.0,1.0,100.0,1475.170804865856,1634.489251791368,8.510600797303013,8.510600797303013,1.0,1.0,1.0,,1,10.0,4.0,25,,,,,,,,,2,4,3,4,4,5,3,1,2,1,5,6,7,1,4,2,2,5,5,1,4,4,3,4,4,1.0
2,2,2.0,43.0,4.0,1.0,3.0,4.0,1.0,40,40.0,1.0,100.0,1666.38893517747,1846.358940176637,9.613782318331559,9.613782318331559,1.0,2.0,2.0,40.0,1,11.0,7.0,17,,,,,,,,,1,3,4,3,3,5,4,1,2,2,6,7,7,2,3,3,3,4,4,2,3,4,4,4,4,1.0
2,2,1.0,38.0,1.0,2.0,3.0,11.0,1.0,40,40.0,1.0,100.0,2291.284785869022,2538.743542742876,13.21895068770589,13.21895068770589,2.0,3.0,1.0,,1,7.0,6.0,9,,,,,,,,,1,4,3,3,5,4,5,1,4,5,7,6,6,2,2,4,4,4,4,4,5,5,4,5,4,1.0
2,2,2.0,33.0,2.0,1.0,3.0,11.0,1.0,40,50.0,3.0,125.0,1541.40976503916,1707.882019663389,8.892748644456693,7.114198915565355,1.0,2.0,1.0,,1,9.0,7.0,6,,,,,,,,,3,3,3,1,1,1,3,2,5,5,6,6,6,4,3,4,5,5,2,3,4,4,3,2,2,1.0
2,2,1.0,39.0,1.0,1.0,3.0,11.0,2.0,40,40.0,1.0,100.0,2082.986168971838,2307.948675220796,12.01722789791445,12.01722789791445,1.0,2.0,1.0,,1,6.0,4.0,18,,,,,,,,,1,4,2,4,3,5,5,1,7,5,6,6,6,4,3,4,4,5,3,2,4,4,4,4,4,1.0
2,2,1.0,49.0,1.0,2.0,3.0,11.0,1.0,40,40.0,1.0,100.0,1874.687552074654,2077.153807698717,10.815505108123,10.815505108123,3.0,1.0,7.0,2.0,1,5.0,6.0,22,,,,,,,,,2,3,3,3,3,5,4,2,3,4,4,3,5,3,2,2,1,3,4,2,2,4,4,4,4,1.0
2,2,1.0,36.0,3.0,1.0,3.0,11.0,1.0,40,40.0,1.0,100.0,2082.986168971838,2307.948675220796,12.01722789791445,12.01722789791445,2.0,1.0,1.0,,1,5.0,6.0,9,,,,,,,,,2,4,3,4,4,5,4,3,4,3,6,5,6,2,2,3,3,4,4,3,3,4,4,4,4,1.0
2,2,1.0,41.0,1.0,3.0,3.0,12.0,1.0,40,40.0,1.0,100.0,1874.687552074654,2077.153807698717,10.815505108123,10.815505108123,1.0,1.0,1.0,,1,8.0,7.0,5,,,,,,,,,3,4,2,2,3,4,4,2,5,3,6,6,5,3,3,3,4,4,2,2,3,4,4,4,4,1.0
2,2,2.0,38.0,2.0,2.0,3.0,4.0,2.0,40,40.0,1.0,100.0,1249.791701383103,1384.769205132478,7.210336738748668,7.210336738748668,1.0,3.0,1.0,,1,6.0,7.0,1,,,,,,,,,3,3,3,3,4,4,4,3,4,5,6,6,6,2,5,3,4,4,2,4,4,4,4,4,4,1.0
2,2,2.0,43.0,1.0,2.0,3.0,4.0,1.0,40,40.0,1.0,100.0,1291.45142476254,1430.928178636894,7.450681296706959,7.450681296706959,1.0,2.0,1.0,,1,2.0,4.0,24,,,,,,,,,2,4,4,4,4,5,4,1,2,3,5,6,6,2,4,3,2,4,4,3,3,4,3,4,3,1.0
2,2,1.0,63.0,1.0,1.0,3.0,2.0,1.0,40,40.0,1.0,100.0,1666.38893517747,1846.358940176637,9.613782318331559,9.613782318331559,1.0,3.0,1.0,,1,2.0,8.0,26,,,,,,,,,1,4,5,4,5,5,5,1,5,4,4,6,5,3,4,4,4,4,3,2,4,4,4,4,4,1.0
2,2,2.0,53.0,1.0,2.0,1.0,2.0,1.0,40,55.0,3.0,137.5,1666.38893517747,1846.358940176637,9.613782318331559,6.991841686059316,1.0,4.0,1.0,,1,6.0,7.0,16,,,,,,,,,2,4,5,4,4,4,4,1,2,4,1,5,5,3,2,2,3,3,4,2,4,3,3,4,4,1.0
2,2,1.0,37.0,2.0,1.0,1.0,1.0,1.0,40,55.0,3.0,137.5,2707.882019663389,3000.333277787036,15.62239626728878,11.36174273984639,2.0,5.0,1.0,,1,12.0,6.0,8,,,,,,,,,3,3,4,4,4,5,3,1,4,4,7,7,7,5,4,5,5,5,2,3,4,3,4,3,2,1.0
2,2,2.0,47.0,2.0,2.0,1.0,1.0,1.0,40,40.0,1.0,100.0,1583.069488418597,1754.040993167805,9.133093202414981,9.133093202414981,1.0,3.0,2.0,5.0,1,7.0,7.0,16,,,,,,,,,4,3,2,2,4,4,4,1,2,2,4,6,4,4,2,2,2,4,4,4,3,3,4,4,4,1.0
2,2,2.0,36.0,1.0,2.0,1.0,11.0,1.0,40,40.0,1.0,100.0,1333.111148141976,1477.08715214131,7.691025854665247,7.691025854665247,1.0,1.0,3.0,12.0,1,10.0,7.0,3,,,,,,,,,1,3,2,4,4,3,3,2,5,6,6,6,6,4,1,4,4,3,2,4,5,2,5,4,4,1.0
2,2,2.0,59.0,4.0,1.0,3.0,11.0,1.0,40,40.0,1.0,100.0,1499.750041659723,1661.723046158973,8.652404086498404,8.652404086498404,1.0,1.0,3.0,50.0,1,1.0,7.0,25,,,,,,,,,3,3,4,3,4,5,4,1,3,4,7,7,6,4,4,4,5,5,2,3,4,3,4,4,4,1.0
2,2,2.0,40.0,1.0,2.0,3.0,11.0,1.0,30,30.0,1.0,100.0,1458.0903182802872,1615.564072654557,11.21607937138682,11.21607937138682,1.0,2.0,1.0,,1,11.0,7.0,15,,,,,,,,,4,4,4,3,2,2,3,3,3,2,3,4,3,2,2,2,2,4,3,3,3,2,2,4,3,1.0
2,2,2.0,49.0,2.0,2.0,1.0,11.0,1.0,40,40.0,1.0,100.0,2291.284785869022,2538.743542742876,13.21895068770589,13.21895068770589,1.0,4.0,1.0,,1,10.0,8.0,22,,,,,,,,,1,3,2,4,2,5,3,1,1,1,5,7,7,4,4,4,4,3,4,3,3,4,4,5,4,1.0
2,2,1.0,31.0,2.0,1.0,1.0,3.0,2.0,20,30.0,3.0,150.0,520.7465422429598,576.9871688051987,6.008613948957224,4.00574263263815,1.0,2.0,1.0,5.0,1,2.0,7.0,5,,,,,,,,,2,3,4,3,3,4,3,1,1,2,5,7,6,4,2,2,3,3,3,2,4,4,3,4,4,1.0
2,2,2.0,28.0,3.0,1.0,1.0,2.0,2.0,40,40.0,1.0,100.0,1249.791701383103,1384.769205132478,7.210336738748668,7.210336738748668,1.0,2.0,1.0,,1,2.0,4.0,3,,,,,,,,,2,4,2,4,2,4,3,4,5,5,4,5,6,2,3,2,2,4,4,2,2,2,2,3,5,1.0
2,2,1.0,60.0,4.0,1.0,3.0,11.0,1.0,40,40.0,1.0,100.0,1958.006998833528,2169.471754707549,11.29619422403958,11.29619422403958,1.0,5.0,1.0,,1,9.0,8.0,22,,,,,,,,,1,3,1,4,3,3,4,1,3,5,7,7,6,2,4,4,3,5,4,2,4,5,4,4,3,1.0
2,2,2.0,48.0,1.0,2.0,1.0,11.0,1.0,40,40.0,1.0,100.0,1499.750041659723,1661.723046158973,8.652404086498404,8.652404086498404,2.0,4.0,5.0,5.0,1,12.0,7.0,14,,,,,,,,,3,4,3,4,3,5,4,1,5,3,6,5,6,4,4,3,4,4,3,3,4,4,4,3,2,1.0
2,2,1.0,60.0,1.0,3.0,1.0,6.0,1.0,40,40.0,1.0,100.0,2499.583402766205,2769.538410264955,14.42067347749734,14.42067347749734,2.0,1.0,1.0,,1,7.0,7.0,7,,,,,,,,,3,3,4,3,4,4,3,2,4,4,4,4,4,3,3,2,4,4,2,4,4,3,4,4,4,1.0
2,2,2.0,58.0,1.0,1.0,1.0,11.0,1.0,40,40.0,1.0,100.0,1666.38893517747,1846.358940176637,9.613782318331559,9.613782318331559,1.0,1.0,1.0,,1,7.0,4.0,21,,,,,,,,,2,3,4,2,1,4,2,2,5,3,5,7,5,4,2,1,3,4,3,2,2,4,3,4,4,1.0
2,2,2.0,35.0,1.0,2.0,1.0,11.0,3.0,20,20.0,1.0,100.0,758.2069655057489,840.09331778037,8.74854190968172,8.74854190968172,1.0,2.0,1.0,,1,12.0,7.0,2,,,,,,,,,4,4,2,4,2,4,4,1,6,5,5,6,6,2,2,3,2,4,4,4,2,2,2,4,4,1.0
2,2,2.0,51.0,1.0,2.0,1.0,1.0,2.0,40,40.0,1.0,100.0,1958.006998833528,2169.471754707549,11.29619422403958,11.29619422403958,1.0,3.0,3.0,5.0,1,6.0,7.0,0,,,,,,,,,2,4,3,4,5,5,3,1,4,2,7,6,5,2,1,2,1,3,4,2,5,3,4,5,4,1.0
2,2,2.0,53.0,1.0,2.0,1.0,1.0,2.0,40,45.0,3.0,112.5,1458.0903182802872,1615.564072654557,8.412059528540114,7.477386247591213,1.0,1.0,5.0,10.0,1,11.0,7.0,6,,,,,,,,,3,3,5,2,2,3,2,1,4,7,6,6,6,4,4,5,4,3,2,3,3,3,4,4,3,1.0
2,2,2.0,50.0,1.0,4.0,1.0,1.0,1.0,40,40.0,1.0,100.0,1874.687552074654,2077.153807698717,10.815505108123,10.815505108123,1.0,4.0,1.0,,1,7.0,7.0,8,,,,,,,,,2,4,3,4,4,5,4,1,1,1,2,6,5,3,2,2,2,3,4,2,4,4,4,5,4,1.0
2,2,1.0,39.0,3.0,1.0,1.0,2.0,1.0,40,40.0,1.0,100.0,1666.38893517747,1846.358940176637,9.613782318331559,9.613782318331559,1.0,1.0,1.0,,1,2.0,4.0,19,,,,,,,,,4,4,3,3,3,5,4,1,3,5,2,5,4,3,3,2,2,3,3,2,3,3,2,4,4,1.0
2,2,1.0,54.0,2.0,3.0,1.0,11.0,1.0,40,40.0,1.0,100.0,1249.791701383103,1384.769205132478,7.210336738748668,7.210336738748668,1.0,2.0,5.0,8.0,1,5.0,4.0,20,,,,,,,,,4,3,3,2,2,3,2,4,3,3,4,3,3,3,2,2,2,3,3,3,3,3,2,2,3,1.0
2,2,2.0,45.0,2.0,2.0,1.0,1.0,1.0,40,44.0,3.0,110.0,1791.368105315781,1984.835860689885,10.33481599220643,9.395287265642207,1.0,2.0,1.0,,1,13.0,8.0,4,,,,,,,,,4,3,5,2,1,2,3,2,3,3,5,6,3,4,1,2,5,4,3,3,2,2,3,4,3,1.0
2,2,2.0,40.0,1.0,2.0,1.0,11.0,1.0,40,40.0,1.0,100.0,2082.986168971838,2307.948675220796,12.01722789791445,12.01722789791445,1.0,3.0,6.0,8.0,1,9.0,8.0,2,,,,,,,,,3,3,3,2,2,4,4,1,5,4,7,7,6,4,3,3,4,4,2,2,4,4,4,3,4,1.0
2,2,2.0,46.0,1.0,2.0,1.0,2.0,1.0,40,40.0,1.0,100.0,1249.791701383103,1384.769205132478,7.210336738748668,7.210336738748668,1.0,2.0,4.0,3.0,1,2.0,4.0,5,,,,,,,,,2,3,5,2,4,4,3,1,4,4,5,6,5,3,2,2,3,5,4,2,3,4,4,4,3,1.0
2,2,2.0,42.0,1.0,2.0,1.0,1.0,1.0,40,40.0,1.0,100.0,1666.38893517747,1846.358940176637,9.613782318331559,9.613782318331559,1.0,1.0,1.0,,1,13.0,4.0,13,,,,,,,,,4,3,2,4,5,4,3,2,3,6,5,5,4,1,3,2,3,4,4,2,3,4,2,3,3,1.0
2,2,2.0,47.0,1.0,2.0,1.0,11.0,1.0,40,40.0,1.0,100.0,1249.791701383103,1384.769205132478,7.210336738748668,7.210336738748668,1.0,4.0,6.0,12.0,1,11.0,8.0,20,,,,,,,,,4,2,3,2,2,3,1,2,1,1,2,6,5,4,2,3,4,4,2,2,4,4,2,2,1,1.0
2,2,1.0,49.0,2.0,1.0,1.0,2.0,1.0,40,50.0,3.0,125.0,3332.777870354941,3692.717880353274,19.22756463666312,15.38205170933049,2.0,5.0,2.0,1.0,1,5.0,7.0,22,,,,,,,,,2,4,3,3,4,5,4,2,1,3,4,6,6,4,1,1,2,2,4,2,2,4,4,4,4,1.0
2,2,1.0,49.0,1.0,2.0,1.0,5.0,1.0,40,40.0,1.0,100.0,1666.38893517747,1846.358940176637,9.613782318331559,9.613782318331559,1.0,1.0,1.0,,1,10.0,7.0,12,,,,,,,,,2,3,1,3,4,3,3,2,1,2,5,6,5,2,2,3,3,5,4,2,3,4,4,2,4,1.0
2,2,2.0,47.0,1.0,2.0,1.0,7.0,1.0,40,40.0,1.0,100.0,1561.323112814531,1729.9460089985,9.007633343160753,9.007633343160753,1.0,2.0,1.0,,1,1.0,4.0,11,,,,,,,,,2,4,3,3,4,4,3,1,4,4,6,7,5,3,4,2,2,3,4,3,3,4,3,5,4,1.0
2,2,2.0,66.0,4.0,1.0,1.0,11.0,1.0,40,40.0,1.0,100.0,1249.791701383103,1384.769205132478,7.210336738748668,7.210336738748668,1.0,2.0,1.0,,1,3.0,7.0,30,,,,,,,,,1,3,3,3,2,4,3,1,2,2,5,7,6,2,4,3,2,4,4,2,4,4,4,5,4,1.0
2,2,2.0,55.0,1.0,2.0,1.0,7.0,1.0,40,40.0,1.0,100.0,2707.882019663389,3000.333277787036,15.62239626728878,15.62239626728878,2.0,4.0,1.0,,1,3.0,7.0,24,,,,,,,,,1,3,3,3,2,5,3,1,2,3,6,7,7,3,3,3,4,3,3,2,4,3,3,4,5,1.0
2,2,2.0,31.0,2.0,1.0,1.0,7.0,1.0,40,43.0,3.0,107.5,1166.472254624229,1292.451258123646,6.729647622832092,6.260137323564736,1.0,3.0,1.0,,1,3.0,5.0,6,,,,,,,,,2,4,3,4,4,5,4,1,3,4,7,7,6,2,2,3,2,4,4,2,3,3,2,5,5,1.0
2,2,2.0,45.0,1.0,2.0,1.0,4.0,1.0,40,40.0,1.0,100.0,1958.006998833528,2169.471754707549,11.29619422403958,11.29619422403958,1.0,2.0,1.0,,1,8.0,4.0,5,,,,,,,,,2,4,3,4,5,5,5,1,1,1,4,5,6,2,2,3,2,3,4,2,4,4,3,5,4,1.0
2,2,2.0,40.0,2.0,2.0,1.0,8.0,1.0,35,35.0,1.0,100.0,1166.472254624229,1292.451258123646,7.691025854665247,7.691025854665247,1.0,2.0,1.0,,1,3.0,5.0,21,,,,,,,,,2,4,1,5,5,4,4,1,3,2,6,7,6,2,4,2,2,4,4,2,4,3,2,4,5,1.0
2,2,2.0,39.0,1.0,2.0,1.0,7.0,1.0,30,30.0,1.0,100.0,1083.152807865356,1200.133311114814,8.331944675887351,8.331944675887351,1.0,1.0,1.0,,1,12.0,8.0,11,,,,,,,,,4,3,5,1,2,2,1,3,4,5,6,6,6,4,2,4,3,5,2,4,2,2,4,3,4,1.0
2,2,2.0,25.0,2.0,1.0,1.0,4.0,2.0,40,40.0,1.0,100.0,1291.45142476254,1430.928178636894,7.450681296706959,7.450681296706959,1.0,1.0,1.0,,1,13.0,7.0,0,,,,,,,,,4,4,5,2,2,2,4,1,5,5,6,5,5,4,4,2,2,4,2,4,3,2,2,4,2,1.0
2,2,2.0,52.0,1.0,2.0,1.0,4.0,2.0,40,40.0,1.0,100.0,1999.666722212964,2215.630728211964,11.53653878199787,11.53653878199787,1.0,2.0,5.0,20.0,1,11.0,7.0,5,,,,,,,,,4,3,2,4,5,5,4,1,4,3,6,7,7,3,2,3,4,5,3,4,3,2,3,4,4,1.0
2,2,2.0,33.0,3.0,1.0,1.0,4.0,3.0,40,55.0,3.0,137.5,1666.38893517747,1846.358940176637,9.613782318331559,6.991841686059316,1.0,1.0,1.0,,1,2.0,8.0,8,,,,,,,,,4,3,5,2,2,4,3,1,3,6,6,6,5,5,2,4,4,3,3,3,4,3,3,3,3,1.0
2,2,1.0,32.0,3.0,1.0,1.0,4.0,2.0,40,40.0,1.0,100.0,1874.687552074654,2077.153807698717,10.815505108123,10.815505108123,1.0,2.0,1.0,,1,8.0,7.0,0,,,,,,,,,3,3,3,2,4,3,3,4,4,4,4,4,3,4,5,5,4,4,1,4,4,3,3,2,4,1.0
2,2,2.0,61.0,1.0,1.0,1.0,11.0,1.0,40,40.0,1.0,100.0,1249.791701383103,1384.769205132478,7.210336738748668,7.210336738748668,1.0,1.0,1.0,,1,7.0,4.0,15,,,,,,,,,2,3,3,4,5,5,3,3,4,4,5,4,4,2,2,2,2,3,4,3,2,3,3,4,4,1.0
2,2,2.0,32.0,2.0,1.0,1.0,9.0,1.0,40,40.0,1.0,100.0,916.5139143476085,1015.49741709715,5.287580275082358,5.287580275082357,1.0,5.0,4.0,5.0,1,3.0,7.0,6,,,,,,,,,3,3,2,3,4,5,2,1,1,3,2,7,7,4,4,3,4,4,2,3,3,3,3,3,3,1.0
2,2,2.0,39.0,4.0,2.0,1.0,1.0,2.0,40,50.0,3.0,125.0,2082.986168971838,2307.948675220796,12.01722789791445,9.613782318331559,1.0,2.0,1.0,,1,10.0,7.0,4,,,,,,,,,3,3,4,1,2,3,1,1,4,3,6,7,5,4,4,4,4,4,3,4,2,4,4,4,3,1.0
2,2,2.0,44.0,1.0,2.0,1.0,1.0,2.0,40,40.0,1.0,100.0,2291.284785869022,2538.743542742876,13.21895068770589,13.21895068770589,1.0,2.0,1.0,,1,4.0,8.0,10,,,,,,,,,3,4,5,4,5,5,4,1,1,6,5,7,6,3,4,2,4,4,3,2,4,4,4,5,3,1.0
2,2,2.0,25.0,1.0,1.0,1.0,1.0,2.0,40,40.0,1.0,100.0,1291.45142476254,1430.928178636894,7.450681296706959,7.450681296706959,1.0,1.0,1.0,,1,2.0,7.0,1.25,,,,,,,,,2,4,4,4,5,5,4,2,5,4,4,4,6,2,2,3,2,3,5,3,2,4,3,4,4,1.0
2,2,2.0,46.0,1.0,2.0,1.0,1.0,2.0,40,40.0,1.0,100.0,1791.368105315781,1984.835860689885,10.33481599220643,10.33481599220643,1.0,1.0,7.0,37.5,1,8.0,7.0,1,,,,,,,,,2,4,3,3,3,4,3,2,2,4,6,5,4,2,2,3,2,3,4,3,4,2,4,5,5,1.0
2,2,1.0,35.0,1.0,2.0,1.0,1.0,1.0,40,45.0,3.0,112.5,1749.708381936344,1938.676887185469,10.09447143424814,8.972863497109456,1.0,1.0,1.0,,1,2.0,6.0,11,,,,,,,,,3,3,4,3,3,4,3,3,3,2,7,6,5,4,4,3,4,4,2,2,4,4,3,4,4,1.0
2,2,2.0,41.0,1.0,2.0,1.0,1.0,1.0,30,30.0,1.0,100.0,833.1944675887353,923.1794700883186,6.409188212221039,6.409188212221039,1.0,2.0,1.0,,1,2.0,6.0,0,,,,,,,,,2,4,2,4,5,4,4,1,3,5,6,6,6,3,3,1,2,4,3,3,4,4,3,4,5,1.0
2,2,2.0,32.0,1.0,2.0,1.0,4.0,1.0,40,40.0,1.0,100.0,1666.38893517747,1846.358940176637,9.613782318331559,9.613782318331559,1.0,2.0,1.0,,1,14.0,6.0,12,,,,,,,,,3,3,2,2,2,3,3,1,4,4,5,6,7,4,3,3,4,5,2,4,3,3,4,4,4,1.0
2,2,2.0,29.0,3.0,1.0,1.0,1.0,2.0,40,52.5,3.0,131.25,1874.687552074654,2077.153807698717,10.815505108123,8.240384844284193,1.0,4.0,6.0,10.0,1,8.0,7.0,5,,,,,,,,,3,3,5,2,4,5,2,1,7,3,7,5,4,4,4,5,5,4,1,3,4,2,5,3,1,1.0
2,2,2.0,32.0,1.0,1.0,1.0,9.0,1.0,40,36.0,2.0,90.0,1499.750041659723,1661.723046158973,8.652404086498404,9.61378231833156,1.0,2.0,1.0,,1,1.0,7.0,9,,,,,,,,,4,3,3,2,4,4,3,2,2,3,4,3,3,3,1,2,2,3,4,3,2,3,2,4,4,1.0
2,2,2.0,36.0,3.0,1.0,1.0,9.0,2.0,40,60.0,3.0,150.0,1499.750041659723,1661.723046158973,8.652404086498404,5.768269390998936,2.0,3.0,5.0,10.0,1,14.0,4.0,5,,,,,,,,,3,3,4,3,4,5,3,1,3,3,5,5,5,4,5,3,5,2,2,3,2,4,4,2,2,1.0
2,2,1.0,42.0,1.0,2.0,1.0,9.0,2.0,40,40.0,1.0,100.0,1583.069488418597,1754.040993167805,9.133093202414981,9.133093202414981,1.0,3.0,1.0,,1,8.0,7.0,6.5,,,,,,,,,4,3,4,3,2,4,2,3,5,4,6,7,4,3,3,3,3,4,3,3,4,4,2,2,2,1.0
2,2,2.0,26.0,2.0,1.0,1.0,9.0,2.0,36,36.0,1.0,100.0,1158.556907182136,1283.681053157807,7.426646840911129,7.426646840911129,1.0,2.0,1.0,,1,10.0,7.0,1,,,,,,,,,2,3,3,3,5,4,2,4,4,4,4,4,4,3,2,1,2,2,5,2,3,4,2,4,3,1.0
2,2,1.0,34.0,1.0,1.0,1.0,9.0,2.0,40,40.0,1.0,100.0,1249.791701383103,1384.769205132478,7.210336738748668,7.210336738748668,1.0,2.0,3.0,40.0,1,10.0,5.0,1,,,,,,,,,2,4,2,3,4,4,2,1,4,2,5,7,6,4,2,3,3,2,4,2,2,3,3,4,4,1.0
2,2,2.0,33.0,2.0,1.0,1.0,9.0,1.0,40,40.0,1.0,100.0,1458.0903182802872,1615.564072654557,8.412059528540114,8.412059528540114,2.0,2.0,5.0,50.0,1,10.0,7.0,9,,,,,,,,,4,3,5,2,3,3,2,2,6,6,4,6,5,4,2,2,4,4,2,4,3,2,3,4,4,1.0
2,2,2.0,31.0,1.0,1.0,1.0,9.0,1.0,40,50.0,3.0,125.0,1249.791701383103,1384.769205132478,7.210336738748668,5.768269390998935,1.0,1.0,1.0,,1,10.0,7.0,3,,,,,,,,,4,3,5,3,4,4,3,1,4,5,6,7,7,4,3,2,4,3,2,4,2,2,3,4,3,1.0
2,2,2.0,41.0,2.0,2.0,1.0,9.0,1.0,40,47.5,3.0,118.75,1874.687552074654,2077.153807698717,10.815505108123,9.107793775261477,2.0,2.0,1.0,,1,8.0,7.0,16,,,,,,,,,4,4,5,3,5,4,4,1,2,3,6,7,6,4,2,2,4,4,3,3,3,3,4,4,4,1.0
2,2,1.0,62.0,1.0,1.0,1.0,9.0,1.0,40,40.0,1.0,100.0,3499.416763872688,3877.353774370938,20.18894286849628,20.18894286849628,2.0,5.0,1.0,,1,5.0,7.0,28,,,,,,,,,3,4,2,3,5,4,4,1,3,3,6,7,6,4,4,2,3,4,2,4,3,3,4,5,4,1.0
2,2,3.0,28.0,2.0,1.0,1.0,9.0,7.0,40,40.0,1.0,100.0,2082.986168971838,2307.948675220796,12.01722789791445,12.01722789791445,1.0,2.0,5.0,35.0,1,14.0,6.0,2,,,,,,,,,4,3,4,3,4,5,3,3,3,4,5,5,5,4,2,2,4,3,3,4,2,4,3,3,3,1.0
2,2,2.0,29.0,2.0,1.0,1.0,9.0,2.0,28,33.0,3.0,117.8571428571429,1166.472254624229,1292.451258123646,9.613782318331559,8.157148633735869,3.0,2.0,6.0,35.0,1,14.0,7.0,2.5,,,,,,,,,3,3,4,4,2,4,3,2,2,3,5,6,6,4,3,3,5,4,2,4,4,4,4,5,4,1.0
2,2,2.0,26.0,2.0,1.0,1.0,1.0,1.0,40,40.0,1.0,100.0,1541.40976503916,1707.882019663389,8.892748644456693,8.892748644456693,1.0,3.0,1.0,,1,3.0,7.0,2,,,,,,,,,4,3,1,3,2,4,3,2,1,1,6,5,2,2,1,3,2,5,4,4,2,2,3,4,3,1.0
2,2,1.0,69.0,1.0,2.0,1.0,9.0,1.0,37.5,37.5,1.0,100.0,833.1944675887353,923.1794700883186,5.127350569776832,5.127350569776832,1.0,1.0,1.0,,1,4.0,8.0,5,,,,,,,,,1,4,3,3,3,4,3,3,4,4,5,7,6,3,4,4,4,4,4,1,4,5,4,3,4,1.0
2,2,2.0,45.0,1.0,2.0,1.0,2.0,1.0,40,40.0,1.0,100.0,1416.43059490085,1569.405099150141,8.171714970581826,8.171714970581826,1.0,2.0,1.0,,1,6.0,7.0,11,,,,,,,,,4,3,1,2,3,5,2,2,2,1,6,7,7,4,3,4,1,4,4,4,2,4,2,2,3,1.0
2,2,2.0,42.0,1.0,2.0,1.0,11.0,2.0,40,40.0,1.0,100.0,1666.38893517747,1846.358940176637,9.613782318331559,9.613782318331559,1.0,1.0,1.0,,1,8.0,7.0,15,,,,,,,,,2,4,4,4,2,5,3,1,4,2,4,5,6,4,2,2,4,4,4,2,3,3,4,5,4,1.0
2,2,2.0,30.0,2.0,1.0,1.0,1.0,2.0,32,36.0,3.0,112.5,1208.131978003666,1338.610231628062,8.712490225987976,7.744435756433756,1.0,3.0,1.0,8.0,1,8.0,7.0,4,,,,,,,,,3,3,5,2,1,3,2,6,2,3,2,4,2,5,2,4,4,4,2,2,4,4,4,2,3,1.0
2,2,2.0,34.0,1.0,2.0,1.0,11.0,3.0,36,36.0,1.0,100.0,1541.40976503916,1707.882019663389,9.880831827174104,9.880831827174104,1.0,2.0,1.0,,1,11.0,8.0,7,,,,,,,,,3,4,4,4,5,5,5,1,4,3,4,6,6,3,2,4,3,4,3,3,4,2,3,5,3,1.0
2,2,2.0,29.0,2.0,1.0,1.0,1.0,2.0,20,40.0,3.0,200.0,1291.45142476254,1430.928178636894,14.90136259341392,7.450681296706959,1.0,1.0,1.0,,1,11.0,7.0,3,,,,,,,,,4,4,4,3,3,5,4,1,5,6,6,7,7,4,3,3,4,5,2,4,2,2,2,3,4,1.0
2,2,2.0,30.0,3.0,1.0,1.0,1.0,2.0,40,40.0,1.0,100.0,1666.38893517747,1846.358940176637,9.613782318331559,9.613782318331559,1.0,3.0,1.0,,1,11.0,7.0,1.5,,,,,,,,,3,4,3,3,2,4,3,2,6,7,6,6,6,3,3,3,4,4,4,4,4,2,4,4,2,1.0
2,2,2.0,44.0,2.0,2.0,1.0,2.0,2.0,40,55.0,3.0,137.5,1458.0903182802872,1615.564072654557,8.412059528540114,6.117861475301899,1.0,3.0,1.0,,1,8.0,7.0,3,,,,,,,,,3,3,4,3,2,4,2,1,3,4,5,5,5,4,4,4,5,4,2,2,3,4,3,3,2,1.0
2,2,1.0,33.0,1.0,2.0,1.0,1.0,2.0,40,40.0,1.0,100.0,1333.111148141976,1477.08715214131,7.691025854665247,7.691025854665247,1.0,4.0,1.0,,1,10.0,7.0,0,,,,,,,,,3,4,3,4,5,5,4,1,5,3,6,6,6,2,3,4,4,4,3,3,4,2,2,4,4,1.0
2,2,2.0,41.0,1.0,1.0,1.0,1.0,2.0,40,40.0,1.0,100.0,1187.302116313948,1315.530744875854,6.849819901811237,6.849819901811237,1.0,2.0,3.0,2.0,1,2.0,6.0,17,,,,,,,,,2,4,4,3,2,3,3,1,2,5,2,5,6,3,3,2,3,4,4,3,2,3,4,4,4,1.0
2,2,2.0,61.0,1.0,1.0,1.0,2.0,1.0,40,40.0,1.0,100.0,958.1736377270452,1061.6563906015663,5.527924833040647,5.527924833040647,1.0,1.0,1.0,,1,6.0,4.0,27,,,,,,,,,3,3,5,3,3,3,3,1,2,2,2,4,5,2,2,2,2,3,4,3,3,3,3,5,3,1.0
2,2,1.0,48.0,1.0,2.0,1.0,2.0,1.0,40,40.0,1.0,100.0,999.8333611064825,1107.815364105982,5.768269390998936,5.768269390998936,1.0,1.0,1.0,,1,5.0,4.0,25,,,,,,,,,4,3,3,3,2,4,3,2,4,4,5,6,7,4,2,3,4,4,2,4,3,2,4,4,3,1.0
2,2,2.0,55.0,2.0,1.0,1.0,11.0,1.0,40,40.0,1.0,100.0,2291.284785869022,2538.743542742876,13.21895068770589,13.21895068770589,2.0,5.0,1.0,,1,10.0,7.0,5,,,,,,,,,3,3,2,4,2,5,3,1,2,1,7,7,7,4,5,5,5,5,2,2,4,4,5,5,4,1.0
2,2,2.0,51.0,2.0,1.0,1.0,11.0,1.0,40,40.0,1.0,100.0,1083.152807865356,1200.133311114814,6.248958506915514,6.248958506915514,2.0,3.0,1.0,,1,4.0,4.0,11,,,,,,,,,3,3,5,2,1,4,2,4,4,4,4,6,4,4,3,2,4,4,2,3,3,3,2,4,2,1.0
2,2,2.0,27.0,2.0,1.0,1.0,1.0,2.0,40,30.0,2.0,75.0,1370.604899183469,1518.630228295284,7.907335956827707,10.54311460910361,1.0,1.0,1.0,,1,2.0,7.0,0,,,,,,,,,4,3,4,2,4,3,2,5,5,6,5,2,2,4,1,1,2,4,4,4,1,1,3,4,3,1.0
2,2,2.0,47.0,1.0,1.0,1.0,11.0,1.0,40,40.0,1.0,100.0,1124.812531244793,1246.29228461923,6.489303064873804,6.489303064873804,1.0,2.0,1.0,,1,7.0,4.0,0,,,,,,,,,4,3,3,3,2,4,3,2,3,6,3,5,4,4,3,2,3,4,2,3,4,3,2,4,5,1.0
2,2,2.0,52.0,2.0,3.0,1.0,11.0,1.0,40,50.0,3.0,125.0,2499.583402766205,2769.538410264955,14.42067347749734,11.53653878199787,2.0,5.0,1.0,,1,8.0,7.0,21,,,,,,,,,3,4,3,3,4,5,4,1,2,4,6,6,6,4,3,4,4,4,2,4,3,3,4,4,5,1.0
2,2,2.0,40.0,1.0,2.0,1.0,5.0,1.0,40,40.0,1.0,100.0,2166.305615730711,2400.266622229628,12.49791701383103,12.49791701383103,1.0,3.0,1.0,,1,8.0,7.0,8,,,,,,,,,4,3,4,3,1,4,3,2,2,3,5,6,5,4,1,2,3,2,3,3,2,2,3,2,3,1.0
2,2,1.0,69.0,1.0,1.0,1.0,11.0,1.0,40,40.0,1.0,100.0,1374.770871521413,1523.246125645726,7.931370412623536,7.931370412623536,1.0,1.0,1.0,,1,7.0,4.0,38,,,,,,,,,3,4,5,3,5,5,4,1,7,7,7,7,5,1,4,3,1,5,3,1,5,4,2,3,1,1.0
2,2,2.0,45.0,1.0,1.0,1.0,2.0,1.0,40,42.0,3.0,105.0,1333.111148141976,1477.08715214131,7.691025854665247,7.324786528252616,1.0,1.0,3.0,2.0,1,6.0,5.0,14,,,,,,,,,4,3,3,3,3,4,3,1,2,3,5,5,5,3,2,3,4,4,2,4,3,2,4,5,5,1.0
2,2,2.0,46.0,1.0,1.0,1.0,11.0,1.0,40,40.0,1.0,100.0,1437.260456590568,1592.484585902349,8.29188724956097,8.29188724956097,1.0,1.0,1.0,,1,8.0,6.0,4,,,,,,,,,2,3,4,2,5,5,3,1,3,4,6,6,4,3,2,1,4,4,4,3,3,4,3,3,5,1.0
2,2,2.0,26.0,1.0,1.0,1.0,1.0,2.0,40,40.0,1.0,100.0,1666.38893517747,1846.358940176637,9.613782318331559,9.613782318331559,1.0,3.0,1.0,,1,13.0,7.0,5,,,,,,,,,1,4,3,4,4,4,4,1,2,2,5,6,5,2,3,4,2,4,4,2,4,4,3,4,4,1.0
2,2,1.0,28.0,2.0,1.0,1.0,11.0,1.0,40,40.0,1.0,100.0,1944.800866522246,2154.839360106649,11.22000499916681,11.22000499916681,1.0,2.0,2.0,5.0,1,4.0,7.0,5,,,,,,,,,2,4,4,4,4,4,4,1,6,5,7,6,6,4,2,3,2,4,4,2,3,4,4,4,4,1.0
2,2,2.0,58.0,1.0,1.0,1.0,11.0,2.0,40,40.0,1.0,100.0,1458.0903182802872,1615.564072654557,8.412059528540114,8.412059528540114,2.0,4.0,1.0,,1,6.0,7.0,10,,,,,,,,,2,3,3,4,4,4,3,1,2,3,3,5,5,3,2,3,2,2,4,2,2,4,4,5,3,1.0
2,2,2.0,42.0,1.0,2.0,1.0,11.0,1.0,40,40.0,1.0,100.0,2499.583402766205,2769.538410264955,14.42067347749734,14.42067347749734,2.0,3.0,1.0,,1,8.0,7.0,11,,,,,,,,,1,3,4,3,2,3,4,4,4,4,7,6,5,5,2,2,5,5,4,3,4,4,4,4,4,1.0
2,2,1.0,29.0,2.0,1.0,1.0,1.0,1.0,40,40.0,1.0,100.0,1458.0903182802872,1615.564072654557,8.412059528540114,8.412059528540114,1.0,3.0,1.0,,1,3.0,7.0,2.5,,,,,,,,,3,4,1,4,4,5,4,1,3,3,4,7,5,3,4,3,4,4,2,3,4,2,3,4,2,1.0
2,2,2.0,43.4,1.0,2.0,1.0,1.0,1.0,40,40.0,1.0,100.0,874.8541909681719,969.3384435927344,5.047235717124069,5.047235717124069,1.0,1.0,1.0,,1,2.0,4.0,15,,,,,,,,,2,3,1,2,2,2,1,2,4,1,5,3,3,4,2,2,1,4,4,2,3,2,3,3,3,1.0
2,2,2.0,45.0,1.0,2.0,1.0,11.0,1.0,40,40.0,1.0,100.0,1583.069488418597,1754.040993167805,9.133093202414981,9.133093202414981,2.0,3.0,1.0,,1,6.0,7.0,19,,,,,,,,,3,3,3,3,4,5,4,2,2,3,4,6,7,3,3,2,2,2,3,2,3,3,3,3,2,1.0
2,2,2.0,31.0,2.0,1.0,1.0,1.0,2.0,40,40.0,1.0,100.0,1874.687552074654,2077.153807698717,10.815505108123,10.815505108123,1.0,1.0,1.0,,1,6.0,7.0,5,,,,,,,,,4,3,3,2,4,3,3,3,5,3,4,3,2,4,2,2,2,2,4,3,2,1,3,3,5,1.0
2,2,2.0,45.6,4.0,2.0,1.0,11.0,1.0,40,40.0,1.0,100.0,1916.347275454091,2123.312781203133,11.05584966608129,11.05584966608129,1.0,2.0,1.0,,1,7.0,7.0,3,,,,,,,,,2,4,3,4,4,5,3,1,2,2,2,7,4,3,2,2,3,4,4,2,4,4,4,4,4,1.0
2,2,2.0,42.0,3.0,1.0,1.0,6.0,1.0,40,45.0,3.0,112.5,1874.687552074654,2077.153807698717,10.815505108123,9.613782318331559,1.0,1.0,5.0,10.0,1,7.0,7.0,5,,,,,,,,,1,3,5,3,3,1,3,2,2,1,3,5,6,5,4,3,4,4,4,2,4,3,5,5,5,1.0
2,2,2.0,49.0,2.0,2.0,1.0,5.0,2.0,40,46.6,3.0,124.0,1999.666722212964,2215.630728211964,11.53653878199787,11.074585980813607,1.0,1.0,1.0,,1,8.0,7.0,2,,,,,,,,,3,3,5,3,3,3,3,1,4,6,6,5,6,5,2,4,5,5,1,4,3,4,5,4,2,1.0
2,2,2.0,49.0,1.0,1.0,1.0,2.0,1.0,40,40.0,1.0,100.0,2707.882019663389,3000.333277787036,15.62239626728878,15.62239626728878,2.0,3.0,1.0,,1,12.0,7.0,18,,,,,,,,,2,4,3,2,2,4,4,2,5,4,5,6,6,4,2,3,4,4,4,2,4,4,3,4,4,1.0
2,2,1.0,53.0,1.0,1.0,1.0,11.0,1.0,40,50.0,3.0,125.0,1708.048658556907,1892.517913681053,9.85412687628985,7.883301501031879,1.0,3.0,3.0,15.0,1,9.0,4.0,6,,,,,,,,,3,3,3,3,1,1,2,1,2,2,7,7,6,5,4,4,4,4,2,2,3,4,4,4,4,1.0
2,2,2.0,27.0,2.0,1.0,1.0,6.0,2.0,40,40.0,1.0,100.0,1541.40976503916,1707.882019663389,8.892748644456693,8.892748644456693,1.0,4.0,1.0,,1,3.0,7.0,2,,,,,,,,,2,3,3,4,3,3,3,2,4,4,4,5,5,2,3,4,2,3,4,4,2,4,4,4,4,1.0
2,2,2.0,52.0,2.0,1.0,1.0,8.0,1.0,40,40.0,1.0,100.0,1666.38893517747,1846.358940176637,9.613782318331559,9.613782318331559,1.0,3.0,1.0,,1,11.0,7.0,22,,,,,,,,,2,4,2,4,5,5,5,1,4,2,4,6,4,3,1,2,2,3,4,2,2,2,4,4,5,1.0
2,2,2.0,46.0,1.0,2.0,1.0,11.0,1.0,40,60.0,3.0,150.0,2499.583402766205,2769.538410264955,14.42067347749734,9.613782318331557,2.0,3.0,5.0,3.0,1,7.0,7.0,13,,,,,,,,,1,3,4,3,2,4,4,1,1,2,5,7,7,5,2,4,4,3,2,2,4,4,4,4,4,1.0
2,2,1.0,47.0,1.0,2.0,1.0,11.0,1.0,40,40.0,1.0,100.0,1291.45142476254,1430.928178636894,7.450681296706959,7.450681296706959,1.0,2.0,1.0,,1,11.0,4.0,10,,,,,,,,,4,3,3,2,3,4,3,3,2,5,2,3,5,4,2,3,3,4,3,3,2,3,4,4,4,1.0
2,2,2.0,50.0,1.0,2.0,1.0,5.0,4.0,2,2.0,1.0,100.0,20.8298616897182,23.07948675220814,2.40344557958289,2.4034455795828897,1.0,1.0,1.0,,1,9.0,8.0,10,,,,,,,,,2,3,1,4,2,3,3,4,3,1,3,7,5,3,2,2,1,4,5,4,2,4,3,4,5,1.0
2,2,2.0,53.0,1.0,3.0,1.0,8.0,1.0,40,40.0,1.0,100.0,1166.472254624229,1292.451258123646,6.729647622832092,6.7296476228320925,1.0,1.0,1.0,,1,1.0,4.0,28,,,,,,,,,2,4,4,4,4,5,4,1,3,5,4,6,4,2,2,2,3,5,4,3,3,3,4,4,4,1.0
2,2,1.0,42.0,1.0,2.0,1.0,11.0,1.0,40,40.0,1.0,100.0,1958.006998833528,2169.471754707549,11.29619422403958,11.29619422403958,1.0,4.0,2.0,40.0,1,9.0,7.0,18,,,,,,,,,2,4,3,4,5,5,4,1,5,5,4,6,6,3,2,3,2,3,3,3,3,3,4,4,3,1.0
2,2,2.0,59.0,2.0,1.0,1.0,11.0,2.0,40,40.0,1.0,100.0,1333.111148141976,1477.08715214131,7.691025854665247,7.691025854665247,1.0,1.0,1.0,,1,14.0,4.0,5,,,,,,,,,1,3,2,4,2,5,3,2,3,2,4,6,6,3,3,4,3,4,3,3,3,4,4,4,5,1.0
2,2,2.0,25.0,3.0,1.0,1.0,11.0,2.0,30,35.0,3.0,116.6666666666667,1124.812531244793,1246.29228461923,8.652404086498404,7.416346359855775,1.0,3.0,1.0,,1,12.0,4.0,4,,,,,,,,,4,3,4,2,3,5,3,2,4,3,4,6,6,4,2,4,5,3,2,3,2,4,4,3,4,1.0
2,2,2.0,27.0,1.0,2.0,1.0,11.0,1.0,40,40.0,1.0,100.0,1041.493084485919,1153.974337610398,6.008613948957224,6.008613948957224,1.0,3.0,1.0,,1,3.0,7.0,5,,,,,,,,,2,4,2,4,5,5,3,1,1,2,6,7,6,2,2,4,2,4,5,2,4,4,4,5,4,1.0
2,2,2.0,47.0,1.0,1.0,1.0,8.0,1.0,40,40.0,1.0,100.0,833.1944675887353,923.1794700883186,4.806891159165779,4.806891159165778,1.0,1.0,1.0,,1,1.0,4.0,23,,,,,,,,,2,4,1,3,4,5,5,1,1,1,3,7,5,2,2,2,4,5,4,2,4,4,4,5,5,1.0
2,2,2.0,28.0,2.0,1.0,1.0,5.0,2.0,40,48.0,3.0,120.0,1562.2396267288777,1730.961506415597,9.012920923435837,7.510767436196531,1.0,2.0,5.0,12.0,1,3.0,7.0,6,,,,,,,,,3,4,5,3,3,4,4,1,6,4,7,6,5,4,3,4,5,4,1,3,4,3,4,4,2,1.0
2,2,2.0,44.0,2.0,2.0,1.0,11.0,1.0,40,50.0,3.0,125.0,1666.38893517747,1846.358940176637,9.613782318331559,7.691025854665247,2.0,4.0,1.0,,1,12.0,6.0,6,,,,,,,,,3,3,4,3,5,5,3,1,2,2,4,5,5,4,2,4,4,4,3,3,2,3,4,4,2,1.0
2,2,1.0,43.0,1.0,2.0,1.0,8.0,1.0,40,40.0,1.0,100.0,2916.180636560573,3231.128145309115,16.82411905708023,16.82411905708023,2.0,5.0,1.0,,1,6.0,7.0,20,,,,,,,,,1,4,3,4,5,4,5,1,3,2,5,6,6,3,3,3,4,4,3,2,4,4,4,5,4,1.0
2,2,2.0,51.0,4.0,2.0,1.0,11.0,1.0,40,40.0,1.0,100.0,1874.687552074654,2077.153807698717,10.815505108123,10.815505108123,1.0,4.0,1.0,,1,7.0,7.0,1,,,,,,,,,1,4,3,4,5,4,4,1,1,3,4,5,6,3,3,3,4,4,4,2,3,4,5,4,4,1.0
2,2,2.0,26.0,2.0,1.0,1.0,11.0,2.0,40,50.0,3.0,125.0,1499.750041659723,1661.723046158973,8.652404086498404,6.921923269198723,1.0,2.0,1.0,,1,10.0,6.0,3,,,,,,,,,3,4,2,3,5,5,4,1,4,3,5,6,6,4,4,4,4,3,2,2,4,4,4,4,4,1.0
2,2,2.0,43.0,4.0,2.0,1.0,9.0,2.0,40,40.0,1.0,100.0,1874.687552074654,2077.153807698717,10.815505108123,10.815505108123,2.0,5.0,1.0,,1,6.0,7.0,3.5,,,,,,,,,4,3,3,4,4,5,4,1,3,4,6,6,6,4,3,2,4,4,3,3,3,3,4,4,4,1.0
2,2,2.0,34.0,2.0,2.0,1.0,11.0,1.0,40,40.0,1.0,100.0,2291.284785869022,2538.743542742876,13.21895068770589,13.21895068770589,1.0,3.0,1.0,,1,8.0,7.0,14,,,,,,,,,3,4,2,4,5,5,5,1,1,2,3,6,6,3,4,3,4,5,2,3,4,4,4,5,3,1.0
2,2,2.0,56.0,1.0,1.0,1.0,11.0,1.0,40,42.0,3.0,105.0,2291.284785869022,2538.743542742876,13.21895068770589,12.58947684543418,2.0,3.0,1.0,,1,13.0,7.0,23,,,,,,,,,3,3,3,2,2,4,3,1,1,1,6,6,6,4,2,2,5,5,2,2,4,4,4,4,3,1.0
2,2,2.0,27.0,2.0,1.0,1.0,11.0,2.0,40,40.0,1.0,100.0,1541.40976503916,1707.882019663389,8.892748644456693,8.892748644456693,1.0,1.0,1.0,,1,8.0,7.0,4,,,,,,,,,4,3,3,1,1,5,2,5,4,2,4,5,3,4,1,2,3,2,4,3,3,2,2,4,2,1.0
2,2,1.0,30.0,3.0,1.0,1.0,1.0,2.0,40,40.0,1.0,100.0,874.8541909681719,969.3384435927344,5.047235717124069,5.047235717124069,1.0,1.0,1.0,,1,2.0,4.0,2,,,,,,,,,4,3,4,3,2,4,2,2,3,5,5,5,5,4,2,2,3,3,3,3,2,2,2,2,4,1.0
2,2,2.0,48.0,1.0,2.0,1.0,5.0,1.0,40,48.0,3.0,120.0,1458.0903182802872,1615.564072654557,8.412059528540114,7.010049607116762,2.0,4.0,1.0,,1,14.0,7.0,12,,,,,,,,,4,3,5,3,3,4,3,3,4,2,7,7,3,4,3,2,4,4,2,4,2,2,3,2,5,1.0
2,2,1.0,45.0,1.0,2.0,1.0,1.0,1.0,54,54.0,1.0,100.0,2082.986168971838,2307.948675220796,8.901650294751443,8.901650294751443,2.0,2.0,1.0,,1,14.0,7.0,22,,,,,,,,,1,4,4,4,4,3,5,1,3,1,5,6,6,3,2,3,3,3,2,2,4,4,4,4,4,1.0
2,2,2.0,33.0,1.0,2.0,1.0,5.0,1.0,12,12.0,1.0,100.0,666.5555740709881,738.5435760706548,12.81837642444208,12.81837642444208,1.0,3.0,1.0,,1,3.0,7.0,5,,,,,,,,,4,4,3,4,4,5,4,1,2,1,5,6,5,3,2,2,2,3,4,4,1,2,2,2,5,1.0
2,2,2.0,42.0,1.0,2.0,1.0,1.0,1.0,40,40.0,1.0,100.0,1874.687552074654,2077.153807698717,10.815505108123,10.815505108123,3.0,3.0,3.0,2.0,1,1.0,7.0,7,,,,,,,,,4,3,3,3,3,3,3,3,4,4,4,5,5,4,3,3,3,2,3,3,3,2,3,4,4,1.0
2,2,2.0,35.0,2.0,1.0,1.0,11.0,2.0,40,40.0,1.0,100.0,1083.152807865356,1200.133311114814,6.248958506915514,6.248958506915514,1.0,5.0,5.0,6.0,1,3.0,8.0,4,,,,,,,,,4,3,3,2,2,4,2,2,4,5,5,7,5,4,2,3,4,5,2,3,2,4,3,5,3,1.0
2,2,2.0,30.0,1.0,1.0,1.0,9.0,2.0,40,40.0,1.0,100.0,1583.069488418597,1754.040993167805,9.133093202414981,9.133093202414981,1.0,2.0,1.0,,1,9.0,7.0,3.5,,,,,,,,,3,3,2,2,2,4,3,2,4,5,6,6,4,4,2,4,3,4,3,3,3,4,4,4,3,1.0
2,2,1.0,57.0,1.0,1.0,1.0,5.0,1.0,40,40.0,1.0,100.0,1145.642392934511,1269.371771371438,6.609475343852947,6.609475343852946,1.0,1.0,1.0,,1,4.0,4.0,1,,,,,,,,,3,3,3,3,4,4,3,1,4,5,5,6,4,3,3,3,4,4,3,3,4,3,4,4,4,1.0
2,2,2.0,40.0,2.0,1.0,1.0,9.0,1.0,40,40.0,1.0,100.0,1249.791701383103,1384.769205132478,7.210336738748668,7.210336738748668,1.0,1.0,1.0,,1,1.0,4.0,22,,,,,,,,,3,3,2,4,3,4,4,1,2,4,5,5,5,3,4,2,4,4,3,2,3,4,4,4,4,1.0
2,2,1.0,44.0,1.0,2.0,1.0,10.0,1.0,40,40.0,1.0,100.0,2082.986168971838,2307.948675220796,12.01722789791445,12.01722789791445,2.0,3.0,7.0,15.0,1,8.0,7.0,15,,,,,,,,,4,3,4,4,4,5,3,1,5,4,6,7,5,4,2,3,3,4,2,2,4,4,3,4,3,1.0
2,2,2.0,53.0,1.0,1.0,1.0,1.0,2.0,40,40.0,1.0,100.0,2707.882019663389,3000.333277787036,15.62239626728878,15.62239626728878,2.0,4.0,5.0,5.0,1,13.0,7.0,2,,,,,,,,,2,3,3,2,4,4,3,1,3,4,5,6,4,3,2,2,2,3,3,2,2,4,4,5,5,1.0
2,2,1.0,23.0,2.0,1.0,1.0,5.0,2.0,40,40.0,1.0,100.0,1708.048658556907,1892.517913681053,9.85412687628985,9.85412687628985,1.0,2.0,1.0,,1,8.0,6.0,2,,,,,,,,,1,4,2,4,5,5,5,1,4,3,5,7,6,3,3,4,3,4,4,2,3,4,4,5,4,1.0
2,2,2.0,32.0,2.0,1.0,1.0,5.0,1.0,40,40.0,1.0,100.0,1249.791701383103,1384.769205132478,7.210336738748668,7.210336738748668,1.0,4.0,1.0,,1,7.0,7.0,3,,,,,,,,,4,4,3,3,3,5,3,3,6,6,7,7,5,5,2,3,4,4,3,3,4,3,3,4,4,1.0
2,2,2.0,40.0,2.0,1.0,1.0,2.0,1.0,40,40.0,1.0,100.0,2499.583402766205,2769.538410264955,14.42067347749734,14.42067347749734,1.0,2.0,1.0,,1,5.0,8.0,17,,,,,,,,,1,4,3,4,4,5,4,1,4,4,5,5,6,3,2,3,4,3,4,2,4,4,4,4,4,1.0
2,2,2.0,43.0,1.0,2.0,1.0,5.0,1.0,40,40.0,1.0,100.0,2278.786868855191,2524.895850691551,13.14684732031841,13.14684732031841,1.0,2.0,1.0,,1,13.0,8.0,0,,,,,,,,,3,3,4,4,5,5,3,3,6,7,6,5,3,4,4,5,5,5,3,3,5,3,2,2,2,1.0
2,2,1.0,49.0,1.0,2.0,1.0,5.0,1.0,40,40.0,1.0,100.0,2937.010498250292,3254.207632061323,16.94429133605937,16.94429133605937,2.0,4.0,1.0,,1,5.0,7.0,14,,,,,,,,,4,4,3,3,2,5,3,1,1,1,5,7,3,3,2,2,4,3,4,2,4,4,3,2,4,1.0
2,2,2.0,47.0,1.0,4.0,1.0,1.0,1.0,40,40.0,1.0,100.0,1416.43059490085,1569.405099150141,8.171714970581826,8.171714970581826,1.0,1.0,1.0,,1,1.0,4.0,14,,,,,,,,,4,3,4,2,2,3,2,3,3,3,4,5,5,3,4,2,4,4,3,3,3,3,2,4,4,1.0
2,2,2.0,28.0,2.0,1.0,1.0,5.0,4.0,40,40.0,1.0,100.0,708.2152974504247,784.7025495750709,4.085857485290913,4.085857485290914,1.0,3.0,1.0,,1,6.0,7.0,0,,,,,,,,,3,3,5,4,5,3,4,2,5,4,5,7,7,4,5,4,5,4,2,3,4,4,3,4,2,1.0
2,2,2.0,36.0,3.0,1.0,1.0,5.0,1.0,40,40.0,1.0,100.0,1666.38893517747,1846.358940176637,9.613782318331559,9.613782318331559,1.0,2.0,1.0,,1,12.0,7.0,10,,,,,,,,,4,3,4,3,5,4,3,1,5,4,4,5,5,3,4,4,3,3,3,4,3,2,3,3,4,1.0
2,2,1.0,23.0,3.0,1.0,1.0,1.0,3.0,32,32.0,1.0,100.0,993.1678053657722,1100.429928345276,7.162267827157011,7.162267827157011,1.0,2.0,2.0,7.5,1,5.0,4.0,1,,,,,,,,,4,3,4,2,3,2,2,2,2,4,5,6,4,5,2,4,3,4,2,4,3,2,3,4,4,1.0
2,2,2.0,34.0,1.0,1.0,1.0,5.0,1.0,40,40.0,1.0,100.0,1874.687552074654,2077.153807698717,10.815505108123,10.815505108123,1.0,2.0,1.0,,1,8.0,7.0,6,,,,,,,,,4,3,4,3,4,5,3,1,3,4,3,3,1,3,1,2,4,4,2,4,2,2,3,4,3,1.0
2,2,2.0,36.0,1.0,2.0,1.0,4.0,1.0,40,40.0,1.0,100.0,1124.812531244793,1246.29228461923,6.489303064873804,6.489303064873804,1.0,2.0,1.0,,1,6.0,7.0,10,,,,,,,,,2,3,3,4,5,5,3,1,3,4,6,6,4,3,3,2,3,4,3,2,4,4,3,4,4,1.0
2,2,2.0,39.0,3.0,1.0,1.0,11.0,1.0,40,40.0,1.0,100.0,1458.0903182802872,1615.564072654557,8.412059528540114,8.412059528540114,1.0,3.0,1.0,,1,12.0,7.0,14.5,,,,,,,,,4,3,4,3,5,5,3,6,1,1,2,4,2,3,2,2,4,4,5,3,3,2,2,2,2,1.0
2,2,2.0,49.0,3.0,1.0,1.0,11.0,1.0,40,40.0,1.0,100.0,1458.0903182802872,1615.564072654557,8.412059528540114,8.412059528540114,1.0,2.0,1.0,,1,7.0,7.0,5,,,,,,,,,4,3,3,3,3,3,3,4,5,4,3,4,3,3,3,3,3,4,4,3,4,3,3,3,2,1.0
2,2,1.0,39.0,2.0,1.0,1.0,1.0,2.0,40,40.0,1.0,100.0,1666.38893517747,1846.358940176637,9.613782318331559,9.613782318331559,1.0,1.0,1.0,,1,2.0,7.0,5,,,,,,,,,4,3,4,2,4,2,3,3,4,6,3,7,7,4,2,3,5,4,1,2,4,2,2,2,1,1.0
2,2,2.0,39.0,1.0,2.0,1.0,11.0,2.0,20,20.0,1.0,100.0,749.8750208298616,830.8615230794869,8.652404086498404,8.652404086498404,1.0,3.0,5.0,20.0,1,7.0,7.0,2.5,,,,,,,,,4,4,4,4,4,4,4,2,3,4,4,6,5,4,2,2,3,4,3,3,3,2,3,4,3,1.0
2,2,2.0,36.0,3.0,1.0,1.0,2.0,1.0,40,40.0,1.0,100.0,1666.38893517747,1846.358940176637,9.613782318331559,9.613782318331559,1.0,1.0,1.0,,1,5.0,6.0,10,,,,,,,,,2,4,5,4,4,5,4,1,4,5,6,7,7,3,3,3,2,4,4,2,4,4,1,4,2,1.0
2,2,1.0,32.0,1.0,1.0,1.0,6.0,1.0,40,44.0,3.0,110.0,1624.7292117980328,1800.199966672221,9.373437760373271,8.521307054884792,1.0,1.0,1.0,,1,10.0,7.0,6,,,,,,,,,4,3,5,3,4,3,3,2,4,4,5,5,5,4,3,2,4,4,2,3,2,3,4,3,4,1.0
2,2,1.0,45.0,1.0,2.0,1.0,6.0,1.0,40,40.0,1.0,100.0,2491.251458090318,2760.306615564072,14.37260456590568,14.37260456590568,2.0,5.0,1.0,,1,3.0,8.0,20,,,,,,,,,4,3,2,4,4,5,4,1,3,1,5,6,5,3,1,3,3,4,2,3,3,3,3,4,4,1.0
2,2,2.0,39.0,4.0,2.0,1.0,4.0,2.0,40,40.0,1.0,100.0,1458.0903182802872,1615.564072654557,8.412059528540114,8.412059528540114,1.0,4.0,1.0,,1,11.0,7.0,8,,,,,,,,,4,3,3,2,4,5,3,3,2,3,3,2,4,4,2,2,2,4,4,4,2,1,3,4,4,1.0
2,2,2.0,39.0,1.0,2.0,1.0,6.0,1.0,40,50.0,3.0,125.0,1458.0903182802872,1615.564072654557,8.412059528540114,6.729647622832091,1.0,3.0,5.0,2.0,1,12.0,7.0,2,,,,,,,,,2,3,3,3,3,5,3,1,3,4,5,5,4,4,2,2,4,3,3,2,4,4,3,4,4,1.0
2,2,1.0,36.0,2.0,2.0,1.0,11.0,5.0,40,40.0,1.0,100.0,1249.791701383103,1384.769205132478,7.210336738748668,7.210336738748668,1.0,4.0,1.0,,1,14.0,7.0,6,,,,,,,,,4,3,4,3,1,4,1,2,3,5,4,6,5,4,2,3,4,5,2,4,2,2,2,2,2,1.0
2,2,2.0,42.0,1.0,2.0,1.0,1.0,2.0,30,30.0,1.0,100.0,1083.152807865356,1200.133311114814,8.331944675887351,8.331944675887351,1.0,2.0,5.0,2.0,1,13.0,7.0,4,,,,,,,,,4,4,4,2,2,5,4,1,4,3,5,6,5,3,2,2,2,3,4,4,3,2,2,4,2,1.0
2,2,2.0,45.0,1.0,1.0,1.0,9.0,2.0,40,40.0,1.0,100.0,1666.38893517747,1846.358940176637,9.613782318331559,9.613782318331559,1.0,4.0,1.0,,1,6.0,8.0,15,,,,,,,,,2,3,2,2,4,4,3,2,2,2,5,6,5,3,2,2,2,3,4,3,3,4,4,4,5,1.0
2,2,2.0,47.0,1.0,2.0,1.0,9.0,1.0,40,45.0,3.0,112.5,1749.708381936344,1938.676887185469,10.09447143424814,8.972863497109456,1.0,3.0,1.0,,1,7.0,7.0,2,,,,,,,,,3,4,3,3,4,4,3,1,3,3,5,5,5,3,2,2,2,3,4,3,3,2,3,4,4,1.0
2,2,2.0,33.0,2.0,1.0,1.0,7.0,1.0,40,40.0,1.0,100.0,1708.048658556907,1892.517913681053,9.85412687628985,9.85412687628985,1.0,3.0,3.0,4.0,1,7.0,6.0,5.5,,,,,,,,,1,4,3,4,4,4,4,1,2,4,5,6,5,3,3,4,3,4,4,2,4,4,4,4,4,1.0
2,2,2.0,49.0,1.0,1.0,1.0,8.0,1.0,40,40.0,1.0,100.0,1458.0903182802872,1615.564072654557,8.412059528540114,8.412059528540114,1.0,1.0,1.0,,1,13.0,4.0,7,,,,,,,,,2,3,3,3,2,4,3,4,3,5,4,4,1,2,2,2,3,4,4,4,2,3,3,4,4,1.0
2,2,2.0,42.2,4.0,1.0,1.0,5.0,1.0,40,40.0,1.0,100.0,1583.069488418597,1754.040993167805,9.133093202414981,9.133093202414981,1.0,3.0,1.0,,1,6.0,7.0,17,,,,,,,,,2,3,3,2,2,3,3,2,2,3,5,6,4,3,2,2,2,3,4,2,3,3,3,4,4,1.0
2,2,2.0,46.0,2.0,1.0,1.0,1.0,1.0,40,40.0,1.0,100.0,1458.0903182802872,1615.564072654557,8.412059528540114,8.412059528540114,1.0,1.0,1.0,,1,6.0,7.0,6,,,,,,,,,1,4,2,4,4,5,5,1,5,3,5,6,7,1,4,3,2,5,5,2,4,5,5,5,5,1.0
2,2,2.0,46.0,2.0,2.0,1.0,4.0,1.0,40,40.0,1.0,100.0,1833.027828695217,2030.994834194301,10.57516055016472,10.57516055016472,1.0,2.0,1.0,,1,6.0,6.0,17,,,,,,,,,4,3,2,3,3,4,4,1,3,4,5,5,4,3,3,2,3,4,3,3,3,3,4,4,4,1.0
2,2,2.0,68.0,1.0,1.0,1.0,8.0,3.0,32,47.5,3.0,148.4375,874.8541909681719,969.3384435927344,6.309044646405086,4.25030376178869,1.0,2.0,1.0,,1,1.0,7.0,40,,,,,,,,,3,3,4,3,4,4,4,1,3,1,5,7,5,4,3,3,4,4,3,3,3,3,3,4,4,1.0
2,2,1.0,45.0,2.0,2.0,1.0,4.0,1.0,40,40.0,1.0,100.0,1666.38893517747,1846.358940176637,9.613782318331559,9.613782318331559,1.0,3.0,1.0,,1,2.0,4.0,11,,,,,,,,,3,3,3,4,4,5,4,1,4,5,5,5,5,3,3,3,3,4,3,3,4,4,4,4,4,1.0
2,2,2.0,46.0,1.0,2.0,1.0,4.0,1.0,40,40.0,1.0,100.0,1249.791701383103,1384.769205132478,7.210336738748668,7.210336738748668,1.0,2.0,1.0,,1,6.0,7.0,8,,,,,,,,,2,3,3,4,4,4,3,2,5,3,6,5,3,3,4,2,3,4,4,2,4,4,4,4,3,1.0
2,2,1.0,66.0,1.0,1.0,1.0,9.0,4.0,5,5.0,1.0,100.0,416.5972337943674,461.5897350441594,19.22756463666312,19.22756463666312,1.0,1.0,6.0,50.0,1,9.0,7.0,2,,,,,,,,,3,3,3,4,4,3,3,5,3,3,4,5,3,2,3,4,4,3,3,3,2,4,4,4,4,1.0
2,2,2.0,32.0,6.0,1.0,1.0,7.0,2.0,40,40.0,1.0,100.0,1208.131978003666,1338.610231628062,6.96999218079038,6.96999218079038,1.0,3.0,1.0,,1,6.0,7.0,1.5,,,,,,,,,2,3,1,4,5,5,4,1,5,4,6,7,5,2,2,3,3,4,4,4,3,3,4,5,4,1.0
2,2,2.0,30.0,3.0,1.0,1.0,5.0,2.0,40,80.0,3.0,200.0,1874.687552074654,2077.153807698717,10.815505108123,5.407752554061501,1.0,4.0,1.0,,1,8.0,7.0,5,,,,,,,,,3,3,5,2,2,2,3,1,6,6,5,6,4,5,4,4,5,4,1,3,4,4,3,2,3,1.0
2,2,1.0,27.0,3.0,1.0,2.0,5.0,1.0,40,40.0,1.0,100.0,1749.708381936344,1938.676887185469,10.09447143424814,10.09447143424814,1.0,5.0,5.0,1.5,1,8.0,7.0,1,,,,,,,,,1,4,4,4,3,5,4,2,4,3,5,5,5,4,2,4,4,4,2,3,4,4,4,5,4,1.0
2,2,2.0,45.0,1.0,1.0,1.0,5.0,1.0,40,40.0,1.0,100.0,1999.666722212964,2215.630728211964,11.53653878199787,11.53653878199787,1.0,2.0,1.0,,1,7.0,7.0,14,,,,,,,,,3,3,3,4,4,4,4,2,3,5,5,6,5,2,4,3,4,4,3,4,3,3,4,4,4,1.0
2,2,1.0,44.0,1.0,2.0,1.0,9.0,1.0,40,35.0,2.0,87.5,1666.38893517747,1846.358940176637,9.613782318331559,10.98717979237892,1.0,2.0,1.0,,1,13.0,8.0,13,,,,,,,,,4,3,3,2,4,4,3,2,4,5,4,4,4,4,2,2,3,2,2,2,3,4,3,4,3,1.0
2,2,2.0,43.0,2.0,1.0,1.0,5.0,2.0,40,40.0,1.0,100.0,1458.0903182802872,1615.564072654557,8.412059528540114,8.412059528540114,1.0,2.0,1.0,,1,1.0,7.0,4,,,,,,,,,4,3,3,2,3,4,2,1,4,5,5,5,4,5,1,1,4,4,2,3,4,3,1,1,3,1.0
2,2,2.0,44.0,1.0,4.0,1.0,9.0,1.0,28,31.0,3.0,110.7142857142857,1374.770871521413,1523.246125645726,11.33052916089077,10.23402633886908,2.0,5.0,2.0,8.0,1,6.0,7.0,5,,,,,,,,,1,4,3,5,4,5,5,1,6,4,7,7,7,2,4,4,4,3,3,2,4,4,4,5,4,1.0
2,2,2.0,44.0,2.0,2.0,1.0,9.0,1.0,40,38.6,3.0,104.0,2499.583402766205,2769.538410264955,14.42067347749734,16.51050419335705,2.0,5.0,1.0,,1,14.0,7.0,4,,,,,,,,,4,3,5,2,4,4,3,1,5,4,6,5,4,4,2,4,4,3,3,3,4,3,4,4,4,1.0
2,2,2.0,32.0,2.0,1.0,1.0,9.0,1.0,40,40.0,1.0,100.0,2499.583402766205,2769.538410264955,14.42067347749734,14.42067347749734,2.0,5.0,1.0,,1,13.0,7.0,3,,,,,,,,,4,3,2,3,2,4,2,3,5,3,7,4,2,4,2,3,3,3,3,4,2,3,2,2,3,1.0
2,2,1.0,53.0,4.0,2.0,1.0,9.0,1.0,40,40.0,1.0,100.0,1499.750041659723,1661.723046158973,8.652404086498404,8.652404086498404,1.0,2.0,5.0,10.0,1,10.0,7.0,10,,,,,,,,,2,4,2,5,1,3,3,1,3,4,5,7,6,4,2,2,1,2,4,2,2,4,3,3,4,1.0
2,2,2.0,58.0,2.0,1.0,1.0,9.0,1.0,40,40.0,1.0,100.0,2207.965339110148,2446.425595734044,12.73826157178932,12.73826157178932,2.0,5.0,1.0,,1,13.0,4.0,20,,,,,,,,,3,3,3,4,3,3,3,4,4,3,5,6,5,4,4,4,4,5,2,4,4,2,3,4,4,1.0
2,2,1.0,46.0,1.0,2.0,1.0,9.0,1.0,20,12.0,2.0,60.0,958.1736377270452,1061.6563906015663,11.05584966608129,18.42641611013549,1.0,5.0,5.0,55.0,1,10.0,6.0,2,,,,,,,,,3,4,2,5,4,5,4,1,1,1,6,7,6,2,3,5,5,5,2,4,4,4,4,3,4,1.0
2,2,1.0,37.0,2.0,1.0,1.0,9.0,2.0,20,25.0,3.0,125.0,833.1944675887353,923.1794700883186,9.613782318331559,7.691025854665247,2.0,4.0,1.0,,1,8.0,8.0,1.5,,,,,,,,,3,3,3,3,4,4,3,2,3,3,2,6,5,4,3,4,4,4,2,2,4,3,4,4,5,1.0
2,2,2.0,46.0,1.0,2.0,1.0,9.0,2.0,30,30.0,1.0,100.0,1166.472254624229,1292.451258123646,8.972863497109454,8.972863497109454,1.0,3.0,1.0,,1,12.0,7.0,3,,,,,,,,,4,3,2,4,3,4,3,3,1,1,2,4,3,4,3,2,4,4,2,3,3,3,4,4,4,1.0
2,2,2.0,43.0,2.0,2.0,1.0,9.0,1.0,40,40.0,1.0,100.0,1833.027828695217,2030.994834194301,10.57516055016472,10.57516055016472,1.0,3.0,1.0,,1,1.0,6.0,6,,,,,,,,,3,3,1,3,2,5,4,1,4,2,5,6,5,4,3,2,3,4,3,2,4,4,3,3,3,1.0
2,2,2.0,57.0,1.0,4.0,1.0,5.0,1.0,40,40.0,1.0,100.0,833.1944675887353,923.1794700883186,4.806891159165779,4.806891159165778,1.0,1.0,1.0,,1,4.0,4.0,7,,,,,,,,,1,4,5,3,4,3,3,1,3,1,5,7,6,3,5,4,4,5,2,3,5,4,4,5,5,1.0
2,2,2.0,43.0,2.0,1.0,1.0,9.0,1.0,25,25.0,1.0,100.0,1041.493084485919,1153.974337610398,9.613782318331559,9.613782318331559,1.0,1.0,5.0,25.0,1,7.0,6.0,2,,,,,,,,,4,3,2,3,2,3,3,4,4,4,4,4,4,2,3,3,3,3,4,3,3,3,3,4,3,1.0
2,2,2.0,45.0,1.0,3.0,3.0,11.0,2.0,40,40.0,1.0,100.0,1916.347275454091,2123.312781203133,11.05584966608129,11.05584966608129,1.0,2.0,1.0,,1,13.0,4.0,2.5,,,,,,,,,4,4,1,4,5,5,5,1,1,2,4,6,6,2,2,2,2,2,4,3,2,3,2,3,4,1.0
2,2,2.0,49.0,1.0,2.0,3.0,6.0,1.0,32,32.0,1.0,100.0,1749.708381936344,1938.676887185469,12.61808929281017,12.61808929281017,1.0,2.0,1.0,,1,7.0,7.0,3,,,,,,,,,2,5,3,4,5,4,4,1,2,3,4,6,5,2,2,2,2,4,4,2,3,3,4,4,5,1.0
2,2,2.0,45.0,2.0,2.0,1.0,9.0,2.0,40,40.0,1.0,100.0,1983.00283286119,2197.167138810198,11.44040095881456,11.44040095881456,2.0,4.0,1.0,,1,8.0,7.0,4.5,,,,,,,,,3,4,3,4,3,5,4,1,2,4,5,6,5,3,2,2,4,4,3,1,4,4,3,3,3,1.0
2,2,2.0,47.0,1.0,2.0,1.0,9.0,1.0,40,40.0,1.0,100.0,2291.284785869022,2538.743542742876,13.21895068770589,13.21895068770589,3.0,2.0,6.0,4.0,1,9.0,7.0,3,,,,,,,,,3,3,3,3,3,3,3,1,2,2,4,6,5,5,4,3,4,4,2,3,4,4,4,4,2,1.0
1,1,2.0,56.0,2.0,1.0,4.0,9.0,1.0,30,30.0,1.0,100.0,3270.0,2890.68,25.15384615384615,25.15384615384615,1.0,1.0,1.0,,1,9.0,8.0,25,,,,,,,,,4,3,4,3,4,5,3,1,5,2,6,5,4,3,3,2,3,4,4,4,3,3,4,2,4,1.0
1,1,2.0,53.0,1.0,1.0,5.0,13.0,1.0,40,44.0,3.0,110.0,4300.0,3801.2,24.80769230769231,22.55244755244755,2.0,3.0,3.0,8.0,1,1.0,6.0,10,,,,,,,,,3,3,5,2,3,4,3,1,2,3,4,6,4,4,3,4,4,4,2,3,4,3,4,4,4,1.0
1,1,2.0,41.0,3.0,1.0,4.0,11.0,1.0,40,40.0,1.0,100.0,3870.0,3421.08,22.32692307692308,22.32692307692308,1.0,2.0,1.0,,1,6.0,7.0,7,,,,,,,,,2,3,3,4,2,3,3,2,4,2,4,6,6,3,2,3,2,3,3,2,2,4,4,4,3,1.0
1,1,1.0,62.0,3.0,1.0,5.0,11.0,1.0,40,40.0,1.0,100.0,4000.0,3536.0,23.07692307692308,23.07692307692308,2.0,4.0,1.0,,1,5.0,7.0,3,,,,,,,,,4,3,5,2,3,4,2,3,3,3,4,5,6,4,2,2,4,3,3,2,3,4,3,3,3,1.0
1,1,2.0,30.0,2.0,1.0,4.0,1.0,1.0,30,40.0,3.0,133.3333333333333,1790.0,1582.36,13.76923076923077,10.32692307692308,1.0,4.0,1.0,,1,1.0,4.0,4,,,,,,,,,3,3,3,4,5,5,3,1,2,4,4,7,7,4,4,4,4,5,3,4,4,5,3,4,4,1.0
1,1,1.0,53.0,1.0,3.0,4.0,9.0,1.0,40,50.0,3.0,125.0,5500.0,4862.0,31.73076923076923,25.38461538461539,2.0,4.0,1.0,,1,7.0,7.0,25,,,,,,,,,4,3,3,2,3,4,2,4,3,3,4,5,3,4,2,3,2,2,3,4,2,3,2,2,3,1.0
1,1,1.0,38.0,2.0,1.0,4.0,11.0,2.0,30,30.0,1.0,100.0,2000.0,1768.0,15.38461538461539,15.38461538461539,1.0,2.0,1.0,,1,12.0,7.0,6,,,,,,,,,2,3,4,3,4,4,2,2,3,1,3,3,4,3,1,2,2,2,3,2,2,4,4,4,4,1.0
1,1,2.0,54.0,1.0,1.0,4.0,5.0,1.0,40,40.0,1.0,100.0,4040.0,3571.36,23.30769230769231,23.30769230769231,1.0,1.0,1.0,,1,1.0,4.0,23,,,,,,,,,2,3,5,4,4,5,4,1,4,1,5,7,6,2,1,1,2,4,4,2,4,4,4,5,4,1.0
1,1,1.0,56.0,1.0,1.0,5.0,4.0,1.0,40,40.0,1.0,100.0,7000.0,6188.0,40.38461538461539,40.38461538461539,2.0,5.0,1.0,,1,5.0,7.0,12,,,,,,,,,2,4,3,5,3,3,4,1,2,2,3,6,6,2,2,3,2,2,4,1,3,4,4,4,4,1.0
1,1,2.0,34.0,2.0,2.0,4.0,9.0,1.0,20,25.0,3.0,125.0,1300.0,1149.2,15,12.0,1.0,2.0,1.0,,1,13.0,7.0,8,,,,,,,,,2,4,4,2,3,4,3,4,4,4,4,5,4,3,1,2,2,3,4,3,3,4,2,4,4,1.0
1,1,2.0,32.0,2.0,1.0,4.0,1.0,3.0,30,30.0,1.0,100.0,3264.0,2885.376,25.10769230769231,25.10769230769231,1.0,2.0,1.0,,1,8.0,8.0,6.5,,,,,,,,,2,4,3,4,4,5,4,1,5,2,6,6,6,2,2,3,1,3,4,3,3,2,4,4,5,1.0
1,1,2.0,26.0,2.0,1.0,4.0,4.0,1.0,38.5,38.5,1.0,100.0,2593.0,2292.212,15.54245754245754,15.54245754245754,1.0,2.0,1.0,,1,13.0,4.0,4,,,,,,,,,2,3,3,2,3,4,3,2,4,3,3,2,3,3,1,3,2,2,3,2,2,3,4,3,4,1.0
1,1,2.0,59.0,4.0,1.0,4.0,5.0,1.0,40,40.0,1.0,100.0,2400.0,2121.6,13.84615384615384,13.84615384615384,1.0,1.0,5.0,2.0,1,1.0,4.0,23,,,,,,,,,2,3,3,2,2,5,2,3,2,2,2,5,4,4,2,1,2,2,5,1,2,4,2,5,4,1.0
1,1,2.0,40.0,1.0,3.0,5.0,9.0,1.0,25,25.0,1.0,100.0,2300.0,2033.2,21.23076923076923,21.23076923076923,1.0,3.0,5.0,5.0,1,8.0,7.0,1.5,,,,,,,,,2,4,3,2,4,5,4,2,6,5,7,7,5,3,1,4,2,4,5,3,3,5,2,2,4,1.0
1,1,1.0,38.0,2.0,1.0,5.0,1.0,1.0,35,35.0,1.0,100.0,5000.0,4420.0,32.96703296703296,32.96703296703296,2.0,5.0,1.0,,1,13.0,8.0,13,,,,,,,,,2,4,3,5,4,5,5,1,1,2,2,7,7,4,1,2,2,3,4,1,3,5,4,4,3,1.0
1,1,1.0,52.0,1.0,2.0,5.0,11.0,1.0,40,44.0,3.0,110.0,6200.0,5480.800000000001,35.76923076923077,32.51748251748251,2.0,3.0,1.0,,1,13.0,7.0,22,,,,,,,,,2,4,4,4,4,5,4,1,1,1,2,6,6,2,2,3,3,4,4,2,4,5,4,4,3,1.0
1,1,1.0,55.0,1.0,2.0,4.0,9.0,1.0,40,40.0,1.0,100.0,2600.0,2298.4,15,15.0,1.0,1.0,1.0,,1,6.0,2.0,9,,,,,,,,,2,3,3,4,2,4,3,1,2,2,1,6,7,4,2,2,2,4,4,2,4,4,4,4,5,1.0
1,1,2.0,52.0,1.0,1.0,4.0,11.0,1.0,30,30.0,1.0,100.0,1850.0,1635.4,14.23076923076923,14.23076923076923,1.0,1.0,5.0,5.0,1,4.0,2.0,2,,,,,,,,,3,3,3,2,2,3,3,2,3,2,5,7,5,4,4,3,3,4,2,3,3,4,4,4,5,1.0
1,1,2.0,40.0,1.0,2.0,4.0,6.0,1.0,20,20.0,1.0,100.0,1550.0,1370.2,17.88461538461538,17.88461538461538,1.0,1.0,1.0,,1,1.0,2.0,2.5,,,,,,,,,2,3,3,3,4,4,2,2,2,1,4,6,2,3,1,2,1,2,5,2,3,4,4,5,4,1.0
1,1,2.0,30.0,1.0,2.0,4.0,11.0,1.0,40,40.0,1.0,100.0,3000.0,2652.0,17.30769230769231,17.30769230769231,1.0,2.0,5.0,2.0,1,13.0,6.0,6,,,,,,,,,2,3,3,3,4,3,2,2,3,3,5,6,6,2,2,3,3,4,4,3,3,3,3,4,4,1.0
1,1,1.0,58.0,4.0,1.0,4.0,11.0,6.0,40,40.0,1.0,100.0,3500.0,3094.0,20.19230769230769,20.19230769230769,1.0,1.0,1.0,,1,3.0,6.0,18,,,,,,,,,2,3,2,3,4,5,3,2,2,2,5,5,6,2,2,2,2,2,5,2,4,4,3,4,4,1.0
1,1,2.0,41.0,3.0,1.0,4.0,9.0,1.0,40,45.0,3.0,112.5,3300.0,2917.2,19.03846153846154,16.92307692307692,1.0,1.0,1.0,,1,1.0,8.0,6,,,,,,,,,4,2,4,1,2,3,2,3,5,2,6,6,5,5,4,3,4,5,2,4,4,2,1,1,3,1.0
1,1,2.0,37.0,2.0,1.0,4.0,6.0,1.0,32,32.0,1.0,100.0,2272.96,2009.29664,16.39153846153846,16.39153846153846,1.0,2.0,1.0,,1,1.0,7.0,9,,,,,,,,,4,4,2,2,4,5,3,4,5,6,5,4,2,3,2,1,3,4,5,3,3,3,1,1,5,1.0
1,1,2.0,52.0,1.0,2.0,4.0,9.0,1.0,32,42.0,3.0,110.0,4000.0,3536.0,28.84615384615385,21.505685618729096,2.0,2.0,1.0,,1,6.0,4.0,31,,,,,,,,,4,3,4,2,4,4,3,3,4,2,5,6,3,4,2,2,4,3,3,3,3,2,2,1,2,1.0
1,1,2.0,41.0,1.0,4.0,4.0,5.0,1.0,30,30.0,1.0,100.0,2780.0,2457.52,21.38461538461538,21.38461538461538,1.0,3.0,1.0,,1,13.0,4.0,17,,,,,,,,,4,4,2,4,5,4,4,1,5,3,6,6,4,2,3,2,4,4,2,4,3,3,4,4,2,1.0
1,1,1.0,54.0,1.0,2.0,5.0,9.0,1.0,28,28.0,1.0,100.0,3500.0,3094.0,28.84615384615385,28.84615384615385,2.0,2.0,1.0,,1,13.0,7.0,4,,,,,,,,,2,3,3,3,4,5,4,1,4,2,3,4,4,4,1,2,3,2,3,2,3,4,4,4,4,1.0
1,1,2.0,30.0,2.0,1.0,4.0,9.0,1.0,37,40.0,3.0,108.1081081081081,2660.0,2351.44,16.59043659043659,15.34615384615384,1.0,2.0,1.0,,1,6.0,7.0,26,,,,,,,,,2,4,3,4,4,5,4,2,5,3,6,7,5,2,2,2,2,4,4,3,4,4,3,4,4,1.0
1,1,2.0,60.0,3.0,1.0,4.0,5.0,1.0,20,20.0,1.0,100.0,1750.0,1547.0,20.19230769230769,20.19230769230769,1.0,1.0,5.0,16.5,1,13.0,7.0,32,,,,,,,,,4,3,4,1,2,5,3,5,4,3,2,1,1,4,2,2,2,2,2,4,2,2,2,2,3,1.0
1,1,1.0,39.0,1.0,2.0,4.0,6.0,1.0,28,28.0,1.0,100.0,2400.0,2121.6,19.78021978021978,19.78021978021978,1.0,1.0,1.0,,1,10.0,7.0,4,,,,,,,,,1,4,4,3,3,5,3,1,5,4,5,7,5,2,4,4,4,4,4,3,4,3,3,4,5,1.0
1,1,2.0,59.0,1.0,3.0,4.0,2.0,1.0,18,18.0,1.0,100.0,2180.0,1927.12,27.94871794871795,27.94871794871795,1.0,1.0,1.0,,1,1.0,4.0,10,,,,,,,,,2,3,1,3,4,5,3,1,6,2,5,7,5,2,1,3,4,4,5,3,3,4,2,3,4,1.0
1,1,2.0,37.0,2.0,1.0,4.0,9.0,1.0,40,55.0,3.0,137.5,5000.0,4420.0,28.84615384615385,20.97902097902098,2.0,2.0,1.0,,1,10.0,7.0,12,,,,,,,,,4,2,3,2,4,4,2,1,5,6,6,6,6,4,2,3,4,4,2,3,4,4,3,4,4,1.0
1,1,1.0,60.0,2.0,1.0,4.0,2.0,1.0,40,40.0,1.0,100.0,4200.0,3712.8,24.23076923076923,24.23076923076923,1.0,1.0,1.0,,1,2.0,4.0,37,,,,,,,,,2,4,3,4,4,5,5,1,1,1,4,7,6,2,3,3,3,4,4,2,4,4,4,5,4,1.0
1,1,3.0,55.0,3.0,1.0,4.0,1.0,1.0,23,23.0,1.0,100.0,1600.0,1414.4,16.05351170568562,16.05351170568562,1.0,2.0,3.0,25.0,1,5.0,7.0,5,,,,,,,,,4,4,5,5,4,5,4,1,2,2,4,5,7,1,4,2,1,3,4,3,3,2,2,2,2,1.0
1,1,2.0,33.0,3.0,1.0,4.0,11.0,1.0,40,40.0,1.0,100.0,2600.0,2298.4,15,15.0,1.0,2.0,1.0,,1,7.0,2.0,14,,,,,,,,,2,3,3,4,3,4,4,1,5,2,4,5,5,2,4,3,2,4,4,3,2,4,4,4,4,1.0
1,1,2.0,23.0,2.0,1.0,4.0,11.0,1.0,40,30.0,2.0,75.0,2890.0,2554.76,16.67307692307692,22.23076923076923,1.0,2.0,1.0,,1,6.0,2.0,7,,,,,,,,,2,4,2,4,3,5,4,1,4,1,4,5,5,2,2,2,2,4,5,2,4,5,4,5,4,1.0
1,1,1.0,42.0,2.0,2.0,4.0,9.0,1.0,40,40.0,1.0,100.0,4600.0,4066.4,26.53846153846154,26.53846153846154,1.0,2.0,1.0,,1,4.0,1.0,16,,,,,,,,,2,4,2,4,2,4,3,2,1,1,5,6,5,2,1,3,2,4,5,1,4,5,3,4,3,1.0
1,1,2.0,48.0,1.0,2.0,4.0,5.0,1.0,40,40.0,1.0,100.0,3572.0,3157.648000000001,20.60769230769231,20.60769230769231,1.0,1.0,1.0,,1,6.0,4.0,17,,,,,,,,,2,4,3,4,5,5,4,1,3,1,6,6,5,2,3,2,4,5,4,4,2,4,4,4,4,1.0
1,1,2.0,50.0,1.0,1.0,4.0,2.0,1.0,40,40.0,1.0,100.0,3000.0,2652.0,17.30769230769231,17.30769230769231,1.0,2.0,1.0,,1,1.0,2.0,11,,,,,,,,,4,4,3,2,3,4,3,1,5,3,4,7,5,3,2,2,3,4,4,4,2,2,4,4,5,1.0
1,1,2.0,29.0,2.0,1.0,4.0,9.0,1.0,32,32.0,1.0,100.0,1900.0,1679.6,13.70192307692308,13.70192307692308,1.0,2.0,5.0,5.0,1,6.0,7.0,2.25,,,,,,,,,4,4,3,2,4,4,4,1,6,2,5,5,4,3,2,1,2,4,4,5,2,4,4,4,4,1.0
1,1,2.0,55.0,4.0,1.0,4.0,11.0,6.0,20,20.0,1.0,100.0,2500.0,2210.0,28.84615384615385,28.84615384615385,1.0,1.0,1.0,,1,3.0,4.0,25,,,,,,,,,2,3,3,2,5,5,3,2,2,2,4,4,4,3,1,2,1,3,5,2,3,4,2,3,5,1.0
1,1,2.0,31.0,2.0,1.0,4.0,9.0,1.0,40,40.0,1.0,100.0,4000.0,3536.0,23.07692307692308,23.07692307692308,2.0,1.0,1.0,,1,5.0,7.0,10,,,,,,,,,4,3,5,2,4,4,4,3,3,1,5,7,4,4,2,3,2,4,3,3,4,2,3,5,2,1.0
1,1,1.0,35.0,1.0,1.0,4.0,1.0,1.0,40,40.0,1.0,100.0,4200.0,3712.8,24.23076923076923,24.23076923076923,1.0,4.0,1.0,,1,1.0,8.0,5,,,,,,,,,3,4,2,3,4,2,2,3,4,2,5,6,5,3,3,4,3,3,2,3,4,3,3,3,4,1.0
1,1,2.0,50.0,2.0,1.0,4.0,1.0,1.0,40,40.0,1.0,100.0,2600.0,2298.4,15,15.0,1.0,1.0,1.0,,1,13.0,2.0,5,,,,,,,,,1,3,2,4,4,5,3,1,4,4,6,7,6,3,3,4,3,4,4,2,4,4,4,4,4,1.0
1,1,2.0,27.0,3.0,1.0,4.0,9.0,1.0,40,40.0,1.0,100.0,3000.0,2652.0,17.30769230769231,17.30769230769231,1.0,1.0,1.0,,1,1.0,2.0,10,,,,,,,,,4,3,3,3,2,4,2,4,4,5,6,5,4,3,2,2,2,3,3,3,3,3,3,4,4,1.0
1,1,2.0,54.0,3.0,1.0,4.0,9.0,1.0,40,40.0,1.0,100.0,3349.0,2960.516000000001,19.32115384615384,19.32115384615384,1.0,1.0,1.0,,1,7.0,7.0,13,,,,,,,,,4,3,3,3,5,5,4,1,5,4,4,7,5,3,3,3,3,4,2,4,4,3,3,2,5,1.0
1,1,2.0,20.0,2.0,1.0,4.0,9.0,1.0,30,30.0,1.0,100.0,1785.15,1578.0726,13.73192307692308,13.73192307692308,1.0,1.0,1.0,,1,6.0,4.0,0,,,,,,,,,2,4,2,4,4,5,4,2,5,3,6,4,4,2,1,4,1,3,5,3,2,3,2,5,5,1.0
1,1,1.0,37.0,1.0,1.0,5.0,9.0,1.0,30,30.0,1.0,100.0,2710.0,2395.64,20.84615384615385,20.84615384615385,1.0,2.0,4.0,25.0,1,1.0,7.0,3.8,,,,,,,,,1,4,3,4,3,4,4,1,3,3,6,6,6,2,2,3,3,5,4,3,4,3,4,4,5,1.0
1,1,2.0,35.0,2.0,1.0,4.0,5.0,1.0,40,43.0,3.0,107.5,3050.0,2696.2,17.59615384615385,16.36851520572451,1.0,2.0,1.0,,1,1.0,7.0,10.5,,,,,,,,,4,3,4,2,4,3,2,1,5,3,4,6,3,4,1,2,3,2,3,3,2,4,2,3,4,1.0
1,1,2.0,36.0,1.0,1.0,4.0,6.0,1.0,30,30.0,1.0,100.0,2000.0,1768.0,15.38461538461539,15.38461538461539,1.0,2.0,1.0,,1,6.0,7.0,9,,,,,,,,,2,3,4,3,4,5,3,1,2,1,4,3,4,4,1,1,2,2,4,2,2,4,4,4,3,1.0
1,1,2.0,38.0,3.0,2.0,4.0,9.0,1.0,23,26.0,3.0,113.0434782608696,1200.0,1060.8,12.04013377926421,10.6508875739645,1.0,1.0,6.0,32.0,1,1.0,7.0,2.5,,,,,,,,,3,3,3,2,4,4,2,3,2,2,4,7,4,3,2,4,4,5,2,2,4,4,2,3,2,1.0
1,1,1.0,27.0,2.0,1.0,4.0,9.0,2.0,25,25.0,1.0,100.0,1465.79,1295.75836,13.53036923076923,13.53036923076923,1.0,3.0,5.0,2.0,1,3.0,7.0,6,,,,,,,,,2,4,3,4,5,5,4,1,5,1,6,7,7,3,2,3,2,3,4,2,3,4,5,5,5,1.0
1,1,1.0,38.0,2.0,1.0,4.0,1.0,1.0,40,40.0,1.0,100.0,4600.0,4066.4,26.53846153846154,26.53846153846154,1.0,2.0,6.0,5.0,1,9.0,8.0,1.5,,,,,,,,,2,3,2,4,2,5,4,2,2,3,3,4,5,2,2,2,2,3,4,2,2,4,3,4,4,1.0
1,1,2.0,47.0,2.0,1.0,4.0,5.0,1.0,40,45.0,3.0,112.5,2200.0,1944.8,12.69230769230769,11.28205128205128,1.0,2.0,1.0,,1,1.0,4.0,15,,,,,,,,,4,3,4,3,2,4,3,1,5,4,6,6,5,5,2,3,4,4,1,4,3,2,3,3,4,1.0
1,1,2.0,54.0,1.0,2.0,7.0,8.0,1.0,40,40.0,1.0,100.0,3317.0,2932.228000000001,19.13653846153846,19.13653846153846,2.0,3.0,1.0,,1,7.0,7.0,9,,,,,,,,,4,3,4,2,1,4,2,4,6,1,2,2,1,4,1,3,2,4,4,3,2,3,3,3,4,1.0
1,1,2.0,36.0,2.0,1.0,4.0,9.0,6.0,30,35.0,3.0,116.6666666666667,2800.0,2475.2,21.53846153846154,18.46153846153846,1.0,3.0,1.0,,1,1.0,7.0,8,,,,,,,,,1,4,3,3,4,4,3,1,3,2,4,7,5,3,3,4,3,4,3,2,4,4,5,5,5,1.0
1,1,2.0,40.0,2.0,2.0,4.0,9.0,1.0,40,40.0,1.0,100.0,3823.16,3379.67344,22.05669230769231,22.05669230769231,2.0,5.0,1.0,,1,1.0,4.0,15,,,,,,,,,3,4,4,3,4,4,4,1,6,1,6,7,6,4,3,5,4,4,2,3,4,3,4,4,5,1.0
1,1,2.0,53.0,3.0,1.0,4.0,9.0,2.0,40,40.0,1.0,100.0,4000.0,3536.0,23.07692307692308,23.07692307692308,2.0,4.0,5.0,2.0,1,7.0,8.0,15,,,,,,,,,1,4,3,4,4,5,4,1,5,2,5,6,7,2,3,4,2,4,2,2,4,3,5,5,5,1.0
1,1,2.0,34.0,1.0,1.0,4.0,11.0,2.0,40,40.0,1.0,100.0,3900.0,3447.6,22.5,22.5,1.0,3.0,5.0,3.0,1,6.0,7.0,1,,,,,,,,,2,4,2,3,4,5,3,1,4,2,5,6,4,2,1,2,2,4,4,2,4,4,3,4,5,1.0
1,1,2.0,37.0,1.0,2.0,4.0,9.0,1.0,20,20.0,1.0,100.0,1550.0,1370.2,17.88461538461538,17.88461538461538,1.0,2.0,1.0,,1,3.0,7.0,4,,,,,,,,,4,4,1,4,4,5,4,1,1,2,2,6,7,2,2,2,2,4,3,3,2,1,3,5,4,1.0
1,1,2.0,31.0,1.0,2.0,4.0,9.0,2.0,20,20.0,1.0,100.0,1550.0,1370.2,17.88461538461538,17.88461538461538,1.0,1.0,1.0,,1,3.0,7.0,3,,,,,,,,,2,4,1,4,5,4,3,2,3,4,4,5,5,1,2,2,1,3,5,2,3,3,3,5,5,1.0
1,1,2.0,39.0,2.0,1.0,4.0,9.0,1.0,40,40.0,1.0,100.0,3900.0,3447.6,22.5,22.5,1.0,2.0,1.0,,1,5.0,7.0,11,,,,,,,,,2,3,3,4,4,4,4,1,5,4,6,6,6,3,2,2,2,3,4,3,3,4,3,4,4,1.0
1,1,2.0,42.0,1.0,1.0,6.0,11.0,2.0,40,40.0,1.0,100.0,3500.0,3094.0,20.19230769230769,20.19230769230769,1.0,3.0,5.0,10.0,1,11.0,7.0,13,,,,,,,,,2,3,2,4,2,4,3,5,4,2,4,5,5,4,1,2,2,2,3,3,3,4,4,5,4,1.0
1,1,1.0,44.0,3.0,1.0,4.0,11.0,1.0,40,40.0,1.0,100.0,3400.0,3005.6,19.61538461538462,19.61538461538462,2.0,1.0,6.0,5.0,1,5.0,7.0,15,,,,,,,,,4,3,1,4,3,5,2,2,2,1,3,6,6,4,1,3,3,4,2,4,3,5,3,3,2,1.0
1,1,2.0,48.0,2.0,1.0,6.0,11.0,1.0,40,45.0,3.0,112.5,5000.0,4420.0,28.84615384615385,25.64102564102564,1.0,2.0,1.0,,1,3.0,7.0,21,,,,,,,,,4,3,5,4,4,5,4,1,5,4,5,7,6,4,1,2,4,2,3,3,2,3,4,4,4,1.0
1,1,2.0,36.0,1.0,1.0,4.0,5.0,1.0,20,20.0,1.0,100.0,3500.0,3094.0,40.38461538461539,40.38461538461539,1.0,4.0,2.0,20.0,1,6.0,7.0,13,,,,,,,,,3,4,3,3,5,4,4,1,5,4,6,7,7,4,5,4,5,5,2,4,4,4,4,5,4,1.0
1,1,2.0,46.0,1.0,2.0,4.0,5.0,1.0,40,50.0,3.0,125.0,3400.0,3005.6,19.61538461538462,15.69230769230769,1.0,1.0,1.0,,1,6.0,2.0,15,,,,,,,,,3,3,4,2,4,3,3,2,1,6,4,5,5,4,1,2,4,3,3,2,3,4,3,3,4,1.0
1,1,2.0,34.0,2.0,2.0,4.0,5.0,1.0,40,40.0,1.0,100.0,3241.79,2865.74236,18.70263461538461,18.70263461538461,1.0,1.0,1.0,,1,13.0,3.0,2,,,,,,,,,3,3,3,2,3,4,4,1,3,2,5,6,5,4,4,4,5,5,2,4,5,2,4,4,5,1.0
1,1,2.0,56.0,2.0,1.0,4.0,7.0,1.0,30,33.0,3.0,110.0,2040.0,1803.36,15.69230769230769,14.26573426573427,1.0,2.0,1.0,,1,6.0,4.0,6,,,,,,,,,3,3,4,3,2,4,3,4,6,3,6,5,3,4,3,3,5,4,2,4,3,3,4,4,4,1.0
1,1,2.0,50.0,4.0,1.0,4.0,1.0,1.0,40,40.0,1.0,100.0,3490.0,3085.16,20.13461538461538,20.13461538461538,1.0,2.0,1.0,,1,1.0,6.0,6,,,,,,,,,2,4,4,4,2,4,4,1,3,2,5,6,6,3,3,2,2,4,4,2,3,3,4,4,4,1.0
1,1,1.0,31.0,2.0,2.0,4.0,2.0,3.0,15,15.0,1.0,100.0,892.5999999999999,789.0584000000001,13.73230769230769,13.73230769230769,1.0,1.0,1.0,,1,1.0,6.0,0,,,,,,,,,1,3,4,1,2,4,2,4,2,1,1,1,1,4,2,4,2,3,4,1,4,4,4,4,5,1.0
1,1,2.0,36.0,1.0,2.0,4.0,11.0,2.0,24,24.0,1.0,100.0,2100.0,1856.4,20.19230769230769,20.19230769230769,1.0,2.0,1.0,,1,8.0,7.0,5,,,,,,,,,2,4,4,2,2,5,4,1,4,5,6,6,5,2,1,2,2,3,4,3,3,4,3,5,5,1.0
1,1,2.0,52.0,4.0,1.0,4.0,5.0,1.0,30,35.0,3.0,116.6666666666667,2300.0,2033.2,17.69230769230769,15.16483516483516,1.0,1.0,1.0,,1,1.0,4.0,15,,,,,,,,,3,3,2,3,2,4,2,1,6,1,6,6,4,5,4,2,4,4,2,2,4,4,3,2,2,1.0
1,1,2.0,28.0,2.0,1.0,6.0,2.0,1.0,40,40.0,1.0,100.0,1600.0,1414.4,9.23076923076923,9.23076923076923,1.0,4.0,2.0,8.0,1,6.0,2.0,3,,,,,,,,,1,3,4,2,4,5,2,2,6,7,7,6,4,4,3,4,4,3,4,3,4,5,4,2,2,1.0
1,1,2.0,46.0,2.0,2.0,4.0,11.0,1.0,30,30.0,1.0,100.0,4300.0,3801.2,33.07692307692307,33.07692307692307,2.0,4.0,1.0,,1,13.0,7.0,19,,,,,,,,,4,3,3,4,4,5,4,2,4,3,4,5,5,4,2,2,2,2,3,3,2,2,4,4,2,1.0
1,1,1.0,55.0,3.0,1.0,7.0,8.0,6.0,40,40.0,1.0,100.0,4700.0,4154.8,27.11538461538461,27.11538461538461,1.0,1.0,1.0,,1,13.0,2.0,8,,,,,,,,,2,4,2,5,4,5,5,1,4,1,4,5,6,1,2,2,1,4,5,2,3,4,4,4,4,1.0
1,1,2.0,51.0,2.0,1.0,5.0,5.0,1.0,40,43.0,3.0,107.5,4300.0,3801.2,24.80769230769231,23.07692307692308,1.0,2.0,1.0,,1,1.0,4.0,22,,,,,,,,,2,4,4,4,2,5,4,1,4,4,7,7,6,4,3,3,4,2,4,3,3,4,4,4,4,1.0
1,1,2.0,31.0,1.0,1.0,4.0,11.0,1.0,40,50.0,3.0,125.0,1800.0,1591.2,10.38461538461538,8.307692307692307,1.0,1.0,1.0,,1,3.0,7.0,10,,,,,,,,,1,3,5,2,1,3,2,1,6,1,7,7,5,4,2,4,4,4,5,2,4,3,3,2,5,1.0
1,1,2.0,33.0,2.0,1.0,4.0,11.0,1.0,30,37.0,3.0,123.3333333333333,3000.0,2652.0,23.07692307692308,18.71101871101871,1.0,1.0,1.0,,1,6.0,7.0,9,,,,,,,,,1,4,5,3,2,3,3,1,2,1,3,4,4,3,3,4,2,5,4,3,3,2,4,4,4,1.0
1,1,2.0,40.0,2.0,2.0,4.0,6.0,1.0,25,25.0,1.0,100.0,2500.0,2210.0,23.07692307692308,23.07692307692308,1.0,1.0,1.0,,1,1.0,4.0,19,,,,,,,,,4,3,4,3,2,4,3,3,6,3,6,6,5,4,2,2,2,3,4,3,3,3,3,4,3,1.0
1,1,2.0,48.0,1.0,1.0,4.0,5.0,1.0,40,40.0,1.0,100.0,2200.0,1944.8,12.69230769230769,12.69230769230769,1.0,1.0,1.0,,1,1.0,6.0,5,,,,,,,,,4,3,3,2,3,4,3,3,5,3,5,7,3,4,2,4,4,5,4,3,3,4,2,4,2,1.0
1,1,2.0,26.0,2.0,1.0,6.0,2.0,1.0,40,40.0,1.0,100.0,3050.0,2696.2,17.59615384615385,17.59615384615385,1.0,3.0,1.0,,1,6.0,7.0,0,,,,,,,,,1,3,4,4,4,5,4,2,3,4,5,6,6,2,3,4,3,4,4,2,4,4,4,5,4,1.0
1,1,2.0,42.0,1.0,2.0,6.0,11.0,1.0,24,24.0,1.0,100.0,2300.0,2033.2,22.11538461538461,22.11538461538461,1.0,2.0,1.0,,1,10.0,7.0,3,,,,,,,,,2,4,3,4,4,4,4,1,4,4,4,6,5,2,1,2,2,4,4,3,3,4,4,4,4,1.0
1,1,2.0,26.0,3.0,1.0,6.0,2.0,1.0,30,30.0,1.0,100.0,1811.0,1600.924,13.93076923076923,13.93076923076923,1.0,2.0,1.0,,1,11.0,4.0,1.5,,,,,,,,,4,4,4,3,4,5,3,3,6,2,4,5,3,3,2,3,2,2,4,3,2,3,2,2,4,1.0
1,1,2.0,37.0,1.0,1.0,4.0,11.0,2.0,30,30.0,1.0,100.0,2760.62,2440.38808,21.23553846153846,21.23553846153846,1.0,3.0,1.0,,1,8.0,7.0,10,,,,,,,,,2,4,1,4,5,5,3,6,4,2,5,6,4,2,2,3,4,3,4,3,3,5,3,4,3,1.0
1,1,1.0,41.0,2.0,1.0,4.0,5.0,1.0,30,32.0,3.0,106.6666666666667,2445.0,2161.38,18.80769230769231,17.63221153846154,1.0,1.0,1.0,,1,3.0,6.0,11,,,,,,,,,4,3,4,2,2,3,2,6,5,4,6,4,2,4,1,1,1,4,2,5,2,3,1,2,3,1.0
1,1,1.0,35.0,3.0,1.0,4.0,1.0,1.0,40,40.0,1.0,100.0,3000.0,2652.0,17.30769230769231,17.30769230769231,1.0,1.0,1.0,,1,14.0,4.0,9,,,,,,,,,1,4,4,4,4,5,4,1,3,2,6,7,7,3,3,4,4,4,4,2,4,4,4,4,5,1.0
1,1,2.0,49.0,3.0,1.0,4.0,11.0,1.0,40,40.0,1.0,100.0,4000.0,3536.0,23.07692307692308,23.07692307692308,1.0,2.0,1.0,,1,9.0,7.0,11,,,,,,,,,4,3,4,3,1,5,3,1,4,5,6,6,5,4,2,2,2,3,4,4,2,4,2,4,4,1.0
1,1,1.0,28.0,3.0,1.0,6.0,11.0,1.0,40,40.0,1.0,100.0,3000.0,2652.0,17.30769230769231,17.30769230769231,1.0,2.0,1.0,,1,10.0,4.0,6,,,,,,,,,2,3,4,4,4,5,3,3,3,2,4,4,4,2,2,4,2,3,4,3,2,4,4,5,3,1.0
1,1,2.0,44.0,1.0,2.0,4.0,5.0,1.0,20,25.0,3.0,125.0,1900.0,1679.6,21.92307692307692,17.53846153846154,1.0,2.0,1.0,,1,1.0,7.0,2,,,,,,,,,2,4,1,4,5,5,4,1,4,3,3,6,7,3,2,2,3,2,4,1,3,4,4,4,4,1.0
1,1,2.0,40.0,2.0,2.0,4.0,5.0,1.0,20,20.0,1.0,100.0,1320.0,1166.88,15.23076923076923,15.23076923076923,1.0,1.0,1.0,,1,11.0,7.0,4,,,,,,,,,2,3,3,2,3,4,2,2,2,1,4,5,3,2,2,2,1,3,5,4,2,4,3,3,4,1.0
1,1,2.0,23.0,3.0,1.0,6.0,11.0,2.0,40,40.0,1.0,100.0,3800.0,3359.2,21.92307692307692,21.92307692307692,1.0,3.0,1.0,,1,10.0,7.0,0,,,,,,,,,1,4,4,4,4,5,4,1,5,3,6,6,5,3,2,4,4,5,4,4,2,4,5,4,3,1.0
1,1,2.0,28.0,2.0,1.0,4.0,11.0,1.0,38.5,41.0,3.0,106.4935064935065,3731.0,3298.204000000001,22.36363636363636,21.0,1.0,3.0,1.0,,1,9.0,7.0,2.5,,,,,,,,,1,3,4,4,3,5,3,1,4,4,4,6,7,3,1,4,2,4,5,2,4,5,4,5,4,1.0
1,1,2.0,21.0,3.0,1.0,4.0,11.0,3.0,12,12.0,1.0,100.0,520.0000000000002,459.67999999999984,10,10.0,1.0,1.0,1.0,,1,6.0,6.0,1,,,,,,,,,2,3,2,4,5,3,2,1,4,3,7,7,5,3,2,2,1,2,4,2,1,3,3,4,4,1.0
1,1,2.0,32.0,2.0,1.0,4.0,5.0,1.0,20,20.0,1.0,100.0,1450.0,1281.8,16.73076923076923,16.73076923076923,1.0,1.0,5.0,5.0,1,1.0,6.0,4.5,,,,,,,,,4,4,4,3,4,5,2,3,5,3,5,5,3,4,2,5,3,5,2,5,2,1,2,2,3,1.0
1,1,1.0,29.0,2.0,1.0,4.0,6.0,1.0,20,20.0,1.0,100.0,1151.13,1017.5989200000001,13.28226923076923,13.28226923076923,1.0,3.0,1.0,,1,1.0,7.0,5,,,,,,,,,2,4,2,4,5,5,4,1,3,3,5,7,6,2,2,3,2,4,5,2,4,4,4,5,5,1.0
1,1,2.0,35.0,2.0,1.0,4.0,5.0,1.0,20,20.0,1.0,100.0,1940.0,1714.96,22.38461538461538,22.38461538461538,1.0,2.0,5.0,10.0,1,11.0,7.0,6,,,,,,,,,4,3,4,2,3,3,3,4,5,2,6,3,3,4,1,2,3,2,3,3,4,4,3,2,3,1.0
1,1,2.0,34.0,3.0,1.0,4.0,5.0,2.0,25,25.0,1.0,100.0,1400.0,1237.6,12.92307692307692,12.92307692307692,1.0,1.0,1.0,,1,13.0,4.0,0,,,,,,,,,3,3,2,2,2,5,2,4,4,3,2,1,1,4,1,2,1,2,4,2,2,4,1,2,4,1.0
1,1,2.0,59.0,4.0,1.0,4.0,7.0,1.0,20,20.0,1.0,100.0,2247.0,1986.348,25.92692307692308,25.92692307692308,1.0,2.0,1.0,,1,13.0,4.0,25,,,,,,,,,3,3,4,2,3,3,3,1,3,1,5,7,4,4,2,4,4,5,2,3,4,4,4,4,3,1.0
1,1,3.0,35.0,3.0,1.0,4.0,1.0,1.0,40,40.0,1.0,100.0,2400.0,2121.6,13.84615384615384,13.84615384615384,1.0,2.0,1.0,,1,13.0,4.0,4,,,,,,,,,4,3,4,2,2,3,3,3,2,2,3,6,3,4,1,1,1,2,4,2,2,2,2,2,4,1.0
1,1,2.0,39.0,2.0,1.0,4.0,11.0,1.0,40,40.0,1.0,100.0,4100.0,3624.4,23.65384615384615,23.65384615384615,2.0,4.0,1.0,,1,10.0,8.0,11,,,,,,,,,4,3,3,4,4,5,4,1,4,4,5,7,7,3,3,3,2,4,3,3,2,2,4,4,4,1.0
1,1,1.0,30.0,2.0,1.0,4.0,4.0,1.0,40,40.0,1.0,100.0,3500.0,3094.0,20.19230769230769,20.19230769230769,1.0,4.0,1.0,,1,8.0,7.0,0,,,,,,,,,1,3,4,2,2,3,3,1,3,1,3,6,7,3,1,4,1,4,5,1,4,4,4,5,4,1.0
1,1,2.0,26.0,2.0,1.0,4.0,5.0,3.0,10,10.000000000000004,1.0,100.0,509.0,449.95600000000013,11.74615384615385,11.74615384615385,1.0,1.0,1.0,,1,10.0,6.0,1,,,,,,,,,2,3,3,2,2,4,2,4,3,3,2,1,2,3,2,3,2,2,4,3,3,2,3,3,3,1.0
1,1,2.0,51.0,2.0,3.0,4.0,5.0,1.0,20,20.0,1.0,100.0,1200.0,1060.8,13.84615384615384,13.84615384615384,1.0,2.0,5.0,10.0,1,1.0,6.0,25,,,,,,,,,2,3,4,2,3,4,2,2,3,1,5,6,4,3,2,3,2,3,4,3,3,4,4,3,4,1.0
1,1,2.0,30.0,2.0,1.0,6.0,2.0,1.0,40,40.0,1.0,100.0,3400.0,3005.6,19.61538461538462,19.61538461538462,1.0,2.0,1.0,,1,1.0,7.0,5,,,,,,,,,1,4,4,3,5,5,4,1,5,4,6,7,6,4,3,4,5,4,3,4,4,3,5,5,4,1.0
1,1,1.0,49.0,3.0,1.0,6.0,2.0,1.0,40,40.0,1.0,100.0,3300.0,2917.2,19.03846153846154,19.03846153846154,1.0,2.0,1.0,,1,11.0,8.0,15,,,,,,,,,4,3,4,4,4,5,4,3,3,3,5,6,5,2,2,3,2,3,4,2,4,3,2,4,3,1.0
1,1,2.0,46.0,1.0,2.0,6.0,11.0,1.0,40,40.0,1.0,100.0,4000.0,3536.0,23.07692307692308,23.07692307692308,1.0,1.0,5.0,5.0,1,11.0,7.0,10,,,,,,,,,4,4,4,3,4,4,3,1,5,2,6,6,6,3,3,2,1,2,4,3,3,3,3,3,4,1.0
1,1,2.0,49.0,1.0,2.0,4.0,5.0,1.0,20,20.0,1.0,100.0,1362.0,1204.008,15.71538461538462,15.71538461538462,1.0,1.0,1.0,,1,13.0,7.0,2,,,,,,,,,4,4,2,2,1,5,3,3,6,5,4,6,5,3,3,3,2,4,4,4,2,2,3,4,4,1.0
1,1,2.0,33.0,3.0,1.0,4.0,5.0,1.0,40,45.0,3.0,112.5,3300.0,2917.2,19.03846153846154,16.92307692307692,1.0,2.0,5.0,2.0,1,8.0,7.0,12,,,,,,,,,1,3,2,3,2,3,4,2,6,5,7,7,6,2,3,5,4,4,4,2,5,4,5,5,5,1.0
1,1,2.0,49.0,1.0,2.0,4.0,1.0,2.0,40,40.0,1.0,100.0,4000.0,3536.0,23.07692307692308,23.07692307692308,3.0,3.0,1.0,,1,8.0,7.0,8,,,,,,,,,2,4,4,4,4,5,4,1,3,2,4,6,6,2,2,2,2,2,5,2,2,4,4,5,4,1.0
1,1,1.0,51.0,1.0,2.0,4.0,1.0,1.0,40,40.0,1.0,100.0,3000.0,2652.0,17.30769230769231,17.30769230769231,1.0,2.0,1.0,,1,8.0,7.0,16,,,,,,,,,4,4,2,4,5,5,4,2,3,4,4,5,4,3,2,2,2,4,5,3,2,3,2,3,2,1.0
1,1,2.0,31.0,2.0,1.0,4.0,5.0,1.0,36.5,36.5,1.0,100.0,3940.0,3482.96,24.91043203371971,24.91043203371971,2.0,4.0,1.0,,1,13.0,7.0,5,,,,,,,,,4,3,4,2,2,3,3,5,4,1,3,5,3,4,1,2,2,4,2,4,2,2,3,3,4,1.0
1,1,2.0,53.0,1.0,2.0,4.0,2.0,3.0,40,40.0,1.0,100.0,3950.0,3491.8,22.78846153846154,22.78846153846154,3.0,1.0,1.0,,1,8.0,7.0,4,,,,,,,,,4,3,3,2,2,4,2,1,3,3,4,7,6,4,3,4,3,4,3,4,4,4,4,2,1,1.0
1,1,2.0,30.0,3.0,1.0,6.0,6.0,1.0,40,40.0,1.0,100.0,2800.0,2475.2,16.15384615384615,16.15384615384615,1.0,4.0,1.0,,1,12.0,7.0,1,,,,,,,,,4,3,4,3,4,5,3,1,6,1,6,6,5,4,2,4,4,4,2,3,2,4,3,3,2,1.0
1,1,1.0,32.0,3.0,1.0,4.0,6.0,2.0,40,40.0,1.0,100.0,3300.0,2917.2,19.03846153846154,19.03846153846154,1.0,2.0,1.0,,1,7.0,6.0,5,,,,,,,,,2,3,3,3,3,4,4,4,3,3,4,2,2,3,1,1,2,4,3,2,2,4,2,3,4,1.0
1,1,1.0,40.0,1.0,1.0,8.0,8.0,6.0,40,40.0,1.0,100.0,2100.0,1856.4,12.11538461538462,12.11538461538462,1.0,1.0,1.0,,1,3.0,6.0,5,,,,,,,,,1,4,3,4,3,3,4,1,4,4,5,6,6,4,5,5,4,4,3,4,5,4,4,4,4,1.0
1,1,2.0,30.0,2.0,1.0,4.0,11.0,1.0,25,30.0,3.0,120.0,3600.0,3182.4,33.23076923076923,27.69230769230769,1.0,4.0,1.0,,1,13.0,7.0,7,,,,,,,,,1,4,5,3,4,4,4,1,6,2,5,7,7,4,2,4,2,3,4,2,4,4,4,4,4,1.0
1,1,2.0,36.0,2.0,2.0,4.0,11.0,1.0,20,20.0,1.0,100.0,1547.7,1368.1668,17.85807692307693,17.85807692307693,1.0,1.0,1.0,,1,3.0,8.0,9,,,,,,,,,2,4,3,3,3,4,3,1,2,2,3,5,6,3,2,4,3,2,4,2,4,2,4,4,3,1.0
1,1,2.0,56.0,1.0,1.0,4.0,11.0,1.0,40,40.0,1.0,100.0,4800.0,4243.2,27.69230769230769,27.69230769230769,1.0,1.0,5.0,4.0,1,13.0,7.0,32,,,,,,,,,2,4,4,4,4,5,5,1,3,1,5,7,7,3,1,2,2,3,3,2,4,3,4,5,4,1.0
1,1,2.0,30.0,2.0,1.0,6.0,11.0,1.0,40,40.0,1.0,100.0,2900.0,2563.6,16.73076923076923,16.73076923076923,1.0,1.0,1.0,,1,12.0,7.0,3,,,,,,,,,4,3,2,2,2,4,2,2,6,4,6,6,4,4,4,3,4,3,3,3,3,3,3,3,4,1.0
1,1,2.0,32.0,3.0,1.0,4.0,5.0,1.0,40,40.0,1.0,100.0,3000.0,2652.0,17.30769230769231,17.30769230769231,1.0,1.0,1.0,,1,1.0,6.0,6,,,,,,,,,4,3,2,4,1,4,4,1,4,2,6,6,6,4,2,1,2,3,3,4,3,3,4,4,4,1.0
1,1,2.0,49.0,1.0,1.0,4.0,9.0,1.0,40,45.0,3.0,112.5,5000.0,4420.0,28.84615384615385,25.64102564102564,2.0,5.0,1.0,,1,13.0,7.0,16.5,,,,,,,,,3,3,4,4,3,4,5,1,6,4,6,7,7,3,4,3,4,4,2,4,2,3,4,4,5,1.0
1,1,2.0,54.0,4.0,1.0,4.0,1.0,1.0,40,40.0,1.0,100.0,3900.0,3447.6,22.5,22.5,1.0,3.0,1.0,,1,1.0,7.0,13,,,,,,,,,1,3,5,4,4,5,4,1,3,1,4,7,7,4,3,2,2,4,3,2,4,4,5,5,5,1.0
1,1,2.0,46.0,1.0,2.0,4.0,1.0,1.0,25,25.0,1.0,100.0,1800.0,1591.2,16.61538461538461,16.61538461538461,1.0,1.0,1.0,,1,1.0,7.0,8,,,,,,,,,2,3,3,2,2,3,3,3,4,3,1,1,4,2,1,1,2,2,4,1,3,4,2,5,2,1.0
1,1,2.0,34.0,3.0,1.0,6.0,11.0,1.0,40,40.0,1.0,100.0,4000.0,3536.0,23.07692307692308,23.07692307692308,1.0,2.0,1.0,,1,7.0,6.0,5,,,,,,,,,2,4,4,4,4,4,4,1,4,6,6,6,6,3,2,2,2,4,4,3,3,3,3,4,4,1.0
1,1,2.0,29.0,2.0,1.0,4.0,9.0,3.0,28,28.0,1.0,100.0,2000.0,1768.0,16.48351648351649,16.48351648351649,1.0,1.0,5.0,5.0,1,6.0,6.0,0,,,,,,,,,2,3,2,3,3,5,2,1,4,1,5,5,4,2,1,5,3,2,5,3,2,3,3,4,5,1.0
1,1,2.0,17.999999999999996,2.0,1.0,7.0,11.0,3.0,40,40.0,1.0,100.0,800.0,707.2,4.615384615384615,4.615384615384615,1.0,1.0,1.0,,1,1.0,1.0,2,,,,,,,,,4,4,3,3,2,3,4,1,7,4,4,4,5,4,1,4,2,2,4,2,2,2,2,3,3,1.0
1,1,2.0,35.0,3.0,1.0,4.0,5.0,1.0,40,40.0,1.0,100.0,3350.0,2961.4,19.32692307692308,19.32692307692308,2.0,1.0,1.0,,1,13.0,4.0,15,,,,,,,,,4,3,4,3,5,5,3,2,4,2,6,5,5,3,1,2,3,2,4,3,3,2,3,3,4,1.0
1,1,2.0,57.0,1.0,2.0,4.0,4.0,1.0,36,40.0,3.0,111.1111111111111,2300.0,2033.2,14.74358974358974,13.26923076923077,1.0,2.0,4.0,4.0,1,1.0,4.0,12,,,,,,,,,2,4,3,4,4,4,4,1,5,3,6,6,5,2,3,2,3,4,4,2,4,4,4,4,4,1.0
1,1,2.0,52.0,1.0,1.0,4.0,4.0,1.0,40,40.0,1.0,100.0,3322.24,2936.86016,19.16676923076923,19.16676923076923,1.0,1.0,1.0,,1,6.0,4.0,31,,,,,,,,,1,4,4,4,5,5,5,1,2,2,6,7,7,3,2,3,3,4,5,1,3,5,5,5,5,1.0
1,1,1.0,56.0,4.0,1.0,4.0,4.0,2.0,40,40.0,1.0,100.0,3800.0,3359.2,21.92307692307692,21.92307692307692,1.0,1.0,1.0,,1,8.0,7.0,5,,,,,,,,,4,3,4,3,3,4,3,2,3,4,4,5,5,3,3,4,3,3,3,3,3,3,4,3,3,1.0
1,1,2.0,56.0,2.0,1.0,4.0,3.0,1.0,40,40.0,1.0,100.0,3000.0,2652.0,17.30769230769231,17.30769230769231,1.0,2.0,1.0,,1,3.0,7.0,3,,,,,,,,,4,3,2,4,4,5,4,1,3,3,6,7,6,4,2,2,4,5,4,4,3,3,3,4,4,1.0
1,1,2.0,49.0,1.0,2.0,4.0,9.0,6.0,40,45.0,3.0,112.5,5000.0,4420.0,28.84615384615385,25.64102564102564,2.0,3.0,1.0,,1,13.0,7.0,16,,,,,,,,,3,3,5,2,2,4,3,1,6,1,6,7,6,5,3,3,5,4,2,2,4,2,5,3,4,1.0
1,1,2.0,34.0,1.0,1.0,4.0,11.0,2.0,40,40.0,1.0,100.0,2380.2,2104.0968,13.73192307692308,13.73192307692308,1.0,2.0,1.0,,1,6.0,7.0,2,,,,,,,,,2,3,4,3,1,4,3,4,5,4,3,1,4,3,1,1,2,1,5,1,3,5,1,2,4,1.0
